=== 44vba GBA Test Suite Runner ===
ROM:  /Users/chaitanyamalhotra/development/gba embedded/tests/assets/roms/suite.gba

--- Suite 01: Memory ---
Frames: 160
[sram]
Game Boy Advance Test Suite
===
Memory test: ROM load
DMA0 16: Got 0x00000000 vs 0x0000FACE: FAIL
DMA0 16 (unaligned): Got 0x00000000 vs 0x0000FACE: FAIL
DMA0 32: Got 0x00000000 vs 0xFEEDFACE: FAIL
DMA0 32 (unaligned 1): Got 0x00000000 vs 0xFEEDFACE: FAIL
DMA0 32 (unaligned 2): Got 0x00000000 vs 0xFEEDFACE: FAIL
DMA0 32 (unaligned 3): Got 0x00000000 vs 0xFEEDFACE: FAIL
Memory test: ROM store
Memory test: ROM out-of-bounds load
U8: Got 0x00000000 vs 0x00000056: FAIL
S8: Got 0x00000000 vs 0x00000056: FAIL
U16: Got 0x00000000 vs 0x00003456: FAIL
U16 (unaligned): Got 0x00000000 vs 0x56000034: FAIL
S16: Got 0x00000000 vs 0x00003456: FAIL
S16 (unaligned): Got 0x00000000 vs 0x00000034: FAIL
32: Got 0x00000000 vs 0x34573456: FAIL
32 (unaligned 1): Got 0x00000000 vs 0x56345734: FAIL
32 (unaligned 2): Got 0x00000000 vs 0x34563457: FAIL
32 (unaligned 3): Got 0x00000000 vs 0x57345634: FAIL
DMA0 16: Got 0x00000000 vs 0x0000FACE: FAIL
DMA0 16 (unaligned): Got 0x00000000 vs 0x0000FACE: FAIL
DMA0 32: Got 0x00000000 vs 0xFEEDFACE: FAIL
DMA0 32 (unaligned 1): Got 0x00000000 vs 0xFEEDFACE: FAIL
DMA0 32 (unaligned 2): Got 0x00000000 vs 0xFEEDFACE: FAIL
DMA0 32 (unaligned 3): Got 0x00000000 vs 0xFEEDFACE: FAIL
DMA1 16: Got 0x00000000 vs 0x00003456: FAIL
DMA1 16 (unaligned): Got 0x00000000 vs 0x00003456: FAIL
DMA1 32: Got 0x00000000 vs 0x34573456: FAIL
DMA1 32 (unaligned 1): Got 0x00000000 vs 0x34573456: FAIL
DMA1 32 (unaligned 2): Got 0x00000000 vs 0x34573456: FAIL
DMA1 32 (unaligned 3): Got 0x00000000 vs 0x34573456: FAIL
DMA2 16: Got 0x00000000 vs 0x00003456: FAIL
DMA2 16 (unaligned): Got 0x00000000 vs 0x00003456: FAIL
DMA2 32: Got 0x00000000 vs 0x34573456: FAIL
DMA2 32 (unaligned 1): Got 0x00000000 vs 0x34573456: FAIL
DMA2 32 (unaligned 2): Got 0x00000000 vs 0x34573456: FAIL
DMA2 32 (unaligned 3): Got 0x00000000 vs 0x34573456: FAIL
DMA3 16: Got 0x00000000 vs 0x00003456: FAIL
DMA3 16 (unaligned): Got 0x00000000 vs 0x00003456: FAIL
DMA3 32: Got 0x00000000 vs 0x34573456: FAIL
DMA3 32 (unaligned 1): Got 0x00000000 vs 0x34573456: FAIL
DMA3 32 (unaligned 2): Got 0x00000000 vs 0x34573456: FAIL
DMA3 32 (unaligned 3): Got 0x00000000 vs 0x34573456: FAIL
swi B 16: Got 0x00000000 vs 0x34573456: FAIL
swi B 16 (unaligned): Got 0x00000000 vs 0x00340034: FAIL
swi B 32: Got 0x00000000 vs 0x34573456: FAIL
swi B 32 (unaligned 1): Got 0x00000000 vs 0x34573456: FAIL
swi B 32 (unaligned 2): Got 0x00000000 vs 0x34573456: FAIL
swi B 32 (unaligned 3): Got 0x00000000 vs 0x34573456: FAIL
swi C 32: Got 0x00000000 vs 0x34573456: FAIL
swi C 32 (unaligned 1): Got 0x00000000 vs 0x34573456: FAIL
swi C 32 (unaligned 2): Got 0x00000000 vs 0x34573456: FAIL
swi C 32 (unaligned 3): Got 0x00000000 vs 0x34573456: FAIL
Memory test: IWRAM load
Memory test: IWRAM mirror load
Memory test: IWRAM store
Memory test: IWRAM mirror store
Memory test: EWRAM load
Memory test: EWRAM mirror load
Memory test: EWRAM store
Memory test: EWRAM mirror store
Memory test: Palette load
Memory test: Palette mirror load
Memory test: Palette store
Memory test: Palette mirror store
Memory test: VRAM load
Memory test: VRAM mirror load
Memory test: VRAM OBJ load
Memory test: VRAM OBJ mirror load
Memory test: VRAM OBJ mirror 2 load
Memory test: VRAM store
Memory test: VRAM mirror store
Memory test: VRAM OBJ store
Memory test: VRAM OBJ mirror store
Memory test: VRAM OBJ mirror 2 store
Memory test: OAM load
Memory test: OAM mirror load
Memory test: OAM store
Memory test: OAM mirror store
Memory test: SRAM load
swi B 32 (unaligned 1): Got 0x47474747 vs 0x61616161: FAIL
swi B 32 (unaligned 2): Got 0x47474747 vs 0x6D6D6D6D: FAIL
swi B 32 (unaligned 3): Got 0x47474747 vs 0x65656565: FAIL
swi C 32 (unaligned 1): Got 0x47474747 vs 0x61616161: FAIL
swi C 32 (unaligned 2): Got 0x47474747 vs 0x6D6D6D6D: FAIL
swi C 32 (unaligned 3): Got 0x47474747 vs 0x65656565: FAIL
Memory test: SRAM mirror load
swi B 16: Got 0x1CAD1CAD vs 0x6D6D4747: FAIL
swi B 16 (unaligned): Got 0x1CAD1CAD vs 0x00650061: FAIL
swi B 32: Got 0x1CAD1CAD vs 0x47474747: FAIL
swi B 32 (unaligned 1): Got 0x1CAD1CAD vs 0x61616161: FAIL
swi B 32 (unaligned 2): Got 0x1CAD1CAD vs 0x6D6D6D6D: FAIL
swi B 32 (unaligned 3): Got 0x1CAD1CAD vs 0x65656565: FAIL
swi C 32: Got 0xBAFFFFFB vs 0x47474747: FAIL
swi C 32 (unaligned 1): Got 0xBAFFFFFB vs 0x61616161: FAIL
swi C 32 (unaligned 2): Got 0xBAFFFFFB vs 0x6D6D6D6D: FAIL
swi C 32 (unaligned 3): Got 0xBAFFFFFB vs 0x65656565: FAIL
Memory test: SRAM store
DMA3 16 (unaligned): Got 0x66666666 vs 0xD8D8D8D8: FAIL
DMA3 32 (unaligned 1): Got 0x66666666 vs 0xD8D8D8D8: FAIL
DMA3 32 (unaligned 2): Got 0x66666666 vs 0xD8D8D8D8: FAIL
DMA3 32 (unaligned 3): Got 0x66666666 vs 0xD8D8D8D8: FAIL
swi B 32 (unaligned 1): Got 0xD8D8D8D8 vs 0x66666666: FAIL
swi B 32 (unaligned 2): Got 0xD8D8D8D8 vs 0x66666666: FAIL
swi B 32 (unaligned 3): Got 0xD8D8D8D8 vs 0x66666666: FAIL
swi C 32 (unaligned 1): Got 0xD8D8D8D8 vs 0x66666666: FAIL
swi C 32 (unaligned 2): Got 0xD8D8D8D8 vs 0x66666666: FAIL
swi C 32 (unaligned 3): Got 0xD8D8D8D8 vs 0x66666666: FAIL
Memory test: SRAM mirror store
DMA3 16 (unaligned): Got 0x66666666 vs 0xD8D8D8D8: FAIL
DMA3 32 (unaligned 1): Got 0x66666666 vs 0xD8D8D8D8: FAIL
DMA3 32 (unaligned 2): Got 0x66666666 vs 0xD8D8D8D8: FAIL
DMA3 32 (unaligned 3): Got 0x66666666 vs 0xD8D8D8D8: FAIL
swi B 32 (unaligned 1): Got 0xD8D8D8D8 vs 0x66666666: FAIL
swi B 32 (unaligned 2): Got 0xD8D8D8D8 vs 0x66666666: FAIL
swi B 32 (unaligned 3): Got 0xD8D8D8D8 vs 0x66666666: FAIL
swi C 32 (unaligned 1): Got 0xD8D8D8D8 vs 0x66666666: FAIL
swi C 32 (unaligned 2): Got 0xD8D8D8D8 vs 0x66666666: FAIL
swi C 32 (unaligned 3): Got 0xD8D8D8D8 vs 0x66666666: FAIL
Memory test: BIOS load
U8: Got 0x00000002 vs 0x00000004: FAIL
S8: Got 0x00000002 vs 0x00000004: FAIL
U16: Got 0x0000C002 vs 0x00002004: FAIL
U16 (unaligned): Got 0x020000C0 vs 0x04000020: FAIL
S16: Got 0xFFFFC002 vs 0x00002004: FAIL
S16 (unaligned): Got 0xFFFFFFC0 vs 0x00000020: FAIL
32: Got 0xE55EC002 vs 0xE3A02004: FAIL
32 (unaligned 1): Got 0x02E55EC0 vs 0x04E3A020: FAIL
32 (unaligned 2): Got 0xC002E55E vs 0x2004E3A0: FAIL
32 (unaligned 3): Got 0x5EC002E5 vs 0xA02004E3: FAIL
DMA0 16: Got 0x00000000 vs 0x0000FACE: FAIL
DMA0 16 (unaligned): Got 0x00000000 vs 0x0000FACE: FAIL
DMA0 32: Got 0x00000000 vs 0xFEEDFACE: FAIL
DMA0 32 (unaligned 1): Got 0x00000000 vs 0xFEEDFACE: FAIL
DMA0 32 (unaligned 2): Got 0x00000000 vs 0xFEEDFACE: FAIL
DMA0 32 (unaligned 3): Got 0x00000000 vs 0xFEEDFACE: FAIL
DMA1 16: Got 0x00000000 vs 0x0000FACE: FAIL
DMA1 16 (unaligned): Got 0x00000000 vs 0x0000FACE: FAIL
DMA1 32: Got 0x00000000 vs 0xFEEDFACE: FAIL
DMA1 32 (unaligned 1): Got 0x00000000 vs 0xFEEDFACE: FAIL
DMA1 32 (unaligned 2): Got 0x00000000 vs 0xFEEDFACE: FAIL
DMA1 32 (unaligned 3): Got 0x00000000 vs 0xFEEDFACE: FAIL
DMA2 16: Got 0x00000000 vs 0x0000FACE: FAIL
DMA2 16 (unaligned): Got 0x00000000 vs 0x0000FACE: FAIL
DMA2 32: Got 0x00000000 vs 0xFEEDFACE: FAIL
DMA2 32 (unaligned 1): Got 0x00000000 vs 0xFEEDFACE: FAIL
DMA2 32 (unaligned 2): Got 0x00000000 vs 0xFEEDFACE: FAIL
DMA2 32 (unaligned 3): Got 0x00000000 vs 0xFEEDFACE: FAIL
DMA3 16: Got 0x00000000 vs 0x0000FACE: FAIL
DMA3 16 (unaligned): Got 0x00000000 vs 0x0000FACE: FAIL
DMA3 32: Got 0x00000000 vs 0xFEEDFACE: FAIL
DMA3 32 (unaligned 1): Got 0x00000000 vs 0xFEEDFACE: FAIL
DMA3 32 (unaligned 2): Got 0x00000000 vs 0xFEEDFACE: FAIL
DMA3 32 (unaligned 3): Got 0x00000000 vs 0xFEEDFACE: FAIL
Memory test: BIOS out-of-bounds load
DMA0 16: Got 0x00000000 vs 0x0000FACE: FAIL
DMA0 16 (unaligned): Got 0x00000000 vs 0x0000FACE: FAIL
DMA0 32: Got 0x00000000 vs 0xFEEDFACE: FAIL
DMA0 32 (unaligned 1): Got 0x00000000 vs 0xFEEDFACE: FAIL
DMA0 32 (unaligned 2): Got 0x00000000 vs 0xFEEDFACE: FAIL
DMA0 32 (unaligned 3): Got 0x00000000 vs 0xFEEDFACE: FAIL
DMA1 16: Got 0x00000000 vs 0x0000FACE: FAIL
DMA1 16 (unaligned): Got 0x00000000 vs 0x0000FACE: FAIL
DMA1 32: Got 0x00000000 vs 0xFEEDFACE: FAIL
DMA1 32 (unaligned 1): Got 0x00000000 vs 0xFEEDFACE: FAIL
DMA1 32 (unaligned 2): Got 0x00000000 vs 0xFEEDFACE: FAIL
DMA1 32 (unaligned 3): Got 0x00000000 vs 0xFEEDFACE: FAIL
DMA2 16: Got 0x00000000 vs 0x0000FACE: FAIL
DMA2 16 (unaligned): Got 0x00000000 vs 0x0000FACE: FAIL
DMA2 32: Got 0x00000000 vs 0xFEEDFACE: FAIL
DMA2 32 (unaligned 1): Got 0x00000000 vs 0xFEEDFACE: FAIL
DMA2 32 (unaligned 2): Got 0x00000000 vs 0xFEEDFACE: FAIL
DMA2 32 (unaligned 3): Got 0x00000000 vs 0xFEEDFACE: FAIL
DMA3 16: Got 0x00000000 vs 0x0000FACE: FAIL
DMA3 16 (unaligned): Got 0x00000000 vs 0x0000FACE: FAIL
DMA3 32: Got 0x00000000 vs 0xFEEDFACE: FAIL
DMA3 32 (unaligned 1): Got 0x00000000 vs 0xFEEDFACE: FAIL
DMA3 32 (unaligned 2): Got 0x00000000 vs 0xFEEDFACE: FAIL
DMA3 32 (unaligned 3): Got 0x00000000 vs 0xFEEDFACE: FAIL
Memory test: Out-of-bounds load
DMA0 16: Got 0x00000000 vs 0x0000FACE: FAIL
DMA0 16 (unaligned): Got 0x00000000 vs 0x0000FACE: FAIL
DMA0 32: Got 0x00000000 vs 0xFEEDFACE: FAIL
DMA0 32 (unaligned 1): Got 0x00000000 vs 0xFEEDFACE: FAIL
DMA0 32 (unaligned 2): Got 0x00000000 vs 0xFEEDFACE: FAIL
DMA0 32 (unaligned 3): Got 0x00000000 vs 0xFEEDFACE: FAIL
DMA1 16: Got 0x00000000 vs 0x0000FACE: FAIL
DMA1 16 (unaligned): Got 0x00000000 vs 0x0000FACE: FAIL
DMA1 32: Got 0x00000000 vs 0xFEEDFACE: FAIL
DMA1 32 (unaligned 1): Got 0x00000000 vs 0xFEEDFACE: FAIL
DMA1 32 (unaligned 2): Got 0x00000000 vs 0xFEEDFACE: FAIL
DMA1 32 (unaligned 3): Got 0x00000000 vs 0xFEEDFACE: FAIL
DMA2 16: Got 0x00000000 vs 0x0000FACE: FAIL
DMA2 16 (unaligned): Got 0x00000000 vs 0x0000FACE: FAIL
DMA2 32: Got 0x00000000 vs 0xFEEDFACE: FAIL
DMA2 32 (unaligned 1): Got 0x00000000 vs 0xFEEDFACE: FAIL
DMA2 32 (unaligned 2): Got 0x00000000 vs 0xFEEDFACE: FAIL
DMA2 32 (unaligned 3): Got 0x00000000 vs 0xFEEDFACE: FAIL
DMA3 16: Got 0x00000000 vs 0x0000FACE: FAIL
DMA3 16 (unaligned): Got 0x00000000 vs 0x0000FACE: FAIL
DMA3 32: Got 0x00000000 vs 0xFEEDFACE: FAIL
DMA3 32 (unaligned 1): Got 0x00000000 vs 0xFEEDFACE: FAIL
DMA3 32 (unaligned 2): Got 0x00000000 vs 0xFEEDFACE: FAIL
DMA3 32 (unaligned 3): Got 0x00000000 vs 0xFEEDFACE: FAIL
Memory test: ROM load
DMA0 16: Got 0x00000000 vs 0x0000FACE: FAIL
DMA0 16 (unaligned): Got 0x00000000 vs 0x0000FACE: FAIL
DMA0 32: Got 0x00000000 vs 0xFEEDFACE: FAIL
DMA0 32 (unaligned 1): Got 0x00000000 vs 0xFEEDFACE: FAIL
DMA0 32 (unaligned 2): Got 0x00000000 vs 0xFEEDFACE: FAIL
DMA0 32 (unaligned 3): Got 0x00000000 vs 0xFEEDFACE: FAIL
Memory test: ROM store
Memory test: ROM out-of-bounds load
U8: Got 0x00000000 vs 0x00000056: FAIL
S8: Got 0x00000000 vs 0x00000056: FAIL
U16: Got 0x00000000 vs 0x00003456: FAIL
U16 (unaligned): Got 0x00000000 vs 0x56000034: FAIL
S16: Got 0x00000000 vs 0x00003456: FAIL
S16 (unaligned): Got 0x00000000 vs 0x00000034: FAIL
32: Got 0x00000000 vs 0x34573456: FAIL
32 (unaligned 1): Got 0x00000000 vs 0x56345734: FAIL
32 (unaligned 2): Got 0x00000000 vs 0x34563457: FAIL
32 (unaligned 3): Got 0x00000000 vs 0x57345634: FAIL
DMA0 16: Got 0x00000000 vs 0x0000FACE: FAIL
DMA0 16 (unaligned): Got 0x00000000 vs 0x0000FACE: FAIL
DMA0 32: Got 0x00000000 vs 0xFEEDFACE: FAIL
DMA0 32 (unaligned 1): Got 0x00000000 vs 0xFEEDFACE: FAIL
DMA0 32 (unaligned 2): Got 0x00000000 vs 0xFEEDFACE: FAIL
DMA0 32 (unaligned 3): Got 0x00000000 vs 0xFEEDFACE: FAIL
DMA1 16: Got 0x00000000 vs 0x00003456: FAIL
DMA1 16 (unaligned): Got 0x00000000 vs 0x00003456: FAIL
DMA1 32: Got 0x00000000 vs 0x34573456: FAIL
DMA1 32 (unaligned 1): Got 0x00000000 vs 0x34573456: FAIL
DMA1 32 (unaligned 2): Got 0x00000000 vs 0x34573456: FAIL
DMA1 32 (unaligned 3): Got 0x00000000 vs 0x34573456: FAIL
DMA2 16: Got 0x00000000 vs 0x00003456: FAIL
DMA2 16 (unaligned): Got 0x00000000 vs 0x00003456: FAIL
DMA2 32: Got 0x00000000 vs 0x34573456: FAIL
DMA2 32 (unaligned 1): Got 0x00000000 vs 0x34573456: FAIL
DMA2 32 (unaligned 2): Got 0x00000000 vs 0x34573456: FAIL
DMA2 32 (unaligned 3): Got 0x00000000 vs 0x34573456: FAIL
DMA3 16: Got 0x00000000 vs 0x00003456: FAIL
DMA3 16 (unaligned): Got 0x00000000 vs 0x00003456: FAIL
DMA3 32: Got 0x00000000 vs 0x34573456: FAIL
DMA3 32 (unaligned 1): Got 0x00000000 vs 0x34573456: FAIL
DMA3 32 (unaligned 2): Got 0x00000000 vs 0x34573456: FAIL
DMA3 32 (unaligned 3): Got 0x00000000 vs 0x34573456: FAIL
swi B 16: Got 0x00000000 vs 0x34573456: FAIL
swi B 16 (unaligned): Got 0x00000000 vs 0x00340034: FAIL
swi B 32: Got 0x00000000 vs 0x34573456: FAIL
swi B 32 (unaligned 1): Got 0x00000000 vs 0x34573456: FAIL
swi B 32 (unaligned 2): Got 0x00000000 vs 0x34573456: FAIL
swi B 32 (unaligned 3): Got 0x00000000 vs 0x34573456: FAIL
swi C 32: Got 0x00000000 vs 0x34573456: FAIL
swi C 32 (unaligned 1): Got 0x00000000 vs 0x34573456: FAIL
swi C 32 (unaligned 2): Got 0x00000000 vs 0x34573456: FAIL
swi C 32 (unaligned 3): Got 0x00000000 vs 0x34573456: FAIL
Memory test: IWRAM load
Memory test: IWRAM mirror load
Memory test: IWRAM store
Memory test: IWRAM mirror store
Memory test: EWRAM load
Memory test: EWRAM mirror load
Memory test: EWRAM store
Memory test: EWRAM mirror store
Memory test: Palette load
Memory test: Palette mirror load
Memory test: Palette store
Memory test: Palette mirror store
Memory test: VRAM load
Memory test: VRAM mirror load
Memory test: VRAM OBJ load
Memory test: VRAM OBJ mirror load
Memory test: VRAM OBJ mirror 2 load
Memory test: VRAM store
Memory test: VRAM mirror store
Memory test: VRAM OBJ store
Memory test: VRAM OBJ mirror store
Memory test: VRAM OBJ mirror 2 store
Memory test: OAM load
Memory test: OAM mirror load
Memory test: OAM store
Memory test: OAM mirror store
Memory test: SRAM load
DMA0 16: Got 0x00000400 vs 0x00000000: FAIL
DMA0 16 (unaligned): Got 0x00000400 vs 0x00000000: FAIL
DMA0 32: Got 0x04000400 vs 0x00000000: FAIL
DMA0 32 (unaligned 1): Got 0x04000400 vs 0x00000000: FAIL
DMA0 32 (unaligned 2): Got 0x04000400 vs 0x00000000: FAIL
DMA0 32 (unaligned 3): Got 0x04000400 vs 0x00000000: FAIL
swi B 32 (unaligned 1): Got 0x47474747 vs 0x61616161: FAIL
swi B 32 (unaligned 2): Got 0x47474747 vs 0x6D6D6D6D: FAIL
swi B 32 (unaligned 3): Got 0x47474747 vs 0x65656565: FAIL
swi C 32 (unaligned 1): Got 0x47474747 vs 0x61616161: FAIL
swi C 32 (unaligned 2): Got 0x47474747 vs 0x6D6D6D6D: FAIL
swi C 32 (unaligned 3): Got 0x47474747 vs 0x65656565: FAIL
Memory test: SRAM mirror load
DMA0 16: Got 0x0000C7D8 vs 0x00000000: FAIL
DMA0 16 (unaligned): Got 0x0000C7D8 vs 0x00000000: FAIL
DMA0 32: Got 0xA5B6C7D8 vs 0x00000000: FAIL
DMA0 32 (unaligned 1): Got 0xA5B6C7D8 vs 0x00000000: FAIL
DMA0 32 (unaligned 2): Got 0xA5B6C7D8 vs 0x00000000: FAIL
DMA0 32 (unaligned 3): Got 0xA5B6C7D8 vs 0x00000000: FAIL
swi B 16: Got 0x1CAD1CAD vs 0x6D6D4747: FAIL
swi B 16 (unaligned): Got 0x1CAD1CAD vs 0x00650061: FAIL
swi B 32: Got 0x1CAD1CAD vs 0x47474747: FAIL
swi B 32 (unaligned 1): Got 0x1CAD1CAD vs 0x61616161: FAIL
swi B 32 (unaligned 2): Got 0x1CAD1CAD vs 0x6D6D6D6D: FAIL
swi B 32 (unaligned 3): Got 0x1CAD1CAD vs 0x65656565: FAIL
swi C 32: Got 0xBAFFFFFB vs 0x47474747: FAIL
swi C 32 (unaligned 1): Got 0xBAFFFFFB vs 0x61616161: FAIL
swi C 32 (unaligned 2): Got 0xBAFFFFFB vs 0x6D6D6D6D: FAIL
swi C 32 (unaligned 3): Got 0xBAFFFFFB vs 0x65656565: FAIL
Memory test: SRAM store
DMA3 16 (unaligned): Got 0x66666666 vs 0xD8D8D8D8: FAIL
DMA3 32 (unaligned 1): Got 0x66666666 vs 0xD8D8D8D8: FAIL
DMA3 32 (unaligned 2): Got 0x66666666 vs 0xD8D8D8D8: FAIL
DMA3 32 (unaligned 3): Got 0x66666666 vs 0xD8D8D8D8: FAIL
swi B 32 (unaligned 1): Got 0xD8D8D8D8 vs 0x66666666: FAIL
swi B 32 (unaligned 2): Got 0xD8D8D8D8 vs 0x66666666: FAIL
swi B 32 (unaligned 3): Got 0xD8D8D8D8 vs 0x66666666: FAIL
swi C 32 (unaligned 1): Got 0xD8D8D8D8 vs 0x66666666: FAIL
swi C 32 (unaligned 2): Got 0xD8D8D8D8 vs 0x66666666: FAIL
swi C 32 (unaligned 3): Got 0xD8D8D8D8 vs 0x66666666: FAIL
Memory test: SRAM mirror store
DMA3 16 (unaligned): Got 0x66666666 vs 0xD8D8D8D8: FAIL
DMA3 32 (unaligned 1): Got 0x66666666 vs 0xD8D8D8D8: FAIL
DMA3 32 (unaligned 2): Got 0x66666666 vs 0xD8D8D8D8: FAIL
DMA3 32 (unaligned 3): Got 0x66666666 vs 0xD8D8D8D8: FAIL
swi B 32 (unaligned 1): Got 0xD8D8D8D8 vs 0x66666666: FAIL
swi B 32 (unaligned 2): Got 0xD8D8D8D8 vs 0x66666666: FAIL
swi B 32 (unaligned 3): Got 0xD8D8D8D8 vs 0x66666666: FAIL
swi C 32 (unaligned 1): Got 0xD8D8D8D8 vs 0x66666666: FAIL
swi C 32 (unaligned 2): Got 0xD8D8D8D8 vs 0x66666666: FAIL
swi C 32 (unaligned 3): Got 0xD8D8D8D8 vs 0x66666666: FAIL
Memory test: BIOS load
U8: Got 0x00000002 vs 0x00000004: FAIL
S8: Got 0x00000002 vs 0x00000004: FAIL
U16: Got 0x0000C002 vs 0x00002004: FAIL
U16 (unaligned): Got 0x020000C0 vs 0x04000020: FAIL
S16: Got 0xFFFFC002 vs 0x00002004: FAIL
S16 (unaligned): Got 0xFFFFFFC0 vs 0x00000020: FAIL
32: Got 0xE55EC002 vs 0xE3A02004: FAIL
32 (unaligned 1): Got 0x02E55EC0 vs 0x04E3A020: FAIL
32 (unaligned 2): Got 0xC002E55E vs 0x2004E3A0: FAIL
32 (unaligned 3): Got 0x5EC002E5 vs 0xA02004E3: FAIL
DMA0 16: Got 0x00000000 vs 0x0000FACE: FAIL
DMA0 16 (unaligned): Got 0x00000000 vs 0x0000FACE: FAIL
DMA0 32: Got 0x00000000 vs 0xFEEDFACE: FAIL
DMA0 32 (unaligned 1): Got 0x00000000 vs 0xFEEDFACE: FAIL
DMA0 32 (unaligned 2): Got 0x00000000 vs 0xFEEDFACE: FAIL
DMA0 32 (unaligned 3): Got 0x00000000 vs 0xFEEDFACE: FAIL
DMA1 16: Got 0x00000000 vs 0x0000FACE: FAIL
DMA1 16 (unaligned): Got 0x00000000 vs 0x0000FACE: FAIL
DMA1 32: Got 0x00000000 vs 0xFEEDFACE: FAIL
DMA1 32 (unaligned 1): Got 0x00000000 vs 0xFEEDFACE: FAIL
DMA1 32 (unaligned 2): Got 0x00000000 vs 0xFEEDFACE: FAIL
DMA1 32 (unaligned 3): Got 0x00000000 vs 0xFEEDFACE: FAIL
DMA2 16: Got 0x00000000 vs 0x0000FACE: FAIL
DMA2 16 (unaligned): Got 0x00000000 vs 0x0000FACE: FAIL
DMA2 32: Got 0x00000000 vs 0xFEEDFACE: FAIL
DMA2 32 (unaligned 1): Got 0x00000000 vs 0xFEEDFACE: FAIL
DMA2 32 (unaligned 2): Got 0x00000000 vs 0xFEEDFACE: FAIL
DMA2 32 (unaligned 3): Got 0x00000000 vs 0xFEEDFACE: FAIL
DMA3 16: Got 0x00000000 vs 0x0000FACE: FAIL
DMA3 16 (unaligned): Got 0x00000000 vs 0x0000FACE: FAIL
DMA3 32: Got 0x00000000 vs 0xFEEDFACE: FAIL
DMA3 32 (unaligned 1): Got 0x00000000 vs 0xFEEDFACE: FAIL
DMA3 32 (unaligned 2): Got 0x00000000 vs 0xFEEDFACE: FAIL
DMA3 32 (unaligned 3): Got 0x00000000 vs 0xFEEDFACE: FAIL
Memory test: BIOS out-of-bounds load
DMA0 16: Got 0x00000000 vs 0x0000FACE: FAIL
DMA0 16 (unaligned): Got 0x00000000 vs 0x0000FACE: FAIL
DMA0 32: Got 0x00000000 vs 0xFEEDFACE: FAIL
DMA0 32 (unaligned 1): Got 0x00000000 vs 0xFEEDFACE: FAIL
DMA0 32 (unaligned 2): Got 0x00000000 vs 0xFEEDFACE: FAIL
DMA0 32 (unaligned 3): Got 0x00000000 vs 0xFEEDFACE: FAIL
DMA1 16: Got 0x00000000 vs 0x0000FACE: FAIL
DMA1 16 (unaligned): Got 0x00000000 vs 0x0000FACE: FAIL
DMA1 32: Got 0x00000000 vs 0xFEEDFACE: FAIL
DMA1 32 (unaligned 1): Got 0x00000000 vs 0xFEEDFACE: FAIL
DMA1 32 (unaligned 2): Got 0x00000000 vs 0xFEEDFACE: FAIL
DMA1 32 (unaligned 3): Got 0x00000000 vs 0xFEEDFACE: FAIL
DMA2 16: Got 0x00000000 vs 0x0000FACE: FAIL
DMA2 16 (unaligned): Got 0x00000000 vs 0x0000FACE: FAIL
DMA2 32: Got 0x00000000 vs 0xFEEDFACE: FAIL
DMA2 32 (unaligned 1): Got 0x00000000 vs 0xFEEDFACE: FAIL
DMA2 32 (unaligned 2): Got 0x00000000 vs 0xFEEDFACE: FAIL
DMA2 32 (unaligned 3): Got 0x00000000 vs 0xFEEDFACE: FAIL
DMA3 16: Got 0x00000000 vs 0x0000FACE: FAIL
DMA3 16 (unaligned): Got 0x00000000 vs 0x0000FACE: FAIL
DMA3 32: Got 0x00000000 vs 0xFEEDFACE: FAIL
DMA3 32 (unaligned 1): Got 0x00000000 vs 0xFEEDFACE: FAIL
DMA3 32 (unaligned 2): Got 0x00000000 vs 0xFEEDFACE: FAIL
DMA3 32 (unaligned 3): Got 0x00000000 vs 0xFEEDFACE: FAIL
Memory test: Out-of-bounds load
DMA0 16: Got 0x00000000 vs 0x0000FACE: FAIL
DMA0 16 (unaligned): Got 0x00000000 vs 0x0000FACE: FAIL
DMA0 32: Got 0x00000000 vs 0xFEEDFACE: FAIL
DMA0 32 (unaligned 1): Got 0x00000000 vs 0xFEEDFACE: FAIL
DMA0 32 (unaligned 2): Got 0x00000000 vs 0xFEEDFACE: FAIL
DMA0 32 (unaligned 3): Got 0x00000000 vs 0xFEEDFACE: FAIL
DMA1 16: Got 0x00000000 vs 0x0000FACE: FAIL
DMA1 16 (unaligned): Got 0x00000000 vs 0x0000FACE: FAIL
DMA1 32: Got 0x00000000 vs 0xFEEDFACE: FAIL
DMA1 32 (unaligned 1): Got 0x00000000 vs 0xFEEDFACE: FAIL
DMA1 32 (unaligned 2): Got 0x00000000 vs 0xFEEDFACE: FAIL
DMA1 32 (unaligned 3): Got 0x00000000 vs 0xFEEDFACE: FAIL
DMA2 16: Got 0x00000000 vs 0x0000FACE: FAIL
DMA2 16 (unaligned): Got 0x00000000 vs 0x0000FACE: FAIL
DMA2 32: Got 0x00000000 vs 0xFEEDFACE: FAIL
DMA2 32 (unaligned 1): Got 0x00000000 vs 0xFEEDFACE: FAIL
DMA2 32 (unaligned 2): Got 0x00000000 vs 0xFEEDFACE: FAIL
DMA2 32 (unaligned 3): Got 0x00000000 vs 0xFEEDFACE: FAIL
DMA3 16: Got 0x00000000 vs 0x0000FACE: FAIL
DMA3 16 (unaligned): Got 0x00000000 vs 0x0000FACE: FAIL
DMA3 32: Got 0x00000000 vs 0xFEEDFACE: FAIL
DMA3 32 (unaligned 1): Got 0x00000000 vs 0xFEEDFACE: FAIL
DMA3 32 (unaligned 2): Got 0x00000000 vs 0xFEEDFACE: FAIL
DMA3 32 (unaligned 3): Got 0x00000000 vs 0xFEEDFACE: FAIL

--- Suite 02: I/O read ---
Frames: 91
[sram]
Game Boy Advance Test Suite
===
Memory test: ROM load
DMA0 16: Got 0x00000000 vs 0x0000FACE: FAIL
DMA0 16 (unaligned): Got 0x00000000 vs 0x0000FACE: FAIL
DMA0 32: Got 0x00000000 vs 0xFEEDFACE: FAIL
DMA0 32 (unaligned 1): Got 0x00000000 vs 0xFEEDFACE: FAIL
DMA0 32 (unaligned 2): Got 0x00000000 vs 0xFEEDFACE: FAIL
DMA0 32 (unaligned 3): Got 0x00000000 vs 0xFEEDFACE: FAIL
Memory test: ROM store
Memory test: ROM out-of-bounds load
U8: Got 0x00000000 vs 0x00000056: FAIL
S8: Got 0x00000000 vs 0x00000056: FAIL
U16: Got 0x00000000 vs 0x00003456: FAIL
U16 (unaligned): Got 0x00000000 vs 0x56000034: FAIL
S16: Got 0x00000000 vs 0x00003456: FAIL
S16 (unaligned): Got 0x00000000 vs 0x00000034: FAIL
32: Got 0x00000000 vs 0x34573456: FAIL
32 (unaligned 1): Got 0x00000000 vs 0x56345734: FAIL
32 (unaligned 2): Got 0x00000000 vs 0x34563457: FAIL
32 (unaligned 3): Got 0x00000000 vs 0x57345634: FAIL
DMA0 16: Got 0x00000000 vs 0x0000FACE: FAIL
DMA0 16 (unaligned): Got 0x00000000 vs 0x0000FACE: FAIL
DMA0 32: Got 0x00000000 vs 0xFEEDFACE: FAIL
DMA0 32 (unaligned 1): Got 0x00000000 vs 0xFEEDFACE: FAIL
DMA0 32 (unaligned 2): Got 0x00000000 vs 0xFEEDFACE: FAIL
DMA0 32 (unaligned 3): Got 0x00000000 vs 0xFEEDFACE: FAIL
DMA1 16: Got 0x00000000 vs 0x00003456: FAIL
DMA1 16 (unaligned): Got 0x00000000 vs 0x00003456: FAIL
DMA1 32: Got 0x00000000 vs 0x34573456: FAIL
DMA1 32 (unaligned 1): Got 0x00000000 vs 0x34573456: FAIL
DMA1 32 (unaligned 2): Got 0x00000000 vs 0x34573456: FAIL
DMA1 32 (unaligned 3): Got 0x00000000 vs 0x34573456: FAIL
DMA2 16: Got 0x00000000 vs 0x00003456: FAIL
DMA2 16 (unaligned): Got 0x00000000 vs 0x00003456: FAIL
DMA2 32: Got 0x00000000 vs 0x34573456: FAIL
DMA2 32 (unaligned 1): Got 0x00000000 vs 0x34573456: FAIL
DMA2 32 (unaligned 2): Got 0x00000000 vs 0x34573456: FAIL
DMA2 32 (unaligned 3): Got 0x00000000 vs 0x34573456: FAIL
DMA3 16: Got 0x00000000 vs 0x00003456: FAIL
DMA3 16 (unaligned): Got 0x00000000 vs 0x00003456: FAIL
DMA3 32: Got 0x00000000 vs 0x34573456: FAIL
DMA3 32 (unaligned 1): Got 0x00000000 vs 0x34573456: FAIL
DMA3 32 (unaligned 2): Got 0x00000000 vs 0x34573456: FAIL
DMA3 32 (unaligned 3): Got 0x00000000 vs 0x34573456: FAIL
swi B 16: Got 0x00000000 vs 0x34573456: FAIL
swi B 16 (unaligned): Got 0x00000000 vs 0x00340034: FAIL
swi B 32: Got 0x00000000 vs 0x34573456: FAIL
swi B 32 (unaligned 1): Got 0x00000000 vs 0x34573456: FAIL
swi B 32 (unaligned 2): Got 0x00000000 vs 0x34573456: FAIL
swi B 32 (unaligned 3): Got 0x00000000 vs 0x34573456: FAIL
swi C 32: Got 0x00000000 vs 0x34573456: FAIL
swi C 32 (unaligned 1): Got 0x00000000 vs 0x34573456: FAIL
swi C 32 (unaligned 2): Got 0x00000000 vs 0x34573456: FAIL
swi C 32 (unaligned 3): Got 0x00000000 vs 0x34573456: FAIL
Memory test: IWRAM load
Memory test: IWRAM mirror load
Memory test: IWRAM store
Memory test: IWRAM mirror store
Memory test: EWRAM load
Memory test: EWRAM mirror load
Memory test: EWRAM store
Memory test: EWRAM mirror store
Memory test: Palette load
Memory test: Palette mirror load
Memory test: Palette store
Memory test: Palette mirror store
Memory test: VRAM load
Memory test: VRAM mirror load
Memory test: VRAM OBJ load
Memory test: VRAM OBJ mirror load
Memory test: VRAM OBJ mirror 2 load
Memory test: VRAM store
Memory test: VRAM mirror store
Memory test: VRAM OBJ store
Memory test: VRAM OBJ mirror store
Memory test: VRAM OBJ mirror 2 store
Memory test: OAM load
Memory test: OAM mirror load
Memory test: OAM store
Memory test: OAM mirror store
Memory test: SRAM load
swi B 32 (unaligned 1): Got 0x47474747 vs 0x61616161: FAIL
swi B 32 (unaligned 2): Got 0x47474747 vs 0x6D6D6D6D: FAIL
swi B 32 (unaligned 3): Got 0x47474747 vs 0x65656565: FAIL
swi C 32 (unaligned 1): Got 0x47474747 vs 0x61616161: FAIL
swi C 32 (unaligned 2): Got 0x47474747 vs 0x6D6D6D6D: FAIL
swi C 32 (unaligned 3): Got 0x47474747 vs 0x65656565: FAIL
Memory test: SRAM mirror load
swi B 16: Got 0x1CAD1CAD vs 0x6D6D4747: FAIL
swi B 16 (unaligned): Got 0x1CAD1CAD vs 0x00650061: FAIL
swi B 32: Got 0x1CAD1CAD vs 0x47474747: FAIL
swi B 32 (unaligned 1): Got 0x1CAD1CAD vs 0x61616161: FAIL
swi B 32 (unaligned 2): Got 0x1CAD1CAD vs 0x6D6D6D6D: FAIL
swi B 32 (unaligned 3): Got 0x1CAD1CAD vs 0x65656565: FAIL
swi C 32: Got 0xBAFFFFFB vs 0x47474747: FAIL
swi C 32 (unaligned 1): Got 0xBAFFFFFB vs 0x61616161: FAIL
swi C 32 (unaligned 2): Got 0xBAFFFFFB vs 0x6D6D6D6D: FAIL
swi C 32 (unaligned 3): Got 0xBAFFFFFB vs 0x65656565: FAIL
Memory test: SRAM store
DMA3 16 (unaligned): Got 0x66666666 vs 0xD8D8D8D8: FAIL
DMA3 32 (unaligned 1): Got 0x66666666 vs 0xD8D8D8D8: FAIL
DMA3 32 (unaligned 2): Got 0x66666666 vs 0xD8D8D8D8: FAIL
DMA3 32 (unaligned 3): Got 0x66666666 vs 0xD8D8D8D8: FAIL
swi B 32 (unaligned 1): Got 0xD8D8D8D8 vs 0x66666666: FAIL
swi B 32 (unaligned 2): Got 0xD8D8D8D8 vs 0x66666666: FAIL
swi B 32 (unaligned 3): Got 0xD8D8D8D8 vs 0x66666666: FAIL
swi C 32 (unaligned 1): Got 0xD8D8D8D8 vs 0x66666666: FAIL
swi C 32 (unaligned 2): Got 0xD8D8D8D8 vs 0x66666666: FAIL
swi C 32 (unaligned 3): Got 0xD8D8D8D8 vs 0x66666666: FAIL
Memory test: SRAM mirror store
DMA3 16 (unaligned): Got 0x66666666 vs 0xD8D8D8D8: FAIL
DMA3 32 (unaligned 1): Got 0x66666666 vs 0xD8D8D8D8: FAIL
DMA3 32 (unaligned 2): Got 0x66666666 vs 0xD8D8D8D8: FAIL
DMA3 32 (unaligned 3): Got 0x66666666 vs 0xD8D8D8D8: FAIL
swi B 32 (unaligned 1): Got 0xD8D8D8D8 vs 0x66666666: FAIL
swi B 32 (unaligned 2): Got 0xD8D8D8D8 vs 0x66666666: FAIL
swi B 32 (unaligned 3): Got 0xD8D8D8D8 vs 0x66666666: FAIL
swi C 32 (unaligned 1): Got 0xD8D8D8D8 vs 0x66666666: FAIL
swi C 32 (unaligned 2): Got 0xD8D8D8D8 vs 0x66666666: FAIL
swi C 32 (unaligned 3): Got 0xD8D8D8D8 vs 0x66666666: FAIL
Memory test: BIOS load
U8: Got 0x00000002 vs 0x00000004: FAIL
S8: Got 0x00000002 vs 0x00000004: FAIL
U16: Got 0x0000C002 vs 0x00002004: FAIL
U16 (unaligned): Got 0x020000C0 vs 0x04000020: FAIL
S16: Got 0xFFFFC002 vs 0x00002004: FAIL
S16 (unaligned): Got 0xFFFFFFC0 vs 0x00000020: FAIL
32: Got 0xE55EC002 vs 0xE3A02004: FAIL
32 (unaligned 1): Got 0x02E55EC0 vs 0x04E3A020: FAIL
32 (unaligned 2): Got 0xC002E55E vs 0x2004E3A0: FAIL
32 (unaligned 3): Got 0x5EC002E5 vs 0xA02004E3: FAIL
DMA0 16: Got 0x00000000 vs 0x0000FACE: FAIL
DMA0 16 (unaligned): Got 0x00000000 vs 0x0000FACE: FAIL
DMA0 32: Got 0x00000000 vs 0xFEEDFACE: FAIL
DMA0 32 (unaligned 1): Got 0x00000000 vs 0xFEEDFACE: FAIL
DMA0 32 (unaligned 2): Got 0x00000000 vs 0xFEEDFACE: FAIL
DMA0 32 (unaligned 3): Got 0x00000000 vs 0xFEEDFACE: FAIL
DMA1 16: Got 0x00000000 vs 0x0000FACE: FAIL
DMA1 16 (unaligned): Got 0x00000000 vs 0x0000FACE: FAIL
DMA1 32: Got 0x00000000 vs 0xFEEDFACE: FAIL
DMA1 32 (unaligned 1): Got 0x00000000 vs 0xFEEDFACE: FAIL
DMA1 32 (unaligned 2): Got 0x00000000 vs 0xFEEDFACE: FAIL
DMA1 32 (unaligned 3): Got 0x00000000 vs 0xFEEDFACE: FAIL
DMA2 16: Got 0x00000000 vs 0x0000FACE: FAIL
DMA2 16 (unaligned): Got 0x00000000 vs 0x0000FACE: FAIL
DMA2 32: Got 0x00000000 vs 0xFEEDFACE: FAIL
DMA2 32 (unaligned 1): Got 0x00000000 vs 0xFEEDFACE: FAIL
DMA2 32 (unaligned 2): Got 0x00000000 vs 0xFEEDFACE: FAIL
DMA2 32 (unaligned 3): Got 0x00000000 vs 0xFEEDFACE: FAIL
DMA3 16: Got 0x00000000 vs 0x0000FACE: FAIL
DMA3 16 (unaligned): Got 0x00000000 vs 0x0000FACE: FAIL
DMA3 32: Got 0x00000000 vs 0xFEEDFACE: FAIL
DMA3 32 (unaligned 1): Got 0x00000000 vs 0xFEEDFACE: FAIL
DMA3 32 (unaligned 2): Got 0x00000000 vs 0xFEEDFACE: FAIL
DMA3 32 (unaligned 3): Got 0x00000000 vs 0xFEEDFACE: FAIL
Memory test: BIOS out-of-bounds load
DMA0 16: Got 0x00000000 vs 0x0000FACE: FAIL
DMA0 16 (unaligned): Got 0x00000000 vs 0x0000FACE: FAIL
DMA0 32: Got 0x00000000 vs 0xFEEDFACE: FAIL
DMA0 32 (unaligned 1): Got 0x00000000 vs 0xFEEDFACE: FAIL
DMA0 32 (unaligned 2): Got 0x00000000 vs 0xFEEDFACE: FAIL
DMA0 32 (unaligned 3): Got 0x00000000 vs 0xFEEDFACE: FAIL
DMA1 16: Got 0x00000000 vs 0x0000FACE: FAIL
DMA1 16 (unaligned): Got 0x00000000 vs 0x0000FACE: FAIL
DMA1 32: Got 0x00000000 vs 0xFEEDFACE: FAIL
DMA1 32 (unaligned 1): Got 0x00000000 vs 0xFEEDFACE: FAIL
DMA1 32 (unaligned 2): Got 0x00000000 vs 0xFEEDFACE: FAIL
DMA1 32 (unaligned 3): Got 0x00000000 vs 0xFEEDFACE: FAIL
DMA2 16: Got 0x00000000 vs 0x0000FACE: FAIL
DMA2 16 (unaligned): Got 0x00000000 vs 0x0000FACE: FAIL
DMA2 32: Got 0x00000000 vs 0xFEEDFACE: FAIL
DMA2 32 (unaligned 1): Got 0x00000000 vs 0xFEEDFACE: FAIL
DMA2 32 (unaligned 2): Got 0x00000000 vs 0xFEEDFACE: FAIL
DMA2 32 (unaligned 3): Got 0x00000000 vs 0xFEEDFACE: FAIL
DMA3 16: Got 0x00000000 vs 0x0000FACE: FAIL
DMA3 16 (unaligned): Got 0x00000000 vs 0x0000FACE: FAIL
DMA3 32: Got 0x00000000 vs 0xFEEDFACE: FAIL
DMA3 32 (unaligned 1): Got 0x00000000 vs 0xFEEDFACE: FAIL
DMA3 32 (unaligned 2): Got 0x00000000 vs 0xFEEDFACE: FAIL
DMA3 32 (unaligned 3): Got 0x00000000 vs 0xFEEDFACE: FAIL
Memory test: Out-of-bounds load
DMA0 16: Got 0x00000000 vs 0x0000FACE: FAIL
DMA0 16 (unaligned): Got 0x00000000 vs 0x0000FACE: FAIL
DMA0 32: Got 0x00000000 vs 0xFEEDFACE: FAIL
DMA0 32 (unaligned 1): Got 0x00000000 vs 0xFEEDFACE: FAIL
DMA0 32 (unaligned 2): Got 0x00000000 vs 0xFEEDFACE: FAIL
DMA0 32 (unaligned 3): Got 0x00000000 vs 0xFEEDFACE: FAIL
DMA1 16: Got 0x00000000 vs 0x0000FACE: FAIL
DMA1 16 (unaligned): Got 0x00000000 vs 0x0000FACE: FAIL
DMA1 32: Got 0x00000000 vs 0xFEEDFACE: FAIL
DMA1 32 (unaligned 1): Got 0x00000000 vs 0xFEEDFACE: FAIL
DMA1 32 (unaligned 2): Got 0x00000000 vs 0xFEEDFACE: FAIL
DMA1 32 (unaligned 3): Got 0x00000000 vs 0xFEEDFACE: FAIL
DMA2 16: Got 0x00000000 vs 0x0000FACE: FAIL
DMA2 16 (unaligned): Got 0x00000000 vs 0x0000FACE: FAIL
DMA2 32: Got 0x00000000 vs 0xFEEDFACE: FAIL
DMA2 32 (unaligned 1): Got 0x00000000 vs 0xFEEDFACE: FAIL
DMA2 32 (unaligned 2): Got 0x00000000 vs 0xFEEDFACE: FAIL
DMA2 32 (unaligned 3): Got 0x00000000 vs 0xFEEDFACE: FAIL
DMA3 16: Got 0x00000000 vs 0x0000FACE: FAIL
DMA3 16 (unaligned): Got 0x00000000 vs 0x0000FACE: FAIL
DMA3 32: Got 0x00000000 vs 0xFEEDFACE: FAIL
DMA3 32 (unaligned 1): Got 0x00000000 vs 0xFEEDFACE: FAIL
DMA3 32 (unaligned 2): Got 0x00000000 vs 0xFEEDFACE: FAIL
DMA3 32 (unaligned 3): Got 0x00000000 vs 0xFEEDFACE: FAIL
BG0CNT: Got 0xDFCF vs 0xDFFF: FAIL
BG1CNT: Got 0xDFCF vs 0xDFFF: FAIL
BG2CNT: Got 0xFFCF vs 0xFFFF: FAIL
BG3CNT: Got 0xFFCF vs 0xFFFF: FAIL
SOUND1CNT_LO: Got 0xFFFF vs 0x007F: FAIL
SOUND1CNT_HI: Got 0xFFFF vs 0xFFC0: FAIL
SOUND1CNT_X: Got 0xFFFF vs 0x4000: FAIL
INVALID (66): Got 0xFFFF vs 0x0000: FAIL
SOUND2CNT_LO: Got 0xFFFF vs 0xFFC0: FAIL
INVALID (6A): Got 0xFFFF vs 0x0000: FAIL
SOUND2CNT_HI: Got 0xFFFF vs 0x4000: FAIL
INVALID (6E): Got 0xFFFF vs 0x0000: FAIL
SOUND3CNT_LO: Got 0xFFFF vs 0x00E0: FAIL
SOUND3CNT_HI: Got 0xFFFF vs 0xE000: FAIL
SOUND3CNT_X: Got 0xFFFF vs 0x4000: FAIL
INVALID (76): Got 0xFFFF vs 0x0000: FAIL
SOUND4CNT_LO: Got 0xFFFF vs 0xFF00: FAIL
INVALID (7A): Got 0xFFFF vs 0x0000: FAIL
SOUND4CNT_HI: Got 0xFFFF vs 0x40FF: FAIL
INVALID (7E): Got 0xFFFF vs 0x0000: FAIL
SOUNDCNT_LO: Got 0xFFFF vs 0xFF77: FAIL
SOUNDCNT_X: Got 0xFFFF vs 0x0080: FAIL
INVALID (86): Got 0xFFFF vs 0x0000: FAIL
INVALID (8A): Got 0xFFFF vs 0x0000: FAIL
INVALID (136): Got 0xFFFF vs 0x0000: FAIL
INVALID (142): Got 0xFFFF vs 0x0000: FAIL
INVALID (15A): Got 0xFFFF vs 0x0000: FAIL
INVALID (206): Got 0xFFFF vs 0x0000: FAIL
INVALID (20A): Got 0xFFFF vs 0x0000: FAIL
INVALID (302): Got 0xFFFF vs 0x0000: FAIL

--- Suite 03: Timing ---
Frames: 286
[sram]
Game Boy Advance Test Suite
===
Memory test: ROM load
DMA0 16: Got 0x00000000 vs 0x0000FACE: FAIL
DMA0 16 (unaligned): Got 0x00000000 vs 0x0000FACE: FAIL
DMA0 32: Got 0x00000000 vs 0xFEEDFACE: FAIL
DMA0 32 (unaligned 1): Got 0x00000000 vs 0xFEEDFACE: FAIL
DMA0 32 (unaligned 2): Got 0x00000000 vs 0xFEEDFACE: FAIL
DMA0 32 (unaligned 3): Got 0x00000000 vs 0xFEEDFACE: FAIL
Memory test: ROM store
Memory test: ROM out-of-bounds load
U8: Got 0x00000000 vs 0x00000056: FAIL
S8: Got 0x00000000 vs 0x00000056: FAIL
U16: Got 0x00000000 vs 0x00003456: FAIL
U16 (unaligned): Got 0x00000000 vs 0x56000034: FAIL
S16: Got 0x00000000 vs 0x00003456: FAIL
S16 (unaligned): Got 0x00000000 vs 0x00000034: FAIL
32: Got 0x00000000 vs 0x34573456: FAIL
32 (unaligned 1): Got 0x00000000 vs 0x56345734: FAIL
32 (unaligned 2): Got 0x00000000 vs 0x34563457: FAIL
32 (unaligned 3): Got 0x00000000 vs 0x57345634: FAIL
DMA0 16: Got 0x00000000 vs 0x0000FACE: FAIL
DMA0 16 (unaligned): Got 0x00000000 vs 0x0000FACE: FAIL
DMA0 32: Got 0x00000000 vs 0xFEEDFACE: FAIL
DMA0 32 (unaligned 1): Got 0x00000000 vs 0xFEEDFACE: FAIL
DMA0 32 (unaligned 2): Got 0x00000000 vs 0xFEEDFACE: FAIL
DMA0 32 (unaligned 3): Got 0x00000000 vs 0xFEEDFACE: FAIL
DMA1 16: Got 0x00000000 vs 0x00003456: FAIL
DMA1 16 (unaligned): Got 0x00000000 vs 0x00003456: FAIL
DMA1 32: Got 0x00000000 vs 0x34573456: FAIL
DMA1 32 (unaligned 1): Got 0x00000000 vs 0x34573456: FAIL
DMA1 32 (unaligned 2): Got 0x00000000 vs 0x34573456: FAIL
DMA1 32 (unaligned 3): Got 0x00000000 vs 0x34573456: FAIL
DMA2 16: Got 0x00000000 vs 0x00003456: FAIL
DMA2 16 (unaligned): Got 0x00000000 vs 0x00003456: FAIL
DMA2 32: Got 0x00000000 vs 0x34573456: FAIL
DMA2 32 (unaligned 1): Got 0x00000000 vs 0x34573456: FAIL
DMA2 32 (unaligned 2): Got 0x00000000 vs 0x34573456: FAIL
DMA2 32 (unaligned 3): Got 0x00000000 vs 0x34573456: FAIL
DMA3 16: Got 0x00000000 vs 0x00003456: FAIL
DMA3 16 (unaligned): Got 0x00000000 vs 0x00003456: FAIL
DMA3 32: Got 0x00000000 vs 0x34573456: FAIL
DMA3 32 (unaligned 1): Got 0x00000000 vs 0x34573456: FAIL
DMA3 32 (unaligned 2): Got 0x00000000 vs 0x34573456: FAIL
DMA3 32 (unaligned 3): Got 0x00000000 vs 0x34573456: FAIL
swi B 16: Got 0x00000000 vs 0x34573456: FAIL
swi B 16 (unaligned): Got 0x00000000 vs 0x00340034: FAIL
swi B 32: Got 0x00000000 vs 0x34573456: FAIL
swi B 32 (unaligned 1): Got 0x00000000 vs 0x34573456: FAIL
swi B 32 (unaligned 2): Got 0x00000000 vs 0x34573456: FAIL
swi B 32 (unaligned 3): Got 0x00000000 vs 0x34573456: FAIL
swi C 32: Got 0x00000000 vs 0x34573456: FAIL
swi C 32 (unaligned 1): Got 0x00000000 vs 0x34573456: FAIL
swi C 32 (unaligned 2): Got 0x00000000 vs 0x34573456: FAIL
swi C 32 (unaligned 3): Got 0x00000000 vs 0x34573456: FAIL
Memory test: IWRAM load
Memory test: IWRAM mirror load
Memory test: IWRAM store
Memory test: IWRAM mirror store
Memory test: EWRAM load
Memory test: EWRAM mirror load
Memory test: EWRAM store
Memory test: EWRAM mirror store
Memory test: Palette load
Memory test: Palette mirror load
Memory test: Palette store
Memory test: Palette mirror store
Memory test: VRAM load
Memory test: VRAM mirror load
Memory test: VRAM OBJ load
Memory test: VRAM OBJ mirror load
Memory test: VRAM OBJ mirror 2 load
Memory test: VRAM store
Memory test: VRAM mirror store
Memory test: VRAM OBJ store
Memory test: VRAM OBJ mirror store
Memory test: VRAM OBJ mirror 2 store
Memory test: OAM load
Memory test: OAM mirror load
Memory test: OAM store
Memory test: OAM mirror store
Memory test: SRAM load
swi B 32 (unaligned 1): Got 0x47474747 vs 0x61616161: FAIL
swi B 32 (unaligned 2): Got 0x47474747 vs 0x6D6D6D6D: FAIL
swi B 32 (unaligned 3): Got 0x47474747 vs 0x65656565: FAIL
swi C 32 (unaligned 1): Got 0x47474747 vs 0x61616161: FAIL
swi C 32 (unaligned 2): Got 0x47474747 vs 0x6D6D6D6D: FAIL
swi C 32 (unaligned 3): Got 0x47474747 vs 0x65656565: FAIL
Memory test: SRAM mirror load
swi B 16: Got 0x1CAD1CAD vs 0x6D6D4747: FAIL
swi B 16 (unaligned): Got 0x1CAD1CAD vs 0x00650061: FAIL
swi B 32: Got 0x1CAD1CAD vs 0x47474747: FAIL
swi B 32 (unaligned 1): Got 0x1CAD1CAD vs 0x61616161: FAIL
swi B 32 (unaligned 2): Got 0x1CAD1CAD vs 0x6D6D6D6D: FAIL
swi B 32 (unaligned 3): Got 0x1CAD1CAD vs 0x65656565: FAIL
swi C 32: Got 0xBAFFFFFB vs 0x47474747: FAIL
swi C 32 (unaligned 1): Got 0xBAFFFFFB vs 0x61616161: FAIL
swi C 32 (unaligned 2): Got 0xBAFFFFFB vs 0x6D6D6D6D: FAIL
swi C 32 (unaligned 3): Got 0xBAFFFFFB vs 0x65656565: FAIL
Memory test: SRAM store
DMA3 16 (unaligned): Got 0x66666666 vs 0xD8D8D8D8: FAIL
DMA3 32 (unaligned 1): Got 0x66666666 vs 0xD8D8D8D8: FAIL
DMA3 32 (unaligned 2): Got 0x66666666 vs 0xD8D8D8D8: FAIL
DMA3 32 (unaligned 3): Got 0x66666666 vs 0xD8D8D8D8: FAIL
swi B 32 (unaligned 1): Got 0xD8D8D8D8 vs 0x66666666: FAIL
swi B 32 (unaligned 2): Got 0xD8D8D8D8 vs 0x66666666: FAIL
swi B 32 (unaligned 3): Got 0xD8D8D8D8 vs 0x66666666: FAIL
swi C 32 (unaligned 1): Got 0xD8D8D8D8 vs 0x66666666: FAIL
swi C 32 (unaligned 2): Got 0xD8D8D8D8 vs 0x66666666: FAIL
swi C 32 (unaligned 3): Got 0xD8D8D8D8 vs 0x66666666: FAIL
Memory test: SRAM mirror store
DMA3 16 (unaligned): Got 0x66666666 vs 0xD8D8D8D8: FAIL
DMA3 32 (unaligned 1): Got 0x66666666 vs 0xD8D8D8D8: FAIL
DMA3 32 (unaligned 2): Got 0x66666666 vs 0xD8D8D8D8: FAIL
DMA3 32 (unaligned 3): Got 0x66666666 vs 0xD8D8D8D8: FAIL
swi B 32 (unaligned 1): Got 0xD8D8D8D8 vs 0x66666666: FAIL
swi B 32 (unaligned 2): Got 0xD8D8D8D8 vs 0x66666666: FAIL
swi B 32 (unaligned 3): Got 0xD8D8D8D8 vs 0x66666666: FAIL
swi C 32 (unaligned 1): Got 0xD8D8D8D8 vs 0x66666666: FAIL
swi C 32 (unaligned 2): Got 0xD8D8D8D8 vs 0x66666666: FAIL
swi C 32 (unaligned 3): Got 0xD8D8D8D8 vs 0x66666666: FAIL
Memory test: BIOS load
U8: Got 0x00000002 vs 0x00000004: FAIL
S8: Got 0x00000002 vs 0x00000004: FAIL
U16: Got 0x0000C002 vs 0x00002004: FAIL
U16 (unaligned): Got 0x020000C0 vs 0x04000020: FAIL
S16: Got 0xFFFFC002 vs 0x00002004: FAIL
S16 (unaligned): Got 0xFFFFFFC0 vs 0x00000020: FAIL
32: Got 0xE55EC002 vs 0xE3A02004: FAIL
32 (unaligned 1): Got 0x02E55EC0 vs 0x04E3A020: FAIL
32 (unaligned 2): Got 0xC002E55E vs 0x2004E3A0: FAIL
32 (unaligned 3): Got 0x5EC002E5 vs 0xA02004E3: FAIL
DMA0 16: Got 0x00000000 vs 0x0000FACE: FAIL
DMA0 16 (unaligned): Got 0x00000000 vs 0x0000FACE: FAIL
DMA0 32: Got 0x00000000 vs 0xFEEDFACE: FAIL
DMA0 32 (unaligned 1): Got 0x00000000 vs 0xFEEDFACE: FAIL
DMA0 32 (unaligned 2): Got 0x00000000 vs 0xFEEDFACE: FAIL
DMA0 32 (unaligned 3): Got 0x00000000 vs 0xFEEDFACE: FAIL
DMA1 16: Got 0x00000000 vs 0x0000FACE: FAIL
DMA1 16 (unaligned): Got 0x00000000 vs 0x0000FACE: FAIL
DMA1 32: Got 0x00000000 vs 0xFEEDFACE: FAIL
DMA1 32 (unaligned 1): Got 0x00000000 vs 0xFEEDFACE: FAIL
DMA1 32 (unaligned 2): Got 0x00000000 vs 0xFEEDFACE: FAIL
DMA1 32 (unaligned 3): Got 0x00000000 vs 0xFEEDFACE: FAIL
DMA2 16: Got 0x00000000 vs 0x0000FACE: FAIL
DMA2 16 (unaligned): Got 0x00000000 vs 0x0000FACE: FAIL
DMA2 32: Got 0x00000000 vs 0xFEEDFACE: FAIL
DMA2 32 (unaligned 1): Got 0x00000000 vs 0xFEEDFACE: FAIL
DMA2 32 (unaligned 2): Got 0x00000000 vs 0xFEEDFACE: FAIL
DMA2 32 (unaligned 3): Got 0x00000000 vs 0xFEEDFACE: FAIL
DMA3 16: Got 0x00000000 vs 0x0000FACE: FAIL
DMA3 16 (unaligned): Got 0x00000000 vs 0x0000FACE: FAIL
DMA3 32: Got 0x00000000 vs 0xFEEDFACE: FAIL
DMA3 32 (unaligned 1): Got 0x00000000 vs 0xFEEDFACE: FAIL
DMA3 32 (unaligned 2): Got 0x00000000 vs 0xFEEDFACE: FAIL
DMA3 32 (unaligned 3): Got 0x00000000 vs 0xFEEDFACE: FAIL
Memory test: BIOS out-of-bounds load
DMA0 16: Got 0x00000000 vs 0x0000FACE: FAIL
DMA0 16 (unaligned): Got 0x00000000 vs 0x0000FACE: FAIL
DMA0 32: Got 0x00000000 vs 0xFEEDFACE: FAIL
DMA0 32 (unaligned 1): Got 0x00000000 vs 0xFEEDFACE: FAIL
DMA0 32 (unaligned 2): Got 0x00000000 vs 0xFEEDFACE: FAIL
DMA0 32 (unaligned 3): Got 0x00000000 vs 0xFEEDFACE: FAIL
DMA1 16: Got 0x00000000 vs 0x0000FACE: FAIL
DMA1 16 (unaligned): Got 0x00000000 vs 0x0000FACE: FAIL
DMA1 32: Got 0x00000000 vs 0xFEEDFACE: FAIL
DMA1 32 (unaligned 1): Got 0x00000000 vs 0xFEEDFACE: FAIL
DMA1 32 (unaligned 2): Got 0x00000000 vs 0xFEEDFACE: FAIL
DMA1 32 (unaligned 3): Got 0x00000000 vs 0xFEEDFACE: FAIL
DMA2 16: Got 0x00000000 vs 0x0000FACE: FAIL
DMA2 16 (unaligned): Got 0x00000000 vs 0x0000FACE: FAIL
DMA2 32: Got 0x00000000 vs 0xFEEDFACE: FAIL
DMA2 32 (unaligned 1): Got 0x00000000 vs 0xFEEDFACE: FAIL
DMA2 32 (unaligned 2): Got 0x00000000 vs 0xFEEDFACE: FAIL
DMA2 32 (unaligned 3): Got 0x00000000 vs 0xFEEDFACE: FAIL
DMA3 16: Got 0x00000000 vs 0x0000FACE: FAIL
DMA3 16 (unaligned): Got 0x00000000 vs 0x0000FACE: FAIL
DMA3 32: Got 0x00000000 vs 0xFEEDFACE: FAIL
DMA3 32 (unaligned 1): Got 0x00000000 vs 0xFEEDFACE: FAIL
DMA3 32 (unaligned 2): Got 0x00000000 vs 0xFEEDFACE: FAIL
DMA3 32 (unaligned 3): Got 0x00000000 vs 0xFEEDFACE: FAIL
Memory test: Out-of-bounds load
DMA0 16: Got 0x00000000 vs 0x0000FACE: FAIL
DMA0 16 (unaligned): Got 0x00000000 vs 0x0000FACE: FAIL
DMA0 32: Got 0x00000000 vs 0xFEEDFACE: FAIL
DMA0 32 (unaligned 1): Got 0x00000000 vs 0xFEEDFACE: FAIL
DMA0 32 (unaligned 2): Got 0x00000000 vs 0xFEEDFACE: FAIL
DMA0 32 (unaligned 3): Got 0x00000000 vs 0xFEEDFACE: FAIL
DMA1 16: Got 0x00000000 vs 0x0000FACE: FAIL
DMA1 16 (unaligned): Got 0x00000000 vs 0x0000FACE: FAIL
DMA1 32: Got 0x00000000 vs 0xFEEDFACE: FAIL
DMA1 32 (unaligned 1): Got 0x00000000 vs 0xFEEDFACE: FAIL
DMA1 32 (unaligned 2): Got 0x00000000 vs 0xFEEDFACE: FAIL
DMA1 32 (unaligned 3): Got 0x00000000 vs 0xFEEDFACE: FAIL
DMA2 16: Got 0x00000000 vs 0x0000FACE: FAIL
DMA2 16 (unaligned): Got 0x00000000 vs 0x0000FACE: FAIL
DMA2 32: Got 0x00000000 vs 0xFEEDFACE: FAIL
DMA2 32 (unaligned 1): Got 0x00000000 vs 0xFEEDFACE: FAIL
DMA2 32 (unaligned 2): Got 0x00000000 vs 0xFEEDFACE: FAIL
DMA2 32 (unaligned 3): Got 0x00000000 vs 0xFEEDFACE: FAIL
DMA3 16: Got 0x00000000 vs 0x0000FACE: FAIL
DMA3 16 (unaligned): Got 0x00000000 vs 0x0000FACE: FAIL
DMA3 32: Got 0x00000000 vs 0xFEEDFACE: FAIL
DMA3 32 (unaligned 1): Got 0x00000000 vs 0xFEEDFACE: FAIL
DMA3 32 (unaligned 2): Got 0x00000000 vs 0xFEEDFACE: FAIL
DMA3 32 (unaligned 3): Got 0x00000000 vs 0xFEEDFACE: FAIL
Timing test: Calibration
ARM/ROM ...: Got    -1 vs     7: FAIL
ARM/ROM P..: Got    -1 vs     4: FAIL
ARM/ROM .N.: Got    -1 vs     6: FAIL
ARM/ROM PN.: Got    -1 vs     4: FAIL
ARM/ROM ..S: Got    -1 vs     6: FAIL
ARM/ROM P.S: Got    -1 vs     2: FAIL
ARM/ROM .NS: Got    -1 vs     5: FAIL
ARM/ROM PNS: Got    -1 vs     2: FAIL
ARM/WRAM: Got    -1 vs     5: FAIL
ARM/IWRAM: Got    -1 vs     0: FAIL
Thumb/ROM ...: Got    -1 vs     4: FAIL
Thumb/ROM P..: Got    -1 vs     1: FAIL
Thumb/ROM .N.: Got    -1 vs     3: FAIL
Thumb/ROM PN.: Got    -1 vs     1: FAIL
Thumb/ROM ..S: Got    -1 vs     4: FAIL
Thumb/ROM P.S: Got    -1 vs     0: FAIL
Thumb/ROM .NS: Got    -1 vs     3: FAIL
Thumb/ROM PNS: Got    -1 vs     0: FAIL
Thumb/WRAM: Got    -1 vs     2: FAIL
Thumb/IWRAM: Got    -1 vs     0: FAIL
Timing test: nop
Timing test: nop / nop
Timing test: ldrh r2, [sp]
ARM/ROM P..: Got     4 vs     6: FAIL
ARM/ROM PN.: Got     4 vs     6: FAIL
ARM/ROM P.S: Got     3 vs     4: FAIL
ARM/ROM PNS: Got     3 vs     4: FAIL
Thumb/ROM P..: Got     4 vs     3: FAIL
Thumb/ROM PN.: Got     4 vs     3: FAIL
Timing test: ldrh r2, [sp] / nop
ARM/ROM P..: Got    10 vs    12: FAIL
ARM/ROM PN.: Got    10 vs    12: FAIL
ARM/ROM P.S: Got     7 vs     8: FAIL
ARM/ROM PNS: Got     7 vs     8: FAIL
Thumb/ROM P..: Got     7 vs     6: FAIL
Thumb/ROM PN.: Got     7 vs     6: FAIL
Thumb/ROM P.S: Got     5 vs     4: FAIL
Thumb/ROM PNS: Got     5 vs     4: FAIL
Timing test: nop / ldrh r2, [sp]
ARM/ROM P..: Got    10 vs    12: FAIL
ARM/ROM PN.: Got    10 vs    12: FAIL
ARM/ROM P.S: Got     7 vs     8: FAIL
ARM/ROM PNS: Got     7 vs     8: FAIL
Thumb/ROM P..: Got     7 vs     6: FAIL
Thumb/ROM PN.: Got     7 vs     6: FAIL
Timing test: nop / ldrh r2, [sp] / nop
ARM/ROM P..: Got    16 vs    18: FAIL
ARM/ROM PN.: Got    16 vs    18: FAIL
ARM/ROM P.S: Got    11 vs    12: FAIL
ARM/ROM PNS: Got    11 vs    12: FAIL
Thumb/ROM P..: Got    10 vs     9: FAIL
Thumb/ROM PN.: Got    10 vs     9: FAIL
Thumb/ROM P.S: Got     7 vs     6: FAIL
Thumb/ROM PNS: Got     7 vs     6: FAIL
Timing test: ldrh r2, [#0x08000000]
Timing test: ldrh r2, [#0x08000000] / nop
Timing test: nop / ldrh r2, [#0x08000000]
Timing test: ldr r2, [sp]
ARM/ROM P..: Got     4 vs     6: FAIL
ARM/ROM PN.: Got     4 vs     6: FAIL
ARM/ROM P.S: Got     3 vs     4: FAIL
ARM/ROM PNS: Got     3 vs     4: FAIL
Thumb/ROM P..: Got     4 vs     3: FAIL
Thumb/ROM PN.: Got     4 vs     3: FAIL
Timing test: ldr r2, [sp] / nop
ARM/ROM P..: Got    10 vs    12: FAIL
ARM/ROM PN.: Got    10 vs    12: FAIL
ARM/ROM P.S: Got     7 vs     8: FAIL
ARM/ROM PNS: Got     7 vs     8: FAIL
Thumb/ROM P..: Got     7 vs     6: FAIL
Thumb/ROM PN.: Got     7 vs     6: FAIL
Thumb/ROM P.S: Got     5 vs     4: FAIL
Thumb/ROM PNS: Got     5 vs     4: FAIL
Timing test: nop / ldr r2, [sp]
ARM/ROM P..: Got    10 vs    12: FAIL
ARM/ROM PN.: Got    10 vs    12: FAIL
ARM/ROM P.S: Got     7 vs     8: FAIL
ARM/ROM PNS: Got     7 vs     8: FAIL
Thumb/ROM P..: Got     7 vs     6: FAIL
Thumb/ROM PN.: Got     7 vs     6: FAIL
Timing test: ldr r2, [#0x08000000]
Timing test: ldr r2, [#0x08000000] / nop
Timing test: nop / ldr r2, [#0x08000000]
Timing test: strh r3, [sp]
ARM/ROM P..: Got     3 vs     6: FAIL
ARM/ROM PN.: Got     3 vs     6: FAIL
ARM/ROM P.S: Got     2 vs     4: FAIL
ARM/ROM PNS: Got     2 vs     4: FAIL
Timing test: strh r3, [sp] / nop
ARM/ROM P..: Got     9 vs    12: FAIL
ARM/ROM PN.: Got     9 vs    12: FAIL
ARM/ROM P.S: Got     6 vs     8: FAIL
ARM/ROM PNS: Got     6 vs     8: FAIL
Timing test: nop / strh r3, [sp]
ARM/ROM P..: Got     9 vs    12: FAIL
ARM/ROM PN.: Got     9 vs    12: FAIL
ARM/ROM P.S: Got     6 vs     8: FAIL
ARM/ROM PNS: Got     6 vs     8: FAIL
Timing test: nop / strh r3, [sp] / nop
ARM/ROM P..: Got    15 vs    18: FAIL
ARM/ROM PN.: Got    15 vs    18: FAIL
ARM/ROM P.S: Got    10 vs    12: FAIL
ARM/ROM PNS: Got    10 vs    12: FAIL
Timing test: ldr r2, [sp] x2
ARM/ROM P..: Got     8 vs    12: FAIL
ARM/ROM PN.: Got     8 vs    12: FAIL
ARM/ROM P.S: Got     6 vs     8: FAIL
ARM/ROM PNS: Got     6 vs     8: FAIL
Thumb/ROM P..: Got     8 vs     6: FAIL
Thumb/ROM PN.: Got     8 vs     6: FAIL
Timing test: ldr r2, [#0x08000000] / ldr r2, [sp]
ARM/ROM P..: Got    21 vs    23: FAIL
ARM/ROM PN.: Got    19 vs    21: FAIL
ARM/ROM P.S: Got    18 vs    19: FAIL
ARM/ROM PNS: Got    16 vs    17: FAIL
Thumb/ROM P..: Got    18 vs    17: FAIL
Thumb/ROM PN.: Got    16 vs    15: FAIL
Timing test: ldr r2, [sp] / ldr r2, [#0x08000000]
ARM/ROM P..: Got    21 vs    23: FAIL
ARM/ROM PN.: Got    19 vs    21: FAIL
ARM/ROM P.S: Got    18 vs    19: FAIL
ARM/ROM PNS: Got    16 vs    17: FAIL
Thumb/ROM P..: Got    18 vs    17: FAIL
Thumb/ROM PN.: Got    16 vs    15: FAIL
Thumb/ROM P.S: Got    16 vs    17: FAIL
Thumb/ROM PNS: Got    14 vs    15: FAIL
Timing test: ldr r2, [#0x08000000] x2
Timing test: str r3, [sp] x2
ARM/ROM P..: Got     6 vs    12: FAIL
ARM/ROM PN.: Got     6 vs    12: FAIL
ARM/ROM P.S: Got     4 vs     8: FAIL
ARM/ROM PNS: Got     4 vs     8: FAIL
Timing test: ldr r2, [sp] / str r2, [sp]
ARM/ROM P..: Got     7 vs    12: FAIL
ARM/ROM PN.: Got     7 vs    12: FAIL
ARM/ROM P.S: Got     5 vs     8: FAIL
ARM/ROM PNS: Got     5 vs     8: FAIL
Thumb/ROM P..: Got     7 vs     6: FAIL
Thumb/ROM PN.: Got     7 vs     6: FAIL
Timing test: str r3, [sp] / ldr r3, [sp]
ARM/ROM P..: Got     7 vs    12: FAIL
ARM/ROM PN.: Got     7 vs    12: FAIL
ARM/ROM P.S: Got     5 vs     8: FAIL
ARM/ROM PNS: Got     5 vs     8: FAIL
Thumb/ROM P..: Got     7 vs     6: FAIL
Thumb/ROM PN.: Got     7 vs     6: FAIL
Timing test: ldmia sp, {r2}
ARM/ROM P..: Got     4 vs     6: FAIL
ARM/ROM PN.: Got     4 vs     6: FAIL
ARM/ROM P.S: Got     3 vs     4: FAIL
ARM/ROM PNS: Got     3 vs     4: FAIL
Timing test: ldmia sp, {r2, r3}
ARM/ROM P..: Got     4 vs     6: FAIL
ARM/ROM PN.: Got     4 vs     6: FAIL
Timing test: ldmia sp, {r2-r7}
Timing test: ldmia sp, {r2} x2
ARM/ROM P..: Got     8 vs    12: FAIL
ARM/ROM PN.: Got     8 vs    12: FAIL
ARM/ROM P.S: Got     6 vs     8: FAIL
ARM/ROM PNS: Got     6 vs     8: FAIL
Timing test: ldmia sp, {r2, r3} x2
ARM/ROM P..: Got     8 vs    12: FAIL
ARM/ROM PN.: Got     8 vs    12: FAIL
Timing test: ldmia sp, {r2-r7} x2
Timing test: stmia sp, {r2}
ARM/ROM P..: Got     3 vs     6: FAIL
ARM/ROM PN.: Got     3 vs     6: FAIL
ARM/ROM P.S: Got     2 vs     4: FAIL
ARM/ROM PNS: Got     2 vs     4: FAIL
Timing test: stmia sp, {r2, r3}
ARM/ROM P..: Got     3 vs     6: FAIL
ARM/ROM PN.: Got     3 vs     6: FAIL
ARM/ROM P.S: Got     3 vs     4: FAIL
ARM/ROM PNS: Got     3 vs     4: FAIL
Timing test: stmia sp, {r2-r7}
Timing test: stmia sp, {r2} x2
ARM/ROM P..: Got     6 vs    12: FAIL
ARM/ROM PN.: Got     6 vs    12: FAIL
ARM/ROM P.S: Got     4 vs     8: FAIL
ARM/ROM PNS: Got     4 vs     8: FAIL
Timing test: stmia sp, {r2, r3} x2
ARM/ROM P..: Got     6 vs    12: FAIL
ARM/ROM PN.: Got     6 vs    12: FAIL
ARM/ROM P.S: Got     6 vs     8: FAIL
ARM/ROM PNS: Got     6 vs     8: FAIL
Timing test: stmia sp, {r2-r7} x2
Timing test: ldmia [#0x07FFFFFC]!, {r3-r7}
ARM/ROM ...: Got    34 vs    36: FAIL
ARM/ROM P..: Got    34 vs    36: FAIL
ARM/ROM .N.: Got    33 vs    34: FAIL
ARM/ROM PN.: Got    33 vs    34: FAIL
ARM/ROM ..S: Got    25 vs    28: FAIL
ARM/ROM P.S: Got    25 vs    29: FAIL
ARM/ROM .NS: Got    24 vs    26: FAIL
ARM/ROM PNS: Got    24 vs    27: FAIL
ARM/WRAM: Got    32 vs    34: FAIL
ARM/IWRAM: Got    27 vs    29: FAIL
Thumb/ROM ...: Got    31 vs    33: FAIL
Thumb/ROM P..: Got    31 vs    33: FAIL
Thumb/ROM .N.: Got    30 vs    31: FAIL
Thumb/ROM PN.: Got    30 vs    31: FAIL
Thumb/ROM ..S: Got    23 vs    26: FAIL
Thumb/ROM P.S: Got    23 vs    27: FAIL
Thumb/ROM .NS: Got    22 vs    24: FAIL
Thumb/ROM PNS: Got    22 vs    25: FAIL
Thumb/WRAM: Got    29 vs    31: FAIL
Thumb/IWRAM: Got    27 vs    29: FAIL
Timing test: ldmia [#0x07FFFFF8]!, {r3-r7}
ARM/ROM ...: Got    29 vs    31: FAIL
ARM/ROM P..: Got    29 vs    32: FAIL
ARM/ROM .N.: Got    28 vs    29: FAIL
ARM/ROM PN.: Got    28 vs    30: FAIL
ARM/ROM ..S: Got    22 vs    25: FAIL
ARM/ROM P.S: Got    22 vs    25: FAIL
ARM/ROM .NS: Got    21 vs    23: FAIL
ARM/ROM PNS: Got    21 vs    23: FAIL
ARM/WRAM: Got    27 vs    29: FAIL
ARM/IWRAM: Got    22 vs    24: FAIL
Thumb/ROM ...: Got    26 vs    28: FAIL
Thumb/ROM P..: Got    26 vs    29: FAIL
Thumb/ROM .N.: Got    25 vs    26: FAIL
Thumb/ROM PN.: Got    25 vs    27: FAIL
Thumb/ROM ..S: Got    20 vs    23: FAIL
Thumb/ROM P.S: Got    20 vs    23: FAIL
Thumb/ROM .NS: Got    19 vs    21: FAIL
Thumb/ROM PNS: Got    19 vs    21: FAIL
Thumb/WRAM: Got    24 vs    26: FAIL
Thumb/IWRAM: Got    22 vs    24: FAIL
Timing test: ldmia [#0x07FFFFF4]!, {r3-r7}
ARM/ROM ...: Got    24 vs    26: FAIL
ARM/ROM P..: Got    24 vs    26: FAIL
ARM/ROM .N.: Got    23 vs    24: FAIL
ARM/ROM PN.: Got    23 vs    24: FAIL
ARM/ROM ..S: Got    19 vs    22: FAIL
ARM/ROM P.S: Got    19 vs    23: FAIL
ARM/ROM .NS: Got    18 vs    20: FAIL
ARM/ROM PNS: Got    18 vs    21: FAIL
ARM/WRAM: Got    22 vs    24: FAIL
ARM/IWRAM: Got    17 vs    19: FAIL
Thumb/ROM ...: Got    21 vs    23: FAIL
Thumb/ROM P..: Got    21 vs    23: FAIL
Thumb/ROM .N.: Got    20 vs    21: FAIL
Thumb/ROM PN.: Got    20 vs    21: FAIL
Thumb/ROM ..S: Got    17 vs    20: FAIL
Thumb/ROM P.S: Got    17 vs    21: FAIL
Thumb/ROM .NS: Got    16 vs    18: FAIL
Thumb/ROM PNS: Got    16 vs    19: FAIL
Thumb/WRAM: Got    19 vs    21: FAIL
Thumb/IWRAM: Got    17 vs    19: FAIL
Timing test: ldmia [#0x07FFFFF0]!, {r3-r7}
ARM/ROM ...: Got    19 vs    21: FAIL
ARM/ROM P..: Got    19 vs    21: FAIL
ARM/ROM .N.: Got    18 vs    19: FAIL
ARM/ROM PN.: Got    18 vs    19: FAIL
ARM/ROM ..S: Got    16 vs    19: FAIL
ARM/ROM P.S: Got    16 vs    19: FAIL
ARM/ROM .NS: Got    15 vs    17: FAIL
ARM/ROM PNS: Got    15 vs    17: FAIL
ARM/WRAM: Got    17 vs    19: FAIL
ARM/IWRAM: Got    12 vs    14: FAIL
Thumb/ROM ...: Got    16 vs    18: FAIL
Thumb/ROM P..: Got    16 vs    18: FAIL
Thumb/ROM .N.: Got    15 vs    16: FAIL
Thumb/ROM PN.: Got    15 vs    16: FAIL
Thumb/ROM ..S: Got    14 vs    17: FAIL
Thumb/ROM P.S: Got    14 vs    17: FAIL
Thumb/ROM .NS: Got    13 vs    15: FAIL
Thumb/ROM PNS: Got    13 vs    15: FAIL
Thumb/WRAM: Got    14 vs    16: FAIL
Thumb/IWRAM: Got    12 vs    14: FAIL
Timing test: ldmia [#0x07FFFFEC]!, {r3-r7}
Timing test: mul #0x00000000, #0xFF
ARM/ROM P..: Got     9 vs     6: FAIL
ARM/ROM PN.: Got     8 vs     6: FAIL
ARM/ROM P.S: Got     8 vs     4: FAIL
ARM/ROM PNS: Got     7 vs     4: FAIL
Thumb/ROM ...: Got     3 vs     6: FAIL
Thumb/ROM .N.: Got     3 vs     5: FAIL
Thumb/ROM ..S: Got     2 vs     6: FAIL
Thumb/ROM .NS: Got     2 vs     5: FAIL
Timing test: mul #0x00000078, #0xFF
ARM/ROM P..: Got     9 vs     6: FAIL
ARM/ROM PN.: Got     8 vs     6: FAIL
ARM/ROM P.S: Got     8 vs     4: FAIL
ARM/ROM PNS: Got     7 vs     4: FAIL
Thumb/ROM ...: Got     3 vs     6: FAIL
Thumb/ROM .N.: Got     3 vs     5: FAIL
Thumb/ROM ..S: Got     2 vs     6: FAIL
Thumb/ROM .NS: Got     2 vs     5: FAIL
Timing test: mul #0x00005678, #0xFF
ARM/ROM ...: Got     4 vs    10: FAIL
ARM/ROM P..: Got     4 vs     6: FAIL
ARM/ROM .N.: Got     4 vs     9: FAIL
ARM/ROM PN.: Got     4 vs     6: FAIL
ARM/ROM ..S: Got     3 vs     9: FAIL
ARM/ROM P.S: Got     3 vs     4: FAIL
ARM/ROM .NS: Got     3 vs     8: FAIL
ARM/ROM PNS: Got     3 vs     4: FAIL
Thumb/ROM ...: Got     3 vs     7: FAIL
Thumb/ROM .N.: Got     3 vs     6: FAIL
Thumb/ROM ..S: Got     3 vs     7: FAIL
Thumb/ROM .NS: Got     3 vs     6: FAIL
Timing test: mul #0x00345678, #0xFF
ARM/ROM ...: Got     4 vs    11: FAIL
ARM/ROM P..: Got     4 vs     6: FAIL
ARM/ROM .N.: Got     4 vs    10: FAIL
ARM/ROM PN.: Got     4 vs     6: FAIL
ARM/ROM ..S: Got     4 vs    10: FAIL
ARM/ROM .NS: Got     4 vs     9: FAIL
Thumb/ROM ...: Got     4 vs     8: FAIL
Thumb/ROM .N.: Got     4 vs     7: FAIL
Thumb/ROM ..S: Got     4 vs     8: FAIL
Thumb/ROM .NS: Got     4 vs     7: FAIL
Timing test: mul #0x12345678, #0xFF
ARM/ROM ...: Got     5 vs    12: FAIL
ARM/ROM P..: Got     5 vs     6: FAIL
ARM/ROM .N.: Got     5 vs    11: FAIL
ARM/ROM PN.: Got     5 vs     6: FAIL
ARM/ROM ..S: Got     5 vs    11: FAIL
ARM/ROM .NS: Got     5 vs    10: FAIL
Thumb/ROM ...: Got     5 vs     9: FAIL
Thumb/ROM .N.: Got     5 vs     8: FAIL
Thumb/ROM ..S: Got     5 vs     9: FAIL
Thumb/ROM .NS: Got     5 vs     8: FAIL
Timing test: mul #0xFF000000, #0xFF
ARM/ROM ...: Got     4 vs    11: FAIL
ARM/ROM P..: Got     4 vs     6: FAIL
ARM/ROM .N.: Got     4 vs    10: FAIL
ARM/ROM PN.: Got     4 vs     6: FAIL
ARM/ROM ..S: Got     4 vs    10: FAIL
ARM/ROM .NS: Got     4 vs     9: FAIL
Thumb/ROM ...: Got     4 vs     8: FAIL
Thumb/ROM .N.: Got     4 vs     7: FAIL
Thumb/ROM ..S: Got     4 vs     8: FAIL
Thumb/ROM .NS: Got     4 vs     7: FAIL
Timing test: mul #0xFFFF0000, #0xFF
ARM/ROM ...: Got     4 vs    10: FAIL
ARM/ROM P..: Got     4 vs     6: FAIL
ARM/ROM .N.: Got     4 vs     9: FAIL
ARM/ROM PN.: Got     4 vs     6: FAIL
ARM/ROM ..S: Got     3 vs     9: FAIL
ARM/ROM P.S: Got     3 vs     4: FAIL
ARM/ROM .NS: Got     3 vs     8: FAIL
ARM/ROM PNS: Got     3 vs     4: FAIL
Thumb/ROM ...: Got     3 vs     7: FAIL
Thumb/ROM .N.: Got     3 vs     6: FAIL
Thumb/ROM ..S: Got     3 vs     7: FAIL
Thumb/ROM .NS: Got     3 vs     6: FAIL
Timing test: mul #0xFFFFFF00, #0xFF
ARM/ROM P..: Got     9 vs     6: FAIL
ARM/ROM PN.: Got     8 vs     6: FAIL
ARM/ROM P.S: Got     8 vs     4: FAIL
ARM/ROM PNS: Got     7 vs     4: FAIL
Thumb/ROM ...: Got     3 vs     6: FAIL
Thumb/ROM .N.: Got     3 vs     5: FAIL
Thumb/ROM ..S: Got     2 vs     6: FAIL
Thumb/ROM .NS: Got     2 vs     5: FAIL
Timing test: mul #0xFFFFFFFF, #0xFF
ARM/ROM P..: Got     9 vs     6: FAIL
ARM/ROM PN.: Got     8 vs     6: FAIL
ARM/ROM P.S: Got     8 vs     4: FAIL
ARM/ROM PNS: Got     7 vs     4: FAIL
Thumb/ROM ...: Got     3 vs     6: FAIL
Thumb/ROM .N.: Got     3 vs     5: FAIL
Thumb/ROM ..S: Got     2 vs     6: FAIL
Thumb/ROM .NS: Got     2 vs     5: FAIL
Timing test: mul #0xFFFFFFFF, #0x00
ARM/ROM P..: Got     9 vs     6: FAIL
ARM/ROM PN.: Got     8 vs     6: FAIL
ARM/ROM P.S: Got     8 vs     4: FAIL
ARM/ROM PNS: Got     7 vs     4: FAIL
Thumb/ROM ...: Got     3 vs     6: FAIL
Thumb/ROM .N.: Got     3 vs     5: FAIL
Thumb/ROM ..S: Got     2 vs     6: FAIL
Thumb/ROM .NS: Got     2 vs     5: FAIL
Timing test: mla #0x00000000, #0xFF
ARM/ROM P..: Got    10 vs     6: FAIL
ARM/ROM PN.: Got     9 vs     6: FAIL
ARM/ROM P.S: Got     9 vs     4: FAIL
ARM/ROM PNS: Got     8 vs     4: FAIL
Timing test: mla #0x00000078, #0xFF
ARM/ROM P..: Got    10 vs     6: FAIL
ARM/ROM PN.: Got     9 vs     6: FAIL
ARM/ROM P.S: Got     9 vs     4: FAIL
ARM/ROM PNS: Got     8 vs     4: FAIL
Timing test: mla #0x00005678, #0xFF
ARM/ROM P..: Got    10 vs     6: FAIL
ARM/ROM PN.: Got     9 vs     6: FAIL
ARM/ROM P.S: Got     9 vs     4: FAIL
ARM/ROM PNS: Got     8 vs     4: FAIL
Timing test: mla #0x00345678, #0xFF
ARM/ROM P..: Got    10 vs     6: FAIL
ARM/ROM PN.: Got     9 vs     6: FAIL
ARM/ROM P.S: Got     9 vs     4: FAIL
ARM/ROM PNS: Got     8 vs     4: FAIL
Timing test: mla #0x12345678, #0xFF
ARM/ROM P..: Got    10 vs     6: FAIL
ARM/ROM PN.: Got     9 vs     6: FAIL
ARM/ROM P.S: Got     9 vs     4: FAIL
ARM/ROM PNS: Got     8 vs     4: FAIL
Timing test: mla #0xFF000000, #0xFF
ARM/ROM P..: Got    10 vs     6: FAIL
ARM/ROM PN.: Got     9 vs     6: FAIL
ARM/ROM P.S: Got     9 vs     4: FAIL
ARM/ROM PNS: Got     8 vs     4: FAIL
Timing test: mla #0xFFFF0000, #0xFF
ARM/ROM P..: Got    10 vs     6: FAIL
ARM/ROM PN.: Got     9 vs     6: FAIL
ARM/ROM P.S: Got     9 vs     4: FAIL
ARM/ROM PNS: Got     8 vs     4: FAIL
Timing test: mla #0xFFFFFF00, #0xFF
ARM/ROM P..: Got    10 vs     6: FAIL
ARM/ROM PN.: Got     9 vs     6: FAIL
ARM/ROM P.S: Got     9 vs     4: FAIL
ARM/ROM PNS: Got     8 vs     4: FAIL
Timing test: mla #0xFFFFFFFF, #0xFF
ARM/ROM P..: Got    10 vs     6: FAIL
ARM/ROM PN.: Got     9 vs     6: FAIL
ARM/ROM P.S: Got     9 vs     4: FAIL
ARM/ROM PNS: Got     8 vs     4: FAIL
Timing test: mla #0xFFFFFFFF, #0x00
ARM/ROM P..: Got    10 vs     6: FAIL
ARM/ROM PN.: Got     9 vs     6: FAIL
ARM/ROM P.S: Got     9 vs     4: FAIL
ARM/ROM PNS: Got     8 vs     4: FAIL
Timing test: smull #0x00000000, #0xFF
ARM/ROM P..: Got    10 vs     6: FAIL
ARM/ROM PN.: Got     9 vs     6: FAIL
ARM/ROM P.S: Got     9 vs     4: FAIL
ARM/ROM PNS: Got     8 vs     4: FAIL
Timing test: smull #0x00000078, #0xFF
ARM/ROM P..: Got    10 vs     6: FAIL
ARM/ROM PN.: Got     9 vs     6: FAIL
ARM/ROM P.S: Got     9 vs     4: FAIL
ARM/ROM PNS: Got     8 vs     4: FAIL
Timing test: smull #0x00005678, #0xFF
ARM/ROM ...: Got     5 vs    11: FAIL
ARM/ROM P..: Got     5 vs     6: FAIL
ARM/ROM .N.: Got     5 vs    10: FAIL
ARM/ROM PN.: Got     5 vs     6: FAIL
ARM/ROM ..S: Got     4 vs    10: FAIL
ARM/ROM .NS: Got     4 vs     9: FAIL
Timing test: smull #0x00345678, #0xFF
ARM/ROM ...: Got     5 vs    12: FAIL
ARM/ROM P..: Got     5 vs     6: FAIL
ARM/ROM .N.: Got     5 vs    11: FAIL
ARM/ROM PN.: Got     5 vs     6: FAIL
ARM/ROM ..S: Got     5 vs    11: FAIL
ARM/ROM .NS: Got     5 vs    10: FAIL
Timing test: smull #0x12345678, #0xFF
ARM/ROM ...: Got     6 vs    13: FAIL
ARM/ROM .N.: Got     6 vs    12: FAIL
ARM/ROM ..S: Got     6 vs    12: FAIL
ARM/ROM .NS: Got     6 vs    11: FAIL
Timing test: smull #0xFF000000, #0xFF
ARM/ROM ...: Got     5 vs    12: FAIL
ARM/ROM P..: Got     5 vs     6: FAIL
ARM/ROM .N.: Got     5 vs    11: FAIL
ARM/ROM PN.: Got     5 vs     6: FAIL
ARM/ROM ..S: Got     5 vs    11: FAIL
ARM/ROM .NS: Got     5 vs    10: FAIL
Timing test: smull #0xFFFF0000, #0xFF
ARM/ROM ...: Got     5 vs    11: FAIL
ARM/ROM P..: Got     5 vs     6: FAIL
ARM/ROM .N.: Got     5 vs    10: FAIL
ARM/ROM PN.: Got     5 vs     6: FAIL
ARM/ROM ..S: Got     4 vs    10: FAIL
ARM/ROM .NS: Got     4 vs     9: FAIL
Timing test: smull #0xFFFFFF00, #0xFF
ARM/ROM P..: Got    10 vs     6: FAIL
ARM/ROM PN.: Got     9 vs     6: FAIL
ARM/ROM P.S: Got     9 vs     4: FAIL
ARM/ROM PNS: Got     8 vs     4: FAIL
Timing test: smull #0xFFFFFFFF, #0xFF
ARM/ROM P..: Got    10 vs     6: FAIL
ARM/ROM PN.: Got     9 vs     6: FAIL
ARM/ROM P.S: Got     9 vs     4: FAIL
ARM/ROM PNS: Got     8 vs     4: FAIL
Timing test: smull #0xFFFFFFFF, #0x00
ARM/ROM P..: Got    10 vs     6: FAIL
ARM/ROM PN.: Got     9 vs     6: FAIL
ARM/ROM P.S: Got     9 vs     4: FAIL
ARM/ROM PNS: Got     8 vs     4: FAIL
Timing test: smlal #0x00000000, #0xFF
ARM/ROM P..: Got    11 vs     6: FAIL
ARM/ROM PN.: Got    10 vs     6: FAIL
ARM/ROM P.S: Got    10 vs     4: FAIL
ARM/ROM PNS: Got     9 vs     4: FAIL
Timing test: smlal #0x00000078, #0xFF
ARM/ROM P..: Got    11 vs     6: FAIL
ARM/ROM PN.: Got    10 vs     6: FAIL
ARM/ROM P.S: Got    10 vs     4: FAIL
ARM/ROM PNS: Got     9 vs     4: FAIL
Timing test: smlal #0x00005678, #0xFF
ARM/ROM ...: Got     6 vs    12: FAIL
ARM/ROM .N.: Got     6 vs    11: FAIL
ARM/ROM ..S: Got     5 vs    11: FAIL
ARM/ROM .NS: Got     5 vs    10: FAIL
Timing test: smlal #0x00345678, #0xFF
ARM/ROM ...: Got     6 vs    13: FAIL
ARM/ROM .N.: Got     6 vs    12: FAIL
ARM/ROM ..S: Got     6 vs    12: FAIL
ARM/ROM .NS: Got     6 vs    11: FAIL
Timing test: smlal #0x12345678, #0xFF
ARM/ROM ...: Got     7 vs    14: FAIL
ARM/ROM .N.: Got     7 vs    13: FAIL
ARM/ROM ..S: Got     7 vs    13: FAIL
ARM/ROM .NS: Got     7 vs    12: FAIL
Timing test: smlal #0xFF000000, #0xFF
ARM/ROM ...: Got     6 vs    13: FAIL
ARM/ROM .N.: Got     6 vs    12: FAIL
ARM/ROM ..S: Got     6 vs    12: FAIL
ARM/ROM .NS: Got     6 vs    11: FAIL
Timing test: smlal #0xFFFF0000, #0xFF
ARM/ROM ...: Got     6 vs    12: FAIL
ARM/ROM .N.: Got     6 vs    11: FAIL
ARM/ROM ..S: Got     5 vs    11: FAIL
ARM/ROM .NS: Got     5 vs    10: FAIL
Timing test: smlal #0xFFFFFF00, #0xFF
ARM/ROM P..: Got    11 vs     6: FAIL
ARM/ROM PN.: Got    10 vs     6: FAIL
ARM/ROM P.S: Got    10 vs     4: FAIL
ARM/ROM PNS: Got     9 vs     4: FAIL
Timing test: smlal #0xFFFFFFFF, #0xFF
ARM/ROM P..: Got    11 vs     6: FAIL
ARM/ROM PN.: Got    10 vs     6: FAIL
ARM/ROM P.S: Got    10 vs     4: FAIL
ARM/ROM PNS: Got     9 vs     4: FAIL
Timing test: smlal #0xFFFFFFFF, #0x00
ARM/ROM P..: Got    11 vs     6: FAIL
ARM/ROM PN.: Got    10 vs     6: FAIL
ARM/ROM P.S: Got    10 vs     4: FAIL
ARM/ROM PNS: Got     9 vs     4: FAIL
Timing test: umull #0x00000000, #0xFF
ARM/ROM P..: Got    10 vs     6: FAIL
ARM/ROM PN.: Got     9 vs     6: FAIL
ARM/ROM P.S: Got     9 vs     4: FAIL
ARM/ROM PNS: Got     8 vs     4: FAIL
Timing test: umull #0x00000078, #0xFF
ARM/ROM P..: Got    10 vs     6: FAIL
ARM/ROM PN.: Got     9 vs     6: FAIL
ARM/ROM P.S: Got     9 vs     4: FAIL
ARM/ROM PNS: Got     8 vs     4: FAIL
Timing test: umull #0x00005678, #0xFF
ARM/ROM ...: Got     5 vs    11: FAIL
ARM/ROM P..: Got     5 vs     6: FAIL
ARM/ROM .N.: Got     5 vs    10: FAIL
ARM/ROM PN.: Got     5 vs     6: FAIL
ARM/ROM ..S: Got     4 vs    10: FAIL
ARM/ROM .NS: Got     4 vs     9: FAIL
Timing test: umull #0x00345678, #0xFF
ARM/ROM ...: Got     5 vs    12: FAIL
ARM/ROM P..: Got     5 vs     6: FAIL
ARM/ROM .N.: Got     5 vs    11: FAIL
ARM/ROM PN.: Got     5 vs     6: FAIL
ARM/ROM ..S: Got     5 vs    11: FAIL
ARM/ROM .NS: Got     5 vs    10: FAIL
Timing test: umull #0x12345678, #0xFF
ARM/ROM ...: Got     6 vs    13: FAIL
ARM/ROM .N.: Got     6 vs    12: FAIL
ARM/ROM ..S: Got     6 vs    12: FAIL
ARM/ROM .NS: Got     6 vs    11: FAIL
Timing test: umull #0xFF000000, #0xFF
ARM/ROM ...: Got     5 vs    13: FAIL
ARM/ROM P..: Got     5 vs     6: FAIL
ARM/ROM .N.: Got     5 vs    12: FAIL
ARM/ROM PN.: Got     5 vs     6: FAIL
ARM/ROM ..S: Got     5 vs    12: FAIL
ARM/ROM P.S: Got     5 vs     6: FAIL
ARM/ROM .NS: Got     5 vs    11: FAIL
ARM/ROM PNS: Got     5 vs     6: FAIL
ARM/WRAM: Got    10 vs    11: FAIL
ARM/IWRAM: Got     5 vs     6: FAIL
Timing test: umull #0xFFFF0000, #0xFF
ARM/ROM ...: Got     5 vs    13: FAIL
ARM/ROM P..: Got     5 vs     6: FAIL
ARM/ROM .N.: Got     5 vs    12: FAIL
ARM/ROM PN.: Got     5 vs     6: FAIL
ARM/ROM ..S: Got     4 vs    12: FAIL
ARM/ROM P.S: Got     4 vs     6: FAIL
ARM/ROM .NS: Got     4 vs    11: FAIL
ARM/ROM PNS: Got     4 vs     6: FAIL
ARM/WRAM: Got     9 vs    11: FAIL
ARM/IWRAM: Got     4 vs     6: FAIL
Timing test: umull #0xFFFFFF00, #0xFF
ARM/ROM ...: Got    10 vs    13: FAIL
ARM/ROM P..: Got    10 vs     6: FAIL
ARM/ROM .N.: Got     9 vs    12: FAIL
ARM/ROM PN.: Got     9 vs     6: FAIL
ARM/ROM ..S: Got     9 vs    12: FAIL
ARM/ROM P.S: Got     9 vs     6: FAIL
ARM/ROM .NS: Got     8 vs    11: FAIL
ARM/ROM PNS: Got     8 vs     6: FAIL
ARM/WRAM: Got     8 vs    11: FAIL
ARM/IWRAM: Got     3 vs     6: FAIL
Timing test: umull #0xFFFFFFFF, #0xFF
ARM/ROM ...: Got    10 vs    13: FAIL
ARM/ROM P..: Got    10 vs     6: FAIL
Th

--- Suite 04: Timer count-up ---
Frames: 175
[sram]
Game Boy Advance Test Suite
===
Memory test: ROM load
DMA0 16: Got 0x00000000 vs 0x0000FACE: FAIL
DMA0 16 (unaligned): Got 0x00000000 vs 0x0000FACE: FAIL
DMA0 32: Got 0x00000000 vs 0xFEEDFACE: FAIL
DMA0 32 (unaligned 1): Got 0x00000000 vs 0xFEEDFACE: FAIL
DMA0 32 (unaligned 2): Got 0x00000000 vs 0xFEEDFACE: FAIL
DMA0 32 (unaligned 3): Got 0x00000000 vs 0xFEEDFACE: FAIL
Memory test: ROM store
Memory test: ROM out-of-bounds load
U8: Got 0x00000000 vs 0x00000056: FAIL
S8: Got 0x00000000 vs 0x00000056: FAIL
U16: Got 0x00000000 vs 0x00003456: FAIL
U16 (unaligned): Got 0x00000000 vs 0x56000034: FAIL
S16: Got 0x00000000 vs 0x00003456: FAIL
S16 (unaligned): Got 0x00000000 vs 0x00000034: FAIL
32: Got 0x00000000 vs 0x34573456: FAIL
32 (unaligned 1): Got 0x00000000 vs 0x56345734: FAIL
32 (unaligned 2): Got 0x00000000 vs 0x34563457: FAIL
32 (unaligned 3): Got 0x00000000 vs 0x57345634: FAIL
DMA0 16: Got 0x00000000 vs 0x0000FACE: FAIL
DMA0 16 (unaligned): Got 0x00000000 vs 0x0000FACE: FAIL
DMA0 32: Got 0x00000000 vs 0xFEEDFACE: FAIL
DMA0 32 (unaligned 1): Got 0x00000000 vs 0xFEEDFACE: FAIL
DMA0 32 (unaligned 2): Got 0x00000000 vs 0xFEEDFACE: FAIL
DMA0 32 (unaligned 3): Got 0x00000000 vs 0xFEEDFACE: FAIL
DMA1 16: Got 0x00000000 vs 0x00003456: FAIL
DMA1 16 (unaligned): Got 0x00000000 vs 0x00003456: FAIL
DMA1 32: Got 0x00000000 vs 0x34573456: FAIL
DMA1 32 (unaligned 1): Got 0x00000000 vs 0x34573456: FAIL
DMA1 32 (unaligned 2): Got 0x00000000 vs 0x34573456: FAIL
DMA1 32 (unaligned 3): Got 0x00000000 vs 0x34573456: FAIL
DMA2 16: Got 0x00000000 vs 0x00003456: FAIL
DMA2 16 (unaligned): Got 0x00000000 vs 0x00003456: FAIL
DMA2 32: Got 0x00000000 vs 0x34573456: FAIL
DMA2 32 (unaligned 1): Got 0x00000000 vs 0x34573456: FAIL
DMA2 32 (unaligned 2): Got 0x00000000 vs 0x34573456: FAIL
DMA2 32 (unaligned 3): Got 0x00000000 vs 0x34573456: FAIL
DMA3 16: Got 0x00000000 vs 0x00003456: FAIL
DMA3 16 (unaligned): Got 0x00000000 vs 0x00003456: FAIL
DMA3 32: Got 0x00000000 vs 0x34573456: FAIL
DMA3 32 (unaligned 1): Got 0x00000000 vs 0x34573456: FAIL
DMA3 32 (unaligned 2): Got 0x00000000 vs 0x34573456: FAIL
DMA3 32 (unaligned 3): Got 0x00000000 vs 0x34573456: FAIL
swi B 16: Got 0x00000000 vs 0x34573456: FAIL
swi B 16 (unaligned): Got 0x00000000 vs 0x00340034: FAIL
swi B 32: Got 0x00000000 vs 0x34573456: FAIL
swi B 32 (unaligned 1): Got 0x00000000 vs 0x34573456: FAIL
swi B 32 (unaligned 2): Got 0x00000000 vs 0x34573456: FAIL
swi B 32 (unaligned 3): Got 0x00000000 vs 0x34573456: FAIL
swi C 32: Got 0x00000000 vs 0x34573456: FAIL
swi C 32 (unaligned 1): Got 0x00000000 vs 0x34573456: FAIL
swi C 32 (unaligned 2): Got 0x00000000 vs 0x34573456: FAIL
swi C 32 (unaligned 3): Got 0x00000000 vs 0x34573456: FAIL
Memory test: IWRAM load
Memory test: IWRAM mirror load
Memory test: IWRAM store
Memory test: IWRAM mirror store
Memory test: EWRAM load
Memory test: EWRAM mirror load
Memory test: EWRAM store
Memory test: EWRAM mirror store
Memory test: Palette load
Memory test: Palette mirror load
Memory test: Palette store
Memory test: Palette mirror store
Memory test: VRAM load
Memory test: VRAM mirror load
Memory test: VRAM OBJ load
Memory test: VRAM OBJ mirror load
Memory test: VRAM OBJ mirror 2 load
Memory test: VRAM store
Memory test: VRAM mirror store
Memory test: VRAM OBJ store
Memory test: VRAM OBJ mirror store
Memory test: VRAM OBJ mirror 2 store
Memory test: OAM load
Memory test: OAM mirror load
Memory test: OAM store
Memory test: OAM mirror store
Memory test: SRAM load
swi B 32 (unaligned 1): Got 0x47474747 vs 0x61616161: FAIL
swi B 32 (unaligned 2): Got 0x47474747 vs 0x6D6D6D6D: FAIL
swi B 32 (unaligned 3): Got 0x47474747 vs 0x65656565: FAIL
swi C 32 (unaligned 1): Got 0x47474747 vs 0x61616161: FAIL
swi C 32 (unaligned 2): Got 0x47474747 vs 0x6D6D6D6D: FAIL
swi C 32 (unaligned 3): Got 0x47474747 vs 0x65656565: FAIL
Memory test: SRAM mirror load
swi B 16: Got 0x1CAD1CAD vs 0x6D6D4747: FAIL
swi B 16 (unaligned): Got 0x1CAD1CAD vs 0x00650061: FAIL
swi B 32: Got 0x1CAD1CAD vs 0x47474747: FAIL
swi B 32 (unaligned 1): Got 0x1CAD1CAD vs 0x61616161: FAIL
swi B 32 (unaligned 2): Got 0x1CAD1CAD vs 0x6D6D6D6D: FAIL
swi B 32 (unaligned 3): Got 0x1CAD1CAD vs 0x65656565: FAIL
swi C 32: Got 0xBAFFFFFB vs 0x47474747: FAIL
swi C 32 (unaligned 1): Got 0xBAFFFFFB vs 0x61616161: FAIL
swi C 32 (unaligned 2): Got 0xBAFFFFFB vs 0x6D6D6D6D: FAIL
swi C 32 (unaligned 3): Got 0xBAFFFFFB vs 0x65656565: FAIL
Memory test: SRAM store
DMA3 16 (unaligned): Got 0x66666666 vs 0xD8D8D8D8: FAIL
DMA3 32 (unaligned 1): Got 0x66666666 vs 0xD8D8D8D8: FAIL
DMA3 32 (unaligned 2): Got 0x66666666 vs 0xD8D8D8D8: FAIL
DMA3 32 (unaligned 3): Got 0x66666666 vs 0xD8D8D8D8: FAIL
swi B 32 (unaligned 1): Got 0xD8D8D8D8 vs 0x66666666: FAIL
swi B 32 (unaligned 2): Got 0xD8D8D8D8 vs 0x66666666: FAIL
swi B 32 (unaligned 3): Got 0xD8D8D8D8 vs 0x66666666: FAIL
swi C 32 (unaligned 1): Got 0xD8D8D8D8 vs 0x66666666: FAIL
swi C 32 (unaligned 2): Got 0xD8D8D8D8 vs 0x66666666: FAIL
swi C 32 (unaligned 3): Got 0xD8D8D8D8 vs 0x66666666: FAIL
Memory test: SRAM mirror store
DMA3 16 (unaligned): Got 0x66666666 vs 0xD8D8D8D8: FAIL
DMA3 32 (unaligned 1): Got 0x66666666 vs 0xD8D8D8D8: FAIL
DMA3 32 (unaligned 2): Got 0x66666666 vs 0xD8D8D8D8: FAIL
DMA3 32 (unaligned 3): Got 0x66666666 vs 0xD8D8D8D8: FAIL
swi B 32 (unaligned 1): Got 0xD8D8D8D8 vs 0x66666666: FAIL
swi B 32 (unaligned 2): Got 0xD8D8D8D8 vs 0x66666666: FAIL
swi B 32 (unaligned 3): Got 0xD8D8D8D8 vs 0x66666666: FAIL
swi C 32 (unaligned 1): Got 0xD8D8D8D8 vs 0x66666666: FAIL
swi C 32 (unaligned 2): Got 0xD8D8D8D8 vs 0x66666666: FAIL
swi C 32 (unaligned 3): Got 0xD8D8D8D8 vs 0x66666666: FAIL
Memory test: BIOS load
U8: Got 0x00000002 vs 0x00000004: FAIL
S8: Got 0x00000002 vs 0x00000004: FAIL
U16: Got 0x0000C002 vs 0x00002004: FAIL
U16 (unaligned): Got 0x020000C0 vs 0x04000020: FAIL
S16: Got 0xFFFFC002 vs 0x00002004: FAIL
S16 (unaligned): Got 0xFFFFFFC0 vs 0x00000020: FAIL
32: Got 0xE55EC002 vs 0xE3A02004: FAIL
32 (unaligned 1): Got 0x02E55EC0 vs 0x04E3A020: FAIL
32 (unaligned 2): Got 0xC002E55E vs 0x2004E3A0: FAIL
32 (unaligned 3): Got 0x5EC002E5 vs 0xA02004E3: FAIL
DMA0 16: Got 0x00000000 vs 0x0000FACE: FAIL
DMA0 16 (unaligned): Got 0x00000000 vs 0x0000FACE: FAIL
DMA0 32: Got 0x00000000 vs 0xFEEDFACE: FAIL
DMA0 32 (unaligned 1): Got 0x00000000 vs 0xFEEDFACE: FAIL
DMA0 32 (unaligned 2): Got 0x00000000 vs 0xFEEDFACE: FAIL
DMA0 32 (unaligned 3): Got 0x00000000 vs 0xFEEDFACE: FAIL
DMA1 16: Got 0x00000000 vs 0x0000FACE: FAIL
DMA1 16 (unaligned): Got 0x00000000 vs 0x0000FACE: FAIL
DMA1 32: Got 0x00000000 vs 0xFEEDFACE: FAIL
DMA1 32 (unaligned 1): Got 0x00000000 vs 0xFEEDFACE: FAIL
DMA1 32 (unaligned 2): Got 0x00000000 vs 0xFEEDFACE: FAIL
DMA1 32 (unaligned 3): Got 0x00000000 vs 0xFEEDFACE: FAIL
DMA2 16: Got 0x00000000 vs 0x0000FACE: FAIL
DMA2 16 (unaligned): Got 0x00000000 vs 0x0000FACE: FAIL
DMA2 32: Got 0x00000000 vs 0xFEEDFACE: FAIL
DMA2 32 (unaligned 1): Got 0x00000000 vs 0xFEEDFACE: FAIL
DMA2 32 (unaligned 2): Got 0x00000000 vs 0xFEEDFACE: FAIL
DMA2 32 (unaligned 3): Got 0x00000000 vs 0xFEEDFACE: FAIL
DMA3 16: Got 0x00000000 vs 0x0000FACE: FAIL
DMA3 16 (unaligned): Got 0x00000000 vs 0x0000FACE: FAIL
DMA3 32: Got 0x00000000 vs 0xFEEDFACE: FAIL
DMA3 32 (unaligned 1): Got 0x00000000 vs 0xFEEDFACE: FAIL
DMA3 32 (unaligned 2): Got 0x00000000 vs 0xFEEDFACE: FAIL
DMA3 32 (unaligned 3): Got 0x00000000 vs 0xFEEDFACE: FAIL
Memory test: BIOS out-of-bounds load
DMA0 16: Got 0x00000000 vs 0x0000FACE: FAIL
DMA0 16 (unaligned): Got 0x00000000 vs 0x0000FACE: FAIL
DMA0 32: Got 0x00000000 vs 0xFEEDFACE: FAIL
DMA0 32 (unaligned 1): Got 0x00000000 vs 0xFEEDFACE: FAIL
DMA0 32 (unaligned 2): Got 0x00000000 vs 0xFEEDFACE: FAIL
DMA0 32 (unaligned 3): Got 0x00000000 vs 0xFEEDFACE: FAIL
DMA1 16: Got 0x00000000 vs 0x0000FACE: FAIL
DMA1 16 (unaligned): Got 0x00000000 vs 0x0000FACE: FAIL
DMA1 32: Got 0x00000000 vs 0xFEEDFACE: FAIL
DMA1 32 (unaligned 1): Got 0x00000000 vs 0xFEEDFACE: FAIL
DMA1 32 (unaligned 2): Got 0x00000000 vs 0xFEEDFACE: FAIL
DMA1 32 (unaligned 3): Got 0x00000000 vs 0xFEEDFACE: FAIL
DMA2 16: Got 0x00000000 vs 0x0000FACE: FAIL
DMA2 16 (unaligned): Got 0x00000000 vs 0x0000FACE: FAIL
DMA2 32: Got 0x00000000 vs 0xFEEDFACE: FAIL
DMA2 32 (unaligned 1): Got 0x00000000 vs 0xFEEDFACE: FAIL
DMA2 32 (unaligned 2): Got 0x00000000 vs 0xFEEDFACE: FAIL
DMA2 32 (unaligned 3): Got 0x00000000 vs 0xFEEDFACE: FAIL
DMA3 16: Got 0x00000000 vs 0x0000FACE: FAIL
DMA3 16 (unaligned): Got 0x00000000 vs 0x0000FACE: FAIL
DMA3 32: Got 0x00000000 vs 0xFEEDFACE: FAIL
DMA3 32 (unaligned 1): Got 0x00000000 vs 0xFEEDFACE: FAIL
DMA3 32 (unaligned 2): Got 0x00000000 vs 0xFEEDFACE: FAIL
DMA3 32 (unaligned 3): Got 0x00000000 vs 0xFEEDFACE: FAIL
Memory test: Out-of-bounds load
DMA0 16: Got 0x00000000 vs 0x0000FACE: FAIL
DMA0 16 (unaligned): Got 0x00000000 vs 0x0000FACE: FAIL
DMA0 32: Got 0x00000000 vs 0xFEEDFACE: FAIL
DMA0 32 (unaligned 1): Got 0x00000000 vs 0xFEEDFACE: FAIL
DMA0 32 (unaligned 2): Got 0x00000000 vs 0xFEEDFACE: FAIL
DMA0 32 (unaligned 3): Got 0x00000000 vs 0xFEEDFACE: FAIL
DMA1 16: Got 0x00000000 vs 0x0000FACE: FAIL
DMA1 16 (unaligned): Got 0x00000000 vs 0x0000FACE: FAIL
DMA1 32: Got 0x00000000 vs 0xFEEDFACE: FAIL
DMA1 32 (unaligned 1): Got 0x00000000 vs 0xFEEDFACE: FAIL
DMA1 32 (unaligned 2): Got 0x00000000 vs 0xFEEDFACE: FAIL
DMA1 32 (unaligned 3): Got 0x00000000 vs 0xFEEDFACE: FAIL
DMA2 16: Got 0x00000000 vs 0x0000FACE: FAIL
DMA2 16 (unaligned): Got 0x00000000 vs 0x0000FACE: FAIL
DMA2 32: Got 0x00000000 vs 0xFEEDFACE: FAIL
DMA2 32 (unaligned 1): Got 0x00000000 vs 0xFEEDFACE: FAIL
DMA2 32 (unaligned 2): Got 0x00000000 vs 0xFEEDFACE: FAIL
DMA2 32 (unaligned 3): Got 0x00000000 vs 0xFEEDFACE: FAIL
DMA3 16: Got 0x00000000 vs 0x0000FACE: FAIL
DMA3 16 (unaligned): Got 0x00000000 vs 0x0000FACE: FAIL
DMA3 32: Got 0x00000000 vs 0xFEEDFACE: FAIL
DMA3 32 (unaligned 1): Got 0x00000000 vs 0xFEEDFACE: FAIL
DMA3 32 (unaligned 2): Got 0x00000000 vs 0xFEEDFACE: FAIL
DMA3 32 (unaligned 3): Got 0x00000000 vs 0xFEEDFACE: FAIL
Timer count-up test: 0b, 0x0001
1xv 1d 1i: Got FFFE vs FFFF: FAIL
16xv 1d 1i: Got FFFE vs FFFF: FAIL
1xv 2d 1i: Got FFFE vs FFFF: FAIL
16xv 2d 1i: Got FFFE vs FFFF: FAIL
1xv 4d 1i: Got FFFE vs FFFF: FAIL
16xv 4d 1i: Got FFFE vs FFFF: FAIL
1xs 1d 2i: Got 00000003 vs 00000002: FAIL
1xv 1d 2i: Got FFFE vs FFFF: FAIL
16xv 1d 2i: Got FFFE vs FFFF: FAIL
1xs 2d 2i: Got 00000003 vs 00000002: FAIL
1xv 2d 2i: Got FFFE vs FFFF: FAIL
16xv 2d 2i: Got FFFE vs FFFF: FAIL
1xs 4d 2i: Got 00000003 vs 00000002: FAIL
1xv 4d 2i: Got FFFE vs FFFF: FAIL
16xv 4d 2i: Got FFFE vs FFFF: FAIL
1xs 1d 4i: Got 00000004 vs 00000002: FAIL
16xs 1d 4i: Got 00000020 vs 00000010: FAIL
1xv 1d 4i: Got FFFE vs FFFF: FAIL
16xv 1d 4i: Got FFFE vs FFFF: FAIL
1xs 2d 4i: Got 00000004 vs 00000002: FAIL
16xs 2d 4i: Got 00000020 vs 00000010: FAIL
1xv 2d 4i: Got FFFE vs FFFF: FAIL
16xv 2d 4i: Got FFFE vs FFFF: FAIL
1xs 4d 4i: Got 00000004 vs 00000002: FAIL
16xs 4d 4i: Got 00000020 vs 00000010: FAIL
1xv 4d 4i: Got FFFE vs FFFF: FAIL
16xv 4d 4i: Got FFFE vs FFFF: FAIL
Timer count-up test: 0b, 0x0005
1xv 1d 1i: Got FFFC vs FFFF: FAIL
16xv 1d 1i: Got FFFC vs FFFD: FAIL
1xv 2d 1i: Got FFFC vs FFFF: FAIL
16xv 2d 1i: Got FFFC vs FFFD: FAIL
1xv 4d 1i: Got FFFC vs FFFF: FAIL
16xv 4d 1i: Got FFFC vs FFFD: FAIL
1xv 1d 2i: Got FFFE vs FFFB: FAIL
1xv 2d 2i: Got FFFE vs FFFB: FAIL
1xv 4d 2i: Got FFFE vs FFFB: FAIL
1xs 1d 4i: Got 00000004 vs 00000003: FAIL
16xs 1d 4i: Got 00000020 vs 00000010: FAIL
16xv 1d 4i: Got FFFD vs FFFB: FAIL
1xs 2d 4i: Got 00000004 vs 00000003: FAIL
16xs 2d 4i: Got 00000020 vs 00000010: FAIL
16xv 2d 4i: Got FFFD vs FFFB: FAIL
1xs 4d 4i: Got 00000004 vs 00000003: FAIL
16xs 4d 4i: Got 00000020 vs 00000010: FAIL
16xv 4d 4i: Got FFFD vs FFFB: FAIL
Timer count-up test: 0b, 0x000C
1xs 1d 1i: Got 00000004 vs 00000003: FAIL
16xv 1d 1i: Got FFFB vs FFFE: FAIL
1xs 2d 1i: Got 00000004 vs 00000003: FAIL
16xv 2d 1i: Got FFFB vs FFFE: FAIL
1xs 4d 1i: Got 00000004 vs 00000003: FAIL
16xv 4d 1i: Got FFFB vs FFFE: FAIL
1xs 1d 2i: Got 00000004 vs 00000003: FAIL
1xv 1d 2i: Got FFFE vs FFFD: FAIL
16xv 1d 2i: Got FFFD vs FFFF: FAIL
1xs 2d 2i: Got 00000004 vs 00000003: FAIL
1xv 2d 2i: Got FFFE vs FFFD: FAIL
16xv 2d 2i: Got FFFD vs FFFF: FAIL
1xs 4d 2i: Got 00000004 vs 00000003: FAIL
1xv 4d 2i: Got FFFE vs FFFD: FAIL
16xv 4d 2i: Got FFFD vs FFFF: FAIL
1xs 1d 4i: Got 00000005 vs 00000003: FAIL
1xv 1d 4i: Got FFF6 vs FFFF: FAIL
1xs 2d 4i: Got 00000005 vs 00000003: FAIL
1xv 2d 4i: Got FFF6 vs FFFF: FAIL
1xs 4d 4i: Got 00000005 vs 00000003: FAIL
1xv 4d 4i: Got FFF6 vs FFFF: FAIL
Timer count-up test: 0b, 0x000D
1xv 1d 1i: Got FFF3 vs FFF6: FAIL
16xv 1d 1i: Got FFF3 vs FFF5: FAIL
1xv 2d 1i: Got FFF3 vs FFF6: FAIL
16xv 2d 1i: Got FFF3 vs FFF5: FAIL
1xv 4d 1i: Got FFF3 vs FFF6: FAIL
16xv 4d 1i: Got FFF3 vs FFF5: FAIL
1xv 1d 2i: Got FFF8 vs FFFA: FAIL
16xv 1d 2i: Got FFF8 vs FFF9: FAIL
1xv 2d 2i: Got FFF8 vs FFFA: FAIL
16xv 2d 2i: Got FFF8 vs FFF9: FAIL
1xv 4d 2i: Got FFF8 vs FFFA: FAIL
16xv 4d 2i: Got FFF8 vs FFF9: FAIL
1xs 1d 4i: Got 00000005 vs 00000004: FAIL
16xv 1d 4i: Got FFF5 vs FFF4: FAIL
1xs 2d 4i: Got 00000005 vs 00000004: FAIL
16xv 2d 4i: Got FFF5 vs FFF4: FAIL
1xs 4d 4i: Got 00000005 vs 00000004: FAIL
16xv 4d 4i: Got FFF5 vs FFF4: FAIL
Timer count-up test: 0b, 0x0010
16xv 1d 1i: Got FFFB vs FFFE: FAIL
16xv 2d 1i: Got FFFB vs FFFE: FAIL
16xv 4d 1i: Got FFFB vs FFFE: FAIL
1xs 1d 2i: Got 00000005 vs 00000004: FAIL
1xv 1d 2i: Got FFF6 vs FFF5: FAIL
16xv 1d 2i: Got FFF5 vs FFF7: FAIL
1xs 2d 2i: Got 00000005 vs 00000004: FAIL
1xv 2d 2i: Got FFF6 vs FFF5: FAIL
16xv 2d 2i: Got FFF5 vs FFF7: FAIL
1xs 4d 2i: Got 00000005 vs 00000004: FAIL
1xv 4d 2i: Got FFF6 vs FFF5: FAIL
16xv 4d 2i: Got FFF5 vs FFF7: FAIL
1xs 1d 4i: Got 00000006 vs 00000004: FAIL
1xv 1d 4i: Got FFFA vs FFF7: FAIL
1xs 2d 4i: Got 00000006 vs 00000004: FAIL
1xv 2d 4i: Got FFFA vs FFF7: FAIL
1xs 4d 4i: Got 00000006 vs 00000004: FAIL
1xv 4d 4i: Got FFFA vs FFF7: FAIL
Timer count-up test: 0b, 0x0014
1xs 1d 1i: Got 00000005 vs 00000004: FAIL
16xv 1d 1i: Got FFF7 vs FFF8: FAIL
1xs 2d 1i: Got 00000005 vs 00000004: FAIL
16xv 2d 1i: Got FFF7 vs FFF8: FAIL
1xs 4d 1i: Got 00000005 vs 00000004: FAIL
16xv 4d 1i: Got FFF7 vs FFF8: FAIL
1xs 1d 2i: Got 00000005 vs 00000004: FAIL
1xv 1d 2i: Got FFFA vs FFF9: FAIL
1xs 2d 2i: Got 00000005 vs 00000004: FAIL
1xv 2d 2i: Got FFFA vs FFF9: FAIL
1xs 4d 2i: Got 00000005 vs 00000004: FAIL
1xv 4d 2i: Got FFFA vs FFF9: FAIL
1xs 1d 4i: Got 00000006 vs 00000004: FAIL
1xv 1d 4i: Got FFFE vs FFFB: FAIL
16xv 1d 4i: Got FFFD vs FFFB: FAIL
1xs 2d 4i: Got 00000006 vs 00000004: FAIL
1xv 2d 4i: Got FFFE vs FFFB: FAIL
16xv 2d 4i: Got FFFD vs FFFB: FAIL
1xs 4d 4i: Got 00000006 vs 00000004: FAIL
1xv 4d 4i: Got FFFE vs FFFB: FAIL
16xv 4d 4i: Got FFFD vs FFFB: FAIL
Timer count-up test: 0b, 0x0015
1xv 1d 1i: Got FFF2 vs FFF5: FAIL
16xv 1d 1i: Got FFF2 vs FFF3: FAIL
1xv 2d 1i: Got FFF2 vs FFF5: FAIL
16xv 2d 1i: Got FFF2 vs FFF3: FAIL
1xv 4d 1i: Got FFF2 vs FFF5: FAIL
16xv 4d 1i: Got FFF2 vs FFF3: FAIL
1xv 1d 2i: Got FFEE vs FFF0: FAIL
1xv 2d 2i: Got FFEE vs FFF0: FAIL
1xv 4d 2i: Got FFEE vs FFF0: FAIL
1xs 1d 4i: Got 00000006 vs 00000005: FAIL
16xs 1d 4i: Got 00000030 vs 00000020: FAIL
16xv 1d 4i: Got FFFD vs FFF9: FAIL
1xs 2d 4i: Got 00000006 vs 00000005: FAIL
16xs 2d 4i: Got 00000030 vs 00000020: FAIL
16xv 2d 4i: Got FFFD vs FFF9: FAIL
1xs 4d 4i: Got 00000006 vs 00000005: FAIL
16xs 4d 4i: Got 00000030 vs 00000020: FAIL
16xv 4d 4i: Got FFFD vs FFF9: FAIL
Timer count-up test: 0b, 0x0020
16xv 1d 1i: Got FFFB vs FFFC: FAIL
16xv 2d 1i: Got FFFB vs FFFC: FAIL
16xv 4d 1i: Got FFFB vs FFFC: FAIL
1xs 1d 2i: Got 00000007 vs 00000006: FAIL
16xs 1d 2i: Got 00000030 vs 00000020: FAIL
1xv 1d 2i: Got FFF6 vs FFF5: FAIL
1xs 2d 2i: Got 00000007 vs 00000006: FAIL
16xs 2d 2i: Got 00000030 vs 00000020: FAIL
1xv 2d 2i: Got FFF6 vs FFF5: FAIL
1xs 4d 2i: Got 00000007 vs 00000006: FAIL
16xs 4d 2i: Got 00000030 vs 00000020: FAIL
1xv 4d 2i: Got FFF6 vs FFF5: FAIL
1xs 1d 4i: Got 00000008 vs 00000006: FAIL
16xs 1d 4i: Got 00000030 vs 00000020: FAIL
1xv 1d 4i: Got FFEA vs FFE7: FAIL
16xv 1d 4i: Got FFE9 vs FFE7: FAIL
1xs 2d 4i: Got 00000008 vs 00000006: FAIL
16xs 2d 4i: Got 00000030 vs 00000020: FAIL
1xv 2d 4i: Got FFEA vs FFE7: FAIL
16xv 2d 4i: Got FFE9 vs FFE7: FAIL
1xs 4d 4i: Got 00000008 vs 00000006: FAIL
16xs 4d 4i: Got 00000030 vs 00000020: FAIL
1xv 4d 4i: Got FFEA vs FFE7: FAIL
16xv 4d 4i: Got FFE9 vs FFE7: FAIL
Timer count-up test: 0b, 0x0024
1xs 1d 1i: Got 00000007 vs 00000006: FAIL
16xv 1d 1i: Got FFEF vs FFF1: FAIL
1xs 2d 1i: Got 00000007 vs 00000006: FAIL
16xv 2d 1i: Got FFEF vs FFF1: FAIL
1xs 4d 1i: Got 00000007 vs 00000006: FAIL
16xv 4d 1i: Got FFEF vs FFF1: FAIL
1xs 1d 2i: Got 00000007 vs 00000006: FAIL
1xv 1d 2i: Got FFFE vs FFFD: FAIL
16xv 1d 2i: Got FFFD vs FFFE: FAIL
1xs 2d 2i: Got 00000007 vs 00000006: FAIL
1xv 2d 2i: Got FFFE vs FFFD: FAIL
16xv 2d 2i: Got FFFD vs FFFE: FAIL
1xs 4d 2i: Got 00000007 vs 00000006: FAIL
1xv 4d 2i: Got FFFE vs FFFD: FAIL
16xv 4d 2i: Got FFFD vs FFFE: FAIL
1xs 1d 4i: Got 00000008 vs 00000006: FAIL
1xv 1d 4i: Got FFF6 vs FFF3: FAIL
16xv 1d 4i: Got FFF5 vs FFF4: FAIL
1xs 2d 4i: Got 00000008 vs 00000006: FAIL
1xv 2d 4i: Got FFF6 vs FFF3: FAIL
16xv 2d 4i: Got FFF5 vs FFF4: FAIL
1xs 4d 4i: Got 00000008 vs 00000006: FAIL
1xv 4d 4i: Got FFF6 vs FFF3: FAIL
16xv 4d 4i: Got FFF5 vs FFF4: FAIL
Timer count-up test: 0b, 0x0025
1xv 1d 1i: Got FFEC vs FFEF: FAIL
16xv 1d 1i: Got FFEE vs FFED: FAIL
1xv 2d 1i: Got FFEC vs FFEF: FAIL
16xv 2d 1i: Got FFEE vs FFED: FAIL
1xv 4d 1i: Got FFEC vs FFEF: FAIL
16xv 4d 1i: Got FFEE vs FFED: FAIL
1xv 1d 2i: Got FFF7 vs FFF9: FAIL
16xv 1d 2i: Got FFF9 vs FFF7: FAIL
1xv 2d 2i: Got FFF7 vs FFF9: FAIL
16xv 2d 2i: Got FFF9 vs FFF7: FAIL
1xv 4d 2i: Got FFF7 vs FFF9: FAIL
16xv 4d 2i: Got FFF9 vs FFF7: FAIL
1xs 1d 4i: Got 00000008 vs 00000007: FAIL
16xv 1d 4i: Got FFEA vs FFE6: FAIL
1xs 2d 4i: Got 00000008 vs 00000007: FAIL
16xv 2d 4i: Got FFEA vs FFE6: FAIL
1xs 4d 4i: Got 00000008 vs 00000007: FAIL
16xv 4d 4i: Got FFEA vs FFE6: FAIL
Timer count-up test: 0b, 0x0040
16xv 1d 1i: Got FFDB vs FFDC: FAIL
16xv 2d 1i: Got FFDB vs FFDC: FAIL
16xv 4d 1i: Got FFDB vs FFDC: FAIL
1xv 1d 2i: Got FFDB vs FFDC: FAIL
16xv 1d 2i: Got FFDB vs FFDC: FAIL
1xv 2d 2i: Got FFDB vs FFDC: FAIL
16xv 2d 2i: Got FFDB vs FFDC: FAIL
1xv 4d 2i: Got FFDB vs FFDC: FAIL
16xv 4d 2i: Got FFDB vs FFDC: FAIL
1xs 1d 4i: Got 0000000E vs 0000000D: FAIL
1xv 1d 4i: Got FFDB vs FFDE: FAIL
16xv 1d 4i: Got FFDB vs FFDE: FAIL
1xs 2d 4i: Got 0000000E vs 0000000D: FAIL
1xv 2d 4i: Got FFDB vs FFDE: FAIL
16xv 2d 4i: Got FFDB vs FFDE: FAIL
1xs 4d 4i: Got 0000000E vs 0000000D: FAIL
1xv 4d 4i: Got FFDB vs FFDE: FAIL
16xv 4d 4i: Got FFDB vs FFDE: FAIL
Timer count-up test: 0b, 0x0080
16xv 1d 1i: Got FFDB vs FFDD: FAIL
16xv 2d 1i: Got FFDB vs FFDD: FAIL
16xv 4d 1i: Got FFDB vs FFDD: FAIL
1xv 1d 2i: Got FFDB vs FFDC: FAIL
16xv 1d 2i: Got FFDB vs FFDC: FAIL
1xv 2d 2i: Got FFDB vs FFDC: FAIL
16xv 2d 2i: Got FFDB vs FFDC: FAIL
1xv 4d 2i: Got FFDB vs FFDC: FAIL
16xv 4d 2i: Got FFDB vs FFDC: FAIL
1xs 1d 4i: Got 00000016 vs 00000015: FAIL
16xs 1d 4i: Got 00000080 vs 00000070: FAIL
1xv 1d 4i: Got FFDB vs FFDE: FAIL
16xv 1d 4i: Got FFDB vs FFDC: FAIL
1xs 2d 4i: Got 00000016 vs 00000015: FAIL
16xs 2d 4i: Got 00000080 vs 00000070: FAIL
1xv 2d 4i: Got FFDB vs FFDE: FAIL
16xv 2d 4i: Got FFDB vs FFDC: FAIL
1xs 4d 4i: Got 00000016 vs 00000015: FAIL
16xs 4d 4i: Got 00000080 vs 00000070: FAIL
1xv 4d 4i: Got FFDB vs FFDE: FAIL
16xv 4d 4i: Got FFDB vs FFDC: FAIL
Timer count-up test: 0b, 0x0800
16xv 1d 1i: Got F85B vs F85C: FAIL
16xv 2d 1i: Got F85B vs F85C: FAIL
16xv 4d 1i: Got F85B vs F85C: FAIL
1xv 1d 2i: Got F85B vs F85C: FAIL
16xv 1d 2i: Got F85B vs F85C: FAIL
1xv 2d 2i: Got F85B vs F85C: FAIL
16xv 2d 2i: Got F85B vs F85C: FAIL
1xv 4d 2i: Got F85B vs F85C: FAIL
16xv 4d 2i: Got F85B vs F85C: FAIL
1xs 1d 4i: Got 000003D6 vs 000003D5: FAIL
16xs 1d 4i: Got 00001560 vs 00001550: FAIL
1xv 1d 4i: Got F85B vs F85E: FAIL
16xv 1d 4i: Got F85B vs F85C: FAIL
1xs 2d 4i: Got 000003D6 vs 000003D5: FAIL
16xs 2d 4i: Got 00001560 vs 00001550: FAIL
1xv 2d 4i: Got F85B vs F85E: FAIL
16xv 2d 4i: Got F85B vs F85C: FAIL
1xs 4d 4i: Got 000003D6 vs 000003D5: FAIL
16xs 4d 4i: Got 00001560 vs 00001550: FAIL
1xv 4d 4i: Got F85B vs F85E: FAIL
16xv 4d 4i: Got F85B vs F85C: FAIL
Timer count-up test: 0b, 0x8000
16xv 1d 1i: Got 805B vs 805E: FAIL
16xv 2d 1i: Got 805B vs 805E: FAIL
16xv 4d 1i: Got 805B vs 805E: FAIL
1xv 1d 2i: Got 805B vs 805C: FAIL
16xv 1d 2i: Got 805B vs 805C: FAIL
1xv 2d 2i: Got 805B vs 805C: FAIL
16xv 2d 2i: Got 805B vs 805C: FAIL
1xv 4d 2i: Got 805B vs 805C: FAIL
16xv 4d 2i: Got 805B vs 805C: FAIL
1xs 1d 4i: Got 00003FD6 vs 00003FD5: FAIL
1xv 1d 4i: Got 805B vs 805E: FAIL
16xv 1d 4i: Got 805B vs 805C: FAIL
1xs 2d 4i: Got 00003FD6 vs 00003FD5: FAIL
1xv 2d 4i: Got 805B vs 805E: FAIL
16xv 2d 4i: Got 805B vs 805C: FAIL
1xs 4d 4i: Got 00003FD6 vs 00003FD5: FAIL
1xv 4d 4i: Got 805B vs 805E: FAIL
16xv 4d 4i: Got 805B vs 805C: FAIL
Timer count-up test: 6b, 0x0010
1xs 1d 1i: Got 00000082 vs 0000007B: FAIL
16xs 1d 1i: Got 000002E0 vs 000002B0: FAIL
1xs 2d 1i: Got 00000082 vs 0000007B: FAIL
16xs 2d 1i: Got 000002E0 vs 000002B0: FAIL
1xs 4d 1i: Got 00000082 vs 00000081: FAIL
16xs 4d 1i: Got 000002E0 vs 000002D0: FAIL
1xs 1d 2i: Got 000000F3 vs 000000EC: FAIL
16xs 1d 2i: Got 00000550 vs 00000520: FAIL
1xs 2d 2i: Got 000000F3 vs 000000EB: FAIL
16xs 2d 2i: Got 00000550 vs 00000520: FAIL
1xs 4d 2i: Got 000000F3 vs 000000F2: FAIL
1xs 1d 4i: Got 000001D6 vs 000001CE: FAIL
16xs 1d 4i: Got 00000A40 vs 00000A10: FAIL
1xs 2d 4i: Got 000001D6 vs 000001CD: FAIL
16xs 2d 4i: Got 00000A40 vs 00000A10: FAIL
1xs 4d 4i: Got 000001D6 vs 000001D4: FAIL
16xs 4d 4i: Got 00000A40 vs 00000A30: FAIL
Timer count-up test: 6b, 0x0011
1xs 1d 1i: Got 0000008A vs 00000083: FAIL
16xs 1d 1i: Got 00000300 vs 000002E0: FAIL
1xs 2d 1i: Got 0000008A vs 00000083: FAIL
16xs 2d 1i: Got 00000300 vs 000002E0: FAIL
1xs 4d 1i: Got 0000008A vs 00000089: FAIL
1xs 1d 2i: Got 00000103 vs 000000FC: FAIL
16xs 1d 2i: Got 000005B0 vs 00000580: FAIL
1xs 2d 2i: Got 00000103 vs 000000FB: FAIL
16xs 2d 2i: Got 000005B0 vs 00000580: FAIL
1xs 4d 2i: Got 00000103 vs 00000102: FAIL
16xs 4d 2i: Got 000005B0 vs 000005A0: FAIL
1xs 1d 4i: Got 000001F6 vs 000001EE: FAIL
16xs 1d 4i: Got 00000AF0 vs 00000AC0: FAIL
1xs 2d 4i: Got 000001F6 vs 000001ED: FAIL
16xs 2d 4i: Got 00000AF0 vs 00000AC0: FAIL
1xs 4d 4i: Got 000001F6 vs 000001F4: FAIL
16xs 4d 4i: Got 00000AF0 vs 00000AE0: FAIL
Timer count-up test: 6b, 0x0012
1xs 1d 1i: Got 00000092 vs 0000008B: FAIL
16xs 1d 1i: Got 00000330 vs 00000310: FAIL
1xs 2d 1i: Got 00000092 vs 0000008B: FAIL
16xs 2d 1i: Got 00000330 vs 00000310: FAIL
1xs 4d 1i: Got 00000092 vs 00000091: FAIL
1xs 1d 2i: Got 00000113 vs 0000010C: FAIL
16xs 1d 2i: Got 00000600 vs 000005E0: FAIL
1xs 2d 2i: Got 00000113 vs 0000010B: FAIL
16xs 2d 2i: Got 00000600 vs 000005D0: FAIL
1xs 4d 2i: Got 00000113 vs 00000112: FAIL
1xs 1d 4i: Got 00000216 vs 0000020E: FAIL
16xs 1d 4i: Got 00000BA0 vs 00000B70: FAIL
1xs 2d 4i: Got 00000216 vs 0000020D: FAIL
16xs 2d 4i: Got 00000BA0 vs 00000B70: FAIL
1xs 4d 4i: Got 00000216 vs 00000214: FAIL
16xs 4d 4i: Got 00000BA0 vs 00000B90: FAIL
Timer count-up test: 6b, 0x0013
1xs 1d 1i: Got 0000009A vs 00000093: FAIL
16xs 1d 1i: Got 00000360 vs 00000340: FAIL
1xs 2d 1i: Got 0000009A vs 00000093: FAIL
16xs 2d 1i: Got 00000360 vs 00000330: FAIL
1xs 4d 1i: Got 0000009A vs 00000099: FAIL
1xs 1d 2i: Got 00000123 vs 0000011C: FAIL
16xs 1d 2i: Got 00000660 vs 00000630: FAIL
1xs 2d 2i: Got 00000123 vs 0000011B: FAIL
16xs 2d 2i: Got 00000660 vs 00000630: FAIL
1xs 4d 2i: Got 00000123 vs 00000122: FAIL
16xs 4d 2i: Got 00000660 vs 00000650: FAIL
1xs 1d 4i: Got 00000236 vs 0000022E: FAIL
16xs 1d 4i: Got 00000C50 vs 00000C20: FAIL
1xs 2d 4i: Got 00000236 vs 0000022D: FAIL
16xs 2d 4i: Got 00000C50 vs 00000C20: FAIL
1xs 4d 4i: Got 00000236 vs 00000234: FAIL
16xs 4d 4i: Got 00000C50 vs 00000C40: FAIL
Timer count-up test: 8b, 0x0010
1xs 1d 1i: Got 00000202 vs 000001EB: FAIL
16xs 1d 1i: Got 00000B30 vs 00000AB0: FAIL
1xs 2d 1i: Got 00000202 vs 000001EB: FAIL
16xs 2d 1i: Got 00000B30 vs 00000AB0: FAIL
1xs 4d 1i: Got 00000202 vs 000001E9: FAIL
16xs 4d 1i: Got 00000B30 vs 00000AB0: FAIL
1xs 1d 2i: Got 000003F3 vs 000003DC: FAIL
16xs 1d 2i: Got 00001600 vs 00001580: FAIL
1xs 2d 2i: Got 000003F3 vs 000003DB: FAIL
16xs 2d 2i: Got 00001600 vs 00001580: FAIL
1xs 4d 2i: Got 000003F3 vs 000003DA: FAIL
16xs 4d 2i: Got 00001600 vs 00001570: FAIL
1xs 1d 4i: Got 000007D6 vs 000007BE: FAIL
16xs 1d 4i: Got 00002BA0 vs 00002B20: FAIL
1xs 2d 4i: Got 000007D6 vs 000007BD: FAIL
16xs 2d 4i: Got 00002BA0 vs 00002B10: FAIL
1xs 4d 4i: Got 000007D6 vs 000007BC: FAIL
16xs 4d 4i: Got 00002BA0 vs 00002B10: FAIL
Timer count-up test: 8b, 0x0011
1xs 1d 1i: Got 00000222 vs 0000020B: FAIL
16xs 1d 1i: Got 00000BE0 vs 00000B60: FAIL
1xs 2d 1i: Got 00000222 vs 0000020B: FAIL
16xs 2d 1i: Got 00000BE0 vs 00000B60: FAIL
1xs 4d 1i: Got 00000222 vs 00000209: FAIL
16xs 4d 1i: Got 00000BE0 vs 00000B60: FAIL
1xs 1d 2i: Got 00000433 vs 0000041C: FAIL
16xs 1d 2i: Got 00001760 vs 000016E0: FAIL
1xs 2d 2i: Got 00000433 vs 0000041B: FAIL
16xs 2d 2i: Got 00001760 vs 000016E0: FAIL
1xs 4d 2i: Got 00000433 vs 0000041A: FAIL
16xs 4d 2i: Got 00001760 vs 000016E0: FAIL
1xs 1d 4i: Got 00000856 vs 0000083E: FAIL
16xs 1d 4i: Got 00002E70 vs 00002DE0: FAIL
1xs 2d 4i: Got 00000856 vs 0000083D: FAIL
16xs 2d 4i: Got 00002E70 vs 00002DE0: FAIL
1xs 4d 4i: Got 00000856 vs 0000083C: FAIL
16xs 4d 4i: Got 00002E70 vs 00002DE0: FAIL
Timer count-up test: 8b, 0x0012
1xs 1d 1i: Got 00000242 vs 0000022B: FAIL
16xs 1d 1i: Got 00000C90 vs 00000C10: FAIL
1xs 2d 1i: Got 00000242 vs 0000022B: FAIL
16xs 2d 1i: Got 00000C90 vs 00000C10: FAIL
1xs 4d 1i: Got 00000242 vs 00000229: FAIL
16xs 4d 1i: Got 00000C90 vs 00000C10: FAIL
1xs 1d 2i: Got 00000473 vs 0000045C: FAIL
16xs 1d 2i: Got 000018D0 vs 00001850: FAIL
1xs 2d 2i: Got 00000473 vs 0000045B: FAIL
16xs 2d 2i: Got 000018D0 vs 00001840: FAIL
1xs 4d 2i: Got 00000473 vs 0000045A: FAIL
16xs 4d 2i: Got 000018D0 vs 00001840: FAIL
1xs 1d 4i: Got 000008D6 vs 000008BE: FAIL
16xs 1d 4i: Got 00003130 vs 000030B0: FAIL
1xs 2d 4i: Got 000008D6 vs 000008BD: FAIL
16xs 2d 4i: Got 00003130 vs 000030A0: FAIL
1xs 4d 4i: Got 000008D6 vs 000008BC: FAIL
16xs 4d 4i: Got 00003130 vs 000030A0: FAIL
Timer count-up test: 8b, 0x0013
1xs 1d 1i: Got 00000262 vs 0000024B: FAIL
16xs 1d 1i: Got 00000D50 vs 00000CD0: FAIL
1xs 2d 1i: Got 00000262 vs 0000024B: FAIL
16xs 2d 1i: Got 00000D50 vs 00000CC0: FAIL
1xs 4d 1i: Got 00000262 vs 00000249: FAIL
16xs 4d 1i: Got 00000D50 vs 00000CC0: FAIL
1xs 1d 2i: Got 000004B3 vs 0000049C: FAIL
16xs 1d 2i: Got 00001A30 vs 000019B0: FAIL
1xs 2d 2i: Got 000004B3 vs 0000049B: FAIL
16xs 2d 2i: Got 00001A30 vs 000019B0: FAIL
1xs 4d 2i: Got 000004B3 vs 0000049A: FAIL
16xs 4d 2i: Got 00001A30 vs 000019A0: FAIL
1xs 1d 4i: Got 00000956 vs 0000093E: FAIL
16xs 1d 4i: Got 00003400 vs 00003370: FAIL
1xs 2d 4i: Got 00000956 vs 0000093D: FAIL
16xs 2d 4i: Got 00003400 vs 00003370: FAIL
1xs 4d 4i: Got 00000956 vs 0000093C: FAIL
16xs 4d 4i: Got 00003400 vs 00003370: FAIL
Timer count-up test: 10b, 0x0010
1xs 1d 1i: Got 00000802 vs 000007EB: FAIL
16xs 1d 1i: Got 00002C90 vs 00002C10: FAIL
1xs 2d 1i: Got 00000802 vs 000007EB: FAIL
16xs 2d 1i: Got 00002C90 vs 00002C10: FAIL
1xs 4d 1i: Got 00000802 vs 000007E9: FAIL
16xs 4d 1i: Got 00002C90 vs 00002C10: FAIL
1xs 1d 2i: Got 00000FF3 vs 00000FDC: FAIL
16xs 1d 2i: Got 000058D0 vs 00005850: FAIL
1xs 2d 2i: Got 00000FF3 vs 00000FDB: FAIL
16xs 2d 2i: Got 000058D0 vs 00005840: FAIL
1xs 4d 2i: Got 00000FF3 vs 00000FDA: FAIL
16xs 4d 2i: Got 000058D0 vs 00005840: FAIL
1xs 1d 4i: Got 00001FD6 vs 00001FBE: FAIL
16xs 1d 4i: Got 0000B130 vs 0000B0B0: FAIL
1xs 2d 4i: Got 00001FD6 vs 00001FBD: FAIL
16xs 2d 4i: Got 0000B130 vs 0000B0A0: FAIL
1xs 4d 4i: Got 00001FD6 vs 00001FBC: FAIL
16xs 4d 4i: Got 0000B130 vs 0000B0A0: FAIL
Timer count-up test: 10b, 0x0011
1xs 1d 1i: Got 00000882 vs 0000086B: FAIL
16xs 1d 1i: Got 00002F60 vs 00002EE0: FAIL
1xs 2d 1i: Got 00000882 vs 0000086B: FAIL
16xs 2d 1i: Got 00002F60 vs 00002EE0: FAIL
1xs 4d 1i: Got 00000882 vs 00000869: FAIL
16xs 4d 1i: Got 00002F60 vs 00002ED0: FAIL
1xs 1d 2i: Got 000010F3 vs 000010DC: FAIL
16xs 1d 2i: Got 00005E60 vs 00005DE0: FAIL
1xs 2d 2i: Got 000010F3 vs 000010DB: FAIL
16xs 2d 2i: Got 00005E60 vs 00005DD0: FAIL
1xs 4d 2i: Got 000010F3 vs 000010DA: FAIL
16xs 4d 2i: Got 00005E60 vs 00005DD0: FAIL
1xs 1d 4i: Got 000021D6 vs 000021BE: FAIL
16xs 1d 4i: Got 0000BC50 vs 0000BBD0: FAIL
1xs 2d 4i: Got 000021D6 vs 000021BD: FAIL
16xs 2d 4i: Got 0000BC50 vs 0000BBD0: FAIL
1xs 4d 4i: Got 000021D6 vs 000021BC: FAIL
16xs 4d 4i: Got 0000BC50 vs 0000BBC0: FAIL
Timer count-up test: 10b, 0x0012
1xs 1d 1i: Got 00000902 vs 000008EB: FAIL
16xs 1d 1i: Got 00003220 vs 000031A0: FAIL
1xs 2d 1i: Got 00000902 vs 000008EB: FAIL
16xs 2d 1i: Got 00003220 vs 000031A0: FAIL
1xs 4d 1i: Got 00000902 vs 000008E9: FAIL
16xs 4d 1i: Got 00003220 vs 000031A0: FAIL
1xs 1d 2i: Got 000011F3 vs 000011DC: FAIL
16xs 1d 2i: Got 000063F0 vs 00006370: FAIL
1xs 2d 2i: Got 000011F3 vs 000011DB: FAIL
16xs 2d 2i: Got 000063F0 vs 00006360: FAIL
1xs 4d 2i: Got 000011F3 vs 000011DA: FAIL
16xs 4d 2i: Got 000063F0 vs 00006360: FAIL
1xs 1d 4i: Got 000023D6 vs 000023BE: FAIL
16xs 1d 4i: Got 0000C770 vs 0000C6F0: FAIL
1xs 2d 4i: Got 000023D6 vs 000023BD: FAIL
16xs 2d 4i: Got 0000C770 vs 0000C6F0: FAIL
1xs 4d 4i: Got 000023D6 vs 000023BC: FAIL
16xs 4d 4i: Got 0000C770 vs 0000C6E0: FAIL
Timer count-up test: 10b, 0x0013
1xs 1d 1i: Got 00000982 vs 0000096B: FAIL
16xs 1d 1i: Got 000034F0 vs 00003470: FAIL
1xs 2d 1i: Got 00000982 vs 0000096B: FAIL
16xs 2d 1i: Got 000034F0 vs 00003470: FAIL
1xs 4d 1i: Got 00000982 vs 00000969: FAIL
16xs 4d 1i: Got 000034F0 vs 00003460: FAIL
1xs 1d 2i: Got 000012F3 vs 000012DC: FAIL
16xs 1d 2i: Got 00006980 vs 00006900: FAIL
1xs 2d 2i: Got 000012F3 vs 000012DB: FAIL
16xs 2d 2i: Got 00006980 vs 000068F0: FAIL
1xs 4d 2i: Got 000012F3 vs 000012DA: FAIL
16xs 4d 2i: Got 00006980 vs 000068F0: FAIL
1xs 1d 4i: Got 000025D6 vs 000025BE: FAIL
16xs 1d 4i: Got 0000D290 vs 0000D210: FAIL
1xs 2d 4i: Got 000025D6 vs 000025BD: FAIL
16xs 2d 4i: Got 0000D290 vs 0000D210: FAIL
1xs 4d 4i: Got 000025D6 vs 000025BC: FAIL
16xs 4d 4i: Got 0000D290 vs 0000D200: FAIL

--- Suite 05: Timer IRQ ---
Frames: 93
[sram]
Game Boy Advance Test Suite
===
Memory test: ROM load
DMA0 16: Got 0x00000000 vs 0x0000FACE: FAIL
DMA0 16 (unaligned): Got 0x00000000 vs 0x0000FACE: FAIL
DMA0 32: Got 0x00000000 vs 0xFEEDFACE: FAIL
DMA0 32 (unaligned 1): Got 0x00000000 vs 0xFEEDFACE: FAIL
DMA0 32 (unaligned 2): Got 0x00000000 vs 0xFEEDFACE: FAIL
DMA0 32 (unaligned 3): Got 0x00000000 vs 0xFEEDFACE: FAIL
Memory test: ROM store
Memory test: ROM out-of-bounds load
U8: Got 0x00000000 vs 0x00000056: FAIL
S8: Got 0x00000000 vs 0x00000056: FAIL
U16: Got 0x00000000 vs 0x00003456: FAIL
U16 (unaligned): Got 0x00000000 vs 0x56000034: FAIL
S16: Got 0x00000000 vs 0x00003456: FAIL
S16 (unaligned): Got 0x00000000 vs 0x00000034: FAIL
32: Got 0x00000000 vs 0x34573456: FAIL
32 (unaligned 1): Got 0x00000000 vs 0x56345734: FAIL
32 (unaligned 2): Got 0x00000000 vs 0x34563457: FAIL
32 (unaligned 3): Got 0x00000000 vs 0x57345634: FAIL
DMA0 16: Got 0x00000000 vs 0x0000FACE: FAIL
DMA0 16 (unaligned): Got 0x00000000 vs 0x0000FACE: FAIL
DMA0 32: Got 0x00000000 vs 0xFEEDFACE: FAIL
DMA0 32 (unaligned 1): Got 0x00000000 vs 0xFEEDFACE: FAIL
DMA0 32 (unaligned 2): Got 0x00000000 vs 0xFEEDFACE: FAIL
DMA0 32 (unaligned 3): Got 0x00000000 vs 0xFEEDFACE: FAIL
DMA1 16: Got 0x00000000 vs 0x00003456: FAIL
DMA1 16 (unaligned): Got 0x00000000 vs 0x00003456: FAIL
DMA1 32: Got 0x00000000 vs 0x34573456: FAIL
DMA1 32 (unaligned 1): Got 0x00000000 vs 0x34573456: FAIL
DMA1 32 (unaligned 2): Got 0x00000000 vs 0x34573456: FAIL
DMA1 32 (unaligned 3): Got 0x00000000 vs 0x34573456: FAIL
DMA2 16: Got 0x00000000 vs 0x00003456: FAIL
DMA2 16 (unaligned): Got 0x00000000 vs 0x00003456: FAIL
DMA2 32: Got 0x00000000 vs 0x34573456: FAIL
DMA2 32 (unaligned 1): Got 0x00000000 vs 0x34573456: FAIL
DMA2 32 (unaligned 2): Got 0x00000000 vs 0x34573456: FAIL
DMA2 32 (unaligned 3): Got 0x00000000 vs 0x34573456: FAIL
DMA3 16: Got 0x00000000 vs 0x00003456: FAIL
DMA3 16 (unaligned): Got 0x00000000 vs 0x00003456: FAIL
DMA3 32: Got 0x00000000 vs 0x34573456: FAIL
DMA3 32 (unaligned 1): Got 0x00000000 vs 0x34573456: FAIL
DMA3 32 (unaligned 2): Got 0x00000000 vs 0x34573456: FAIL
DMA3 32 (unaligned 3): Got 0x00000000 vs 0x34573456: FAIL
swi B 16: Got 0x00000000 vs 0x34573456: FAIL
swi B 16 (unaligned): Got 0x00000000 vs 0x00340034: FAIL
swi B 32: Got 0x00000000 vs 0x34573456: FAIL
swi B 32 (unaligned 1): Got 0x00000000 vs 0x34573456: FAIL
swi B 32 (unaligned 2): Got 0x00000000 vs 0x34573456: FAIL
swi B 32 (unaligned 3): Got 0x00000000 vs 0x34573456: FAIL
swi C 32: Got 0x00000000 vs 0x34573456: FAIL
swi C 32 (unaligned 1): Got 0x00000000 vs 0x34573456: FAIL
swi C 32 (unaligned 2): Got 0x00000000 vs 0x34573456: FAIL
swi C 32 (unaligned 3): Got 0x00000000 vs 0x34573456: FAIL
Memory test: IWRAM load
Memory test: IWRAM mirror load
Memory test: IWRAM store
Memory test: IWRAM mirror store
Memory test: EWRAM load
Memory test: EWRAM mirror load
Memory test: EWRAM store
Memory test: EWRAM mirror store
Memory test: Palette load
Memory test: Palette mirror load
Memory test: Palette store
Memory test: Palette mirror store
Memory test: VRAM load
Memory test: VRAM mirror load
Memory test: VRAM OBJ load
Memory test: VRAM OBJ mirror load
Memory test: VRAM OBJ mirror 2 load
Memory test: VRAM store
Memory test: VRAM mirror store
Memory test: VRAM OBJ store
Memory test: VRAM OBJ mirror store
Memory test: VRAM OBJ mirror 2 store
Memory test: OAM load
Memory test: OAM mirror load
Memory test: OAM store
Memory test: OAM mirror store
Memory test: SRAM load
swi B 32 (unaligned 1): Got 0x47474747 vs 0x61616161: FAIL
swi B 32 (unaligned 2): Got 0x47474747 vs 0x6D6D6D6D: FAIL
swi B 32 (unaligned 3): Got 0x47474747 vs 0x65656565: FAIL
swi C 32 (unaligned 1): Got 0x47474747 vs 0x61616161: FAIL
swi C 32 (unaligned 2): Got 0x47474747 vs 0x6D6D6D6D: FAIL
swi C 32 (unaligned 3): Got 0x47474747 vs 0x65656565: FAIL
Memory test: SRAM mirror load
swi B 16: Got 0x1CAD1CAD vs 0x6D6D4747: FAIL
swi B 16 (unaligned): Got 0x1CAD1CAD vs 0x00650061: FAIL
swi B 32: Got 0x1CAD1CAD vs 0x47474747: FAIL
swi B 32 (unaligned 1): Got 0x1CAD1CAD vs 0x61616161: FAIL
swi B 32 (unaligned 2): Got 0x1CAD1CAD vs 0x6D6D6D6D: FAIL
swi B 32 (unaligned 3): Got 0x1CAD1CAD vs 0x65656565: FAIL
swi C 32: Got 0xBAFFFFFB vs 0x47474747: FAIL
swi C 32 (unaligned 1): Got 0xBAFFFFFB vs 0x61616161: FAIL
swi C 32 (unaligned 2): Got 0xBAFFFFFB vs 0x6D6D6D6D: FAIL
swi C 32 (unaligned 3): Got 0xBAFFFFFB vs 0x65656565: FAIL
Memory test: SRAM store
DMA3 16 (unaligned): Got 0x66666666 vs 0xD8D8D8D8: FAIL
DMA3 32 (unaligned 1): Got 0x66666666 vs 0xD8D8D8D8: FAIL
DMA3 32 (unaligned 2): Got 0x66666666 vs 0xD8D8D8D8: FAIL
DMA3 32 (unaligned 3): Got 0x66666666 vs 0xD8D8D8D8: FAIL
swi B 32 (unaligned 1): Got 0xD8D8D8D8 vs 0x66666666: FAIL
swi B 32 (unaligned 2): Got 0xD8D8D8D8 vs 0x66666666: FAIL
swi B 32 (unaligned 3): Got 0xD8D8D8D8 vs 0x66666666: FAIL
swi C 32 (unaligned 1): Got 0xD8D8D8D8 vs 0x66666666: FAIL
swi C 32 (unaligned 2): Got 0xD8D8D8D8 vs 0x66666666: FAIL
swi C 32 (unaligned 3): Got 0xD8D8D8D8 vs 0x66666666: FAIL
Memory test: SRAM mirror store
DMA3 16 (unaligned): Got 0x66666666 vs 0xD8D8D8D8: FAIL
DMA3 32 (unaligned 1): Got 0x66666666 vs 0xD8D8D8D8: FAIL
DMA3 32 (unaligned 2): Got 0x66666666 vs 0xD8D8D8D8: FAIL
DMA3 32 (unaligned 3): Got 0x66666666 vs 0xD8D8D8D8: FAIL
swi B 32 (unaligned 1): Got 0xD8D8D8D8 vs 0x66666666: FAIL
swi B 32 (unaligned 2): Got 0xD8D8D8D8 vs 0x66666666: FAIL
swi B 32 (unaligned 3): Got 0xD8D8D8D8 vs 0x66666666: FAIL
swi C 32 (unaligned 1): Got 0xD8D8D8D8 vs 0x66666666: FAIL
swi C 32 (unaligned 2): Got 0xD8D8D8D8 vs 0x66666666: FAIL
swi C 32 (unaligned 3): Got 0xD8D8D8D8 vs 0x66666666: FAIL
Memory test: BIOS load
U8: Got 0x00000002 vs 0x00000004: FAIL
S8: Got 0x00000002 vs 0x00000004: FAIL
U16: Got 0x0000C002 vs 0x00002004: FAIL
U16 (unaligned): Got 0x020000C0 vs 0x04000020: FAIL
S16: Got 0xFFFFC002 vs 0x00002004: FAIL
S16 (unaligned): Got 0xFFFFFFC0 vs 0x00000020: FAIL
32: Got 0xE55EC002 vs 0xE3A02004: FAIL
32 (unaligned 1): Got 0x02E55EC0 vs 0x04E3A020: FAIL
32 (unaligned 2): Got 0xC002E55E vs 0x2004E3A0: FAIL
32 (unaligned 3): Got 0x5EC002E5 vs 0xA02004E3: FAIL
DMA0 16: Got 0x00000000 vs 0x0000FACE: FAIL
DMA0 16 (unaligned): Got 0x00000000 vs 0x0000FACE: FAIL
DMA0 32: Got 0x00000000 vs 0xFEEDFACE: FAIL
DMA0 32 (unaligned 1): Got 0x00000000 vs 0xFEEDFACE: FAIL
DMA0 32 (unaligned 2): Got 0x00000000 vs 0xFEEDFACE: FAIL
DMA0 32 (unaligned 3): Got 0x00000000 vs 0xFEEDFACE: FAIL
DMA1 16: Got 0x00000000 vs 0x0000FACE: FAIL
DMA1 16 (unaligned): Got 0x00000000 vs 0x0000FACE: FAIL
DMA1 32: Got 0x00000000 vs 0xFEEDFACE: FAIL
DMA1 32 (unaligned 1): Got 0x00000000 vs 0xFEEDFACE: FAIL
DMA1 32 (unaligned 2): Got 0x00000000 vs 0xFEEDFACE: FAIL
DMA1 32 (unaligned 3): Got 0x00000000 vs 0xFEEDFACE: FAIL
DMA2 16: Got 0x00000000 vs 0x0000FACE: FAIL
DMA2 16 (unaligned): Got 0x00000000 vs 0x0000FACE: FAIL
DMA2 32: Got 0x00000000 vs 0xFEEDFACE: FAIL
DMA2 32 (unaligned 1): Got 0x00000000 vs 0xFEEDFACE: FAIL
DMA2 32 (unaligned 2): Got 0x00000000 vs 0xFEEDFACE: FAIL
DMA2 32 (unaligned 3): Got 0x00000000 vs 0xFEEDFACE: FAIL
DMA3 16: Got 0x00000000 vs 0x0000FACE: FAIL
DMA3 16 (unaligned): Got 0x00000000 vs 0x0000FACE: FAIL
DMA3 32: Got 0x00000000 vs 0xFEEDFACE: FAIL
DMA3 32 (unaligned 1): Got 0x00000000 vs 0xFEEDFACE: FAIL
DMA3 32 (unaligned 2): Got 0x00000000 vs 0xFEEDFACE: FAIL
DMA3 32 (unaligned 3): Got 0x00000000 vs 0xFEEDFACE: FAIL
Memory test: BIOS out-of-bounds load
DMA0 16: Got 0x00000000 vs 0x0000FACE: FAIL
DMA0 16 (unaligned): Got 0x00000000 vs 0x0000FACE: FAIL
DMA0 32: Got 0x00000000 vs 0xFEEDFACE: FAIL
DMA0 32 (unaligned 1): Got 0x00000000 vs 0xFEEDFACE: FAIL
DMA0 32 (unaligned 2): Got 0x00000000 vs 0xFEEDFACE: FAIL
DMA0 32 (unaligned 3): Got 0x00000000 vs 0xFEEDFACE: FAIL
DMA1 16: Got 0x00000000 vs 0x0000FACE: FAIL
DMA1 16 (unaligned): Got 0x00000000 vs 0x0000FACE: FAIL
DMA1 32: Got 0x00000000 vs 0xFEEDFACE: FAIL
DMA1 32 (unaligned 1): Got 0x00000000 vs 0xFEEDFACE: FAIL
DMA1 32 (unaligned 2): Got 0x00000000 vs 0xFEEDFACE: FAIL
DMA1 32 (unaligned 3): Got 0x00000000 vs 0xFEEDFACE: FAIL
DMA2 16: Got 0x00000000 vs 0x0000FACE: FAIL
DMA2 16 (unaligned): Got 0x00000000 vs 0x0000FACE: FAIL
DMA2 32: Got 0x00000000 vs 0xFEEDFACE: FAIL
DMA2 32 (unaligned 1): Got 0x00000000 vs 0xFEEDFACE: FAIL
DMA2 32 (unaligned 2): Got 0x00000000 vs 0xFEEDFACE: FAIL
DMA2 32 (unaligned 3): Got 0x00000000 vs 0xFEEDFACE: FAIL
DMA3 16: Got 0x00000000 vs 0x0000FACE: FAIL
DMA3 16 (unaligned): Got 0x00000000 vs 0x0000FACE: FAIL
DMA3 32: Got 0x00000000 vs 0xFEEDFACE: FAIL
DMA3 32 (unaligned 1): Got 0x00000000 vs 0xFEEDFACE: FAIL
DMA3 32 (unaligned 2): Got 0x00000000 vs 0xFEEDFACE: FAIL
DMA3 32 (unaligned 3): Got 0x00000000 vs 0xFEEDFACE: FAIL
Memory test: Out-of-bounds load
DMA0 16: Got 0x00000000 vs 0x0000FACE: FAIL
DMA0 16 (unaligned): Got 0x00000000 vs 0x0000FACE: FAIL
DMA0 32: Got 0x00000000 vs 0xFEEDFACE: FAIL
DMA0 32 (unaligned 1): Got 0x00000000 vs 0xFEEDFACE: FAIL
DMA0 32 (unaligned 2): Got 0x00000000 vs 0xFEEDFACE: FAIL
DMA0 32 (unaligned 3): Got 0x00000000 vs 0xFEEDFACE: FAIL
DMA1 16: Got 0x00000000 vs 0x0000FACE: FAIL
DMA1 16 (unaligned): Got 0x00000000 vs 0x0000FACE: FAIL
DMA1 32: Got 0x00000000 vs 0xFEEDFACE: FAIL
DMA1 32 (unaligned 1): Got 0x00000000 vs 0xFEEDFACE: FAIL
DMA1 32 (unaligned 2): Got 0x00000000 vs 0xFEEDFACE: FAIL
DMA1 32 (unaligned 3): Got 0x00000000 vs 0xFEEDFACE: FAIL
DMA2 16: Got 0x00000000 vs 0x0000FACE: FAIL
DMA2 16 (unaligned): Got 0x00000000 vs 0x0000FACE: FAIL
DMA2 32: Got 0x00000000 vs 0xFEEDFACE: FAIL
DMA2 32 (unaligned 1): Got 0x00000000 vs 0xFEEDFACE: FAIL
DMA2 32 (unaligned 2): Got 0x00000000 vs 0xFEEDFACE: FAIL
DMA2 32 (unaligned 3): Got 0x00000000 vs 0xFEEDFACE: FAIL
DMA3 16: Got 0x00000000 vs 0x0000FACE: FAIL
DMA3 16 (unaligned): Got 0x00000000 vs 0x0000FACE: FAIL
DMA3 32: Got 0x00000000 vs 0xFEEDFACE: FAIL
DMA3 32 (unaligned 1): Got 0x00000000 vs 0xFEEDFACE: FAIL
DMA3 32 (unaligned 2): Got 0x00000000 vs 0xFEEDFACE: FAIL
DMA3 32 (unaligned 3): Got 0x00000000 vs 0xFEEDFACE: FAIL
Timer IRQ test: FFFF
Got 0004 != 0051: FAIL
Got 0005 != 0051: FAIL
Timer IRQ test: FFFE
Got FFFF != 0000: FAIL
Got 0000 != 0001: FAIL
Got 0001 != 0002: FAIL
Got 0002 != 0003: FAIL
Got 0003 != 0004: FAIL
Got 0004 != 0052: FAIL
Got 0005 != 0052: FAIL
Got 0051 != 0052: FAIL
Got 0051 != 0052: FAIL
Got 0051 != 0052: FAIL
Timer IRQ test: FFFD
Got FFFE != FFFF: FAIL
Got FFFF != 0000: FAIL
Got 0000 != 0001: FAIL
Got 0001 != 0002: FAIL
Got 0002 != 0003: FAIL
Got 0003 != 0004: FAIL
Got 0004 != 0052: FAIL
Got 0005 != 0052: FAIL
Got 0051 != 0052: FAIL
Got 0051 != 0052: FAIL
Timer IRQ test: FFFC
Got FFFD != FFFE: FAIL
Got FFFE != FFFF: FAIL
Got FFFF != 0000: FAIL
Got 0000 != 0001: FAIL
Got 0001 != 0002: FAIL
Got 0002 != 0003: FAIL
Got 0003 != 0004: FAIL
Got 0004 != 0052: FAIL
Got 0005 != 0052: FAIL
Got 0051 != 0052: FAIL
Timer IRQ test: FFFB
Got FFFC != FFFD: FAIL
Got FFFD != FFFE: FAIL
Got FFFE != FFFF: FAIL
Got FFFF != 0000: FAIL
Got 0000 != 0001: FAIL
Got 0001 != 0002: FAIL
Got 0002 != 0003: FAIL
Got 0003 != 0004: FAIL
Got 0004 != 0052: FAIL
Got 0005 != 0052: FAIL
Timer IRQ test: FFFA
Got FFFB != FFFC: FAIL
Got FFFC != FFFD: FAIL
Got FFFD != FFFE: FAIL
Got FFFE != FFFF: FAIL
Got FFFF != 0000: FAIL
Got 0000 != 0001: FAIL
Got 0001 != 0002: FAIL
Got 0002 != 0003: FAIL
Got 0003 != 0004: FAIL
Got 0004 != 0052: FAIL
Timer IRQ test: FFF9
Got FFFA != FFFB: FAIL
Got FFFB != FFFC: FAIL
Got FFFC != FFFD: FAIL
Got FFFD != FFFE: FAIL
Got FFFE != FFFF: FAIL
Got FFFF != 0000: FAIL
Got 0000 != 0001: FAIL
Got 0001 != 0002: FAIL
Got 0002 != 0003: FAIL
Got 0003 != 0004: FAIL
Timer IRQ test: FFF8
Got FFF9 != FFFA: FAIL
Got FFFA != FFFB: FAIL
Got FFFB != FFFC: FAIL
Got FFFC != FFFD: FAIL
Got FFFD != FFFE: FAIL
Got FFFE != FFFF: FAIL
Got FFFF != 0000: FAIL
Got 0000 != 0001: FAIL
Got 0001 != 0002: FAIL
Got 0002 != 0003: FAIL
Timer IRQ test: FFF7
Got FFF8 != FFF9: FAIL
Got FFF9 != FFFA: FAIL
Got FFFA != FFFB: FAIL
Got FFFB != FFFC: FAIL
Got FFFC != FFFD: FAIL
Got FFFD != FFFE: FAIL
Got FFFE != FFFF: FAIL
Got FFFF != 0000: FAIL
Got 0000 != 0001: FAIL
Got 0001 != 0002: FAIL

--- Suite 06: Shifter ---
Frames: 91
[sram]
Game Boy Advance Test Suite
===
Memory test: ROM load
DMA0 16: Got 0x00000000 vs 0x0000FACE: FAIL
DMA0 16 (unaligned): Got 0x00000000 vs 0x0000FACE: FAIL
DMA0 32: Got 0x00000000 vs 0xFEEDFACE: FAIL
DMA0 32 (unaligned 1): Got 0x00000000 vs 0xFEEDFACE: FAIL
DMA0 32 (unaligned 2): Got 0x00000000 vs 0xFEEDFACE: FAIL
DMA0 32 (unaligned 3): Got 0x00000000 vs 0xFEEDFACE: FAIL
Memory test: ROM store
Memory test: ROM out-of-bounds load
U8: Got 0x00000000 vs 0x00000056: FAIL
S8: Got 0x00000000 vs 0x00000056: FAIL
U16: Got 0x00000000 vs 0x00003456: FAIL
U16 (unaligned): Got 0x00000000 vs 0x56000034: FAIL
S16: Got 0x00000000 vs 0x00003456: FAIL
S16 (unaligned): Got 0x00000000 vs 0x00000034: FAIL
32: Got 0x00000000 vs 0x34573456: FAIL
32 (unaligned 1): Got 0x00000000 vs 0x56345734: FAIL
32 (unaligned 2): Got 0x00000000 vs 0x34563457: FAIL
32 (unaligned 3): Got 0x00000000 vs 0x57345634: FAIL
DMA0 16: Got 0x00000000 vs 0x0000FACE: FAIL
DMA0 16 (unaligned): Got 0x00000000 vs 0x0000FACE: FAIL
DMA0 32: Got 0x00000000 vs 0xFEEDFACE: FAIL
DMA0 32 (unaligned 1): Got 0x00000000 vs 0xFEEDFACE: FAIL
DMA0 32 (unaligned 2): Got 0x00000000 vs 0xFEEDFACE: FAIL
DMA0 32 (unaligned 3): Got 0x00000000 vs 0xFEEDFACE: FAIL
DMA1 16: Got 0x00000000 vs 0x00003456: FAIL
DMA1 16 (unaligned): Got 0x00000000 vs 0x00003456: FAIL
DMA1 32: Got 0x00000000 vs 0x34573456: FAIL
DMA1 32 (unaligned 1): Got 0x00000000 vs 0x34573456: FAIL
DMA1 32 (unaligned 2): Got 0x00000000 vs 0x34573456: FAIL
DMA1 32 (unaligned 3): Got 0x00000000 vs 0x34573456: FAIL
DMA2 16: Got 0x00000000 vs 0x00003456: FAIL
DMA2 16 (unaligned): Got 0x00000000 vs 0x00003456: FAIL
DMA2 32: Got 0x00000000 vs 0x34573456: FAIL
DMA2 32 (unaligned 1): Got 0x00000000 vs 0x34573456: FAIL
DMA2 32 (unaligned 2): Got 0x00000000 vs 0x34573456: FAIL
DMA2 32 (unaligned 3): Got 0x00000000 vs 0x34573456: FAIL
DMA3 16: Got 0x00000000 vs 0x00003456: FAIL
DMA3 16 (unaligned): Got 0x00000000 vs 0x00003456: FAIL
DMA3 32: Got 0x00000000 vs 0x34573456: FAIL
DMA3 32 (unaligned 1): Got 0x00000000 vs 0x34573456: FAIL
DMA3 32 (unaligned 2): Got 0x00000000 vs 0x34573456: FAIL
DMA3 32 (unaligned 3): Got 0x00000000 vs 0x34573456: FAIL
swi B 16: Got 0x00000000 vs 0x34573456: FAIL
swi B 16 (unaligned): Got 0x00000000 vs 0x00340034: FAIL
swi B 32: Got 0x00000000 vs 0x34573456: FAIL
swi B 32 (unaligned 1): Got 0x00000000 vs 0x34573456: FAIL
swi B 32 (unaligned 2): Got 0x00000000 vs 0x34573456: FAIL
swi B 32 (unaligned 3): Got 0x00000000 vs 0x34573456: FAIL
swi C 32: Got 0x00000000 vs 0x34573456: FAIL
swi C 32 (unaligned 1): Got 0x00000000 vs 0x34573456: FAIL
swi C 32 (unaligned 2): Got 0x00000000 vs 0x34573456: FAIL
swi C 32 (unaligned 3): Got 0x00000000 vs 0x34573456: FAIL
Memory test: IWRAM load
Memory test: IWRAM mirror load
Memory test: IWRAM store
Memory test: IWRAM mirror store
Memory test: EWRAM load
Memory test: EWRAM mirror load
Memory test: EWRAM store
Memory test: EWRAM mirror store
Memory test: Palette load
Memory test: Palette mirror load
Memory test: Palette store
Memory test: Palette mirror store
Memory test: VRAM load
Memory test: VRAM mirror load
Memory test: VRAM OBJ load
Memory test: VRAM OBJ mirror load
Memory test: VRAM OBJ mirror 2 load
Memory test: VRAM store
Memory test: VRAM mirror store
Memory test: VRAM OBJ store
Memory test: VRAM OBJ mirror store
Memory test: VRAM OBJ mirror 2 store
Memory test: OAM load
Memory test: OAM mirror load
Memory test: OAM store
Memory test: OAM mirror store
Memory test: SRAM load
swi B 32 (unaligned 1): Got 0x47474747 vs 0x61616161: FAIL
swi B 32 (unaligned 2): Got 0x47474747 vs 0x6D6D6D6D: FAIL
swi B 32 (unaligned 3): Got 0x47474747 vs 0x65656565: FAIL
swi C 32 (unaligned 1): Got 0x47474747 vs 0x61616161: FAIL
swi C 32 (unaligned 2): Got 0x47474747 vs 0x6D6D6D6D: FAIL
swi C 32 (unaligned 3): Got 0x47474747 vs 0x65656565: FAIL
Memory test: SRAM mirror load
swi B 16: Got 0x1CAD1CAD vs 0x6D6D4747: FAIL
swi B 16 (unaligned): Got 0x1CAD1CAD vs 0x00650061: FAIL
swi B 32: Got 0x1CAD1CAD vs 0x47474747: FAIL
swi B 32 (unaligned 1): Got 0x1CAD1CAD vs 0x61616161: FAIL
swi B 32 (unaligned 2): Got 0x1CAD1CAD vs 0x6D6D6D6D: FAIL
swi B 32 (unaligned 3): Got 0x1CAD1CAD vs 0x65656565: FAIL
swi C 32: Got 0xBAFFFFFB vs 0x47474747: FAIL
swi C 32 (unaligned 1): Got 0xBAFFFFFB vs 0x61616161: FAIL
swi C 32 (unaligned 2): Got 0xBAFFFFFB vs 0x6D6D6D6D: FAIL
swi C 32 (unaligned 3): Got 0xBAFFFFFB vs 0x65656565: FAIL
Memory test: SRAM store
DMA3 16 (unaligned): Got 0x66666666 vs 0xD8D8D8D8: FAIL
DMA3 32 (unaligned 1): Got 0x66666666 vs 0xD8D8D8D8: FAIL
DMA3 32 (unaligned 2): Got 0x66666666 vs 0xD8D8D8D8: FAIL
DMA3 32 (unaligned 3): Got 0x66666666 vs 0xD8D8D8D8: FAIL
swi B 32 (unaligned 1): Got 0xD8D8D8D8 vs 0x66666666: FAIL
swi B 32 (unaligned 2): Got 0xD8D8D8D8 vs 0x66666666: FAIL
swi B 32 (unaligned 3): Got 0xD8D8D8D8 vs 0x66666666: FAIL
swi C 32 (unaligned 1): Got 0xD8D8D8D8 vs 0x66666666: FAIL
swi C 32 (unaligned 2): Got 0xD8D8D8D8 vs 0x66666666: FAIL
swi C 32 (unaligned 3): Got 0xD8D8D8D8 vs 0x66666666: FAIL
Memory test: SRAM mirror store
DMA3 16 (unaligned): Got 0x66666666 vs 0xD8D8D8D8: FAIL
DMA3 32 (unaligned 1): Got 0x66666666 vs 0xD8D8D8D8: FAIL
DMA3 32 (unaligned 2): Got 0x66666666 vs 0xD8D8D8D8: FAIL
DMA3 32 (unaligned 3): Got 0x66666666 vs 0xD8D8D8D8: FAIL
swi B 32 (unaligned 1): Got 0xD8D8D8D8 vs 0x66666666: FAIL
swi B 32 (unaligned 2): Got 0xD8D8D8D8 vs 0x66666666: FAIL
swi B 32 (unaligned 3): Got 0xD8D8D8D8 vs 0x66666666: FAIL
swi C 32 (unaligned 1): Got 0xD8D8D8D8 vs 0x66666666: FAIL
swi C 32 (unaligned 2): Got 0xD8D8D8D8 vs 0x66666666: FAIL
swi C 32 (unaligned 3): Got 0xD8D8D8D8 vs 0x66666666: FAIL
Memory test: BIOS load
U8: Got 0x00000002 vs 0x00000004: FAIL
S8: Got 0x00000002 vs 0x00000004: FAIL
U16: Got 0x0000C002 vs 0x00002004: FAIL
U16 (unaligned): Got 0x020000C0 vs 0x04000020: FAIL
S16: Got 0xFFFFC002 vs 0x00002004: FAIL
S16 (unaligned): Got 0xFFFFFFC0 vs 0x00000020: FAIL
32: Got 0xE55EC002 vs 0xE3A02004: FAIL
32 (unaligned 1): Got 0x02E55EC0 vs 0x04E3A020: FAIL
32 (unaligned 2): Got 0xC002E55E vs 0x2004E3A0: FAIL
32 (unaligned 3): Got 0x5EC002E5 vs 0xA02004E3: FAIL
DMA0 16: Got 0x00000000 vs 0x0000FACE: FAIL
DMA0 16 (unaligned): Got 0x00000000 vs 0x0000FACE: FAIL
DMA0 32: Got 0x00000000 vs 0xFEEDFACE: FAIL
DMA0 32 (unaligned 1): Got 0x00000000 vs 0xFEEDFACE: FAIL
DMA0 32 (unaligned 2): Got 0x00000000 vs 0xFEEDFACE: FAIL
DMA0 32 (unaligned 3): Got 0x00000000 vs 0xFEEDFACE: FAIL
DMA1 16: Got 0x00000000 vs 0x0000FACE: FAIL
DMA1 16 (unaligned): Got 0x00000000 vs 0x0000FACE: FAIL
DMA1 32: Got 0x00000000 vs 0xFEEDFACE: FAIL
DMA1 32 (unaligned 1): Got 0x00000000 vs 0xFEEDFACE: FAIL
DMA1 32 (unaligned 2): Got 0x00000000 vs 0xFEEDFACE: FAIL
DMA1 32 (unaligned 3): Got 0x00000000 vs 0xFEEDFACE: FAIL
DMA2 16: Got 0x00000000 vs 0x0000FACE: FAIL
DMA2 16 (unaligned): Got 0x00000000 vs 0x0000FACE: FAIL
DMA2 32: Got 0x00000000 vs 0xFEEDFACE: FAIL
DMA2 32 (unaligned 1): Got 0x00000000 vs 0xFEEDFACE: FAIL
DMA2 32 (unaligned 2): Got 0x00000000 vs 0xFEEDFACE: FAIL
DMA2 32 (unaligned 3): Got 0x00000000 vs 0xFEEDFACE: FAIL
DMA3 16: Got 0x00000000 vs 0x0000FACE: FAIL
DMA3 16 (unaligned): Got 0x00000000 vs 0x0000FACE: FAIL
DMA3 32: Got 0x00000000 vs 0xFEEDFACE: FAIL
DMA3 32 (unaligned 1): Got 0x00000000 vs 0xFEEDFACE: FAIL
DMA3 32 (unaligned 2): Got 0x00000000 vs 0xFEEDFACE: FAIL
DMA3 32 (unaligned 3): Got 0x00000000 vs 0xFEEDFACE: FAIL
Memory test: BIOS out-of-bounds load
DMA0 16: Got 0x00000000 vs 0x0000FACE: FAIL
DMA0 16 (unaligned): Got 0x00000000 vs 0x0000FACE: FAIL
DMA0 32: Got 0x00000000 vs 0xFEEDFACE: FAIL
DMA0 32 (unaligned 1): Got 0x00000000 vs 0xFEEDFACE: FAIL
DMA0 32 (unaligned 2): Got 0x00000000 vs 0xFEEDFACE: FAIL
DMA0 32 (unaligned 3): Got 0x00000000 vs 0xFEEDFACE: FAIL
DMA1 16: Got 0x00000000 vs 0x0000FACE: FAIL
DMA1 16 (unaligned): Got 0x00000000 vs 0x0000FACE: FAIL
DMA1 32: Got 0x00000000 vs 0xFEEDFACE: FAIL
DMA1 32 (unaligned 1): Got 0x00000000 vs 0xFEEDFACE: FAIL
DMA1 32 (unaligned 2): Got 0x00000000 vs 0xFEEDFACE: FAIL
DMA1 32 (unaligned 3): Got 0x00000000 vs 0xFEEDFACE: FAIL
DMA2 16: Got 0x00000000 vs 0x0000FACE: FAIL
DMA2 16 (unaligned): Got 0x00000000 vs 0x0000FACE: FAIL
DMA2 32: Got 0x00000000 vs 0xFEEDFACE: FAIL
DMA2 32 (unaligned 1): Got 0x00000000 vs 0xFEEDFACE: FAIL
DMA2 32 (unaligned 2): Got 0x00000000 vs 0xFEEDFACE: FAIL
DMA2 32 (unaligned 3): Got 0x00000000 vs 0xFEEDFACE: FAIL
DMA3 16: Got 0x00000000 vs 0x0000FACE: FAIL
DMA3 16 (unaligned): Got 0x00000000 vs 0x0000FACE: FAIL
DMA3 32: Got 0x00000000 vs 0xFEEDFACE: FAIL
DMA3 32 (unaligned 1): Got 0x00000000 vs 0xFEEDFACE: FAIL
DMA3 32 (unaligned 2): Got 0x00000000 vs 0xFEEDFACE: FAIL
DMA3 32 (unaligned 3): Got 0x00000000 vs 0xFEEDFACE: FAIL
Memory test: Out-of-bounds load
DMA0 16: Got 0x00000000 vs 0x0000FACE: FAIL
DMA0 16 (unaligned): Got 0x00000000 vs 0x0000FACE: FAIL
DMA0 32: Got 0x00000000 vs 0xFEEDFACE: FAIL
DMA0 32 (unaligned 1): Got 0x00000000 vs 0xFEEDFACE: FAIL
DMA0 32 (unaligned 2): Got 0x00000000 vs 0xFEEDFACE: FAIL
DMA0 32 (unaligned 3): Got 0x00000000 vs 0xFEEDFACE: FAIL
DMA1 16: Got 0x00000000 vs 0x0000FACE: FAIL
DMA1 16 (unaligned): Got 0x00000000 vs 0x0000FACE: FAIL
DMA1 32: Got 0x00000000 vs 0xFEEDFACE: FAIL
DMA1 32 (unaligned 1): Got 0x00000000 vs 0xFEEDFACE: FAIL
DMA1 32 (unaligned 2): Got 0x00000000 vs 0xFEEDFACE: FAIL
DMA1 32 (unaligned 3): Got 0x00000000 vs 0xFEEDFACE: FAIL
DMA2 16: Got 0x00000000 vs 0x0000FACE: FAIL
DMA2 16 (unaligned): Got 0x00000000 vs 0x0000FACE: FAIL
DMA2 32: Got 0x00000000 vs 0xFEEDFACE: FAIL
DMA2 32 (unaligned 1): Got 0x00000000 vs 0xFEEDFACE: FAIL
DMA2 32 (unaligned 2): Got 0x00000000 vs 0xFEEDFACE: FAIL
DMA2 32 (unaligned 3): Got 0x00000000 vs 0xFEEDFACE: FAIL
DMA3 16: Got 0x00000000 vs 0x0000FACE: FAIL
DMA3 16 (unaligned): Got 0x00000000 vs 0x0000FACE: FAIL
DMA3 32: Got 0x00000000 vs 0xFEEDFACE: FAIL
DMA3 32 (unaligned 1): Got 0x00000000 vs 0xFEEDFACE: FAIL
DMA3 32 (unaligned 2): Got 0x00000000 vs 0xFEEDFACE: FAIL
DMA3 32 (unaligned 3): Got 0x00000000 vs 0xFEEDFACE: FAIL
Shifter test: #0
Shifter test: #FF
Shifter test: #FF000000
Shifter test: #F000000F
Shifter test: r1
Shifter test: r1, lsl #0
Shifter test: r1, lsl #1
Shifter test: r1, lsl #31
Shifter test: r1, lsl r0 (0)
Shifter test: r1, lsl r0 (1)
Shifter test: r1, lsl r0 (31)
Shifter test: r1, lsl r0 (32)
Shifter test: r1, lsl r0 (33)
Shifter test: r1, lsl r0 (-1)
Shifter test: r1, lsr #1
Shifter test: r1, lsr #31
Shifter test: r1, lsr #32
Shifter test: r1, lsr r0 (0)
Shifter test: r1, lsr r0 (1)
Shifter test: r1, lsr r0 (31)
Shifter test: r1, lsr r0 (32)
Shifter test: r1, lsr r0 (33)
Shifter test: r1, lsr r0 (-1)
Shifter test: r1, asr #1
Shifter test: r1, asr #31
Shifter test: r1, asr #32
Shifter test: r1, asr r0 (0)
Shifter test: r1, asr r0 (1)
Shifter test: r1, asr r0 (31)
Shifter test: r1, asr r0 (32)
Shifter test: r1, asr r0 (33)
Shifter test: r1, asr r0 (-1)
Shifter test: r1, ror #1
Shifter test: r1, ror #31
Shifter test: r1, ror r0 (0)
Shifter test: r1, ror r0 (1)
Shifter test: r1, ror r0 (31)
Shifter test: r1, ror r0 (32)
Shifter test: r1, ror r0 (33)
Shifter test: r1, ror r0 (-1)
Shifter test: r1, rrx (+)
Shifter test: r1, rrx (-)
Shifter test: pc
Shifter test: pc, lsl #0
Shifter test: pc, lsl #31
Shifter test: pc, lsl r0 (0)
Shifter test: pc, lsr #31
Shifter test: pc, lsr #32
Shifter test: pc, lsr r0 (0)
Shifter test: pc, lsr r0 (24)
Shifter test: pc, asr #31
Shifter test: pc, asr #32
Shifter test: pc, asr r0 (0)
Shifter test: pc, asr r0 (24)
Shifter test: add r0, pc, r1
Shifter test: add r0, pc, r1, lsl #0
Shifter test: add r0, pc, r1, lsl #1
Shifter test: add r0, pc, r1, lsl r0 (0)
Got 0800BF51 vs 0800BF55: FAIL
Shifter test: add r0, pc, r1, lsl r0 (1)
Got 0800BF52 vs 0800BF56: FAIL
Shifter test: add r0, pc, r1, lsr #1
Shifter test: add r0, pc, r1, lsr #32
Shifter test: add r0, pc, r1, lsr r0 (0)
Got 0800BFB1 vs 0800BFB5: FAIL
Shifter test: add r0, pc, r1, lsr r0 (1)
Got 0800BFB0 vs 0800BFB4: FAIL
Shifter test: add r0, pc, r1, asr #1
Shifter test: add r0, pc, r1, asr #32
Shifter test: add r0, pc, r1, asr r0 (0)
Got 8800C010 vs 8800C014: FAIL
Shifter test: add r0, pc, r1, asr r0 (1)
Got C800C010 vs C800C014: FAIL
Shifter test: add r0, pc, r1, ror #1
Shifter test: add r0, pc, r1, ror r0 (0)
Got A800C05D vs A800C061: FAIL
Shifter test: add r0, pc, r1, ror r0 (1)
Got D800C05A vs D800C05E: FAIL

--- Suite 07: Carry ---
Frames: 91
[sram]
Game Boy Advance Test Suite
===
Memory test: ROM load
DMA0 16: Got 0x00000000 vs 0x0000FACE: FAIL
DMA0 16 (unaligned): Got 0x00000000 vs 0x0000FACE: FAIL
DMA0 32: Got 0x00000000 vs 0xFEEDFACE: FAIL
DMA0 32 (unaligned 1): Got 0x00000000 vs 0xFEEDFACE: FAIL
DMA0 32 (unaligned 2): Got 0x00000000 vs 0xFEEDFACE: FAIL
DMA0 32 (unaligned 3): Got 0x00000000 vs 0xFEEDFACE: FAIL
Memory test: ROM store
Memory test: ROM out-of-bounds load
U8: Got 0x00000000 vs 0x00000056: FAIL
S8: Got 0x00000000 vs 0x00000056: FAIL
U16: Got 0x00000000 vs 0x00003456: FAIL
U16 (unaligned): Got 0x00000000 vs 0x56000034: FAIL
S16: Got 0x00000000 vs 0x00003456: FAIL
S16 (unaligned): Got 0x00000000 vs 0x00000034: FAIL
32: Got 0x00000000 vs 0x34573456: FAIL
32 (unaligned 1): Got 0x00000000 vs 0x56345734: FAIL
32 (unaligned 2): Got 0x00000000 vs 0x34563457: FAIL
32 (unaligned 3): Got 0x00000000 vs 0x57345634: FAIL
DMA0 16: Got 0x00000000 vs 0x0000FACE: FAIL
DMA0 16 (unaligned): Got 0x00000000 vs 0x0000FACE: FAIL
DMA0 32: Got 0x00000000 vs 0xFEEDFACE: FAIL
DMA0 32 (unaligned 1): Got 0x00000000 vs 0xFEEDFACE: FAIL
DMA0 32 (unaligned 2): Got 0x00000000 vs 0xFEEDFACE: FAIL
DMA0 32 (unaligned 3): Got 0x00000000 vs 0xFEEDFACE: FAIL
DMA1 16: Got 0x00000000 vs 0x00003456: FAIL
DMA1 16 (unaligned): Got 0x00000000 vs 0x00003456: FAIL
DMA1 32: Got 0x00000000 vs 0x34573456: FAIL
DMA1 32 (unaligned 1): Got 0x00000000 vs 0x34573456: FAIL
DMA1 32 (unaligned 2): Got 0x00000000 vs 0x34573456: FAIL
DMA1 32 (unaligned 3): Got 0x00000000 vs 0x34573456: FAIL
DMA2 16: Got 0x00000000 vs 0x00003456: FAIL
DMA2 16 (unaligned): Got 0x00000000 vs 0x00003456: FAIL
DMA2 32: Got 0x00000000 vs 0x34573456: FAIL
DMA2 32 (unaligned 1): Got 0x00000000 vs 0x34573456: FAIL
DMA2 32 (unaligned 2): Got 0x00000000 vs 0x34573456: FAIL
DMA2 32 (unaligned 3): Got 0x00000000 vs 0x34573456: FAIL
DMA3 16: Got 0x00000000 vs 0x00003456: FAIL
DMA3 16 (unaligned): Got 0x00000000 vs 0x00003456: FAIL
DMA3 32: Got 0x00000000 vs 0x34573456: FAIL
DMA3 32 (unaligned 1): Got 0x00000000 vs 0x34573456: FAIL
DMA3 32 (unaligned 2): Got 0x00000000 vs 0x34573456: FAIL
DMA3 32 (unaligned 3): Got 0x00000000 vs 0x34573456: FAIL
swi B 16: Got 0x00000000 vs 0x34573456: FAIL
swi B 16 (unaligned): Got 0x00000000 vs 0x00340034: FAIL
swi B 32: Got 0x00000000 vs 0x34573456: FAIL
swi B 32 (unaligned 1): Got 0x00000000 vs 0x34573456: FAIL
swi B 32 (unaligned 2): Got 0x00000000 vs 0x34573456: FAIL
swi B 32 (unaligned 3): Got 0x00000000 vs 0x34573456: FAIL
swi C 32: Got 0x00000000 vs 0x34573456: FAIL
swi C 32 (unaligned 1): Got 0x00000000 vs 0x34573456: FAIL
swi C 32 (unaligned 2): Got 0x00000000 vs 0x34573456: FAIL
swi C 32 (unaligned 3): Got 0x00000000 vs 0x34573456: FAIL
Memory test: IWRAM load
Memory test: IWRAM mirror load
Memory test: IWRAM store
Memory test: IWRAM mirror store
Memory test: EWRAM load
Memory test: EWRAM mirror load
Memory test: EWRAM store
Memory test: EWRAM mirror store
Memory test: Palette load
Memory test: Palette mirror load
Memory test: Palette store
Memory test: Palette mirror store
Memory test: VRAM load
Memory test: VRAM mirror load
Memory test: VRAM OBJ load
Memory test: VRAM OBJ mirror load
Memory test: VRAM OBJ mirror 2 load
Memory test: VRAM store
Memory test: VRAM mirror store
Memory test: VRAM OBJ store
Memory test: VRAM OBJ mirror store
Memory test: VRAM OBJ mirror 2 store
Memory test: OAM load
Memory test: OAM mirror load
Memory test: OAM store
Memory test: OAM mirror store
Memory test: SRAM load
swi B 32 (unaligned 1): Got 0x47474747 vs 0x61616161: FAIL
swi B 32 (unaligned 2): Got 0x47474747 vs 0x6D6D6D6D: FAIL
swi B 32 (unaligned 3): Got 0x47474747 vs 0x65656565: FAIL
swi C 32 (unaligned 1): Got 0x47474747 vs 0x61616161: FAIL
swi C 32 (unaligned 2): Got 0x47474747 vs 0x6D6D6D6D: FAIL
swi C 32 (unaligned 3): Got 0x47474747 vs 0x65656565: FAIL
Memory test: SRAM mirror load
swi B 16: Got 0x1CAD1CAD vs 0x6D6D4747: FAIL
swi B 16 (unaligned): Got 0x1CAD1CAD vs 0x00650061: FAIL
swi B 32: Got 0x1CAD1CAD vs 0x47474747: FAIL
swi B 32 (unaligned 1): Got 0x1CAD1CAD vs 0x61616161: FAIL
swi B 32 (unaligned 2): Got 0x1CAD1CAD vs 0x6D6D6D6D: FAIL
swi B 32 (unaligned 3): Got 0x1CAD1CAD vs 0x65656565: FAIL
swi C 32: Got 0xBAFFFFFB vs 0x47474747: FAIL
swi C 32 (unaligned 1): Got 0xBAFFFFFB vs 0x61616161: FAIL
swi C 32 (unaligned 2): Got 0xBAFFFFFB vs 0x6D6D6D6D: FAIL
swi C 32 (unaligned 3): Got 0xBAFFFFFB vs 0x65656565: FAIL
Memory test: SRAM store
DMA3 16 (unaligned): Got 0x66666666 vs 0xD8D8D8D8: FAIL
DMA3 32 (unaligned 1): Got 0x66666666 vs 0xD8D8D8D8: FAIL
DMA3 32 (unaligned 2): Got 0x66666666 vs 0xD8D8D8D8: FAIL
DMA3 32 (unaligned 3): Got 0x66666666 vs 0xD8D8D8D8: FAIL
swi B 32 (unaligned 1): Got 0xD8D8D8D8 vs 0x66666666: FAIL
swi B 32 (unaligned 2): Got 0xD8D8D8D8 vs 0x66666666: FAIL
swi B 32 (unaligned 3): Got 0xD8D8D8D8 vs 0x66666666: FAIL
swi C 32 (unaligned 1): Got 0xD8D8D8D8 vs 0x66666666: FAIL
swi C 32 (unaligned 2): Got 0xD8D8D8D8 vs 0x66666666: FAIL
swi C 32 (unaligned 3): Got 0xD8D8D8D8 vs 0x66666666: FAIL
Memory test: SRAM mirror store
DMA3 16 (unaligned): Got 0x66666666 vs 0xD8D8D8D8: FAIL
DMA3 32 (unaligned 1): Got 0x66666666 vs 0xD8D8D8D8: FAIL
DMA3 32 (unaligned 2): Got 0x66666666 vs 0xD8D8D8D8: FAIL
DMA3 32 (unaligned 3): Got 0x66666666 vs 0xD8D8D8D8: FAIL
swi B 32 (unaligned 1): Got 0xD8D8D8D8 vs 0x66666666: FAIL
swi B 32 (unaligned 2): Got 0xD8D8D8D8 vs 0x66666666: FAIL
swi B 32 (unaligned 3): Got 0xD8D8D8D8 vs 0x66666666: FAIL
swi C 32 (unaligned 1): Got 0xD8D8D8D8 vs 0x66666666: FAIL
swi C 32 (unaligned 2): Got 0xD8D8D8D8 vs 0x66666666: FAIL
swi C 32 (unaligned 3): Got 0xD8D8D8D8 vs 0x66666666: FAIL
Memory test: BIOS load
U8: Got 0x00000002 vs 0x00000004: FAIL
S8: Got 0x00000002 vs 0x00000004: FAIL
U16: Got 0x0000C002 vs 0x00002004: FAIL
U16 (unaligned): Got 0x020000C0 vs 0x04000020: FAIL
S16: Got 0xFFFFC002 vs 0x00002004: FAIL
S16 (unaligned): Got 0xFFFFFFC0 vs 0x00000020: FAIL
32: Got 0xE55EC002 vs 0xE3A02004: FAIL
32 (unaligned 1): Got 0x02E55EC0 vs 0x04E3A020: FAIL
32 (unaligned 2): Got 0xC002E55E vs 0x2004E3A0: FAIL
32 (unaligned 3): Got 0x5EC002E5 vs 0xA02004E3: FAIL
DMA0 16: Got 0x00000000 vs 0x0000FACE: FAIL
DMA0 16 (unaligned): Got 0x00000000 vs 0x0000FACE: FAIL
DMA0 32: Got 0x00000000 vs 0xFEEDFACE: FAIL
DMA0 32 (unaligned 1): Got 0x00000000 vs 0xFEEDFACE: FAIL
DMA0 32 (unaligned 2): Got 0x00000000 vs 0xFEEDFACE: FAIL
DMA0 32 (unaligned 3): Got 0x00000000 vs 0xFEEDFACE: FAIL
DMA1 16: Got 0x00000000 vs 0x0000FACE: FAIL
DMA1 16 (unaligned): Got 0x00000000 vs 0x0000FACE: FAIL
DMA1 32: Got 0x00000000 vs 0xFEEDFACE: FAIL
DMA1 32 (unaligned 1): Got 0x00000000 vs 0xFEEDFACE: FAIL
DMA1 32 (unaligned 2): Got 0x00000000 vs 0xFEEDFACE: FAIL
DMA1 32 (unaligned 3): Got 0x00000000 vs 0xFEEDFACE: FAIL
DMA2 16: Got 0x00000000 vs 0x0000FACE: FAIL
DMA2 16 (unaligned): Got 0x00000000 vs 0x0000FACE: FAIL
DMA2 32: Got 0x00000000 vs 0xFEEDFACE: FAIL
DMA2 32 (unaligned 1): Got 0x00000000 vs 0xFEEDFACE: FAIL
DMA2 32 (unaligned 2): Got 0x00000000 vs 0xFEEDFACE: FAIL
DMA2 32 (unaligned 3): Got 0x00000000 vs 0xFEEDFACE: FAIL
DMA3 16: Got 0x00000000 vs 0x0000FACE: FAIL
DMA3 16 (unaligned): Got 0x00000000 vs 0x0000FACE: FAIL
DMA3 32: Got 0x00000000 vs 0xFEEDFACE: FAIL
DMA3 32 (unaligned 1): Got 0x00000000 vs 0xFEEDFACE: FAIL
DMA3 32 (unaligned 2): Got 0x00000000 vs 0xFEEDFACE: FAIL
DMA3 32 (unaligned 3): Got 0x00000000 vs 0xFEEDFACE: FAIL
Memory test: BIOS out-of-bounds load
DMA0 16: Got 0x00000000 vs 0x0000FACE: FAIL
DMA0 16 (unaligned): Got 0x00000000 vs 0x0000FACE: FAIL
DMA0 32: Got 0x00000000 vs 0xFEEDFACE: FAIL
DMA0 32 (unaligned 1): Got 0x00000000 vs 0xFEEDFACE: FAIL
DMA0 32 (unaligned 2): Got 0x00000000 vs 0xFEEDFACE: FAIL
DMA0 32 (unaligned 3): Got 0x00000000 vs 0xFEEDFACE: FAIL
DMA1 16: Got 0x00000000 vs 0x0000FACE: FAIL
DMA1 16 (unaligned): Got 0x00000000 vs 0x0000FACE: FAIL
DMA1 32: Got 0x00000000 vs 0xFEEDFACE: FAIL
DMA1 32 (unaligned 1): Got 0x00000000 vs 0xFEEDFACE: FAIL
DMA1 32 (unaligned 2): Got 0x00000000 vs 0xFEEDFACE: FAIL
DMA1 32 (unaligned 3): Got 0x00000000 vs 0xFEEDFACE: FAIL
DMA2 16: Got 0x00000000 vs 0x0000FACE: FAIL
DMA2 16 (unaligned): Got 0x00000000 vs 0x0000FACE: FAIL
DMA2 32: Got 0x00000000 vs 0xFEEDFACE: FAIL
DMA2 32 (unaligned 1): Got 0x00000000 vs 0xFEEDFACE: FAIL
DMA2 32 (unaligned 2): Got 0x00000000 vs 0xFEEDFACE: FAIL
DMA2 32 (unaligned 3): Got 0x00000000 vs 0xFEEDFACE: FAIL
DMA3 16: Got 0x00000000 vs 0x0000FACE: FAIL
DMA3 16 (unaligned): Got 0x00000000 vs 0x0000FACE: FAIL
DMA3 32: Got 0x00000000 vs 0xFEEDFACE: FAIL
DMA3 32 (unaligned 1): Got 0x00000000 vs 0xFEEDFACE: FAIL
DMA3 32 (unaligned 2): Got 0x00000000 vs 0xFEEDFACE: FAIL
DMA3 32 (unaligned 3): Got 0x00000000 vs 0xFEEDFACE: FAIL
Memory test: Out-of-bounds load
DMA0 16: Got 0x00000000 vs 0x0000FACE: FAIL
DMA0 16 (unaligned): Got 0x00000000 vs 0x0000FACE: FAIL
DMA0 32: Got 0x00000000 vs 0xFEEDFACE: FAIL
DMA0 32 (unaligned 1): Got 0x00000000 vs 0xFEEDFACE: FAIL
DMA0 32 (unaligned 2): Got 0x00000000 vs 0xFEEDFACE: FAIL
DMA0 32 (unaligned 3): Got 0x00000000 vs 0xFEEDFACE: FAIL
DMA1 16: Got 0x00000000 vs 0x0000FACE: FAIL
DMA1 16 (unaligned): Got 0x00000000 vs 0x0000FACE: FAIL
DMA1 32: Got 0x00000000 vs 0xFEEDFACE: FAIL
DMA1 32 (unaligned 1): Got 0x00000000 vs 0xFEEDFACE: FAIL
DMA1 32 (unaligned 2): Got 0x00000000 vs 0xFEEDFACE: FAIL
DMA1 32 (unaligned 3): Got 0x00000000 vs 0xFEEDFACE: FAIL
DMA2 16: Got 0x00000000 vs 0x0000FACE: FAIL
DMA2 16 (unaligned): Got 0x00000000 vs 0x0000FACE: FAIL
DMA2 32: Got 0x00000000 vs 0xFEEDFACE: FAIL
DMA2 32 (unaligned 1): Got 0x00000000 vs 0xFEEDFACE: FAIL
DMA2 32 (unaligned 2): Got 0x00000000 vs 0xFEEDFACE: FAIL
DMA2 32 (unaligned 3): Got 0x00000000 vs 0xFEEDFACE: FAIL
DMA3 16: Got 0x00000000 vs 0x0000FACE: FAIL
DMA3 16 (unaligned): Got 0x00000000 vs 0x0000FACE: FAIL
DMA3 32: Got 0x00000000 vs 0xFEEDFACE: FAIL
DMA3 32 (unaligned 1): Got 0x00000000 vs 0xFEEDFACE: FAIL
DMA3 32 (unaligned 2): Got 0x00000000 vs 0xFEEDFACE: FAIL
DMA3 32 (unaligned 3): Got 0x00000000 vs 0xFEEDFACE: FAIL
Carry test: 0, 0 (.)
Carry test: 0, 0 (C)
Carry test: 0, 0x7FFFFFFF (.)
Carry test: 0, 0x7FFFFFFF (C)
Carry test: 0, 0x80000000 (.)
Carry test: 0, 0x80000000 (C)
Carry test: 0, 0xFFFFFFFF (.)
Carry test: 0, 0xFFFFFFFF (C)
Carry test: 0x7FFFFFFF, 0 (.)
Carry test: 0x7FFFFFFF, 0 (C)
Carry test: 0x7FFFFFFF, 0x7FFFFFFF (.)
Carry test: 0x7FFFFFFF, 0x7FFFFFFF (C)
Carry test: 0x7FFFFFFF, 0x80000000 (.)
Carry test: 0x7FFFFFFF, 0x80000000 (C)
Carry test: 0x7FFFFFFF, 0xFFFFFFFF (.)
Carry test: 0x80000000, 0 (.)
Carry test: 0x80000000, 0 (C)
Carry test: 0x80000000, 0x7FFFFFFF (.)
Carry test: 0x80000000, 0x7FFFFFFF (C)
Carry test: 0x80000000, 0x80000000 (.)
Carry test: 0x80000000, 0x80000000 (C)
Carry test: 0x80000000, 0xFFFFFFFF (.)
Carry test: 0x80000000, 0xFFFFFFFF (C)
Carry test: 0xFFFFFFFF, 0 (.)
Carry test: 0xFFFFFFFF, 0 (C)
Carry test: 0xFFFFFFFF, 0x7FFFFFFF (.)
Carry test: 0xFFFFFFFF, 0x7FFFFFFF (C)
Carry test: 0xFFFFFFFF, 0x80000000 (.)
Carry test: 0xFFFFFFFF, 0x80000000 (C)
Carry test: 0xFFFFFFFF, 0xFFFFFFFF (.)
Carry test: 0xFFFFFFFF, 0xFFFFFFFF (C)

--- Suite 08: Multiply long ---
Frames: 93
[sram]
Game Boy Advance Test Suite
===
Memory test: ROM load
DMA0 16: Got 0x00000000 vs 0x0000FACE: FAIL
DMA0 16 (unaligned): Got 0x00000000 vs 0x0000FACE: FAIL
DMA0 32: Got 0x00000000 vs 0xFEEDFACE: FAIL
DMA0 32 (unaligned 1): Got 0x00000000 vs 0xFEEDFACE: FAIL
DMA0 32 (unaligned 2): Got 0x00000000 vs 0xFEEDFACE: FAIL
DMA0 32 (unaligned 3): Got 0x00000000 vs 0xFEEDFACE: FAIL
Memory test: ROM store
Memory test: ROM out-of-bounds load
U8: Got 0x00000000 vs 0x00000056: FAIL
S8: Got 0x00000000 vs 0x00000056: FAIL
U16: Got 0x00000000 vs 0x00003456: FAIL
U16 (unaligned): Got 0x00000000 vs 0x56000034: FAIL
S16: Got 0x00000000 vs 0x00003456: FAIL
S16 (unaligned): Got 0x00000000 vs 0x00000034: FAIL
32: Got 0x00000000 vs 0x34573456: FAIL
32 (unaligned 1): Got 0x00000000 vs 0x56345734: FAIL
32 (unaligned 2): Got 0x00000000 vs 0x34563457: FAIL
32 (unaligned 3): Got 0x00000000 vs 0x57345634: FAIL
DMA0 16: Got 0x00000000 vs 0x0000FACE: FAIL
DMA0 16 (unaligned): Got 0x00000000 vs 0x0000FACE: FAIL
DMA0 32: Got 0x00000000 vs 0xFEEDFACE: FAIL
DMA0 32 (unaligned 1): Got 0x00000000 vs 0xFEEDFACE: FAIL
DMA0 32 (unaligned 2): Got 0x00000000 vs 0xFEEDFACE: FAIL
DMA0 32 (unaligned 3): Got 0x00000000 vs 0xFEEDFACE: FAIL
DMA1 16: Got 0x00000000 vs 0x00003456: FAIL
DMA1 16 (unaligned): Got 0x00000000 vs 0x00003456: FAIL
DMA1 32: Got 0x00000000 vs 0x34573456: FAIL
DMA1 32 (unaligned 1): Got 0x00000000 vs 0x34573456: FAIL
DMA1 32 (unaligned 2): Got 0x00000000 vs 0x34573456: FAIL
DMA1 32 (unaligned 3): Got 0x00000000 vs 0x34573456: FAIL
DMA2 16: Got 0x00000000 vs 0x00003456: FAIL
DMA2 16 (unaligned): Got 0x00000000 vs 0x00003456: FAIL
DMA2 32: Got 0x00000000 vs 0x34573456: FAIL
DMA2 32 (unaligned 1): Got 0x00000000 vs 0x34573456: FAIL
DMA2 32 (unaligned 2): Got 0x00000000 vs 0x34573456: FAIL
DMA2 32 (unaligned 3): Got 0x00000000 vs 0x34573456: FAIL
DMA3 16: Got 0x00000000 vs 0x00003456: FAIL
DMA3 16 (unaligned): Got 0x00000000 vs 0x00003456: FAIL
DMA3 32: Got 0x00000000 vs 0x34573456: FAIL
DMA3 32 (unaligned 1): Got 0x00000000 vs 0x34573456: FAIL
DMA3 32 (unaligned 2): Got 0x00000000 vs 0x34573456: FAIL
DMA3 32 (unaligned 3): Got 0x00000000 vs 0x34573456: FAIL
swi B 16: Got 0x00000000 vs 0x34573456: FAIL
swi B 16 (unaligned): Got 0x00000000 vs 0x00340034: FAIL
swi B 32: Got 0x00000000 vs 0x34573456: FAIL
swi B 32 (unaligned 1): Got 0x00000000 vs 0x34573456: FAIL
swi B 32 (unaligned 2): Got 0x00000000 vs 0x34573456: FAIL
swi B 32 (unaligned 3): Got 0x00000000 vs 0x34573456: FAIL
swi C 32: Got 0x00000000 vs 0x34573456: FAIL
swi C 32 (unaligned 1): Got 0x00000000 vs 0x34573456: FAIL
swi C 32 (unaligned 2): Got 0x00000000 vs 0x34573456: FAIL
swi C 32 (unaligned 3): Got 0x00000000 vs 0x34573456: FAIL
Memory test: IWRAM load
Memory test: IWRAM mirror load
Memory test: IWRAM store
Memory test: IWRAM mirror store
Memory test: EWRAM load
Memory test: EWRAM mirror load
Memory test: EWRAM store
Memory test: EWRAM mirror store
Memory test: Palette load
Memory test: Palette mirror load
Memory test: Palette store
Memory test: Palette mirror store
Memory test: VRAM load
Memory test: VRAM mirror load
Memory test: VRAM OBJ load
Memory test: VRAM OBJ mirror load
Memory test: VRAM OBJ mirror 2 load
Memory test: VRAM store
Memory test: VRAM mirror store
Memory test: VRAM OBJ store
Memory test: VRAM OBJ mirror store
Memory test: VRAM OBJ mirror 2 store
Memory test: OAM load
Memory test: OAM mirror load
Memory test: OAM store
Memory test: OAM mirror store
Memory test: SRAM load
swi B 32 (unaligned 1): Got 0x47474747 vs 0x61616161: FAIL
swi B 32 (unaligned 2): Got 0x47474747 vs 0x6D6D6D6D: FAIL
swi B 32 (unaligned 3): Got 0x47474747 vs 0x65656565: FAIL
swi C 32 (unaligned 1): Got 0x47474747 vs 0x61616161: FAIL
swi C 32 (unaligned 2): Got 0x47474747 vs 0x6D6D6D6D: FAIL
swi C 32 (unaligned 3): Got 0x47474747 vs 0x65656565: FAIL
Memory test: SRAM mirror load
swi B 16: Got 0x1CAD1CAD vs 0x6D6D4747: FAIL
swi B 16 (unaligned): Got 0x1CAD1CAD vs 0x00650061: FAIL
swi B 32: Got 0x1CAD1CAD vs 0x47474747: FAIL
swi B 32 (unaligned 1): Got 0x1CAD1CAD vs 0x61616161: FAIL
swi B 32 (unaligned 2): Got 0x1CAD1CAD vs 0x6D6D6D6D: FAIL
swi B 32 (unaligned 3): Got 0x1CAD1CAD vs 0x65656565: FAIL
swi C 32: Got 0xBAFFFFFB vs 0x47474747: FAIL
swi C 32 (unaligned 1): Got 0xBAFFFFFB vs 0x61616161: FAIL
swi C 32 (unaligned 2): Got 0xBAFFFFFB vs 0x6D6D6D6D: FAIL
swi C 32 (unaligned 3): Got 0xBAFFFFFB vs 0x65656565: FAIL
Memory test: SRAM store
DMA3 16 (unaligned): Got 0x66666666 vs 0xD8D8D8D8: FAIL
DMA3 32 (unaligned 1): Got 0x66666666 vs 0xD8D8D8D8: FAIL
DMA3 32 (unaligned 2): Got 0x66666666 vs 0xD8D8D8D8: FAIL
DMA3 32 (unaligned 3): Got 0x66666666 vs 0xD8D8D8D8: FAIL
swi B 32 (unaligned 1): Got 0xD8D8D8D8 vs 0x66666666: FAIL
swi B 32 (unaligned 2): Got 0xD8D8D8D8 vs 0x66666666: FAIL
swi B 32 (unaligned 3): Got 0xD8D8D8D8 vs 0x66666666: FAIL
swi C 32 (unaligned 1): Got 0xD8D8D8D8 vs 0x66666666: FAIL
swi C 32 (unaligned 2): Got 0xD8D8D8D8 vs 0x66666666: FAIL
swi C 32 (unaligned 3): Got 0xD8D8D8D8 vs 0x66666666: FAIL
Memory test: SRAM mirror store
DMA3 16 (unaligned): Got 0x66666666 vs 0xD8D8D8D8: FAIL
DMA3 32 (unaligned 1): Got 0x66666666 vs 0xD8D8D8D8: FAIL
DMA3 32 (unaligned 2): Got 0x66666666 vs 0xD8D8D8D8: FAIL
DMA3 32 (unaligned 3): Got 0x66666666 vs 0xD8D8D8D8: FAIL
swi B 32 (unaligned 1): Got 0xD8D8D8D8 vs 0x66666666: FAIL
swi B 32 (unaligned 2): Got 0xD8D8D8D8 vs 0x66666666: FAIL
swi B 32 (unaligned 3): Got 0xD8D8D8D8 vs 0x66666666: FAIL
swi C 32 (unaligned 1): Got 0xD8D8D8D8 vs 0x66666666: FAIL
swi C 32 (unaligned 2): Got 0xD8D8D8D8 vs 0x66666666: FAIL
swi C 32 (unaligned 3): Got 0xD8D8D8D8 vs 0x66666666: FAIL
Memory test: BIOS load
U8: Got 0x00000002 vs 0x00000004: FAIL
S8: Got 0x00000002 vs 0x00000004: FAIL
U16: Got 0x0000C002 vs 0x00002004: FAIL
U16 (unaligned): Got 0x020000C0 vs 0x04000020: FAIL
S16: Got 0xFFFFC002 vs 0x00002004: FAIL
S16 (unaligned): Got 0xFFFFFFC0 vs 0x00000020: FAIL
32: Got 0xE55EC002 vs 0xE3A02004: FAIL
32 (unaligned 1): Got 0x02E55EC0 vs 0x04E3A020: FAIL
32 (unaligned 2): Got 0xC002E55E vs 0x2004E3A0: FAIL
32 (unaligned 3): Got 0x5EC002E5 vs 0xA02004E3: FAIL
DMA0 16: Got 0x00000000 vs 0x0000FACE: FAIL
DMA0 16 (unaligned): Got 0x00000000 vs 0x0000FACE: FAIL
DMA0 32: Got 0x00000000 vs 0xFEEDFACE: FAIL
DMA0 32 (unaligned 1): Got 0x00000000 vs 0xFEEDFACE: FAIL
DMA0 32 (unaligned 2): Got 0x00000000 vs 0xFEEDFACE: FAIL
DMA0 32 (unaligned 3): Got 0x00000000 vs 0xFEEDFACE: FAIL
DMA1 16: Got 0x00000000 vs 0x0000FACE: FAIL
DMA1 16 (unaligned): Got 0x00000000 vs 0x0000FACE: FAIL
DMA1 32: Got 0x00000000 vs 0xFEEDFACE: FAIL
DMA1 32 (unaligned 1): Got 0x00000000 vs 0xFEEDFACE: FAIL
DMA1 32 (unaligned 2): Got 0x00000000 vs 0xFEEDFACE: FAIL
DMA1 32 (unaligned 3): Got 0x00000000 vs 0xFEEDFACE: FAIL
DMA2 16: Got 0x00000000 vs 0x0000FACE: FAIL
DMA2 16 (unaligned): Got 0x00000000 vs 0x0000FACE: FAIL
DMA2 32: Got 0x00000000 vs 0xFEEDFACE: FAIL
DMA2 32 (unaligned 1): Got 0x00000000 vs 0xFEEDFACE: FAIL
DMA2 32 (unaligned 2): Got 0x00000000 vs 0xFEEDFACE: FAIL
DMA2 32 (unaligned 3): Got 0x00000000 vs 0xFEEDFACE: FAIL
DMA3 16: Got 0x00000000 vs 0x0000FACE: FAIL
DMA3 16 (unaligned): Got 0x00000000 vs 0x0000FACE: FAIL
DMA3 32: Got 0x00000000 vs 0xFEEDFACE: FAIL
DMA3 32 (unaligned 1): Got 0x00000000 vs 0xFEEDFACE: FAIL
DMA3 32 (unaligned 2): Got 0x00000000 vs 0xFEEDFACE: FAIL
DMA3 32 (unaligned 3): Got 0x00000000 vs 0xFEEDFACE: FAIL
Memory test: BIOS out-of-bounds load
DMA0 16: Got 0x00000000 vs 0x0000FACE: FAIL
DMA0 16 (unaligned): Got 0x00000000 vs 0x0000FACE: FAIL
DMA0 32: Got 0x00000000 vs 0xFEEDFACE: FAIL
DMA0 32 (unaligned 1): Got 0x00000000 vs 0xFEEDFACE: FAIL
DMA0 32 (unaligned 2): Got 0x00000000 vs 0xFEEDFACE: FAIL
DMA0 32 (unaligned 3): Got 0x00000000 vs 0xFEEDFACE: FAIL
DMA1 16: Got 0x00000000 vs 0x0000FACE: FAIL
DMA1 16 (unaligned): Got 0x00000000 vs 0x0000FACE: FAIL
DMA1 32: Got 0x00000000 vs 0xFEEDFACE: FAIL
DMA1 32 (unaligned 1): Got 0x00000000 vs 0xFEEDFACE: FAIL
DMA1 32 (unaligned 2): Got 0x00000000 vs 0xFEEDFACE: FAIL
DMA1 32 (unaligned 3): Got 0x00000000 vs 0xFEEDFACE: FAIL
DMA2 16: Got 0x00000000 vs 0x0000FACE: FAIL
DMA2 16 (unaligned): Got 0x00000000 vs 0x0000FACE: FAIL
DMA2 32: Got 0x00000000 vs 0xFEEDFACE: FAIL
DMA2 32 (unaligned 1): Got 0x00000000 vs 0xFEEDFACE: FAIL
DMA2 32 (unaligned 2): Got 0x00000000 vs 0xFEEDFACE: FAIL
DMA2 32 (unaligned 3): Got 0x00000000 vs 0xFEEDFACE: FAIL
DMA3 16: Got 0x00000000 vs 0x0000FACE: FAIL
DMA3 16 (unaligned): Got 0x00000000 vs 0x0000FACE: FAIL
DMA3 32: Got 0x00000000 vs 0xFEEDFACE: FAIL
DMA3 32 (unaligned 1): Got 0x00000000 vs 0xFEEDFACE: FAIL
DMA3 32 (unaligned 2): Got 0x00000000 vs 0xFEEDFACE: FAIL
DMA3 32 (unaligned 3): Got 0x00000000 vs 0xFEEDFACE: FAIL
Memory test: Out-of-bounds load
DMA0 16: Got 0x00000000 vs 0x0000FACE: FAIL
DMA0 16 (unaligned): Got 0x00000000 vs 0x0000FACE: FAIL
DMA0 32: Got 0x00000000 vs 0xFEEDFACE: FAIL
DMA0 32 (unaligned 1): Got 0x00000000 vs 0xFEEDFACE: FAIL
DMA0 32 (unaligned 2): Got 0x00000000 vs 0xFEEDFACE: FAIL
DMA0 32 (unaligned 3): Got 0x00000000 vs 0xFEEDFACE: FAIL
DMA1 16: Got 0x00000000 vs 0x0000FACE: FAIL
DMA1 16 (unaligned): Got 0x00000000 vs 0x0000FACE: FAIL
DMA1 32: Got 0x00000000 vs 0xFEEDFACE: FAIL
DMA1 32 (unaligned 1): Got 0x00000000 vs 0xFEEDFACE: FAIL
DMA1 32 (unaligned 2): Got 0x00000000 vs 0xFEEDFACE: FAIL
DMA1 32 (unaligned 3): Got 0x00000000 vs 0xFEEDFACE: FAIL
DMA2 16: Got 0x00000000 vs 0x0000FACE: FAIL
DMA2 16 (unaligned): Got 0x00000000 vs 0x0000FACE: FAIL
DMA2 32: Got 0x00000000 vs 0xFEEDFACE: FAIL
DMA2 32 (unaligned 1): Got 0x00000000 vs 0xFEEDFACE: FAIL
DMA2 32 (unaligned 2): Got 0x00000000 vs 0xFEEDFACE: FAIL
DMA2 32 (unaligned 3): Got 0x00000000 vs 0xFEEDFACE: FAIL
DMA3 16: Got 0x00000000 vs 0x0000FACE: FAIL
DMA3 16 (unaligned): Got 0x00000000 vs 0x0000FACE: FAIL
DMA3 32: Got 0x00000000 vs 0xFEEDFACE: FAIL
DMA3 32 (unaligned 1): Got 0x00000000 vs 0xFEEDFACE: FAIL
DMA3 32 (unaligned 2): Got 0x00000000 vs 0xFEEDFACE: FAIL
DMA3 32 (unaligned 3): Got 0x00000000 vs 0xFEEDFACE: FAIL
Multiply Long test:   0 *   0
Multiply Long test:   1 *   0
Multiply Long test:  -1 *   0
Multiply Long test: $7F *   0
Multiply Long test: $80 *   0
Multiply Long test: $81 *   0
Multiply Long test:   0 *   1
Multiply Long test:   1 *   1
Multiply Long test:  -1 *   1
Multiply Long test: $7F *   1
Multiply Long test: $80 *   1
Multiply Long test: $81 *   1
Multiply Long test:   0 *  -1
Multiply Long test:   1 *  -1
Multiply Long test:  -1 *  -1
umulls: Got FFFFFFFE:00000001 (CSPR 8) vs FFFFFFFE:00000001 (CSPR A): FAIL
Multiply Long test: $7F *  -1
umulls: Got 7FFFFFFE:80000001 (CSPR 0) vs 7FFFFFFE:80000001 (CSPR 2): FAIL
Multiply Long test: $80 *  -1
Multiply Long test: $81 *  -1
Multiply Long test:   0 * $7F
Multiply Long test:   1 * $7F
Multiply Long test:  -1 * $7F
smulls: Got FFFFFFFF:80000001 (CSPR 8) vs FFFFFFFF:80000001 (CSPR A): FAIL
umulls: Got 7FFFFFFE:80000001 (CSPR 0) vs 7FFFFFFE:80000001 (CSPR 2): FAIL
Multiply Long test: $7F * $7F
Multiply Long test: $80 * $7F
smulls: Got C0000000:80000000 (CSPR 8) vs C0000000:80000000 (CSPR A): FAIL
umulls: Got 3FFFFFFF:80000000 (CSPR 0) vs 3FFFFFFF:80000000 (CSPR 2): FAIL
Multiply Long test: $81 * $7F
smulls: Got C0000000:FFFFFFFF (CSPR 8) vs C0000000:FFFFFFFF (CSPR A): FAIL
umulls: Got 3FFFFFFF:FFFFFFFF (CSPR 0) vs 3FFFFFFF:FFFFFFFF (CSPR 2): FAIL
Multiply Long test:   0 * $80
smulls: Got 00000000:00000000 (CSPR 4) vs 00000000:00000000 (CSPR 6): FAIL
Multiply Long test:   1 * $80
smulls: Got FFFFFFFF:80000000 (CSPR 8) vs FFFFFFFF:80000000 (CSPR A): FAIL
Multiply Long test:  -1 * $80
umulls: Got 7FFFFFFF:80000000 (CSPR 0) vs 7FFFFFFF:80000000 (CSPR 2): FAIL
Multiply Long test: $7F * $80
smulls: Got C0000000:80000000 (CSPR 8) vs C0000000:80000000 (CSPR A): FAIL
Multiply Long test: $80 * $80
umulls: Got 40000000:00000000 (CSPR 0) vs 40000000:00000000 (CSPR 2): FAIL
Multiply Long test: $81 * $80
umulls: Got 40000000:80000000 (CSPR 0) vs 40000000:80000000 (CSPR 2): FAIL
Multiply Long test:   0 * $81
smulls: Got 00000000:00000000 (CSPR 4) vs 00000000:00000000 (CSPR 6): FAIL
Multiply Long test:   1 * $81
smulls: Got FFFFFFFF:80000001 (CSPR 8) vs FFFFFFFF:80000001 (CSPR A): FAIL
Multiply Long test:  -1 * $81
umulls: Got 80000000:7FFFFFFF (CSPR 8) vs 80000000:7FFFFFFF (CSPR A): FAIL
Multiply Long test: $7F * $81
smulls: Got C0000000:FFFFFFFF (CSPR 8) vs C0000000:FFFFFFFF (CSPR A): FAIL
Multiply Long test: $80 * $81
umulls: Got 40000000:80000000 (CSPR 0) vs 40000000:80000000 (CSPR 2): FAIL
Multiply Long test: $81 * $81
umulls: Got 40000001:00000001 (CSPR 0) vs 40000001:00000001 (CSPR 2): FAIL

--- Suite 09: BIOS math ---
Frames: 97
[sram]
Game Boy Advance Test Suite
===
Memory test: ROM load
DMA0 16: Got 0x00000000 vs 0x0000FACE: FAIL
DMA0 16 (unaligned): Got 0x00000000 vs 0x0000FACE: FAIL
DMA0 32: Got 0x00000000 vs 0xFEEDFACE: FAIL
DMA0 32 (unaligned 1): Got 0x00000000 vs 0xFEEDFACE: FAIL
DMA0 32 (unaligned 2): Got 0x00000000 vs 0xFEEDFACE: FAIL
DMA0 32 (unaligned 3): Got 0x00000000 vs 0xFEEDFACE: FAIL
Memory test: ROM store
Memory test: ROM out-of-bounds load
U8: Got 0x00000000 vs 0x00000056: FAIL
S8: Got 0x00000000 vs 0x00000056: FAIL
U16: Got 0x00000000 vs 0x00003456: FAIL
U16 (unaligned): Got 0x00000000 vs 0x56000034: FAIL
S16: Got 0x00000000 vs 0x00003456: FAIL
S16 (unaligned): Got 0x00000000 vs 0x00000034: FAIL
32: Got 0x00000000 vs 0x34573456: FAIL
32 (unaligned 1): Got 0x00000000 vs 0x56345734: FAIL
32 (unaligned 2): Got 0x00000000 vs 0x34563457: FAIL
32 (unaligned 3): Got 0x00000000 vs 0x57345634: FAIL
DMA0 16: Got 0x00000000 vs 0x0000FACE: FAIL
DMA0 16 (unaligned): Got 0x00000000 vs 0x0000FACE: FAIL
DMA0 32: Got 0x00000000 vs 0xFEEDFACE: FAIL
DMA0 32 (unaligned 1): Got 0x00000000 vs 0xFEEDFACE: FAIL
DMA0 32 (unaligned 2): Got 0x00000000 vs 0xFEEDFACE: FAIL
DMA0 32 (unaligned 3): Got 0x00000000 vs 0xFEEDFACE: FAIL
DMA1 16: Got 0x00000000 vs 0x00003456: FAIL
DMA1 16 (unaligned): Got 0x00000000 vs 0x00003456: FAIL
DMA1 32: Got 0x00000000 vs 0x34573456: FAIL
DMA1 32 (unaligned 1): Got 0x00000000 vs 0x34573456: FAIL
DMA1 32 (unaligned 2): Got 0x00000000 vs 0x34573456: FAIL
DMA1 32 (unaligned 3): Got 0x00000000 vs 0x34573456: FAIL
DMA2 16: Got 0x00000000 vs 0x00003456: FAIL
DMA2 16 (unaligned): Got 0x00000000 vs 0x00003456: FAIL
DMA2 32: Got 0x00000000 vs 0x34573456: FAIL
DMA2 32 (unaligned 1): Got 0x00000000 vs 0x34573456: FAIL
DMA2 32 (unaligned 2): Got 0x00000000 vs 0x34573456: FAIL
DMA2 32 (unaligned 3): Got 0x00000000 vs 0x34573456: FAIL
DMA3 16: Got 0x00000000 vs 0x00003456: FAIL
DMA3 16 (unaligned): Got 0x00000000 vs 0x00003456: FAIL
DMA3 32: Got 0x00000000 vs 0x34573456: FAIL
DMA3 32 (unaligned 1): Got 0x00000000 vs 0x34573456: FAIL
DMA3 32 (unaligned 2): Got 0x00000000 vs 0x34573456: FAIL
DMA3 32 (unaligned 3): Got 0x00000000 vs 0x34573456: FAIL
swi B 16: Got 0x00000000 vs 0x34573456: FAIL
swi B 16 (unaligned): Got 0x00000000 vs 0x00340034: FAIL
swi B 32: Got 0x00000000 vs 0x34573456: FAIL
swi B 32 (unaligned 1): Got 0x00000000 vs 0x34573456: FAIL
swi B 32 (unaligned 2): Got 0x00000000 vs 0x34573456: FAIL
swi B 32 (unaligned 3): Got 0x00000000 vs 0x34573456: FAIL
swi C 32: Got 0x00000000 vs 0x34573456: FAIL
swi C 32 (unaligned 1): Got 0x00000000 vs 0x34573456: FAIL
swi C 32 (unaligned 2): Got 0x00000000 vs 0x34573456: FAIL
swi C 32 (unaligned 3): Got 0x00000000 vs 0x34573456: FAIL
Memory test: IWRAM load
Memory test: IWRAM mirror load
Memory test: IWRAM store
Memory test: IWRAM mirror store
Memory test: EWRAM load
Memory test: EWRAM mirror load
Memory test: EWRAM store
Memory test: EWRAM mirror store
Memory test: Palette load
Memory test: Palette mirror load
Memory test: Palette store
Memory test: Palette mirror store
Memory test: VRAM load
Memory test: VRAM mirror load
Memory test: VRAM OBJ load
Memory test: VRAM OBJ mirror load
Memory test: VRAM OBJ mirror 2 load
Memory test: VRAM store
Memory test: VRAM mirror store
Memory test: VRAM OBJ store
Memory test: VRAM OBJ mirror store
Memory test: VRAM OBJ mirror 2 store
Memory test: OAM load
Memory test: OAM mirror load
Memory test: OAM store
Memory test: OAM mirror store
Memory test: SRAM load
swi B 32 (unaligned 1): Got 0x47474747 vs 0x61616161: FAIL
swi B 32 (unaligned 2): Got 0x47474747 vs 0x6D6D6D6D: FAIL
swi B 32 (unaligned 3): Got 0x47474747 vs 0x65656565: FAIL
swi C 32 (unaligned 1): Got 0x47474747 vs 0x61616161: FAIL
swi C 32 (unaligned 2): Got 0x47474747 vs 0x6D6D6D6D: FAIL
swi C 32 (unaligned 3): Got 0x47474747 vs 0x65656565: FAIL
Memory test: SRAM mirror load
swi B 16: Got 0x1CAD1CAD vs 0x6D6D4747: FAIL
swi B 16 (unaligned): Got 0x1CAD1CAD vs 0x00650061: FAIL
swi B 32: Got 0x1CAD1CAD vs 0x47474747: FAIL
swi B 32 (unaligned 1): Got 0x1CAD1CAD vs 0x61616161: FAIL
swi B 32 (unaligned 2): Got 0x1CAD1CAD vs 0x6D6D6D6D: FAIL
swi B 32 (unaligned 3): Got 0x1CAD1CAD vs 0x65656565: FAIL
swi C 32: Got 0xBAFFFFFB vs 0x47474747: FAIL
swi C 32 (unaligned 1): Got 0xBAFFFFFB vs 0x61616161: FAIL
swi C 32 (unaligned 2): Got 0xBAFFFFFB vs 0x6D6D6D6D: FAIL
swi C 32 (unaligned 3): Got 0xBAFFFFFB vs 0x65656565: FAIL
Memory test: SRAM store
DMA3 16 (unaligned): Got 0x66666666 vs 0xD8D8D8D8: FAIL
DMA3 32 (unaligned 1): Got 0x66666666 vs 0xD8D8D8D8: FAIL
DMA3 32 (unaligned 2): Got 0x66666666 vs 0xD8D8D8D8: FAIL
DMA3 32 (unaligned 3): Got 0x66666666 vs 0xD8D8D8D8: FAIL
swi B 32 (unaligned 1): Got 0xD8D8D8D8 vs 0x66666666: FAIL
swi B 32 (unaligned 2): Got 0xD8D8D8D8 vs 0x66666666: FAIL
swi B 32 (unaligned 3): Got 0xD8D8D8D8 vs 0x66666666: FAIL
swi C 32 (unaligned 1): Got 0xD8D8D8D8 vs 0x66666666: FAIL
swi C 32 (unaligned 2): Got 0xD8D8D8D8 vs 0x66666666: FAIL
swi C 32 (unaligned 3): Got 0xD8D8D8D8 vs 0x66666666: FAIL
Memory test: SRAM mirror store
DMA3 16 (unaligned): Got 0x66666666 vs 0xD8D8D8D8: FAIL
DMA3 32 (unaligned 1): Got 0x66666666 vs 0xD8D8D8D8: FAIL
DMA3 32 (unaligned 2): Got 0x66666666 vs 0xD8D8D8D8: FAIL
DMA3 32 (unaligned 3): Got 0x66666666 vs 0xD8D8D8D8: FAIL
swi B 32 (unaligned 1): Got 0xD8D8D8D8 vs 0x66666666: FAIL
swi B 32 (unaligned 2): Got 0xD8D8D8D8 vs 0x66666666: FAIL
swi B 32 (unaligned 3): Got 0xD8D8D8D8 vs 0x66666666: FAIL
swi C 32 (unaligned 1): Got 0xD8D8D8D8 vs 0x66666666: FAIL
swi C 32 (unaligned 2): Got 0xD8D8D8D8 vs 0x66666666: FAIL
swi C 32 (unaligned 3): Got 0xD8D8D8D8 vs 0x66666666: FAIL
Memory test: BIOS load
U8: Got 0x00000002 vs 0x00000004: FAIL
S8: Got 0x00000002 vs 0x00000004: FAIL
U16: Got 0x0000C002 vs 0x00002004: FAIL
U16 (unaligned): Got 0x020000C0 vs 0x04000020: FAIL
S16: Got 0xFFFFC002 vs 0x00002004: FAIL
S16 (unaligned): Got 0xFFFFFFC0 vs 0x00000020: FAIL
32: Got 0xE55EC002 vs 0xE3A02004: FAIL
32 (unaligned 1): Got 0x02E55EC0 vs 0x04E3A020: FAIL
32 (unaligned 2): Got 0xC002E55E vs 0x2004E3A0: FAIL
32 (unaligned 3): Got 0x5EC002E5 vs 0xA02004E3: FAIL
DMA0 16: Got 0x00000000 vs 0x0000FACE: FAIL
DMA0 16 (unaligned): Got 0x00000000 vs 0x0000FACE: FAIL
DMA0 32: Got 0x00000000 vs 0xFEEDFACE: FAIL
DMA0 32 (unaligned 1): Got 0x00000000 vs 0xFEEDFACE: FAIL
DMA0 32 (unaligned 2): Got 0x00000000 vs 0xFEEDFACE: FAIL
DMA0 32 (unaligned 3): Got 0x00000000 vs 0xFEEDFACE: FAIL
DMA1 16: Got 0x00000000 vs 0x0000FACE: FAIL
DMA1 16 (unaligned): Got 0x00000000 vs 0x0000FACE: FAIL
DMA1 32: Got 0x00000000 vs 0xFEEDFACE: FAIL
DMA1 32 (unaligned 1): Got 0x00000000 vs 0xFEEDFACE: FAIL
DMA1 32 (unaligned 2): Got 0x00000000 vs 0xFEEDFACE: FAIL
DMA1 32 (unaligned 3): Got 0x00000000 vs 0xFEEDFACE: FAIL
DMA2 16: Got 0x00000000 vs 0x0000FACE: FAIL
DMA2 16 (unaligned): Got 0x00000000 vs 0x0000FACE: FAIL
DMA2 32: Got 0x00000000 vs 0xFEEDFACE: FAIL
DMA2 32 (unaligned 1): Got 0x00000000 vs 0xFEEDFACE: FAIL
DMA2 32 (unaligned 2): Got 0x00000000 vs 0xFEEDFACE: FAIL
DMA2 32 (unaligned 3): Got 0x00000000 vs 0xFEEDFACE: FAIL
DMA3 16: Got 0x00000000 vs 0x0000FACE: FAIL
DMA3 16 (unaligned): Got 0x00000000 vs 0x0000FACE: FAIL
DMA3 32: Got 0x00000000 vs 0xFEEDFACE: FAIL
DMA3 32 (unaligned 1): Got 0x00000000 vs 0xFEEDFACE: FAIL
DMA3 32 (unaligned 2): Got 0x00000000 vs 0xFEEDFACE: FAIL
DMA3 32 (unaligned 3): Got 0x00000000 vs 0xFEEDFACE: FAIL
Memory test: BIOS out-of-bounds load
DMA0 16: Got 0x00000000 vs 0x0000FACE: FAIL
DMA0 16 (unaligned): Got 0x00000000 vs 0x0000FACE: FAIL
DMA0 32: Got 0x00000000 vs 0xFEEDFACE: FAIL
DMA0 32 (unaligned 1): Got 0x00000000 vs 0xFEEDFACE: FAIL
DMA0 32 (unaligned 2): Got 0x00000000 vs 0xFEEDFACE: FAIL
DMA0 32 (unaligned 3): Got 0x00000000 vs 0xFEEDFACE: FAIL
DMA1 16: Got 0x00000000 vs 0x0000FACE: FAIL
DMA1 16 (unaligned): Got 0x00000000 vs 0x0000FACE: FAIL
DMA1 32: Got 0x00000000 vs 0xFEEDFACE: FAIL
DMA1 32 (unaligned 1): Got 0x00000000 vs 0xFEEDFACE: FAIL
DMA1 32 (unaligned 2): Got 0x00000000 vs 0xFEEDFACE: FAIL
DMA1 32 (unaligned 3): Got 0x00000000 vs 0xFEEDFACE: FAIL
DMA2 16: Got 0x00000000 vs 0x0000FACE: FAIL
DMA2 16 (unaligned): Got 0x00000000 vs 0x0000FACE: FAIL
DMA2 32: Got 0x00000000 vs 0xFEEDFACE: FAIL
DMA2 32 (unaligned 1): Got 0x00000000 vs 0xFEEDFACE: FAIL
DMA2 32 (unaligned 2): Got 0x00000000 vs 0xFEEDFACE: FAIL
DMA2 32 (unaligned 3): Got 0x00000000 vs 0xFEEDFACE: FAIL
DMA3 16: Got 0x00000000 vs 0x0000FACE: FAIL
DMA3 16 (unaligned): Got 0x00000000 vs 0x0000FACE: FAIL
DMA3 32: Got 0x00000000 vs 0xFEEDFACE: FAIL
DMA3 32 (unaligned 1): Got 0x00000000 vs 0xFEEDFACE: FAIL
DMA3 32 (unaligned 2): Got 0x00000000 vs 0xFEEDFACE: FAIL
DMA3 32 (unaligned 3): Got 0x00000000 vs 0xFEEDFACE: FAIL
Memory test: Out-of-bounds load
DMA0 16: Got 0x00000000 vs 0x0000FACE: FAIL
DMA0 16 (unaligned): Got 0x00000000 vs 0x0000FACE: FAIL
DMA0 32: Got 0x00000000 vs 0xFEEDFACE: FAIL
DMA0 32 (unaligned 1): Got 0x00000000 vs 0xFEEDFACE: FAIL
DMA0 32 (unaligned 2): Got 0x00000000 vs 0xFEEDFACE: FAIL
DMA0 32 (unaligned 3): Got 0x00000000 vs 0xFEEDFACE: FAIL
DMA1 16: Got 0x00000000 vs 0x0000FACE: FAIL
DMA1 16 (unaligned): Got 0x00000000 vs 0x0000FACE: FAIL
DMA1 32: Got 0x00000000 vs 0xFEEDFACE: FAIL
DMA1 32 (unaligned 1): Got 0x00000000 vs 0xFEEDFACE: FAIL
DMA1 32 (unaligned 2): Got 0x00000000 vs 0xFEEDFACE: FAIL
DMA1 32 (unaligned 3): Got 0x00000000 vs 0xFEEDFACE: FAIL
DMA2 16: Got 0x00000000 vs 0x0000FACE: FAIL
DMA2 16 (unaligned): Got 0x00000000 vs 0x0000FACE: FAIL
DMA2 32: Got 0x00000000 vs 0xFEEDFACE: FAIL
DMA2 32 (unaligned 1): Got 0x00000000 vs 0xFEEDFACE: FAIL
DMA2 32 (unaligned 2): Got 0x00000000 vs 0xFEEDFACE: FAIL
DMA2 32 (unaligned 3): Got 0x00000000 vs 0xFEEDFACE: FAIL
DMA3 16: Got 0x00000000 vs 0x0000FACE: FAIL
DMA3 16 (unaligned): Got 0x00000000 vs 0x0000FACE: FAIL
DMA3 32: Got 0x00000000 vs 0xFEEDFACE: FAIL
DMA3 32 (unaligned 1): Got 0x00000000 vs 0xFEEDFACE: FAIL
DMA3 32 (unaligned 2): Got 0x00000000 vs 0xFEEDFACE: FAIL
DMA3 32 (unaligned 3): Got 0x00000000 vs 0xFEEDFACE: FAIL
Math test: ArcTan 00000000
Math test: ArcTan 00000001
Math test: ArcTan 00003FFF
Math test: ArcTan 00004000
Math test: ArcTan 00004001
Math test: ArcTan 00007FFF
Math test: ArcTan 00008000
Math test: ArcTan 00008001
Math test: ArcTan 0000BFFF
r0: Got FFFFABF1 vs 00001F64: FAIL
r1: Got FFFDC006 vs 0001C006: FAIL
r3: Got 0000E543 vs 00017F33: FAIL
Math test: ArcTan 0000C000
r0: Got FFFF9D60 vs FFFFC360: FAIL
r1: Got FFFDC000 vs 0001C000: FAIL
r3: Got FFFF7C80 vs 00010480: FAIL
Math test: ArcTan 0000C001
r0: Got 00001561 vs FFFFD550: FAIL
r1: Got FFFDBFFA vs 0001BFFA: FAIL
r3: Got FFFEC72E vs 000271BD: FAIL
Math test: ArcTan 0000FFFF
r0: Got 0000334B vs FFFFA2FE: FAIL
r1: Got FFFC0008 vs 00000008: FAIL
r3: Got FFFF334B vs 0000A2FF: FAIL
Math test: ArcTan FFFF0000
Math test: ArcTan FFFF0001
r0: Got FFFFCCB4 vs 00005D01: FAIL
r1: Got FFFC0008 vs 00000008: FAIL
r3: Got FFFF334B vs 0000A2FF: FAIL
Math test: ArcTan FFFF3FFF
r0: Got FFFFEA9E vs 00002AAF: FAIL
r1: Got FFFDBFFA vs 0001BFFA: FAIL
r3: Got FFFEC72E vs 000271BD: FAIL
Math test: ArcTan FFFF4000
r0: Got 000062A0 vs 00003CA0: FAIL
r1: Got FFFDC000 vs 0001C000: FAIL
r3: Got FFFF7C80 vs 00010480: FAIL
Math test: ArcTan FFFF4001
r0: Got 0000540E vs FFFFE09B: FAIL
r1: Got FFFDC006 vs 0001C006: FAIL
r3: Got 0000E543 vs 00017F33: FAIL
Math test: ArcTan FFFF7FFF
Math test: ArcTan FFFF8000
Math test: ArcTan FFFF8001
Math test: ArcTan FFFFBFFF
Math test: ArcTan FFFFC000
Math test: ArcTan FFFFC001
Math test: ArcTan FFFFFFFF
Math test: ArcTan2 00000000,00000000
Math test: ArcTan2 00000001,00000000
Math test: ArcTan2 00003FFF,00000000
Math test: ArcTan2 00004000,00000000
Math test: ArcTan2 00004001,00000000
Math test: ArcTan2 00007FFF,00000000
Math test: ArcTan2 00008000,00000000
Math test: ArcTan2 00008001,00000000
Math test: ArcTan2 0000BFFF,00000000
Math test: ArcTan2 0000C000,00000000
Math test: ArcTan2 0000C001,00000000
Math test: ArcTan2 0000FFFF,00000000
Math test: ArcTan2 FFFF0000,00000000
Math test: ArcTan2 FFFF0001,00000000
Math test: ArcTan2 FFFF3FFF,00000000
Math test: ArcTan2 FFFF4000,00000000
Math test: ArcTan2 FFFF4001,00000000
Math test: ArcTan2 FFFF7FFF,00000000
Math test: ArcTan2 FFFF8000,00000000
Math test: ArcTan2 FFFF8001,00000000
Math test: ArcTan2 FFFFBFFF,00000000
Math test: ArcTan2 FFFFC000,00000000
Math test: ArcTan2 FFFFC001,00000000
Math test: ArcTan2 FFFFFFFF,00000000
Math test: ArcTan2 00000000,00000001
Math test: ArcTan2 00000001,00000001
Math test: ArcTan2 00004000,00000001
Math test: ArcTan2 00008000,00000001
Math test: ArcTan2 0000C000,00000001
Math test: ArcTan2 0000FFFF,00000001
Math test: ArcTan2 FFFF0000,00000001
Math test: ArcTan2 FFFF4000,00000001
Math test: ArcTan2 FFFF8000,00000001
Math test: ArcTan2 FFFFC000,00000001
Math test: ArcTan2 FFFFFFFF,00000001
Math test: ArcTan2 00000000,00004000
Math test: ArcTan2 00000001,00004000
Math test: ArcTan2 00004000,00004000
Math test: ArcTan2 00008000,00004000
Math test: ArcTan2 0000C000,00004000
Math test: ArcTan2 0000FFFF,00004000
Math test: ArcTan2 FFFF0000,00004000
Math test: ArcTan2 FFFF0001,00004000
Math test: ArcTan2 FFFF4000,00004000
Math test: ArcTan2 FFFF8000,00004000
Math test: ArcTan2 FFFFC000,00004000
Math test: ArcTan2 FFFFFFFF,00004000
Math test: ArcTan2 00000000,00008000
Math test: ArcTan2 00000001,00008000
Math test: ArcTan2 00004000,00008000
Math test: ArcTan2 00008000,00008000
Math test: ArcTan2 0000C000,00008000
Math test: ArcTan2 0000FFFF,00008000
Math test: ArcTan2 FFFF0000,00008000
Math test: ArcTan2 FFFF0001,00008000
Math test: ArcTan2 FFFF4000,00008000
Math test: ArcTan2 FFFF8000,00008000
Math test: ArcTan2 FFFFC000,00008000
Math test: ArcTan2 FFFFFFFF,00008000
Math test: ArcTan2 00000000,0000C000
Math test: ArcTan2 00000001,0000C000
Math test: ArcTan2 00004000,0000C000
Math test: ArcTan2 00008000,0000C000
Math test: ArcTan2 0000C000,0000C000
Math test: ArcTan2 0000FFFF,0000C000
Math test: ArcTan2 FFFF0000,0000C000
Math test: ArcTan2 FFFF0001,0000C000
Math test: ArcTan2 FFFF4000,0000C000
Math test: ArcTan2 FFFF8000,0000C000
Math test: ArcTan2 FFFFC000,0000C000
Math test: ArcTan2 FFFFFFFF,0000C000
Math test: ArcTan2 00000000,00010000
Math test: ArcTan2 00000001,00010000
Math test: ArcTan2 00004000,00010000
Math test: ArcTan2 00008000,00010000
Math test: ArcTan2 0000C000,00010000
Math test: ArcTan2 0000FFFF,00010000
Math test: ArcTan2 FFFF0000,00010000
Math test: ArcTan2 FFFF0001,00010000
Math test: ArcTan2 FFFF4000,00010000
Math test: ArcTan2 FFFF8000,00010000
Math test: ArcTan2 FFFFC000,00010000
Math test: ArcTan2 FFFFFFFF,00010000
Math test: ArcTan2 00000000,FFFF0000
Math test: ArcTan2 00000001,FFFF0000
Math test: ArcTan2 00004000,FFFF0000
Math test: ArcTan2 00008000,FFFF0000
Math test: ArcTan2 0000C000,FFFF0000
Math test: ArcTan2 0000FFFF,FFFF0000
Math test: ArcTan2 FFFF0000,FFFF0000
Math test: ArcTan2 FFFF0001,FFFF0000
Math test: ArcTan2 FFFF4000,FFFF0000
Math test: ArcTan2 FFFF8000,FFFF0000
Math test: ArcTan2 FFFFC000,FFFF0000
Math test: ArcTan2 FFFFFFFF,FFFF0000
Math test: Div 00000000/00000000
Math test: Div 00000001/00000000
Math test: Div FFFFFFFF/00000000
Math test: Div 80000000/FFFFFFFF

--- Suite 10: DMA ---
Frames: 199
[sram]
Game Boy Advance Test Suite
===
Memory test: ROM load
DMA0 16: Got 0x00000000 vs 0x0000FACE: FAIL
DMA0 16 (unaligned): Got 0x00000000 vs 0x0000FACE: FAIL
DMA0 32: Got 0x00000000 vs 0xFEEDFACE: FAIL
DMA0 32 (unaligned 1): Got 0x00000000 vs 0xFEEDFACE: FAIL
DMA0 32 (unaligned 2): Got 0x00000000 vs 0xFEEDFACE: FAIL
DMA0 32 (unaligned 3): Got 0x00000000 vs 0xFEEDFACE: FAIL
Memory test: ROM store
Memory test: ROM out-of-bounds load
U8: Got 0x00000000 vs 0x00000056: FAIL
S8: Got 0x00000000 vs 0x00000056: FAIL
U16: Got 0x00000000 vs 0x00003456: FAIL
U16 (unaligned): Got 0x00000000 vs 0x56000034: FAIL
S16: Got 0x00000000 vs 0x00003456: FAIL
S16 (unaligned): Got 0x00000000 vs 0x00000034: FAIL
32: Got 0x00000000 vs 0x34573456: FAIL
32 (unaligned 1): Got 0x00000000 vs 0x56345734: FAIL
32 (unaligned 2): Got 0x00000000 vs 0x34563457: FAIL
32 (unaligned 3): Got 0x00000000 vs 0x57345634: FAIL
DMA0 16: Got 0x00000000 vs 0x0000FACE: FAIL
DMA0 16 (unaligned): Got 0x00000000 vs 0x0000FACE: FAIL
DMA0 32: Got 0x00000000 vs 0xFEEDFACE: FAIL
DMA0 32 (unaligned 1): Got 0x00000000 vs 0xFEEDFACE: FAIL
DMA0 32 (unaligned 2): Got 0x00000000 vs 0xFEEDFACE: FAIL
DMA0 32 (unaligned 3): Got 0x00000000 vs 0xFEEDFACE: FAIL
DMA1 16: Got 0x00000000 vs 0x00003456: FAIL
DMA1 16 (unaligned): Got 0x00000000 vs 0x00003456: FAIL
DMA1 32: Got 0x00000000 vs 0x34573456: FAIL
DMA1 32 (unaligned 1): Got 0x00000000 vs 0x34573456: FAIL
DMA1 32 (unaligned 2): Got 0x00000000 vs 0x34573456: FAIL
DMA1 32 (unaligned 3): Got 0x00000000 vs 0x34573456: FAIL
DMA2 16: Got 0x00000000 vs 0x00003456: FAIL
DMA2 16 (unaligned): Got 0x00000000 vs 0x00003456: FAIL
DMA2 32: Got 0x00000000 vs 0x34573456: FAIL
DMA2 32 (unaligned 1): Got 0x00000000 vs 0x34573456: FAIL
DMA2 32 (unaligned 2): Got 0x00000000 vs 0x34573456: FAIL
DMA2 32 (unaligned 3): Got 0x00000000 vs 0x34573456: FAIL
DMA3 16: Got 0x00000000 vs 0x00003456: FAIL
DMA3 16 (unaligned): Got 0x00000000 vs 0x00003456: FAIL
DMA3 32: Got 0x00000000 vs 0x34573456: FAIL
DMA3 32 (unaligned 1): Got 0x00000000 vs 0x34573456: FAIL
DMA3 32 (unaligned 2): Got 0x00000000 vs 0x34573456: FAIL
DMA3 32 (unaligned 3): Got 0x00000000 vs 0x34573456: FAIL
swi B 16: Got 0x00000000 vs 0x34573456: FAIL
swi B 16 (unaligned): Got 0x00000000 vs 0x00340034: FAIL
swi B 32: Got 0x00000000 vs 0x34573456: FAIL
swi B 32 (unaligned 1): Got 0x00000000 vs 0x34573456: FAIL
swi B 32 (unaligned 2): Got 0x00000000 vs 0x34573456: FAIL
swi B 32 (unaligned 3): Got 0x00000000 vs 0x34573456: FAIL
swi C 32: Got 0x00000000 vs 0x34573456: FAIL
swi C 32 (unaligned 1): Got 0x00000000 vs 0x34573456: FAIL
swi C 32 (unaligned 2): Got 0x00000000 vs 0x34573456: FAIL
swi C 32 (unaligned 3): Got 0x00000000 vs 0x34573456: FAIL
Memory test: IWRAM load
Memory test: IWRAM mirror load
Memory test: IWRAM store
Memory test: IWRAM mirror store
Memory test: EWRAM load
Memory test: EWRAM mirror load
Memory test: EWRAM store
Memory test: EWRAM mirror store
Memory test: Palette load
Memory test: Palette mirror load
Memory test: Palette store
Memory test: Palette mirror store
Memory test: VRAM load
Memory test: VRAM mirror load
Memory test: VRAM OBJ load
Memory test: VRAM OBJ mirror load
Memory test: VRAM OBJ mirror 2 load
Memory test: VRAM store
Memory test: VRAM mirror store
Memory test: VRAM OBJ store
Memory test: VRAM OBJ mirror store
Memory test: VRAM OBJ mirror 2 store
Memory test: OAM load
Memory test: OAM mirror load
Memory test: OAM store
Memory test: OAM mirror store
Memory test: SRAM load
swi B 32 (unaligned 1): Got 0x47474747 vs 0x61616161: FAIL
swi B 32 (unaligned 2): Got 0x47474747 vs 0x6D6D6D6D: FAIL
swi B 32 (unaligned 3): Got 0x47474747 vs 0x65656565: FAIL
swi C 32 (unaligned 1): Got 0x47474747 vs 0x61616161: FAIL
swi C 32 (unaligned 2): Got 0x47474747 vs 0x6D6D6D6D: FAIL
swi C 32 (unaligned 3): Got 0x47474747 vs 0x65656565: FAIL
Memory test: SRAM mirror load
swi B 16: Got 0x1CAD1CAD vs 0x6D6D4747: FAIL
swi B 16 (unaligned): Got 0x1CAD1CAD vs 0x00650061: FAIL
swi B 32: Got 0x1CAD1CAD vs 0x47474747: FAIL
swi B 32 (unaligned 1): Got 0x1CAD1CAD vs 0x61616161: FAIL
swi B 32 (unaligned 2): Got 0x1CAD1CAD vs 0x6D6D6D6D: FAIL
swi B 32 (unaligned 3): Got 0x1CAD1CAD vs 0x65656565: FAIL
swi C 32: Got 0xBAFFFFFB vs 0x47474747: FAIL
swi C 32 (unaligned 1): Got 0xBAFFFFFB vs 0x61616161: FAIL
swi C 32 (unaligned 2): Got 0xBAFFFFFB vs 0x6D6D6D6D: FAIL
swi C 32 (unaligned 3): Got 0xBAFFFFFB vs 0x65656565: FAIL
Memory test: SRAM store
DMA3 16 (unaligned): Got 0x66666666 vs 0xD8D8D8D8: FAIL
DMA3 32 (unaligned 1): Got 0x66666666 vs 0xD8D8D8D8: FAIL
DMA3 32 (unaligned 2): Got 0x66666666 vs 0xD8D8D8D8: FAIL
DMA3 32 (unaligned 3): Got 0x66666666 vs 0xD8D8D8D8: FAIL
swi B 32 (unaligned 1): Got 0xD8D8D8D8 vs 0x66666666: FAIL
swi B 32 (unaligned 2): Got 0xD8D8D8D8 vs 0x66666666: FAIL
swi B 32 (unaligned 3): Got 0xD8D8D8D8 vs 0x66666666: FAIL
swi C 32 (unaligned 1): Got 0xD8D8D8D8 vs 0x66666666: FAIL
swi C 32 (unaligned 2): Got 0xD8D8D8D8 vs 0x66666666: FAIL
swi C 32 (unaligned 3): Got 0xD8D8D8D8 vs 0x66666666: FAIL
Memory test: SRAM mirror store
DMA3 16 (unaligned): Got 0x66666666 vs 0xD8D8D8D8: FAIL
DMA3 32 (unaligned 1): Got 0x66666666 vs 0xD8D8D8D8: FAIL
DMA3 32 (unaligned 2): Got 0x66666666 vs 0xD8D8D8D8: FAIL
DMA3 32 (unaligned 3): Got 0x66666666 vs 0xD8D8D8D8: FAIL
swi B 32 (unaligned 1): Got 0xD8D8D8D8 vs 0x66666666: FAIL
swi B 32 (unaligned 2): Got 0xD8D8D8D8 vs 0x66666666: FAIL
swi B 32 (unaligned 3): Got 0xD8D8D8D8 vs 0x66666666: FAIL
swi C 32 (unaligned 1): Got 0xD8D8D8D8 vs 0x66666666: FAIL
swi C 32 (unaligned 2): Got 0xD8D8D8D8 vs 0x66666666: FAIL
swi C 32 (unaligned 3): Got 0xD8D8D8D8 vs 0x66666666: FAIL
Memory test: BIOS load
U8: Got 0x00000002 vs 0x00000004: FAIL
S8: Got 0x00000002 vs 0x00000004: FAIL
U16: Got 0x0000C002 vs 0x00002004: FAIL
U16 (unaligned): Got 0x020000C0 vs 0x04000020: FAIL
S16: Got 0xFFFFC002 vs 0x00002004: FAIL
S16 (unaligned): Got 0xFFFFFFC0 vs 0x00000020: FAIL
32: Got 0xE55EC002 vs 0xE3A02004: FAIL
32 (unaligned 1): Got 0x02E55EC0 vs 0x04E3A020: FAIL
32 (unaligned 2): Got 0xC002E55E vs 0x2004E3A0: FAIL
32 (unaligned 3): Got 0x5EC002E5 vs 0xA02004E3: FAIL
DMA0 16: Got 0x00000000 vs 0x0000FACE: FAIL
DMA0 16 (unaligned): Got 0x00000000 vs 0x0000FACE: FAIL
DMA0 32: Got 0x00000000 vs 0xFEEDFACE: FAIL
DMA0 32 (unaligned 1): Got 0x00000000 vs 0xFEEDFACE: FAIL
DMA0 32 (unaligned 2): Got 0x00000000 vs 0xFEEDFACE: FAIL
DMA0 32 (unaligned 3): Got 0x00000000 vs 0xFEEDFACE: FAIL
DMA1 16: Got 0x00000000 vs 0x0000FACE: FAIL
DMA1 16 (unaligned): Got 0x00000000 vs 0x0000FACE: FAIL
DMA1 32: Got 0x00000000 vs 0xFEEDFACE: FAIL
DMA1 32 (unaligned 1): Got 0x00000000 vs 0xFEEDFACE: FAIL
DMA1 32 (unaligned 2): Got 0x00000000 vs 0xFEEDFACE: FAIL
DMA1 32 (unaligned 3): Got 0x00000000 vs 0xFEEDFACE: FAIL
DMA2 16: Got 0x00000000 vs 0x0000FACE: FAIL
DMA2 16 (unaligned): Got 0x00000000 vs 0x0000FACE: FAIL
DMA2 32: Got 0x00000000 vs 0xFEEDFACE: FAIL
DMA2 32 (unaligned 1): Got 0x00000000 vs 0xFEEDFACE: FAIL
DMA2 32 (unaligned 2): Got 0x00000000 vs 0xFEEDFACE: FAIL
DMA2 32 (unaligned 3): Got 0x00000000 vs 0xFEEDFACE: FAIL
DMA3 16: Got 0x00000000 vs 0x0000FACE: FAIL
DMA3 16 (unaligned): Got 0x00000000 vs 0x0000FACE: FAIL
DMA3 32: Got 0x00000000 vs 0xFEEDFACE: FAIL
DMA3 32 (unaligned 1): Got 0x00000000 vs 0xFEEDFACE: FAIL
DMA3 32 (unaligned 2): Got 0x00000000 vs 0xFEEDFACE: FAIL
DMA3 32 (unaligned 3): Got 0x00000000 vs 0xFEEDFACE: FAIL
Memory test: BIOS out-of-bounds load
DMA0 16: Got 0x00000000 vs 0x0000FACE: FAIL
DMA0 16 (unaligned): Got 0x00000000 vs 0x0000FACE: FAIL
DMA0 32: Got 0x00000000 vs 0xFEEDFACE: FAIL
DMA0 32 (unaligned 1): Got 0x00000000 vs 0xFEEDFACE: FAIL
DMA0 32 (unaligned 2): Got 0x00000000 vs 0xFEEDFACE: FAIL
DMA0 32 (unaligned 3): Got 0x00000000 vs 0xFEEDFACE: FAIL
DMA1 16: Got 0x00000000 vs 0x0000FACE: FAIL
DMA1 16 (unaligned): Got 0x00000000 vs 0x0000FACE: FAIL
DMA1 32: Got 0x00000000 vs 0xFEEDFACE: FAIL
DMA1 32 (unaligned 1): Got 0x00000000 vs 0xFEEDFACE: FAIL
DMA1 32 (unaligned 2): Got 0x00000000 vs 0xFEEDFACE: FAIL
DMA1 32 (unaligned 3): Got 0x00000000 vs 0xFEEDFACE: FAIL
DMA2 16: Got 0x00000000 vs 0x0000FACE: FAIL
DMA2 16 (unaligned): Got 0x00000000 vs 0x0000FACE: FAIL
DMA2 32: Got 0x00000000 vs 0xFEEDFACE: FAIL
DMA2 32 (unaligned 1): Got 0x00000000 vs 0xFEEDFACE: FAIL
DMA2 32 (unaligned 2): Got 0x00000000 vs 0xFEEDFACE: FAIL
DMA2 32 (unaligned 3): Got 0x00000000 vs 0xFEEDFACE: FAIL
DMA3 16: Got 0x00000000 vs 0x0000FACE: FAIL
DMA3 16 (unaligned): Got 0x00000000 vs 0x0000FACE: FAIL
DMA3 32: Got 0x00000000 vs 0xFEEDFACE: FAIL
DMA3 32 (unaligned 1): Got 0x00000000 vs 0xFEEDFACE: FAIL
DMA3 32 (unaligned 2): Got 0x00000000 vs 0xFEEDFACE: FAIL
DMA3 32 (unaligned 3): Got 0x00000000 vs 0xFEEDFACE: FAIL
Memory test: Out-of-bounds load
DMA0 16: Got 0x00000000 vs 0x0000FACE: FAIL
DMA0 16 (unaligned): Got 0x00000000 vs 0x0000FACE: FAIL
DMA0 32: Got 0x00000000 vs 0xFEEDFACE: FAIL
DMA0 32 (unaligned 1): Got 0x00000000 vs 0xFEEDFACE: FAIL
DMA0 32 (unaligned 2): Got 0x00000000 vs 0xFEEDFACE: FAIL
DMA0 32 (unaligned 3): Got 0x00000000 vs 0xFEEDFACE: FAIL
DMA1 16: Got 0x00000000 vs 0x0000FACE: FAIL
DMA1 16 (unaligned): Got 0x00000000 vs 0x0000FACE: FAIL
DMA1 32: Got 0x00000000 vs 0xFEEDFACE: FAIL
DMA1 32 (unaligned 1): Got 0x00000000 vs 0xFEEDFACE: FAIL
DMA1 32 (unaligned 2): Got 0x00000000 vs 0xFEEDFACE: FAIL
DMA1 32 (unaligned 3): Got 0x00000000 vs 0xFEEDFACE: FAIL
DMA2 16: Got 0x00000000 vs 0x0000FACE: FAIL
DMA2 16 (unaligned): Got 0x00000000 vs 0x0000FACE: FAIL
DMA2 32: Got 0x00000000 vs 0xFEEDFACE: FAIL
DMA2 32 (unaligned 1): Got 0x00000000 vs 0xFEEDFACE: FAIL
DMA2 32 (unaligned 2): Got 0x00000000 vs 0xFEEDFACE: FAIL
DMA2 32 (unaligned 3): Got 0x00000000 vs 0xFEEDFACE: FAIL
DMA3 16: Got 0x00000000 vs 0x0000FACE: FAIL
DMA3 16 (unaligned): Got 0x00000000 vs 0x0000FACE: FAIL
DMA3 32: Got 0x00000000 vs 0xFEEDFACE: FAIL
DMA3 32 (unaligned 1): Got 0x00000000 vs 0xFEEDFACE: FAIL
DMA3 32 (unaligned 2): Got 0x00000000 vs 0xFEEDFACE: FAIL
DMA3 32 (unaligned 3): Got 0x00000000 vs 0xFEEDFACE: FAIL
DMA test: 0 Imm H =IWRAM/=IWRAM
DMA test: 1 Imm H =IWRAM/=IWRAM
DMA test: 2 Imm H =IWRAM/=IWRAM
DMA test: 3 Imm H =IWRAM/=IWRAM
DMA test: 0 Imm H =IWRAM/=EWRAM
DMA test: 1 Imm H =IWRAM/=EWRAM
DMA test: 2 Imm H =IWRAM/=EWRAM
DMA test: 3 Imm H =IWRAM/=EWRAM
DMA test: 0 Imm H =IWRAM/=ROM
DMA test: 1 Imm H =IWRAM/=ROM
DMA test: 2 Imm H =IWRAM/=ROM
DMA test: 3 Imm H =IWRAM/=ROM
DMA test: 0 Imm H =EWRAM/=IWRAM
DMA test: 1 Imm H =EWRAM/=IWRAM
DMA test: 2 Imm H =EWRAM/=IWRAM
DMA test: 3 Imm H =EWRAM/=IWRAM
DMA test: 0 Imm H =EWRAM/=EWRAM
DMA test: 1 Imm H =EWRAM/=EWRAM
DMA test: 2 Imm H =EWRAM/=EWRAM
DMA test: 3 Imm H =EWRAM/=EWRAM
DMA test: 0 Imm H =EWRAM/=ROM
DMA test: 1 Imm H =EWRAM/=ROM
DMA test: 2 Imm H =EWRAM/=ROM
DMA test: 3 Imm H =EWRAM/=ROM
DMA test: 0 Imm H =ROM/=IWRAM
3: Got CB0E0000 vs CB0EBABE: FAIL
DMA test: 1 Imm H =ROM/=IWRAM
3: Got CB0EBEEF vs CB0EDEAD: FAIL
DMA test: 2 Imm H =ROM/=IWRAM
3: Got CB0EBEEF vs CB0EDEAD: FAIL
DMA test: 3 Imm H =ROM/=IWRAM
3: Got CB0EBEEF vs CB0EDEAD: FAIL
DMA test: 0 Imm H =ROM/=EWRAM
3: Got FEFD0000 vs FEFDBABE: FAIL
DMA test: 1 Imm H =ROM/=EWRAM
3: Got FEFDBEEF vs FEFDDEAD: FAIL
DMA test: 2 Imm H =ROM/=EWRAM
3: Got FEFDBEEF vs FEFDDEAD: FAIL
DMA test: 3 Imm H =ROM/=EWRAM
3: Got FEFDBEEF vs FEFDDEAD: FAIL
DMA test: 0 Imm H =ROM/=ROM
DMA test: 1 Imm H =ROM/=ROM
DMA test: 2 Imm H =ROM/=ROM
DMA test: 3 Imm H =ROM/=ROM
DMA test: 0 Imm H =BIOS/=IWRAM
3: Got CB0E0000 vs CB0EBABE: FAIL
DMA test: 1 Imm H =BIOS/=IWRAM
3: Got CB0E0000 vs CB0EBABE: FAIL
DMA test: 2 Imm H =BIOS/=IWRAM
3: Got CB0E0000 vs CB0EBABE: FAIL
DMA test: 3 Imm H =BIOS/=IWRAM
3: Got CB0E0000 vs CB0EBABE: FAIL
DMA test: 0 Imm H =BIOS/=EWRAM
3: Got FEFD0000 vs FEFDBABE: FAIL
DMA test: 1 Imm H =BIOS/=EWRAM
3: Got FEFD0000 vs FEFDBABE: FAIL
DMA test: 2 Imm H =BIOS/=EWRAM
3: Got FEFD0000 vs FEFDBABE: FAIL
DMA test: 3 Imm H =BIOS/=EWRAM
3: Got FEFD0000 vs FEFDBABE: FAIL
DMA test: 0 Imm H =BIOS/=ROM
DMA test: 1 Imm H =BIOS/=ROM
DMA test: 2 Imm H =BIOS/=ROM
DMA test: 3 Imm H =BIOS/=ROM
DMA test: 0 Imm H =SRAM/=IWRAM
DMA test: 1 Imm H =SRAM/=IWRAM
DMA test: 2 Imm H =SRAM/=IWRAM
DMA test: 3 Imm H =SRAM/=IWRAM
DMA test: 0 Imm H =SRAM/=EWRAM
DMA test: 1 Imm H =SRAM/=EWRAM
DMA test: 2 Imm H =SRAM/=EWRAM
DMA test: 3 Imm H =SRAM/=EWRAM
DMA test: 0 Imm H =SRAM/=ROM
DMA test: 1 Imm H =SRAM/=ROM
DMA test: 2 Imm H =SRAM/=ROM
DMA test: 0 Imm W =IWRAM/=IWRAM
DMA test: 1 Imm W =IWRAM/=IWRAM
DMA test: 2 Imm W =IWRAM/=IWRAM
DMA test: 3 Imm W =IWRAM/=IWRAM
DMA test: 0 Imm W =IWRAM/=EWRAM
DMA test: 1 Imm W =IWRAM/=EWRAM
DMA test: 2 Imm W =IWRAM/=EWRAM
DMA test: 3 Imm W =IWRAM/=EWRAM
DMA test: 0 Imm W =IWRAM/=ROM
DMA test: 1 Imm W =IWRAM/=ROM
DMA test: 2 Imm W =IWRAM/=ROM
DMA test: 3 Imm W =IWRAM/=ROM
DMA test: 0 Imm W =EWRAM/=IWRAM
DMA test: 1 Imm W =EWRAM/=IWRAM
DMA test: 2 Imm W =EWRAM/=IWRAM
DMA test: 3 Imm W =EWRAM/=IWRAM
DMA test: 0 Imm W =EWRAM/=EWRAM
DMA test: 1 Imm W =EWRAM/=EWRAM
DMA test: 2 Imm W =EWRAM/=EWRAM
DMA test: 3 Imm W =EWRAM/=EWRAM
DMA test: 0 Imm W =EWRAM/=ROM
DMA test: 1 Imm W =EWRAM/=ROM
DMA test: 2 Imm W =EWRAM/=ROM
DMA test: 3 Imm W =EWRAM/=ROM
DMA test: 0 Imm W =ROM/=IWRAM
3: Got 00000000 vs BABEBABE: FAIL
DMA test: 1 Imm W =ROM/=IWRAM
3: Got DEADBEEF vs DEADBEF2: FAIL
DMA test: 2 Imm W =ROM/=IWRAM
3: Got DEADBEEF vs DEADBEF2: FAIL
DMA test: 3 Imm W =ROM/=IWRAM
3: Got DEADBEEF vs DEADBEF2: FAIL
DMA test: 0 Imm W =ROM/=EWRAM
3: Got 00000000 vs BABEBABE: FAIL
DMA test: 1 Imm W =ROM/=EWRAM
3: Got DEADBEEF vs DEADBEF2: FAIL
DMA test: 2 Imm W =ROM/=EWRAM
3: Got DEADBEEF vs DEADBEF2: FAIL
DMA test: 3 Imm W =ROM/=EWRAM
3: Got DEADBEEF vs DEADBEF2: FAIL
DMA test: 0 Imm W =ROM/=ROM
DMA test: 1 Imm W =ROM/=ROM
DMA test: 2 Imm W =ROM/=ROM
DMA test: 3 Imm W =ROM/=ROM
DMA test: 0 Imm W =BIOS/=IWRAM
3: Got 00000000 vs BABEBABE: FAIL
DMA test: 1 Imm W =BIOS/=IWRAM
3: Got 00000000 vs BABEBABE: FAIL
DMA test: 2 Imm W =BIOS/=IWRAM
3: Got 00000000 vs BABEBABE: FAIL
DMA test: 3 Imm W =BIOS/=IWRAM
3: Got 00000000 vs BABEBABE: FAIL
DMA test: 0 Imm W =BIOS/=EWRAM
3: Got 00000000 vs BABEBABE: FAIL
DMA test: 1 Imm W =BIOS/=EWRAM
3: Got 00000000 vs BABEBABE: FAIL
DMA test: 2 Imm W =BIOS/=EWRAM
3: Got 00000000 vs BABEBABE: FAIL
DMA test: 3 Imm W =BIOS/=EWRAM
3: Got 00000000 vs BABEBABE: FAIL
DMA test: 0 Imm W =BIOS/=ROM
DMA test: 1 Imm W =BIOS/=ROM
DMA test: 2 Imm W =BIOS/=ROM
DMA test: 3 Imm W =BIOS/=ROM
DMA test: 0 Imm W =SRAM/=IWRAM
DMA test: 1 Imm W =SRAM/=IWRAM
DMA test: 2 Imm W =SRAM/=IWRAM
DMA test: 3 Imm W =SRAM/=IWRAM
DMA test: 0 Imm W =SRAM/=EWRAM
DMA test: 1 Imm W =SRAM/=EWRAM
DMA test: 2 Imm W =SRAM/=EWRAM
DMA test: 3 Imm W =SRAM/=EWRAM
DMA test: 0 Imm W =SRAM/=ROM
DMA test: 1 Imm W =SRAM/=ROM
DMA test: 2 Imm W =SRAM/=ROM
DMA test: 0 Imm H +IWRAM/=IWRAM
DMA test: 1 Imm H +IWRAM/=IWRAM
DMA test: 2 Imm H +IWRAM/=IWRAM
DMA test: 3 Imm H +IWRAM/=IWRAM
DMA test: 0 Imm H +IWRAM/=EWRAM
DMA test: 1 Imm H +IWRAM/=EWRAM
DMA test: 2 Imm H +IWRAM/=EWRAM
DMA test: 3 Imm H +IWRAM/=EWRAM
DMA test: 0 Imm H +IWRAM/=ROM
DMA test: 1 Imm H +IWRAM/=ROM
DMA test: 2 Imm H +IWRAM/=ROM
DMA test: 3 Imm H +IWRAM/=ROM
DMA test: 0 Imm H +EWRAM/=IWRAM
DMA test: 1 Imm H +EWRAM/=IWRAM
DMA test: 2 Imm H +EWRAM/=IWRAM
DMA test: 3 Imm H +EWRAM/=IWRAM
DMA test: 0 Imm H +EWRAM/=EWRAM
DMA test: 1 Imm H +EWRAM/=EWRAM
DMA test: 2 Imm H +EWRAM/=EWRAM
DMA test: 3 Imm H +EWRAM/=EWRAM
DMA test: 0 Imm H +EWRAM/=ROM
DMA test: 1 Imm H +EWRAM/=ROM
DMA test: 2 Imm H +EWRAM/=ROM
DMA test: 3 Imm H +EWRAM/=ROM
DMA test: 0 Imm H +ROM/=IWRAM
3: Got CB0E0000 vs CB0ECAFE: FAIL
DMA test: 1 Imm H +ROM/=IWRAM
DMA test: 2 Imm H +ROM/=IWRAM
DMA test: 3 Imm H +ROM/=IWRAM
DMA test: 0 Imm H +ROM/=EWRAM
3: Got FEFD0000 vs FEFDCAFE: FAIL
DMA test: 1 Imm H +ROM/=EWRAM
DMA test: 2 Imm H +ROM/=EWRAM
DMA test: 3 Imm H +ROM/=EWRAM
DMA test: 0 Imm H +ROM/=ROM
DMA test: 1 Imm H +ROM/=ROM
DMA test: 2 Imm H +ROM/=ROM
DMA test: 3 Imm H +ROM/=ROM
DMA test: 0 Imm H +BIOS/=IWRAM
3: Got CB0E0000 vs CB0ECAFE: FAIL
DMA test: 1 Imm H +BIOS/=IWRAM
3: Got CB0E0000 vs CB0ECAFE: FAIL
DMA test: 2 Imm H +BIOS/=IWRAM
3: Got CB0E0000 vs CB0ECAFE: FAIL
DMA test: 3 Imm H +BIOS/=IWRAM
3: Got CB0E0000 vs CB0ECAFE: FAIL
DMA test: 0 Imm H +BIOS/=EWRAM
3: Got FEFD0000 vs FEFDCAFE: FAIL
DMA test: 1 Imm H +BIOS/=EWRAM
3: Got FEFD0000 vs FEFDCAFE: FAIL
DMA test: 2 Imm H +BIOS/=EWRAM
3: Got FEFD0000 vs FEFDCAFE: FAIL
DMA test: 3 Imm H +BIOS/=EWRAM
3: Got FEFD0000 vs FEFDCAFE: FAIL
DMA test: 0 Imm H +BIOS/=ROM
DMA test: 1 Imm H +BIOS/=ROM
DMA test: 2 Imm H +BIOS/=ROM
DMA test: 3 Imm H +BIOS/=ROM
DMA test: 0 Imm H +SRAM/=IWRAM
DMA test: 1 Imm H +SRAM/=IWRAM
DMA test: 2 Imm H +SRAM/=IWRAM
DMA test: 3 Imm H +SRAM/=IWRAM
DMA test: 0 Imm H +SRAM/=EWRAM
DMA test: 1 Imm H +SRAM/=EWRAM
DMA test: 2 Imm H +SRAM/=EWRAM
DMA test: 3 Imm H +SRAM/=EWRAM
DMA test: 0 Imm H +SRAM/=ROM
DMA test: 1 Imm H +SRAM/=ROM
DMA test: 2 Imm H +SRAM/=ROM
DMA test: 0 Imm W +IWRAM/=IWRAM
DMA test: 1 Imm W +IWRAM/=IWRAM
DMA test: 2 Imm W +IWRAM/=IWRAM
DMA test: 3 Imm W +IWRAM/=IWRAM
DMA test: 0 Imm W +IWRAM/=EWRAM
DMA test: 1 Imm W +IWRAM/=EWRAM
DMA test: 2 Imm W +IWRAM/=EWRAM
DMA test: 3 Imm W +IWRAM/=EWRAM
DMA test: 0 Imm W +IWRAM/=ROM
DMA test: 1 Imm W +IWRAM/=ROM
DMA test: 2 Imm W +IWRAM/=ROM
DMA test: 3 Imm W +IWRAM/=ROM
DMA test: 0 Imm W +EWRAM/=IWRAM
DMA test: 1 Imm W +EWRAM/=IWRAM
DMA test: 2 Imm W +EWRAM/=IWRAM
DMA test: 3 Imm W +EWRAM/=IWRAM
DMA test: 0 Imm W +EWRAM/=EWRAM
DMA test: 1 Imm W +EWRAM/=EWRAM
DMA test: 2 Imm W +EWRAM/=EWRAM
DMA test: 3 Imm W +EWRAM/=EWRAM
DMA test: 0 Imm W +EWRAM/=ROM
DMA test: 1 Imm W +EWRAM/=ROM
DMA test: 2 Imm W +EWRAM/=ROM
DMA test: 3 Imm W +EWRAM/=ROM
DMA test: 0 Imm W +ROM/=IWRAM
3: Got 00000000 vs CAFECAFE: FAIL
DMA test: 1 Imm W +ROM/=IWRAM
DMA test: 2 Imm W +ROM/=IWRAM
DMA test: 3 Imm W +ROM/=IWRAM
DMA test: 0 Imm W +ROM/=EWRAM
3: Got 00000000 vs CAFECAFE: FAIL
DMA test: 1 Imm W +ROM/=EWRAM
DMA test: 2 Imm W +ROM/=EWRAM
DMA test: 3 Imm W +ROM/=EWRAM
DMA test: 0 Imm W +ROM/=ROM
DMA test: 1 Imm W +ROM/=ROM
DMA test: 2 Imm W +ROM/=ROM
DMA test: 3 Imm W +ROM/=ROM
DMA test: 0 Imm W +BIOS/=IWRAM
3: Got 00000000 vs CAFECAFE: FAIL
DMA test: 1 Imm W +BIOS/=IWRAM
3: Got 00000000 vs CAFECAFE: FAIL
DMA test: 2 Imm W +BIOS/=IWRAM
3: Got 00000000 vs CAFECAFE: FAIL
DMA test: 3 Imm W +BIOS/=IWRAM
3: Got 00000000 vs CAFECAFE: FAIL
DMA test: 0 Imm W +BIOS/=EWRAM
3: Got 00000000 vs CAFECAFE: FAIL
DMA test: 1 Imm W +BIOS/=EWRAM
3: Got 00000000 vs CAFECAFE: FAIL
DMA test: 2 Imm W +BIOS/=EWRAM
3: Got 00000000 vs CAFECAFE: FAIL
DMA test: 3 Imm W +BIOS/=EWRAM
3: Got 00000000 vs CAFECAFE: FAIL
DMA test: 0 Imm W +BIOS/=ROM
DMA test: 1 Imm W +BIOS/=ROM
DMA test: 2 Imm W +BIOS/=ROM
DMA test: 3 Imm W +BIOS/=ROM
DMA test: 0 Imm W +SRAM/=IWRAM
DMA test: 1 Imm W +SRAM/=IWRAM
DMA test: 2 Imm W +SRAM/=IWRAM
DMA test: 3 Imm W +SRAM/=IWRAM
DMA test: 0 Imm W +SRAM/=EWRAM
DMA test: 1 Imm W +SRAM/=EWRAM
DMA test: 2 Imm W +SRAM/=EWRAM
DMA test: 3 Imm W +SRAM/=EWRAM
DMA test: 0 Imm W +SRAM/=ROM
DMA test: 1 Imm W +SRAM/=ROM
DMA test: 2 Imm W +SRAM/=ROM
DMA test: 0 Imm H -IWRAM/=IWRAM
DMA test: 1 Imm H -IWRAM/=IWRAM
DMA test: 2 Imm H -IWRAM/=IWRAM
DMA test: 3 Imm H -IWRAM/=IWRAM
DMA test: 0 Imm H -IWRAM/=EWRAM
DMA test: 1 Imm H -IWRAM/=EWRAM
DMA test: 2 Imm H -IWRAM/=EWRAM
DMA test: 3 Imm H -IWRAM/=EWRAM
DMA test: 0 Imm H -IWRAM/=ROM
DMA test: 1 Imm H -IWRAM/=ROM
DMA test: 2 Imm H -IWRAM/=ROM
DMA test: 3 Imm H -IWRAM/=ROM
DMA test: 0 Imm H -EWRAM/=IWRAM
DMA test: 1 Imm H -EWRAM/=IWRAM
DMA test: 2 Imm H -EWRAM/=IWRAM
DMA test: 3 Imm H -EWRAM/=IWRAM
DMA test: 0 Imm H -EWRAM/=EWRAM
DMA test: 1 Imm H -EWRAM/=EWRAM
DMA test: 2 Imm H -EWRAM/=EWRAM
DMA test: 3 Imm H -EWRAM/=EWRAM
DMA test: 0 Imm H -EWRAM/=ROM
DMA test: 1 Imm H -EWRAM/=ROM
DMA test: 2 Imm H -EWRAM/=ROM
DMA test: 3 Imm H -EWRAM/=ROM
DMA test: 0 Imm H -ROM/=IWRAM
3: Got CB0E0000 vs CB0ECAFE: FAIL
DMA test: 1 Imm H -ROM/=IWRAM
DMA test: 2 Imm H -ROM/=IWRAM
DMA test: 3 Imm H -ROM/=IWRAM
DMA test: 0 Imm H -ROM/=EWRAM
3: Got FEFD0000 vs FEFDCAFE: FAIL
DMA test: 1 Imm H -ROM/=EWRAM
DMA test: 2 Imm H -ROM/=EWRAM
DMA test: 3 Imm H -ROM/=EWRAM
DMA test: 0 Imm H -ROM/=ROM
DMA test: 1 Imm H -ROM/=ROM
DMA test: 2 Imm H -ROM/=ROM
DMA test: 3 Imm H -ROM/=ROM
DMA test: 0 Imm H -BIOS/=IWRAM
3: Got CB0E0000 vs CB0ECAFE: FAIL
DMA test: 1 Imm H -BIOS/=IWRAM
3: Got CB0E0000 vs CB0ECAFE: FAIL
DMA test: 2 Imm H -BIOS/=IWRAM
3: Got CB0E0000 vs CB0ECAFE: FAIL
DMA test: 3 Imm H -BIOS/=IWRAM
3: Got CB0E0000 vs CB0ECAFE: FAIL
DMA test: 0 Imm H -BIOS/=EWRAM
3: Got FEFD0000 vs FEFDCAFE: FAIL
DMA test: 1 Imm H -BIOS/=EWRAM
3: Got FEFD0000 vs FEFDCAFE: FAIL
DMA test: 2 Imm H -BIOS/=EWRAM
3: Got FEFD0000 vs FEFDCAFE: FAIL
DMA test: 3 Imm H -BIOS/=EWRAM
3: Got FEFD0000 vs FEFDCAFE: FAIL
DMA test: 0 Imm H -BIOS/=ROM
DMA test: 1 Imm H -BIOS/=ROM
DMA test: 2 Imm H -BIOS/=ROM
DMA test: 3 Imm H -BIOS/=ROM
DMA test: 0 Imm H -SRAM/=IWRAM
DMA test: 1 Imm H -SRAM/=IWRAM
DMA test: 2 Imm H -SRAM/=IWRAM
DMA test: 3 Imm H -SRAM/=IWRAM
DMA test: 0 Imm H -SRAM/=EWRAM
DMA test: 1 Imm H -SRAM/=EWRAM
DMA test: 2 Imm H -SRAM/=EWRAM
DMA test: 3 Imm H -SRAM/=EWRAM
DMA test: 0 Imm H -SRAM/=ROM
DMA test: 1 Imm H -SRAM/=ROM
DMA test: 2 Imm H -SRAM/=ROM
DMA test: 0 Imm W -IWRAM/=IWRAM
DMA test: 1 Imm W -IWRAM/=IWRAM
DMA test: 2 Imm W -IWRAM/=IWRAM
DMA test: 3 Imm W -IWRAM/=IWRAM
DMA test: 0 Imm W -IWRAM/=EWRAM
DMA test: 1 Imm W -IWRAM/=EWRAM
DMA test: 2 Imm W -IWRAM/=EWRAM
DMA test: 3 Imm W -IWRAM/=EWRAM
DMA test: 0 Imm W -IWRAM/=ROM
DMA test: 1 Imm W -IWRAM/=ROM
DMA test: 2 Imm W -IWRAM/=ROM
DMA test: 3 Imm W -IWRAM/=ROM
DMA test: 0 Imm W -EWRAM/=IWRAM
DMA test: 1 Imm W -EWRAM/=IWRAM
DMA test: 2 Imm W -EWRAM/=IWRAM
DMA test: 3 Imm W -EWRAM/=IWRAM
DMA test: 0 Imm W -EWRAM/=EWRAM
DMA test: 1 Imm W -EWRAM/=EWRAM
DMA test: 2 Imm W -EWRAM/=EWRAM
DMA test: 3 Imm W -EWRAM/=EWRAM
DMA test: 0 Imm W -EWRAM/=ROM
DMA test: 1 Imm W -EWRAM/=ROM
DMA test: 2 Imm W -EWRAM/=ROM
DMA test: 3 Imm W -EWRAM/=ROM
DMA test: 0 Imm W -ROM/=IWRAM
3: Got 00000000 vs CAFECAFE: FAIL
DMA test: 1 Imm W -ROM/=IWRAM
3: Got DEADBEEC vs DEADBEF2: FAIL
DMA test: 2 Imm W -ROM/=IWRAM
3: Got DEADBEEC vs DEADBEF2: FAIL
DMA test: 3 Imm W -ROM/=IWRAM
3: Got DEADBEEC vs DEADBEF2: FAIL
DMA test: 0 Imm W -ROM/=EWRAM
3: Got 00000000 vs CAFECAFE: FAIL
DMA test: 1 Imm W -ROM/=EWRAM
3: Got DEADBEEC vs DEADBEF2: FAIL
DMA test: 2 Imm W -ROM/=EWRAM
3: Got DEADBEEC vs DEADBEF2: FAIL
DMA test: 3 Imm W -ROM/=EWRAM
3: Got DEADBEEC vs DEADBEF2: FAIL
DMA test: 0 Imm W -ROM/=ROM
DMA test: 1 Imm W -ROM/=ROM
DMA test: 2 Imm W -ROM/=ROM
DMA test: 3 Imm W -ROM/=ROM
DMA test: 0 Imm W -BIOS/=IWRAM
3: Got 00000000 vs CAFECAFE: FAIL
DMA test: 1 Imm W -BIOS/=IWRAM
3: Got 00000000 vs CAFECAFE: FAIL
DMA test: 2 Imm W -BIOS/=IWRAM
3: Got 00000000 vs CAFECAFE: FAIL
DMA test: 3 Imm W -BIOS/=IWRAM
3: Got 00000000 vs CAFECAFE: FAIL
DMA test: 0 Imm W -BIOS/=EWRAM
3: Got 00000000 vs CAFECAFE: FAIL
DMA test: 1 Imm W -BIOS/=EWRAM
3: Got 00000000 vs CAFECAFE: FAIL
DMA test: 2 Imm W -BIOS/=EWRAM
3: Got 00000000 vs CAFECAFE: FAIL
DMA test: 3 Imm W -BIOS/=EWRAM
3: Got 00000000 vs CAFECAFE: FAIL
DMA test: 0 Imm W -BIOS/=ROM
DMA test: 1 Imm W -BIOS/=ROM
DMA test: 2 Imm W -BIOS/=ROM
DMA test: 3 Imm W -BIOS/=ROM
DMA test: 0 Imm W -SRAM/=IWRAM
3: Got 04000400 vs 00000000: FAIL
DMA test: 1 Imm W -SRAM/=IWRAM
DMA test: 2 Imm W -SRAM/=IWRAM
DMA test: 3 Imm W -SRAM/=IWRAM
DMA test: 0 Imm W -SRAM/=EWRAM
3: Got 04000400 vs 00000000: FAIL
DMA test: 1 Imm W -SRAM/=EWRAM
DMA test: 2 Imm W -SRAM/=EWRAM
DMA test: 3 Imm W -SRAM/=EWRAM
DMA test: 0 Imm W -SRAM/=ROM
DMA test: 1 Imm W -SRAM/=ROM
DMA test: 2 Imm W -SRAM/=ROM
DMA test: 0 HBl H =IWRAM/=IWRAM
DMA test: 1 HBl H =IWRAM/=IWRAM
DMA test: 2 HBl H =IWRAM/=IWRAM
DMA test: 3 HBl H =IWRAM/=IWRAM
DMA test: 0 HBl H =IWRAM/=EWRAM
DMA test: 1 HBl H =IWRAM/=EWRAM
DMA test: 2 HBl H =IWRAM/=EWRAM
DMA test: 3 HBl H =IWRAM/=EWRAM
DMA test: 0 HBl H =IWRAM/=ROM
DMA test: 1 HBl H =IWRAM/=ROM
DMA test: 2 HBl H =IWRAM/=ROM
DMA test: 3 HBl H =IWRAM/=ROM
DMA test: 0 HBl H =EWRAM/=IWRAM
DMA test: 1 HBl H =EWRAM/=IWRAM
DMA test: 2 HBl H =EWRAM/=IWRAM
DMA test: 3 HBl H =EWRAM/=IWRAM
DMA test: 0 HBl H =EWRAM/=EWRAM
DMA test: 1 HBl H =EWRAM/=EWRAM
DMA test: 2 HBl H =EWRAM/=EWRAM
DMA test: 3 HBl H =EWRAM/=EWRAM
DMA test: 0 HBl H =EWRAM/=ROM
DMA test: 1 HBl H =EWRAM/=ROM
DMA test: 2 HBl H =EWRAM/=ROM
DMA test: 3 HBl H =EWRAM/=ROM
DMA test: 0 HBl H =ROM/=IWRAM
3: Got CB0E0101 vs CB0EBABE: FAIL
DMA test: 1 HBl H =ROM/=IWRAM
3: Got CB0EBEEF vs CB0EDEAD: FAIL
DMA test: 2 HBl H =ROM/=IWRAM
3: Got CB0EBEEF vs CB0EDEAD: FAIL
DMA test: 3 HBl H =ROM/=IWRAM
3: Got CB0EBEEF vs CB0EDEAD: FAIL
DMA test: 0 HBl H =ROM/=EWRAM
3: Got FEFD0101 vs FEFDBABE: FAIL
DMA test: 1 HBl H =ROM/=EWRAM
3: Got FEFDBEEF vs FEFDDEAD: FAIL
DMA test: 2 HBl H =ROM/=EWRAM
3: Got FEFDBEEF vs FEFDDEAD: FAIL
DMA test: 3 HBl H =ROM/=EWRAM
3: Got FEFDBEEF vs FEFDDEAD: FAIL
DMA test: 0 HBl H =ROM/=ROM
DMA test: 1 HBl H =ROM/=ROM
DMA test: 2 HBl H =ROM/=ROM
DMA test: 3 HBl H =ROM/=ROM
DMA test: 0 HBl H =BIOS/=IWRAM
3: Got CB0E0000 vs CB0EBABE: FAIL
DMA test: 1 HBl H =BIOS/=IWRAM
3: Got CB0E0000 vs CB0EBABE: FAIL
DMA test: 2 HBl H =BIOS/=IWRAM
3: Got CB0E0000 vs CB0EBABE: FAIL
DMA test: 3 HBl H =BIOS/=IWRAM
3: Got CB0E0000 vs CB0EBABE: FAIL
DMA test: 0 HBl H =BIOS/=EWRAM
3: Got FEFD0000 vs FEFDBABE: FAIL
DMA test: 1 HBl H =BIOS/=EWRAM
3: Got FEFD0000 vs FEFDBABE: FAIL
DMA test: 2 HBl H =BIOS/=EWRAM
3: Got FEFD0000 vs FEFDBABE: FAIL
DMA test: 3 HBl H =BIOS/=EWRAM
3: Got FEFD0000 vs FEFDBABE: FAIL
DMA test: 0 HBl H =BIOS/=ROM
DMA test: 1 HBl H =BIOS/=ROM
DMA test: 2 HBl H =BIOS/=ROM
DMA test: 3 HBl H =BIOS/=ROM
DMA test: 0 HBl H =SRAM/=IWRAM
DMA test: 1 HBl H =SRAM/=IWRAM
DMA test: 2 HBl H =SRAM/=IWRAM
DMA test: 3 HBl H =SRAM/=IWRAM
DMA test: 0 HBl H =SRAM/=EWRAM
DMA test: 1 HBl H =SRAM/=EWRAM
DMA test: 2 HBl H =SRAM/=EWRAM
DMA test: 3 HBl H =SRAM/=EWRAM
DMA test: 0 HBl H =SRAM/=ROM
DMA test: 1 HBl H =SRAM/=ROM
DMA test: 2 HBl H =SRAM/=ROM
DMA test: 0 HBl W =IWRAM/=IWRAM
DMA test: 1 HBl W =IWRAM/=IWRAM
DMA test: 2 HBl W =IWRAM/=IWRAM
DMA test: 3 HBl W =IWRAM/=IWRAM
DMA test: 0 HBl W =IWRAM/=EWRAM
DMA test: 1 HBl W =IWRAM/=EWRAM
DMA test: 2 HBl W =IWRAM/=EWRAM
DMA test: 3 HBl W =IWRAM/=EWRAM
DMA test: 0 HBl W =IWRAM/=ROM
DMA test: 1 HBl W =IWRAM/=ROM
DMA test: 2 HBl W =IWRAM/=ROM
DMA test: 3 HBl W =IWRAM/=ROM
DMA test: 0 HBl W =EWRAM/=IWRAM
DMA test: 1 HBl W =EWRAM/=IWRAM
DMA test: 2 HBl W =EWRAM/=IWRAM
DMA test: 3 HBl W =EWRAM/=IWRAM
DMA test: 0 HBl W =EWRAM/=EWRAM
DMA test: 1 HBl W =EWRAM/=EWRAM
DMA test: 2 HBl W =EWRAM/=EWRAM
DMA test: 3 HBl W =EWRAM/=EWRAM
DMA test: 0 HBl W =EWRAM/=ROM
DMA test: 1 HBl W =EWRAM/=ROM
DMA test: 2 HBl W =EWRAM/=ROM
DMA test: 3 HBl W =EWRAM/=ROM
DMA test: 0 HBl W =ROM/=IWRAM
3: Got 01010101 vs BABEBABE: FAIL
DMA test: 1 HBl W =ROM/=IWRAM
3: Got DEADBEEF vs DEADBEF2: FAIL
DMA test: 2 HBl W =ROM/=IWRAM
3: Got DEADBEEF vs DEADBEF2: FAIL
DMA test: 3 HBl W =ROM/=IWRAM
3: Got DEADBEEF vs DEADBEF2: FAIL
DMA test: 0 HBl W =ROM/=EWRAM
3: Got 01010101 vs BABEBABE: FAIL
DMA test: 1 HBl W =ROM/=EWRAM
3: Got DEADBEEF vs DEADBEF2: FAIL
DMA test: 2 HBl W =ROM/=EWRAM
3: Got DEADBEEF vs DEADBEF2: FAIL
DMA test: 3 HBl W =ROM/=EWRAM
3: Got DEADBEEF vs DEADBEF2: FAIL
DMA test: 0 HBl W =ROM/=ROM
DMA test: 1 HBl W =ROM/=ROM
DMA test: 2 HBl W =ROM/=ROM
DMA test: 3 HBl W =ROM/=ROM
DMA test: 0 HBl W =BIOS/=IWRAM
3: Got 00000000 vs BABEBABE: FAIL
DMA test: 1 HBl W =BIOS/=IWRAM
3: Got 00000000 vs BABEBABE: FAIL
DMA test: 2 HBl W =BIOS/=IWRAM
3: Got 00000000 vs BABEBABE: FAIL
DMA test: 3 HBl W =BIOS/=IWRAM
3: Got 00000000 vs BABEBABE: FAIL
DMA test: 0 HBl W =BIOS/=EWRAM
3: Got 00000000 vs BABEBABE: FAIL
DMA test: 1 HBl W =BIOS/=EWRAM
3: Got 00000000 vs BABEBABE: FAIL
DMA test: 2 HBl W =BIOS/=EWRAM
3: Got 00000000 vs BABEBABE: FAIL
DMA test: 3 HBl W =BIOS/=EWRAM
3: Got 00000000 vs BABEBABE: FAIL
DMA test: 0 HBl W =BIOS/=ROM
DMA test: 1 HBl W =BIOS/=ROM
DMA test: 2 HBl W =BIOS/=ROM
DMA test: 3 HBl W =BIOS/=ROM
DMA test: 0 HBl W =SRAM/=IWRAM
DMA test: 1 HBl W =SRAM/=IWRAM
DMA test: 2 HBl W =SRAM/=IWRAM
DMA test: 3 HBl W =SRAM/=IWRAM
DMA test: 0 HBl W =SRAM/=EWRAM
DMA test: 1 HBl W =SRAM/=EWRAM
DMA test: 2 HBl W =SRAM/=EWRAM
DMA test: 3 HBl W =SRAM/=EWRAM
DMA test: 0 HBl W =SRAM/=ROM
DMA test: 1 HBl W =SRAM/=ROM
DMA test: 2 HBl W =SRAM/=ROM
DMA test: 0 HBl H +IWRAM/=IWRAM
DMA test: 1 HBl H +IWRAM/=IWRAM
DMA test: 2 HBl H +IWRAM/=IWRAM
DMA test: 3 HBl H +IWRAM/=IWRAM
DMA test: 0 HBl H +IWRAM/=EWRAM
DMA test: 1 HBl H +IWRAM/=EWRAM
DMA test: 2 HBl H +IWRAM/=EWRAM
DMA test: 3 HBl H +IWRAM/=EWRAM
DMA test: 0 HBl H +IWRAM/=ROM
DMA test: 1 HBl H +IWRAM/=ROM
DMA test: 2 HBl H +IWRAM/=ROM
DMA test: 3 HBl H +IWRAM/=ROM
DMA test: 0 HBl H +EWRAM/=IWRAM
DMA test: 1 HBl H +EWRAM/=IWRAM
DMA test: 2 HBl H +EWRAM/=IWRAM
DMA test: 3 HBl H +EWRAM/=IWRAM
DMA test: 0 HBl H +EWRAM/=EWRAM
DMA test: 1 HBl H +EWRAM/=EWRAM
DMA test: 2 HBl H +EWRAM/=EWRAM
DMA test: 3 HBl H +EWRAM/=EWRAM
DMA test: 0 HBl H +EWRAM/=ROM
DMA test: 1 HBl H +EWRAM/=ROM
DMA test: 2 HBl H +EWRAM/=ROM
DMA test: 3 HBl H +EWRAM/=ROM
DMA test: 0 HBl H +ROM/=IWRAM
3: Got CB0E0101 vs CB0ECAFE: FAIL
DMA test: 1 HBl H +ROM/=IWRAM
DMA test: 2 HBl H +ROM/=IWRAM
DMA test: 3 HBl H +ROM/=IWRAM
DMA test: 0 HBl H +ROM/=EWRAM
3: Got FEFD0101 vs FEFDCAFE: FAIL
DMA test: 1 HBl H +ROM/=EWRAM
DMA test: 2 HBl H +ROM/=EWRAM
DMA test: 3 HBl H +ROM/=EWRAM
DMA test: 0 HBl H +ROM/=ROM
DMA test: 1 HBl H +ROM/=ROM
DMA test: 2 HBl H +ROM/=ROM
DMA test: 3 HBl H +ROM/=ROM
DMA test: 0 HBl H +BIOS/=IWRAM
3: Got CB0E0000 vs CB0ECAFE: FAIL
DMA test: 1 HBl H +BIOS/=IWRAM
3: Got CB0E0000 vs CB0ECAFE: FAIL
DMA test: 2 HBl H +BIOS/=IWRAM
3: Got CB0E0000 vs CB0ECAFE: FAIL
DMA test: 3 HBl H +BIOS/=IWRAM
3: Got CB0E0000 vs CB0ECAFE: FAIL
DMA test: 0 HBl H +BIOS/=EWRAM
3: Got FEFD0000 vs FEFDCAFE: FAIL
DMA test: 1 HBl H +BIOS/=EWRAM
3: Got FEFD0000 vs FEFDCAFE: FAIL
DMA test: 2 HBl H +BIOS/=EWRAM
3: Got FEFD0000 vs FEFDCAFE: FAIL
DMA test: 3 HBl H +BIOS/=EWRAM
3: Got FEFD0000 vs FEFDCAFE: FAIL
DMA test: 0 HBl H +BIOS/=ROM
DMA test: 1 HBl H +BIOS/=ROM
DMA test: 2 HBl H +BIOS/=ROM
DMA test: 3 HBl H +BIOS/=ROM
DMA test: 0 HBl H +SRAM/=IWRAM
DMA test: 1 HBl H +SRAM/=IWRAM
DMA test: 2 HBl H +SRAM/=IWRAM
DMA test: 3 HBl H +SRAM/=IWRAM
DMA test: 0 HBl H +SRAM/=EWRAM
DMA test: 1 HBl H +SRAM/=EWRAM
DMA test: 2 HBl H +SRAM/=EWRAM
DMA test: 3 HBl H +SRAM/=EWRAM
DMA test: 0 HBl H +SRAM/=ROM
DMA test: 1 HBl H +SRAM/=ROM
DMA test: 2 HBl H +SRAM/=ROM
DMA test: 0 HBl W +IWRAM/=IWRAM
DMA test: 1 HBl W +IWRAM/=IWRAM
DMA test: 2 HBl W +IWRAM/=IWRAM
DMA test: 3 HBl W +IWRAM/=IWRAM
DMA test: 0 HBl W +IWRAM/=EWRAM
DMA test: 1 HBl W +IWRAM/=EWRAM
DMA test: 2 HBl W +IWRAM/=EWRAM
DMA test: 3 HBl W +IWRAM/=EWRAM
DMA test: 0 HBl W +IWRAM/=ROM
DMA test: 1 HBl W +IWRAM/=ROM
DMA test: 2 HBl W +IWRAM/=ROM
DMA test: 3 HBl W +IWRAM/=ROM
DMA test: 0 HBl W +EWRAM/=IWRAM
DMA test: 1 HBl W +EWRAM/=IWRAM
DMA test: 2 HBl W +EWRAM/=IWRAM
DMA test: 3 HBl W +EWRAM/=IWRAM
DMA test: 0 HBl W +EWRAM/=EWRAM
DMA test: 1 HBl W +EWRAM/=EWRAM
DMA test: 2 HBl W +EWRAM/=EWRAM
DMA test: 3 HBl W +EWRAM/=EWRAM
DMA test: 0 HBl W +EWRAM/=ROM
DMA test: 1 HBl W +EWRAM/=ROM
DMA test: 2 HBl W +EWRAM/=ROM
DMA test: 3 HBl W +EWRAM/=ROM
DMA test: 0 HBl W +ROM/=IWRAM
3: Got 01010101 vs CAFECAFE: FAIL
DMA test: 1 HBl W +ROM/=IWRAM
DMA test: 2 HBl W +ROM/=IWRAM
DMA test: 3 HBl W +ROM/=IWRAM
DMA test: 0 HBl W +ROM/=EWRAM
3: Got 01010101 vs CAFECAFE: FAIL
DMA test: 1 HBl W +ROM/=EWRAM
DMA test: 2 HBl W +ROM/=EWRAM
DMA test: 3 HBl W +ROM/=EWRAM
DMA test: 0 HBl W +ROM/=ROM
DMA test: 1 HBl W +ROM/=ROM
DMA test: 2 HBl W +ROM/=ROM
DMA test: 3 HBl W +ROM/=ROM
DMA test: 0 HBl W +BIOS/=IWRAM
3: Got EA000088 vs CAFECAFE: FAIL
DMA test: 1 HBl W +BIOS/=IWRAM
3: Got EA000088 vs CAFECAFE: FAIL
DMA test: 2 HBl W +BIOS/=IWRAM
3: Got EA000088 vs CAFECAFE: FAIL
DMA test: 3 HBl W +BIOS/=IWRAM
3: Got EA000088 vs CAFECAFE: FAIL
DMA test: 0 HBl W +BIOS/=EWRAM
3: Got EA000088 vs CAFECAFE: FAIL
DMA test: 1 HBl W +BIOS/=EWRAM
3: Got EA000088 vs CAFECAFE: FAIL
DMA test: 2 HBl W +BIOS/=EWRAM
3: Got EA000088 vs CAFECAFE: FAIL
DMA test: 3 HBl W +BIOS/=EWRAM
3: Got EA000088 vs CAFECAFE: FAIL
DMA test: 0 HBl W +BIOS/=ROM
DMA test: 1 HBl W +BIOS/=ROM
DMA test: 2 HBl W +BIOS/=ROM
DMA test: 3 HBl W +BIOS/=ROM
DMA test: 0 HBl W +SRAM/=IWRAM
DMA test: 1 HBl W +SRAM/=IWRAM
DMA test: 2 HBl W +SRAM/=IWRAM
DMA test: 3 HBl W +SRAM/=IWRAM
DMA test: 0 HBl W +SRAM/=EWRAM
DMA test: 1 HBl W +SRAM/=EWRAM
DMA test: 2 HBl W +SRAM/=EWRAM
DMA test: 3 HBl W +SRAM/=EWRAM
DMA test: 0 HBl W +SRAM/=ROM
DMA test: 1 HBl W +SRAM/=ROM
DMA test: 2 HBl W +SRAM/=ROM
DMA test: 0 HBl H -IWRAM/=IWRAM
DMA test: 1 HBl H -IWRAM/=IWRAM
DMA test: 2 HBl H -IWRAM/=IWRAM
DMA test: 3 HBl H -IWRAM/=IWRAM
DMA test: 0 HBl H -IWRAM/=EWRAM
DMA test: 1 HBl H -IWRAM/=EWRAM
DMA test: 2 HBl H -IWRAM/=EWRAM
4: Got 00000000 vs C

--- Suite 11: SIO register R/W ---
Frames: 95
[sram]
Game Boy Advance Test Suite
===
Memory test: ROM load
DMA0 16: Got 0x00000000 vs 0x0000FACE: FAIL
DMA0 16 (unaligned): Got 0x00000000 vs 0x0000FACE: FAIL
DMA0 32: Got 0x00000000 vs 0xFEEDFACE: FAIL
DMA0 32 (unaligned 1): Got 0x00000000 vs 0xFEEDFACE: FAIL
DMA0 32 (unaligned 2): Got 0x00000000 vs 0xFEEDFACE: FAIL
DMA0 32 (unaligned 3): Got 0x00000000 vs 0xFEEDFACE: FAIL
Memory test: ROM store
Memory test: ROM out-of-bounds load
U8: Got 0x00000000 vs 0x00000056: FAIL
S8: Got 0x00000000 vs 0x00000056: FAIL
U16: Got 0x00000000 vs 0x00003456: FAIL
U16 (unaligned): Got 0x00000000 vs 0x56000034: FAIL
S16: Got 0x00000000 vs 0x00003456: FAIL
S16 (unaligned): Got 0x00000000 vs 0x00000034: FAIL
32: Got 0x00000000 vs 0x34573456: FAIL
32 (unaligned 1): Got 0x00000000 vs 0x56345734: FAIL
32 (unaligned 2): Got 0x00000000 vs 0x34563457: FAIL
32 (unaligned 3): Got 0x00000000 vs 0x57345634: FAIL
DMA0 16: Got 0x00000000 vs 0x0000FACE: FAIL
DMA0 16 (unaligned): Got 0x00000000 vs 0x0000FACE: FAIL
DMA0 32: Got 0x00000000 vs 0xFEEDFACE: FAIL
DMA0 32 (unaligned 1): Got 0x00000000 vs 0xFEEDFACE: FAIL
DMA0 32 (unaligned 2): Got 0x00000000 vs 0xFEEDFACE: FAIL
DMA0 32 (unaligned 3): Got 0x00000000 vs 0xFEEDFACE: FAIL
DMA1 16: Got 0x00000000 vs 0x00003456: FAIL
DMA1 16 (unaligned): Got 0x00000000 vs 0x00003456: FAIL
DMA1 32: Got 0x00000000 vs 0x34573456: FAIL
DMA1 32 (unaligned 1): Got 0x00000000 vs 0x34573456: FAIL
DMA1 32 (unaligned 2): Got 0x00000000 vs 0x34573456: FAIL
DMA1 32 (unaligned 3): Got 0x00000000 vs 0x34573456: FAIL
DMA2 16: Got 0x00000000 vs 0x00003456: FAIL
DMA2 16 (unaligned): Got 0x00000000 vs 0x00003456: FAIL
DMA2 32: Got 0x00000000 vs 0x34573456: FAIL
DMA2 32 (unaligned 1): Got 0x00000000 vs 0x34573456: FAIL
DMA2 32 (unaligned 2): Got 0x00000000 vs 0x34573456: FAIL
DMA2 32 (unaligned 3): Got 0x00000000 vs 0x34573456: FAIL
DMA3 16: Got 0x00000000 vs 0x00003456: FAIL
DMA3 16 (unaligned): Got 0x00000000 vs 0x00003456: FAIL
DMA3 32: Got 0x00000000 vs 0x34573456: FAIL
DMA3 32 (unaligned 1): Got 0x00000000 vs 0x34573456: FAIL
DMA3 32 (unaligned 2): Got 0x00000000 vs 0x34573456: FAIL
DMA3 32 (unaligned 3): Got 0x00000000 vs 0x34573456: FAIL
swi B 16: Got 0x00000000 vs 0x34573456: FAIL
swi B 16 (unaligned): Got 0x00000000 vs 0x00340034: FAIL
swi B 32: Got 0x00000000 vs 0x34573456: FAIL
swi B 32 (unaligned 1): Got 0x00000000 vs 0x34573456: FAIL
swi B 32 (unaligned 2): Got 0x00000000 vs 0x34573456: FAIL
swi B 32 (unaligned 3): Got 0x00000000 vs 0x34573456: FAIL
swi C 32: Got 0x00000000 vs 0x34573456: FAIL
swi C 32 (unaligned 1): Got 0x00000000 vs 0x34573456: FAIL
swi C 32 (unaligned 2): Got 0x00000000 vs 0x34573456: FAIL
swi C 32 (unaligned 3): Got 0x00000000 vs 0x34573456: FAIL
Memory test: IWRAM load
Memory test: IWRAM mirror load
Memory test: IWRAM store
Memory test: IWRAM mirror store
Memory test: EWRAM load
Memory test: EWRAM mirror load
Memory test: EWRAM store
Memory test: EWRAM mirror store
Memory test: Palette load
Memory test: Palette mirror load
Memory test: Palette store
Memory test: Palette mirror store
Memory test: VRAM load
Memory test: VRAM mirror load
Memory test: VRAM OBJ load
Memory test: VRAM OBJ mirror load
Memory test: VRAM OBJ mirror 2 load
Memory test: VRAM store
Memory test: VRAM mirror store
Memory test: VRAM OBJ store
Memory test: VRAM OBJ mirror store
Memory test: VRAM OBJ mirror 2 store
Memory test: OAM load
Memory test: OAM mirror load
Memory test: OAM store
Memory test: OAM mirror store
Memory test: SRAM load
swi B 32 (unaligned 1): Got 0x47474747 vs 0x61616161: FAIL
swi B 32 (unaligned 2): Got 0x47474747 vs 0x6D6D6D6D: FAIL
swi B 32 (unaligned 3): Got 0x47474747 vs 0x65656565: FAIL
swi C 32 (unaligned 1): Got 0x47474747 vs 0x61616161: FAIL
swi C 32 (unaligned 2): Got 0x47474747 vs 0x6D6D6D6D: FAIL
swi C 32 (unaligned 3): Got 0x47474747 vs 0x65656565: FAIL
Memory test: SRAM mirror load
swi B 16: Got 0x1CAD1CAD vs 0x6D6D4747: FAIL
swi B 16 (unaligned): Got 0x1CAD1CAD vs 0x00650061: FAIL
swi B 32: Got 0x1CAD1CAD vs 0x47474747: FAIL
swi B 32 (unaligned 1): Got 0x1CAD1CAD vs 0x61616161: FAIL
swi B 32 (unaligned 2): Got 0x1CAD1CAD vs 0x6D6D6D6D: FAIL
swi B 32 (unaligned 3): Got 0x1CAD1CAD vs 0x65656565: FAIL
swi C 32: Got 0xBAFFFFFB vs 0x47474747: FAIL
swi C 32 (unaligned 1): Got 0xBAFFFFFB vs 0x61616161: FAIL
swi C 32 (unaligned 2): Got 0xBAFFFFFB vs 0x6D6D6D6D: FAIL
swi C 32 (unaligned 3): Got 0xBAFFFFFB vs 0x65656565: FAIL
Memory test: SRAM store
DMA3 16 (unaligned): Got 0x66666666 vs 0xD8D8D8D8: FAIL
DMA3 32 (unaligned 1): Got 0x66666666 vs 0xD8D8D8D8: FAIL
DMA3 32 (unaligned 2): Got 0x66666666 vs 0xD8D8D8D8: FAIL
DMA3 32 (unaligned 3): Got 0x66666666 vs 0xD8D8D8D8: FAIL
swi B 32 (unaligned 1): Got 0xD8D8D8D8 vs 0x66666666: FAIL
swi B 32 (unaligned 2): Got 0xD8D8D8D8 vs 0x66666666: FAIL
swi B 32 (unaligned 3): Got 0xD8D8D8D8 vs 0x66666666: FAIL
swi C 32 (unaligned 1): Got 0xD8D8D8D8 vs 0x66666666: FAIL
swi C 32 (unaligned 2): Got 0xD8D8D8D8 vs 0x66666666: FAIL
swi C 32 (unaligned 3): Got 0xD8D8D8D8 vs 0x66666666: FAIL
Memory test: SRAM mirror store
DMA3 16 (unaligned): Got 0x66666666 vs 0xD8D8D8D8: FAIL
DMA3 32 (unaligned 1): Got 0x66666666 vs 0xD8D8D8D8: FAIL
DMA3 32 (unaligned 2): Got 0x66666666 vs 0xD8D8D8D8: FAIL
DMA3 32 (unaligned 3): Got 0x66666666 vs 0xD8D8D8D8: FAIL
swi B 32 (unaligned 1): Got 0xD8D8D8D8 vs 0x66666666: FAIL
swi B 32 (unaligned 2): Got 0xD8D8D8D8 vs 0x66666666: FAIL
swi B 32 (unaligned 3): Got 0xD8D8D8D8 vs 0x66666666: FAIL
swi C 32 (unaligned 1): Got 0xD8D8D8D8 vs 0x66666666: FAIL
swi C 32 (unaligned 2): Got 0xD8D8D8D8 vs 0x66666666: FAIL
swi C 32 (unaligned 3): Got 0xD8D8D8D8 vs 0x66666666: FAIL
Memory test: BIOS load
U8: Got 0x00000002 vs 0x00000004: FAIL
S8: Got 0x00000002 vs 0x00000004: FAIL
U16: Got 0x0000C002 vs 0x00002004: FAIL
U16 (unaligned): Got 0x020000C0 vs 0x04000020: FAIL
S16: Got 0xFFFFC002 vs 0x00002004: FAIL
S16 (unaligned): Got 0xFFFFFFC0 vs 0x00000020: FAIL
32: Got 0xE55EC002 vs 0xE3A02004: FAIL
32 (unaligned 1): Got 0x02E55EC0 vs 0x04E3A020: FAIL
32 (unaligned 2): Got 0xC002E55E vs 0x2004E3A0: FAIL
32 (unaligned 3): Got 0x5EC002E5 vs 0xA02004E3: FAIL
DMA0 16: Got 0x00000000 vs 0x0000FACE: FAIL
DMA0 16 (unaligned): Got 0x00000000 vs 0x0000FACE: FAIL
DMA0 32: Got 0x00000000 vs 0xFEEDFACE: FAIL
DMA0 32 (unaligned 1): Got 0x00000000 vs 0xFEEDFACE: FAIL
DMA0 32 (unaligned 2): Got 0x00000000 vs 0xFEEDFACE: FAIL
DMA0 32 (unaligned 3): Got 0x00000000 vs 0xFEEDFACE: FAIL
DMA1 16: Got 0x00000000 vs 0x0000FACE: FAIL
DMA1 16 (unaligned): Got 0x00000000 vs 0x0000FACE: FAIL
DMA1 32: Got 0x00000000 vs 0xFEEDFACE: FAIL
DMA1 32 (unaligned 1): Got 0x00000000 vs 0xFEEDFACE: FAIL
DMA1 32 (unaligned 2): Got 0x00000000 vs 0xFEEDFACE: FAIL
DMA1 32 (unaligned 3): Got 0x00000000 vs 0xFEEDFACE: FAIL
DMA2 16: Got 0x00000000 vs 0x0000FACE: FAIL
DMA2 16 (unaligned): Got 0x00000000 vs 0x0000FACE: FAIL
DMA2 32: Got 0x00000000 vs 0xFEEDFACE: FAIL
DMA2 32 (unaligned 1): Got 0x00000000 vs 0xFEEDFACE: FAIL
DMA2 32 (unaligned 2): Got 0x00000000 vs 0xFEEDFACE: FAIL
DMA2 32 (unaligned 3): Got 0x00000000 vs 0xFEEDFACE: FAIL
DMA3 16: Got 0x00000000 vs 0x0000FACE: FAIL
DMA3 16 (unaligned): Got 0x00000000 vs 0x0000FACE: FAIL
DMA3 32: Got 0x00000000 vs 0xFEEDFACE: FAIL
DMA3 32 (unaligned 1): Got 0x00000000 vs 0xFEEDFACE: FAIL
DMA3 32 (unaligned 2): Got 0x00000000 vs 0xFEEDFACE: FAIL
DMA3 32 (unaligned 3): Got 0x00000000 vs 0xFEEDFACE: FAIL
Memory test: BIOS out-of-bounds load
DMA0 16: Got 0x00000000 vs 0x0000FACE: FAIL
DMA0 16 (unaligned): Got 0x00000000 vs 0x0000FACE: FAIL
DMA0 32: Got 0x00000000 vs 0xFEEDFACE: FAIL
DMA0 32 (unaligned 1): Got 0x00000000 vs 0xFEEDFACE: FAIL
DMA0 32 (unaligned 2): Got 0x00000000 vs 0xFEEDFACE: FAIL
DMA0 32 (unaligned 3): Got 0x00000000 vs 0xFEEDFACE: FAIL
DMA1 16: Got 0x00000000 vs 0x0000FACE: FAIL
DMA1 16 (unaligned): Got 0x00000000 vs 0x0000FACE: FAIL
DMA1 32: Got 0x00000000 vs 0xFEEDFACE: FAIL
DMA1 32 (unaligned 1): Got 0x00000000 vs 0xFEEDFACE: FAIL
DMA1 32 (unaligned 2): Got 0x00000000 vs 0xFEEDFACE: FAIL
DMA1 32 (unaligned 3): Got 0x00000000 vs 0xFEEDFACE: FAIL
DMA2 16: Got 0x00000000 vs 0x0000FACE: FAIL
DMA2 16 (unaligned): Got 0x00000000 vs 0x0000FACE: FAIL
DMA2 32: Got 0x00000000 vs 0xFEEDFACE: FAIL
DMA2 32 (unaligned 1): Got 0x00000000 vs 0xFEEDFACE: FAIL
DMA2 32 (unaligned 2): Got 0x00000000 vs 0xFEEDFACE: FAIL
DMA2 32 (unaligned 3): Got 0x00000000 vs 0xFEEDFACE: FAIL
DMA3 16: Got 0x00000000 vs 0x0000FACE: FAIL
DMA3 16 (unaligned): Got 0x00000000 vs 0x0000FACE: FAIL
DMA3 32: Got 0x00000000 vs 0xFEEDFACE: FAIL
DMA3 32 (unaligned 1): Got 0x00000000 vs 0xFEEDFACE: FAIL
DMA3 32 (unaligned 2): Got 0x00000000 vs 0xFEEDFACE: FAIL
DMA3 32 (unaligned 3): Got 0x00000000 vs 0xFEEDFACE: FAIL
Memory test: Out-of-bounds load
DMA0 16: Got 0x00000000 vs 0x0000FACE: FAIL
DMA0 16 (unaligned): Got 0x00000000 vs 0x0000FACE: FAIL
DMA0 32: Got 0x00000000 vs 0xFEEDFACE: FAIL
DMA0 32 (unaligned 1): Got 0x00000000 vs 0xFEEDFACE: FAIL
DMA0 32 (unaligned 2): Got 0x00000000 vs 0xFEEDFACE: FAIL
DMA0 32 (unaligned 3): Got 0x00000000 vs 0xFEEDFACE: FAIL
DMA1 16: Got 0x00000000 vs 0x0000FACE: FAIL
DMA1 16 (unaligned): Got 0x00000000 vs 0x0000FACE: FAIL
DMA1 32: Got 0x00000000 vs 0xFEEDFACE: FAIL
DMA1 32 (unaligned 1): Got 0x00000000 vs 0xFEEDFACE: FAIL
DMA1 32 (unaligned 2): Got 0x00000000 vs 0xFEEDFACE: FAIL
DMA1 32 (unaligned 3): Got 0x00000000 vs 0xFEEDFACE: FAIL
DMA2 16: Got 0x00000000 vs 0x0000FACE: FAIL
DMA2 16 (unaligned): Got 0x00000000 vs 0x0000FACE: FAIL
DMA2 32: Got 0x00000000 vs 0xFEEDFACE: FAIL
DMA2 32 (unaligned 1): Got 0x00000000 vs 0xFEEDFACE: FAIL
DMA2 32 (unaligned 2): Got 0x00000000 vs 0xFEEDFACE: FAIL
DMA2 32 (unaligned 3): Got 0x00000000 vs 0xFEEDFACE: FAIL
DMA3 16: Got 0x00000000 vs 0x0000FACE: FAIL
DMA3 16 (unaligned): Got 0x00000000 vs 0x0000FACE: FAIL
DMA3 32: Got 0x00000000 vs 0xFEEDFACE: FAIL
DMA3 32 (unaligned 1): Got 0x00000000 vs 0xFEEDFACE: FAIL
DMA3 32 (unaligned 2): Got 0x00000000 vs 0xFEEDFACE: FAIL
DMA3 32 (unaligned 3): Got 0x00000000 vs 0xFEEDFACE: FAIL
M: SIOMULTI0: Got 0xFFFF vs 0x0000: FAIL
M: SIOMULTI1: Got 0xFFFF vs 0x0000: FAIL
M: SIOMULTI2: Got 0xFFFF vs 0x0000: FAIL
M: SIOMULTI3: Got 0xFFFF vs 0x0000: FAIL
M: SIOCNT: Got 0xEFFF vs 0x6F8F: FAIL
M: RCNT: Got 0x3FFF vs 0x01FF: FAIL
M: INVALID (136): Got 0xFFFF vs 0x0000: FAIL
M: JOYCNT: Got 0xFFFF vs 0x0040: FAIL
M: INVALID (142): Got 0xFFFF vs 0x0000: FAIL
M: JOY_RECV_L: Got 0xFFFF vs 0x0000: FAIL
M: JOY_RECV_H: Got 0xFFFF vs 0x0000: FAIL
M: JOY_TRANS_L: Got 0xFFFF vs 0x0000: FAIL
M: JOY_TRANS_H: Got 0xFFFF vs 0x0000: FAIL
M: JOYSTAT: Got 0xFFFF vs 0x0000: FAIL
N8: SIODATA32_L: Got 0xFFFF vs 0x0000: FAIL
N8: SIODATA32_H: Got 0xFFFF vs 0x0000: FAIL
N8: SIOMULTI2: Got 0xFFFF vs 0x0000: FAIL
N8: SIOMULTI3: Got 0xFFFF vs 0x0000: FAIL
N8: SIOCNT: Got 0xCFFF vs 0x4F8F: FAIL
N8: RCNT: Got 0x3FFF vs 0x01F5: FAIL
N8: INVALID (136): Got 0xFFFF vs 0x0000: FAIL
N8: JOYCNT: Got 0xFFFF vs 0x0040: FAIL
N8: INVALID (142): Got 0xFFFF vs 0x0000: FAIL
N8: JOY_RECV_L: Got 0xFFFF vs 0x0000: FAIL
N8: JOY_RECV_H: Got 0xFFFF vs 0x0000: FAIL
N8: JOY_TRANS_L: Got 0xFFFF vs 0x0000: FAIL
N8: JOY_TRANS_H: Got 0xFFFF vs 0x0000: FAIL
N8: JOYSTAT: Got 0xFFFF vs 0x0000: FAIL
N32: SIOMULTI2: Got 0xFFFF vs 0x0000: FAIL
N32: SIOMULTI3: Got 0xFFFF vs 0x0000: FAIL
N32: SIOCNT: Got 0xDFFF vs 0x5F8F: FAIL
N32: RCNT: Got 0x3FFF vs 0x01F5: FAIL
N32: INVALID (136): Got 0xFFFF vs 0x0000: FAIL
N32: JOYCNT: Got 0xFFFF vs 0x0040: FAIL
N32: INVALID (142): Got 0xFFFF vs 0x0000: FAIL
N32: JOY_RECV_L: Got 0xFFFF vs 0x0000: FAIL
N32: JOY_RECV_H: Got 0xFFFF vs 0x0000: FAIL
N32: JOY_TRANS_L: Got 0xFFFF vs 0x0000: FAIL
N32: JOY_TRANS_H: Got 0xFFFF vs 0x0000: FAIL
N32: JOYSTAT: Got 0xFFFF vs 0x0000: FAIL
U: SIODATA32_L: Got 0xFFFF vs 0x0000: FAIL
U: SIODATA32_H: Got 0xFFFF vs 0x0000: FAIL
U: SIOMULTI2: Got 0xFFFF vs 0x0000: FAIL
U: SIOMULTI3: Got 0xFFFF vs 0x0000: FAIL
U: SIOCNT: Got 0xFFFF vs 0x7FAF: FAIL
U: SIODATA8: Got 0xFFFF vs 0x0000: FAIL
U: RCNT: Got 0x3FFF vs 0x01FF: FAIL
U: INVALID (136): Got 0xFFFF vs 0x0000: FAIL
U: JOYCNT: Got 0xFFFF vs 0x0040: FAIL
U: INVALID (142): Got 0xFFFF vs 0x0000: FAIL
U: JOY_RECV_L: Got 0xFFFF vs 0x0000: FAIL
U: JOY_RECV_H: Got 0xFFFF vs 0x0000: FAIL
U: JOY_TRANS_L: Got 0xFFFF vs 0x0000: FAIL
U: JOY_TRANS_H: Got 0xFFFF vs 0x0000: FAIL
U: JOYSTAT: Got 0xFFFF vs 0x0000: FAIL
G: SIODATA32_L: Got 0xFFFF vs 0x0000: FAIL
G: SIODATA32_H: Got 0xFFFF vs 0x0000: FAIL
G: SIOMULTI2: Got 0xFFFF vs 0x0000: FAIL
G: SIOMULTI3: Got 0xFFFF vs 0x0000: FAIL
G: SIOCNT: Got 0xCFFF vs 0x4F8F: FAIL
G: RCNT: Got 0xBFFF vs 0x81FF: FAIL
G: INVALID (136): Got 0xFFFF vs 0x0000: FAIL
G: JOYCNT: Got 0xFFFF vs 0x0040: FAIL
G: INVALID (142): Got 0xFFFF vs 0x0000: FAIL
G: JOY_RECV_L: Got 0xFFFF vs 0x0000: FAIL
G: JOY_RECV_H: Got 0xFFFF vs 0x0000: FAIL
G: JOY_TRANS_L: Got 0xFFFF vs 0x0000: FAIL
G: JOY_TRANS_H: Got 0xFFFF vs 0x0000: FAIL
G: JOYSTAT: Got 0xFFFF vs 0x0000: FAIL
J: SIODATA32_L: Got 0xFFFF vs 0x0000: FAIL
J: SIODATA32_H: Got 0xFFFF vs 0x0000: FAIL
J: SIOMULTI2: Got 0xFFFF vs 0x0000: FAIL
J: SIOMULTI3: Got 0xFFFF vs 0x0000: FAIL
J: SIOCNT: Got 0xCFFF vs 0x4F8F: FAIL
J: RCNT: Got 0xFFFF vs 0xC1FC: FAIL
J: INVALID (136): Got 0xFFFF vs 0x0000: FAIL
J: JOYCNT: Got 0xFFFF vs 0x0040: FAIL
J: INVALID (142): Got 0xFFFF vs 0x0000: FAIL
J: JOY_RECV_L: Got 0xFFFF vs 0x0000: FAIL
J: JOY_RECV_H: Got 0xFFFF vs 0x0000: FAIL
J: JOY_TRANS_L: Got 0xFFFF vs 0x0000: FAIL
J: JOY_TRANS_H: Got 0xFFFF vs 0x0000: FAIL
J: JOYSTAT: Got 0xFFFF vs 0x0000: FAIL

--- Suite 12: SIO timing ---
Frames: 91
[sram]
Game Boy Advance Test Suite
===
Memory test: ROM load
DMA0 16: Got 0x00000000 vs 0x0000FACE: FAIL
DMA0 16 (unaligned): Got 0x00000000 vs 0x0000FACE: FAIL
DMA0 32: Got 0x00000000 vs 0xFEEDFACE: FAIL
DMA0 32 (unaligned 1): Got 0x00000000 vs 0xFEEDFACE: FAIL
DMA0 32 (unaligned 2): Got 0x00000000 vs 0xFEEDFACE: FAIL
DMA0 32 (unaligned 3): Got 0x00000000 vs 0xFEEDFACE: FAIL
Memory test: ROM store
Memory test: ROM out-of-bounds load
U8: Got 0x00000000 vs 0x00000056: FAIL
S8: Got 0x00000000 vs 0x00000056: FAIL
U16: Got 0x00000000 vs 0x00003456: FAIL
U16 (unaligned): Got 0x00000000 vs 0x56000034: FAIL
S16: Got 0x00000000 vs 0x00003456: FAIL
S16 (unaligned): Got 0x00000000 vs 0x00000034: FAIL
32: Got 0x00000000 vs 0x34573456: FAIL
32 (unaligned 1): Got 0x00000000 vs 0x56345734: FAIL
32 (unaligned 2): Got 0x00000000 vs 0x34563457: FAIL
32 (unaligned 3): Got 0x00000000 vs 0x57345634: FAIL
DMA0 16: Got 0x00000000 vs 0x0000FACE: FAIL
DMA0 16 (unaligned): Got 0x00000000 vs 0x0000FACE: FAIL
DMA0 32: Got 0x00000000 vs 0xFEEDFACE: FAIL
DMA0 32 (unaligned 1): Got 0x00000000 vs 0xFEEDFACE: FAIL
DMA0 32 (unaligned 2): Got 0x00000000 vs 0xFEEDFACE: FAIL
DMA0 32 (unaligned 3): Got 0x00000000 vs 0xFEEDFACE: FAIL
DMA1 16: Got 0x00000000 vs 0x00003456: FAIL
DMA1 16 (unaligned): Got 0x00000000 vs 0x00003456: FAIL
DMA1 32: Got 0x00000000 vs 0x34573456: FAIL
DMA1 32 (unaligned 1): Got 0x00000000 vs 0x34573456: FAIL
DMA1 32 (unaligned 2): Got 0x00000000 vs 0x34573456: FAIL
DMA1 32 (unaligned 3): Got 0x00000000 vs 0x34573456: FAIL
DMA2 16: Got 0x00000000 vs 0x00003456: FAIL
DMA2 16 (unaligned): Got 0x00000000 vs 0x00003456: FAIL
DMA2 32: Got 0x00000000 vs 0x34573456: FAIL
DMA2 32 (unaligned 1): Got 0x00000000 vs 0x34573456: FAIL
DMA2 32 (unaligned 2): Got 0x00000000 vs 0x34573456: FAIL
DMA2 32 (unaligned 3): Got 0x00000000 vs 0x34573456: FAIL
DMA3 16: Got 0x00000000 vs 0x00003456: FAIL
DMA3 16 (unaligned): Got 0x00000000 vs 0x00003456: FAIL
DMA3 32: Got 0x00000000 vs 0x34573456: FAIL
DMA3 32 (unaligned 1): Got 0x00000000 vs 0x34573456: FAIL
DMA3 32 (unaligned 2): Got 0x00000000 vs 0x34573456: FAIL
DMA3 32 (unaligned 3): Got 0x00000000 vs 0x34573456: FAIL
swi B 16: Got 0x00000000 vs 0x34573456: FAIL
swi B 16 (unaligned): Got 0x00000000 vs 0x00340034: FAIL
swi B 32: Got 0x00000000 vs 0x34573456: FAIL
swi B 32 (unaligned 1): Got 0x00000000 vs 0x34573456: FAIL
swi B 32 (unaligned 2): Got 0x00000000 vs 0x34573456: FAIL
swi B 32 (unaligned 3): Got 0x00000000 vs 0x34573456: FAIL
swi C 32: Got 0x00000000 vs 0x34573456: FAIL
swi C 32 (unaligned 1): Got 0x00000000 vs 0x34573456: FAIL
swi C 32 (unaligned 2): Got 0x00000000 vs 0x34573456: FAIL
swi C 32 (unaligned 3): Got 0x00000000 vs 0x34573456: FAIL
Memory test: IWRAM load
Memory test: IWRAM mirror load
Memory test: IWRAM store
Memory test: IWRAM mirror store
Memory test: EWRAM load
Memory test: EWRAM mirror load
Memory test: EWRAM store
Memory test: EWRAM mirror store
Memory test: Palette load
Memory test: Palette mirror load
Memory test: Palette store
Memory test: Palette mirror store
Memory test: VRAM load
Memory test: VRAM mirror load
Memory test: VRAM OBJ load
Memory test: VRAM OBJ mirror load
Memory test: VRAM OBJ mirror 2 load
Memory test: VRAM store
Memory test: VRAM mirror store
Memory test: VRAM OBJ store
Memory test: VRAM OBJ mirror store
Memory test: VRAM OBJ mirror 2 store
Memory test: OAM load
Memory test: OAM mirror load
Memory test: OAM store
Memory test: OAM mirror store
Memory test: SRAM load
swi B 32 (unaligned 1): Got 0x47474747 vs 0x61616161: FAIL
swi B 32 (unaligned 2): Got 0x47474747 vs 0x6D6D6D6D: FAIL
swi B 32 (unaligned 3): Got 0x47474747 vs 0x65656565: FAIL
swi C 32 (unaligned 1): Got 0x47474747 vs 0x61616161: FAIL
swi C 32 (unaligned 2): Got 0x47474747 vs 0x6D6D6D6D: FAIL
swi C 32 (unaligned 3): Got 0x47474747 vs 0x65656565: FAIL
Memory test: SRAM mirror load
swi B 16: Got 0x1CAD1CAD vs 0x6D6D4747: FAIL
swi B 16 (unaligned): Got 0x1CAD1CAD vs 0x00650061: FAIL
swi B 32: Got 0x1CAD1CAD vs 0x47474747: FAIL
swi B 32 (unaligned 1): Got 0x1CAD1CAD vs 0x61616161: FAIL
swi B 32 (unaligned 2): Got 0x1CAD1CAD vs 0x6D6D6D6D: FAIL
swi B 32 (unaligned 3): Got 0x1CAD1CAD vs 0x65656565: FAIL
swi C 32: Got 0xBAFFFFFB vs 0x47474747: FAIL
swi C 32 (unaligned 1): Got 0xBAFFFFFB vs 0x61616161: FAIL
swi C 32 (unaligned 2): Got 0xBAFFFFFB vs 0x6D6D6D6D: FAIL
swi C 32 (unaligned 3): Got 0xBAFFFFFB vs 0x65656565: FAIL
Memory test: SRAM store
DMA3 16 (unaligned): Got 0x66666666 vs 0xD8D8D8D8: FAIL
DMA3 32 (unaligned 1): Got 0x66666666 vs 0xD8D8D8D8: FAIL
DMA3 32 (unaligned 2): Got 0x66666666 vs 0xD8D8D8D8: FAIL
DMA3 32 (unaligned 3): Got 0x66666666 vs 0xD8D8D8D8: FAIL
swi B 32 (unaligned 1): Got 0xD8D8D8D8 vs 0x66666666: FAIL
swi B 32 (unaligned 2): Got 0xD8D8D8D8 vs 0x66666666: FAIL
swi B 32 (unaligned 3): Got 0xD8D8D8D8 vs 0x66666666: FAIL
swi C 32 (unaligned 1): Got 0xD8D8D8D8 vs 0x66666666: FAIL
swi C 32 (unaligned 2): Got 0xD8D8D8D8 vs 0x66666666: FAIL
swi C 32 (unaligned 3): Got 0xD8D8D8D8 vs 0x66666666: FAIL
Memory test: SRAM mirror store
DMA3 16 (unaligned): Got 0x66666666 vs 0xD8D8D8D8: FAIL
DMA3 32 (unaligned 1): Got 0x66666666 vs 0xD8D8D8D8: FAIL
DMA3 32 (unaligned 2): Got 0x66666666 vs 0xD8D8D8D8: FAIL
DMA3 32 (unaligned 3): Got 0x66666666 vs 0xD8D8D8D8: FAIL
swi B 32 (unaligned 1): Got 0xD8D8D8D8 vs 0x66666666: FAIL
swi B 32 (unaligned 2): Got 0xD8D8D8D8 vs 0x66666666: FAIL
swi B 32 (unaligned 3): Got 0xD8D8D8D8 vs 0x66666666: FAIL
swi C 32 (unaligned 1): Got 0xD8D8D8D8 vs 0x66666666: FAIL
swi C 32 (unaligned 2): Got 0xD8D8D8D8 vs 0x66666666: FAIL
swi C 32 (unaligned 3): Got 0xD8D8D8D8 vs 0x66666666: FAIL
Memory test: BIOS load
U8: Got 0x00000002 vs 0x00000004: FAIL
S8: Got 0x00000002 vs 0x00000004: FAIL
U16: Got 0x0000C002 vs 0x00002004: FAIL
U16 (unaligned): Got 0x020000C0 vs 0x04000020: FAIL
S16: Got 0xFFFFC002 vs 0x00002004: FAIL
S16 (unaligned): Got 0xFFFFFFC0 vs 0x00000020: FAIL
32: Got 0xE55EC002 vs 0xE3A02004: FAIL
32 (unaligned 1): Got 0x02E55EC0 vs 0x04E3A020: FAIL
32 (unaligned 2): Got 0xC002E55E vs 0x2004E3A0: FAIL
32 (unaligned 3): Got 0x5EC002E5 vs 0xA02004E3: FAIL
DMA0 16: Got 0x00000000 vs 0x0000FACE: FAIL
DMA0 16 (unaligned): Got 0x00000000 vs 0x0000FACE: FAIL
DMA0 32: Got 0x00000000 vs 0xFEEDFACE: FAIL
DMA0 32 (unaligned 1): Got 0x00000000 vs 0xFEEDFACE: FAIL
DMA0 32 (unaligned 2): Got 0x00000000 vs 0xFEEDFACE: FAIL
DMA0 32 (unaligned 3): Got 0x00000000 vs 0xFEEDFACE: FAIL
DMA1 16: Got 0x00000000 vs 0x0000FACE: FAIL
DMA1 16 (unaligned): Got 0x00000000 vs 0x0000FACE: FAIL
DMA1 32: Got 0x00000000 vs 0xFEEDFACE: FAIL
DMA1 32 (unaligned 1): Got 0x00000000 vs 0xFEEDFACE: FAIL
DMA1 32 (unaligned 2): Got 0x00000000 vs 0xFEEDFACE: FAIL
DMA1 32 (unaligned 3): Got 0x00000000 vs 0xFEEDFACE: FAIL
DMA2 16: Got 0x00000000 vs 0x0000FACE: FAIL
DMA2 16 (unaligned): Got 0x00000000 vs 0x0000FACE: FAIL
DMA2 32: Got 0x00000000 vs 0xFEEDFACE: FAIL
DMA2 32 (unaligned 1): Got 0x00000000 vs 0xFEEDFACE: FAIL
DMA2 32 (unaligned 2): Got 0x00000000 vs 0xFEEDFACE: FAIL
DMA2 32 (unaligned 3): Got 0x00000000 vs 0xFEEDFACE: FAIL
DMA3 16: Got 0x00000000 vs 0x0000FACE: FAIL
DMA3 16 (unaligned): Got 0x00000000 vs 0x0000FACE: FAIL
DMA3 32: Got 0x00000000 vs 0xFEEDFACE: FAIL
DMA3 32 (unaligned 1): Got 0x00000000 vs 0xFEEDFACE: FAIL
DMA3 32 (unaligned 2): Got 0x00000000 vs 0xFEEDFACE: FAIL
DMA3 32 (unaligned 3): Got 0x00000000 vs 0xFEEDFACE: FAIL
Memory test: BIOS out-of-bounds load
DMA0 16: Got 0x00000000 vs 0x0000FACE: FAIL
DMA0 16 (unaligned): Got 0x00000000 vs 0x0000FACE: FAIL
DMA0 32: Got 0x00000000 vs 0xFEEDFACE: FAIL
DMA0 32 (unaligned 1): Got 0x00000000 vs 0xFEEDFACE: FAIL
DMA0 32 (unaligned 2): Got 0x00000000 vs 0xFEEDFACE: FAIL
DMA0 32 (unaligned 3): Got 0x00000000 vs 0xFEEDFACE: FAIL
DMA1 16: Got 0x00000000 vs 0x0000FACE: FAIL
DMA1 16 (unaligned): Got 0x00000000 vs 0x0000FACE: FAIL
DMA1 32: Got 0x00000000 vs 0xFEEDFACE: FAIL
DMA1 32 (unaligned 1): Got 0x00000000 vs 0xFEEDFACE: FAIL
DMA1 32 (unaligned 2): Got 0x00000000 vs 0xFEEDFACE: FAIL
DMA1 32 (unaligned 3): Got 0x00000000 vs 0xFEEDFACE: FAIL
DMA2 16: Got 0x00000000 vs 0x0000FACE: FAIL
DMA2 16 (unaligned): Got 0x00000000 vs 0x0000FACE: FAIL
DMA2 32: Got 0x00000000 vs 0xFEEDFACE: FAIL
DMA2 32 (unaligned 1): Got 0x00000000 vs 0xFEEDFACE: FAIL
DMA2 32 (unaligned 2): Got 0x00000000 vs 0xFEEDFACE: FAIL
DMA2 32 (unaligned 3): Got 0x00000000 vs 0xFEEDFACE: FAIL
DMA3 16: Got 0x00000000 vs 0x0000FACE: FAIL
DMA3 16 (unaligned): Got 0x00000000 vs 0x0000FACE: FAIL
DMA3 32: Got 0x00000000 vs 0xFEEDFACE: FAIL
DMA3 32 (unaligned 1): Got 0x00000000 vs 0xFEEDFACE: FAIL
DMA3 32 (unaligned 2): Got 0x00000000 vs 0xFEEDFACE: FAIL
DMA3 32 (unaligned 3): Got 0x00000000 vs 0xFEEDFACE: FAIL
Memory test: Out-of-bounds load
DMA0 16: Got 0x00000000 vs 0x0000FACE: FAIL
DMA0 16 (unaligned): Got 0x00000000 vs 0x0000FACE: FAIL
DMA0 32: Got 0x00000000 vs 0xFEEDFACE: FAIL
DMA0 32 (unaligned 1): Got 0x00000000 vs 0xFEEDFACE: FAIL
DMA0 32 (unaligned 2): Got 0x00000000 vs 0xFEEDFACE: FAIL
DMA0 32 (unaligned 3): Got 0x00000000 vs 0xFEEDFACE: FAIL
DMA1 16: Got 0x00000000 vs 0x0000FACE: FAIL
DMA1 16 (unaligned): Got 0x00000000 vs 0x0000FACE: FAIL
DMA1 32: Got 0x00000000 vs 0xFEEDFACE: FAIL
DMA1 32 (unaligned 1): Got 0x00000000 vs 0xFEEDFACE: FAIL
DMA1 32 (unaligned 2): Got 0x00000000 vs 0xFEEDFACE: FAIL
DMA1 32 (unaligned 3): Got 0x00000000 vs 0xFEEDFACE: FAIL
DMA2 16: Got 0x00000000 vs 0x0000FACE: FAIL
DMA2 16 (unaligned): Got 0x00000000 vs 0x0000FACE: FAIL
DMA2 32: Got 0x00000000 vs 0xFEEDFACE: FAIL
DMA2 32 (unaligned 1): Got 0x00000000 vs 0xFEEDFACE: FAIL
DMA2 32 (unaligned 2): Got 0x00000000 vs 0xFEEDFACE: FAIL
DMA2 32 (unaligned 3): Got 0x00000000 vs 0xFEEDFACE: FAIL
DMA3 16: Got 0x00000000 vs 0x0000FACE: FAIL
DMA3 16 (unaligned): Got 0x00000000 vs 0x0000FACE: FAIL
DMA3 32: Got 0x00000000 vs 0xFEEDFACE: FAIL
DMA3 32 (unaligned 1): Got 0x00000000 vs 0xFEEDFACE: FAIL
DMA3 32 (unaligned 2): Got 0x00000000 vs 0xFEEDFACE: FAIL
DMA3 32 (unaligned 3): Got 0x00000000 vs 0xFEEDFACE: FAIL
SIO timing test: Multi/9.6k
SIO timing test: Multi/38.4k
SIO timing test: Multi/57.6k
SIO timing test: Multi/115.2k
SIO timing test: Normal8/256k
Normal8/256k: Timed out: FAIL
SIO timing test: Normal8/2M
Normal8/2M: Timed out: FAIL
SIO timing test: Normal32/256k
Normal32/256k: Timed out: FAIL
SIO timing test: Normal32/2M
Normal32/2M: Timed out: FAIL

--- Suite 13: Misc. edge case ---
Frames: 91
[sram]
Game Boy Advance Test Suite
===
Memory test: ROM load
DMA0 16: Got 0x00000000 vs 0x0000FACE: FAIL
DMA0 16 (unaligned): Got 0x00000000 vs 0x0000FACE: FAIL
DMA0 32: Got 0x00000000 vs 0xFEEDFACE: FAIL
DMA0 32 (unaligned 1): Got 0x00000000 vs 0xFEEDFACE: FAIL
DMA0 32 (unaligned 2): Got 0x00000000 vs 0xFEEDFACE: FAIL
DMA0 32 (unaligned 3): Got 0x00000000 vs 0xFEEDFACE: FAIL
Memory test: ROM store
Memory test: ROM out-of-bounds load
U8: Got 0x00000000 vs 0x00000056: FAIL
S8: Got 0x00000000 vs 0x00000056: FAIL
U16: Got 0x00000000 vs 0x00003456: FAIL
U16 (unaligned): Got 0x00000000 vs 0x56000034: FAIL
S16: Got 0x00000000 vs 0x00003456: FAIL
S16 (unaligned): Got 0x00000000 vs 0x00000034: FAIL
32: Got 0x00000000 vs 0x34573456: FAIL
32 (unaligned 1): Got 0x00000000 vs 0x56345734: FAIL
32 (unaligned 2): Got 0x00000000 vs 0x34563457: FAIL
32 (unaligned 3): Got 0x00000000 vs 0x57345634: FAIL
DMA0 16: Got 0x00000000 vs 0x0000FACE: FAIL
DMA0 16 (unaligned): Got 0x00000000 vs 0x0000FACE: FAIL
DMA0 32: Got 0x00000000 vs 0xFEEDFACE: FAIL
DMA0 32 (unaligned 1): Got 0x00000000 vs 0xFEEDFACE: FAIL
DMA0 32 (unaligned 2): Got 0x00000000 vs 0xFEEDFACE: FAIL
DMA0 32 (unaligned 3): Got 0x00000000 vs 0xFEEDFACE: FAIL
DMA1 16: Got 0x00000000 vs 0x00003456: FAIL
DMA1 16 (unaligned): Got 0x00000000 vs 0x00003456: FAIL
DMA1 32: Got 0x00000000 vs 0x34573456: FAIL
DMA1 32 (unaligned 1): Got 0x00000000 vs 0x34573456: FAIL
DMA1 32 (unaligned 2): Got 0x00000000 vs 0x34573456: FAIL
DMA1 32 (unaligned 3): Got 0x00000000 vs 0x34573456: FAIL
DMA2 16: Got 0x00000000 vs 0x00003456: FAIL
DMA2 16 (unaligned): Got 0x00000000 vs 0x00003456: FAIL
DMA2 32: Got 0x00000000 vs 0x34573456: FAIL
DMA2 32 (unaligned 1): Got 0x00000000 vs 0x34573456: FAIL
DMA2 32 (unaligned 2): Got 0x00000000 vs 0x34573456: FAIL
DMA2 32 (unaligned 3): Got 0x00000000 vs 0x34573456: FAIL
DMA3 16: Got 0x00000000 vs 0x00003456: FAIL
DMA3 16 (unaligned): Got 0x00000000 vs 0x00003456: FAIL
DMA3 32: Got 0x00000000 vs 0x34573456: FAIL
DMA3 32 (unaligned 1): Got 0x00000000 vs 0x34573456: FAIL
DMA3 32 (unaligned 2): Got 0x00000000 vs 0x34573456: FAIL
DMA3 32 (unaligned 3): Got 0x00000000 vs 0x34573456: FAIL
swi B 16: Got 0x00000000 vs 0x34573456: FAIL
swi B 16 (unaligned): Got 0x00000000 vs 0x00340034: FAIL
swi B 32: Got 0x00000000 vs 0x34573456: FAIL
swi B 32 (unaligned 1): Got 0x00000000 vs 0x34573456: FAIL
swi B 32 (unaligned 2): Got 0x00000000 vs 0x34573456: FAIL
swi B 32 (unaligned 3): Got 0x00000000 vs 0x34573456: FAIL
swi C 32: Got 0x00000000 vs 0x34573456: FAIL
swi C 32 (unaligned 1): Got 0x00000000 vs 0x34573456: FAIL
swi C 32 (unaligned 2): Got 0x00000000 vs 0x34573456: FAIL
swi C 32 (unaligned 3): Got 0x00000000 vs 0x34573456: FAIL
Memory test: IWRAM load
Memory test: IWRAM mirror load
Memory test: IWRAM store
Memory test: IWRAM mirror store
Memory test: EWRAM load
Memory test: EWRAM mirror load
Memory test: EWRAM store
Memory test: EWRAM mirror store
Memory test: Palette load
Memory test: Palette mirror load
Memory test: Palette store
Memory test: Palette mirror store
Memory test: VRAM load
Memory test: VRAM mirror load
Memory test: VRAM OBJ load
Memory test: VRAM OBJ mirror load
Memory test: VRAM OBJ mirror 2 load
Memory test: VRAM store
Memory test: VRAM mirror store
Memory test: VRAM OBJ store
Memory test: VRAM OBJ mirror store
Memory test: VRAM OBJ mirror 2 store
Memory test: OAM load
Memory test: OAM mirror load
Memory test: OAM store
Memory test: OAM mirror store
Memory test: SRAM load
swi B 32 (unaligned 1): Got 0x47474747 vs 0x61616161: FAIL
swi B 32 (unaligned 2): Got 0x47474747 vs 0x6D6D6D6D: FAIL
swi B 32 (unaligned 3): Got 0x47474747 vs 0x65656565: FAIL
swi C 32 (unaligned 1): Got 0x47474747 vs 0x61616161: FAIL
swi C 32 (unaligned 2): Got 0x47474747 vs 0x6D6D6D6D: FAIL
swi C 32 (unaligned 3): Got 0x47474747 vs 0x65656565: FAIL
Memory test: SRAM mirror load
swi B 16: Got 0x1CAD1CAD vs 0x6D6D4747: FAIL
swi B 16 (unaligned): Got 0x1CAD1CAD vs 0x00650061: FAIL
swi B 32: Got 0x1CAD1CAD vs 0x47474747: FAIL
swi B 32 (unaligned 1): Got 0x1CAD1CAD vs 0x61616161: FAIL
swi B 32 (unaligned 2): Got 0x1CAD1CAD vs 0x6D6D6D6D: FAIL
swi B 32 (unaligned 3): Got 0x1CAD1CAD vs 0x65656565: FAIL
swi C 32: Got 0xBAFFFFFB vs 0x47474747: FAIL
swi C 32 (unaligned 1): Got 0xBAFFFFFB vs 0x61616161: FAIL
swi C 32 (unaligned 2): Got 0xBAFFFFFB vs 0x6D6D6D6D: FAIL
swi C 32 (unaligned 3): Got 0xBAFFFFFB vs 0x65656565: FAIL
Memory test: SRAM store
DMA3 16 (unaligned): Got 0x66666666 vs 0xD8D8D8D8: FAIL
DMA3 32 (unaligned 1): Got 0x66666666 vs 0xD8D8D8D8: FAIL
DMA3 32 (unaligned 2): Got 0x66666666 vs 0xD8D8D8D8: FAIL
DMA3 32 (unaligned 3): Got 0x66666666 vs 0xD8D8D8D8: FAIL
swi B 32 (unaligned 1): Got 0xD8D8D8D8 vs 0x66666666: FAIL
swi B 32 (unaligned 2): Got 0xD8D8D8D8 vs 0x66666666: FAIL
swi B 32 (unaligned 3): Got 0xD8D8D8D8 vs 0x66666666: FAIL
swi C 32 (unaligned 1): Got 0xD8D8D8D8 vs 0x66666666: FAIL
swi C 32 (unaligned 2): Got 0xD8D8D8D8 vs 0x66666666: FAIL
swi C 32 (unaligned 3): Got 0xD8D8D8D8 vs 0x66666666: FAIL
Memory test: SRAM mirror store
DMA3 16 (unaligned): Got 0x66666666 vs 0xD8D8D8D8: FAIL
DMA3 32 (unaligned 1): Got 0x66666666 vs 0xD8D8D8D8: FAIL
DMA3 32 (unaligned 2): Got 0x66666666 vs 0xD8D8D8D8: FAIL
DMA3 32 (unaligned 3): Got 0x66666666 vs 0xD8D8D8D8: FAIL
swi B 32 (unaligned 1): Got 0xD8D8D8D8 vs 0x66666666: FAIL
swi B 32 (unaligned 2): Got 0xD8D8D8D8 vs 0x66666666: FAIL
swi B 32 (unaligned 3): Got 0xD8D8D8D8 vs 0x66666666: FAIL
swi C 32 (unaligned 1): Got 0xD8D8D8D8 vs 0x66666666: FAIL
swi C 32 (unaligned 2): Got 0xD8D8D8D8 vs 0x66666666: FAIL
swi C 32 (unaligned 3): Got 0xD8D8D8D8 vs 0x66666666: FAIL
Memory test: BIOS load
U8: Got 0x00000002 vs 0x00000004: FAIL
S8: Got 0x00000002 vs 0x00000004: FAIL
U16: Got 0x0000C002 vs 0x00002004: FAIL
U16 (unaligned): Got 0x020000C0 vs 0x04000020: FAIL
S16: Got 0xFFFFC002 vs 0x00002004: FAIL
S16 (unaligned): Got 0xFFFFFFC0 vs 0x00000020: FAIL
32: Got 0xE55EC002 vs 0xE3A02004: FAIL
32 (unaligned 1): Got 0x02E55EC0 vs 0x04E3A020: FAIL
32 (unaligned 2): Got 0xC002E55E vs 0x2004E3A0: FAIL
32 (unaligned 3): Got 0x5EC002E5 vs 0xA02004E3: FAIL
DMA0 16: Got 0x00000000 vs 0x0000FACE: FAIL
DMA0 16 (unaligned): Got 0x00000000 vs 0x0000FACE: FAIL
DMA0 32: Got 0x00000000 vs 0xFEEDFACE: FAIL
DMA0 32 (unaligned 1): Got 0x00000000 vs 0xFEEDFACE: FAIL
DMA0 32 (unaligned 2): Got 0x00000000 vs 0xFEEDFACE: FAIL
DMA0 32 (unaligned 3): Got 0x00000000 vs 0xFEEDFACE: FAIL
DMA1 16: Got 0x00000000 vs 0x0000FACE: FAIL
DMA1 16 (unaligned): Got 0x00000000 vs 0x0000FACE: FAIL
DMA1 32: Got 0x00000000 vs 0xFEEDFACE: FAIL
DMA1 32 (unaligned 1): Got 0x00000000 vs 0xFEEDFACE: FAIL
DMA1 32 (unaligned 2): Got 0x00000000 vs 0xFEEDFACE: FAIL
DMA1 32 (unaligned 3): Got 0x00000000 vs 0xFEEDFACE: FAIL
DMA2 16: Got 0x00000000 vs 0x0000FACE: FAIL
DMA2 16 (unaligned): Got 0x00000000 vs 0x0000FACE: FAIL
DMA2 32: Got 0x00000000 vs 0xFEEDFACE: FAIL
DMA2 32 (unaligned 1): Got 0x00000000 vs 0xFEEDFACE: FAIL
DMA2 32 (unaligned 2): Got 0x00000000 vs 0xFEEDFACE: FAIL
DMA2 32 (unaligned 3): Got 0x00000000 vs 0xFEEDFACE: FAIL
DMA3 16: Got 0x00000000 vs 0x0000FACE: FAIL
DMA3 16 (unaligned): Got 0x00000000 vs 0x0000FACE: FAIL
DMA3 32: Got 0x00000000 vs 0xFEEDFACE: FAIL
DMA3 32 (unaligned 1): Got 0x00000000 vs 0xFEEDFACE: FAIL
DMA3 32 (unaligned 2): Got 0x00000000 vs 0xFEEDFACE: FAIL
DMA3 32 (unaligned 3): Got 0x00000000 vs 0xFEEDFACE: FAIL
Memory test: BIOS out-of-bounds load
DMA0 16: Got 0x00000000 vs 0x0000FACE: FAIL
DMA0 16 (unaligned): Got 0x00000000 vs 0x0000FACE: FAIL
DMA0 32: Got 0x00000000 vs 0xFEEDFACE: FAIL
DMA0 32 (unaligned 1): Got 0x00000000 vs 0xFEEDFACE: FAIL
DMA0 32 (unaligned 2): Got 0x00000000 vs 0xFEEDFACE: FAIL
DMA0 32 (unaligned 3): Got 0x00000000 vs 0xFEEDFACE: FAIL
DMA1 16: Got 0x00000000 vs 0x0000FACE: FAIL
DMA1 16 (unaligned): Got 0x00000000 vs 0x0000FACE: FAIL
DMA1 32: Got 0x00000000 vs 0xFEEDFACE: FAIL
DMA1 32 (unaligned 1): Got 0x00000000 vs 0xFEEDFACE: FAIL
DMA1 32 (unaligned 2): Got 0x00000000 vs 0xFEEDFACE: FAIL
DMA1 32 (unaligned 3): Got 0x00000000 vs 0xFEEDFACE: FAIL
DMA2 16: Got 0x00000000 vs 0x0000FACE: FAIL
DMA2 16 (unaligned): Got 0x00000000 vs 0x0000FACE: FAIL
DMA2 32: Got 0x00000000 vs 0xFEEDFACE: FAIL
DMA2 32 (unaligned 1): Got 0x00000000 vs 0xFEEDFACE: FAIL
DMA2 32 (unaligned 2): Got 0x00000000 vs 0xFEEDFACE: FAIL
DMA2 32 (unaligned 3): Got 0x00000000 vs 0xFEEDFACE: FAIL
DMA3 16: Got 0x00000000 vs 0x0000FACE: FAIL
DMA3 16 (unaligned): Got 0x00000000 vs 0x0000FACE: FAIL
DMA3 32: Got 0x00000000 vs 0xFEEDFACE: FAIL
DMA3 32 (unaligned 1): Got 0x00000000 vs 0xFEEDFACE: FAIL
DMA3 32 (unaligned 2): Got 0x00000000 vs 0xFEEDFACE: FAIL
DMA3 32 (unaligned 3): Got 0x00000000 vs 0xFEEDFACE: FAIL
Memory test: Out-of-bounds load
DMA0 16: Got 0x00000000 vs 0x0000FACE: FAIL
DMA0 16 (unaligned): Got 0x00000000 vs 0x0000FACE: FAIL
DMA0 32: Got 0x00000000 vs 0xFEEDFACE: FAIL
DMA0 32 (unaligned 1): Got 0x00000000 vs 0xFEEDFACE: FAIL
DMA0 32 (unaligned 2): Got 0x00000000 vs 0xFEEDFACE: FAIL
DMA0 32 (unaligned 3): Got 0x00000000 vs 0xFEEDFACE: FAIL
DMA1 16: Got 0x00000000 vs 0x0000FACE: FAIL
DMA1 16 (unaligned): Got 0x00000000 vs 0x0000FACE: FAIL
DMA1 32: Got 0x00000000 vs 0xFEEDFACE: FAIL
DMA1 32 (unaligned 1): Got 0x00000000 vs 0xFEEDFACE: FAIL
DMA1 32 (unaligned 2): Got 0x00000000 vs 0xFEEDFACE: FAIL
DMA1 32 (unaligned 3): Got 0x00000000 vs 0xFEEDFACE: FAIL
DMA2 16: Got 0x00000000 vs 0x0000FACE: FAIL
DMA2 16 (unaligned): Got 0x00000000 vs 0x0000FACE: FAIL
DMA2 32: Got 0x00000000 vs 0xFEEDFACE: FAIL
DMA2 32 (unaligned 1): Got 0x00000000 vs 0xFEEDFACE: FAIL
DMA2 32 (unaligned 2): Got 0x00000000 vs 0xFEEDFACE: FAIL
DMA2 32 (unaligned 3): Got 0x00000000 vs 0xFEEDFACE: FAIL
DMA3 16: Got 0x00000000 vs 0x0000FACE: FAIL
DMA3 16 (unaligned): Got 0x00000000 vs 0x0000FACE: FAIL
DMA3 32: Got 0x00000000 vs 0xFEEDFACE: FAIL
DMA3 32 (unaligned 1): Got 0x00000000 vs 0xFEEDFACE: FAIL
DMA3 32 (unaligned 2): Got 0x00000000 vs 0xFEEDFACE: FAIL
DMA3 32 (unaligned 3): Got 0x00000000 vs 0xFEEDFACE: FAIL
Break: Got 0x10002A64 vs 0x10002B8C: FAIL
Read: Got 0xDEAD0000 vs 0x00000000: FAIL
Hblank: Got 0x000004D1 vs 0x000004D0: FAIL
Flip 1: Got 0x00000085 vs 0x0000009F: FAIL
Flip 2: Got 0x000003EC vs 0x000003F4: FAIL
Flip 3: Got 0x000000E4 vs 0x000000DD: FAIL
Flip 4: Got 0x000003EC vs 0x000003F3: FAIL
Flip 5: Got 0x000000E4 vs 0x000000E3: FAIL
Flip 6: Got 0x000003F5 vs 0x000003F3: FAIL

--- Suite 14: Video ---
Frames: 91
[sram]
Game Boy Advance Test Suite
===
Memory test: ROM load
DMA0 16: Got 0x00000000 vs 0x0000FACE: FAIL
DMA0 16 (unaligned): Got 0x00000000 vs 0x0000FACE: FAIL
DMA0 32: Got 0x00000000 vs 0xFEEDFACE: FAIL
DMA0 32 (unaligned 1): Got 0x00000000 vs 0xFEEDFACE: FAIL
DMA0 32 (unaligned 2): Got 0x00000000 vs 0xFEEDFACE: FAIL
DMA0 32 (unaligned 3): Got 0x00000000 vs 0xFEEDFACE: FAIL
Memory test: ROM store
Memory test: ROM out-of-bounds load
U8: Got 0x00000000 vs 0x00000056: FAIL
S8: Got 0x00000000 vs 0x00000056: FAIL
U16: Got 0x00000000 vs 0x00003456: FAIL
U16 (unaligned): Got 0x00000000 vs 0x56000034: FAIL
S16: Got 0x00000000 vs 0x00003456: FAIL
S16 (unaligned): Got 0x00000000 vs 0x00000034: FAIL
32: Got 0x00000000 vs 0x34573456: FAIL
32 (unaligned 1): Got 0x00000000 vs 0x56345734: FAIL
32 (unaligned 2): Got 0x00000000 vs 0x34563457: FAIL
32 (unaligned 3): Got 0x00000000 vs 0x57345634: FAIL
DMA0 16: Got 0x00000000 vs 0x0000FACE: FAIL
DMA0 16 (unaligned): Got 0x00000000 vs 0x0000FACE: FAIL
DMA0 32: Got 0x00000000 vs 0xFEEDFACE: FAIL
DMA0 32 (unaligned 1): Got 0x00000000 vs 0xFEEDFACE: FAIL
DMA0 32 (unaligned 2): Got 0x00000000 vs 0xFEEDFACE: FAIL
DMA0 32 (unaligned 3): Got 0x00000000 vs 0xFEEDFACE: FAIL
DMA1 16: Got 0x00000000 vs 0x00003456: FAIL
DMA1 16 (unaligned): Got 0x00000000 vs 0x00003456: FAIL
DMA1 32: Got 0x00000000 vs 0x34573456: FAIL
DMA1 32 (unaligned 1): Got 0x00000000 vs 0x34573456: FAIL
DMA1 32 (unaligned 2): Got 0x00000000 vs 0x34573456: FAIL
DMA1 32 (unaligned 3): Got 0x00000000 vs 0x34573456: FAIL
DMA2 16: Got 0x00000000 vs 0x00003456: FAIL
DMA2 16 (unaligned): Got 0x00000000 vs 0x00003456: FAIL
DMA2 32: Got 0x00000000 vs 0x34573456: FAIL
DMA2 32 (unaligned 1): Got 0x00000000 vs 0x34573456: FAIL
DMA2 32 (unaligned 2): Got 0x00000000 vs 0x34573456: FAIL
DMA2 32 (unaligned 3): Got 0x00000000 vs 0x34573456: FAIL
DMA3 16: Got 0x00000000 vs 0x00003456: FAIL
DMA3 16 (unaligned): Got 0x00000000 vs 0x00003456: FAIL
DMA3 32: Got 0x00000000 vs 0x34573456: FAIL
DMA3 32 (unaligned 1): Got 0x00000000 vs 0x34573456: FAIL
DMA3 32 (unaligned 2): Got 0x00000000 vs 0x34573456: FAIL
DMA3 32 (unaligned 3): Got 0x00000000 vs 0x34573456: FAIL
swi B 16: Got 0x00000000 vs 0x34573456: FAIL
swi B 16 (unaligned): Got 0x00000000 vs 0x00340034: FAIL
swi B 32: Got 0x00000000 vs 0x34573456: FAIL
swi B 32 (unaligned 1): Got 0x00000000 vs 0x34573456: FAIL
swi B 32 (unaligned 2): Got 0x00000000 vs 0x34573456: FAIL
swi B 32 (unaligned 3): Got 0x00000000 vs 0x34573456: FAIL
swi C 32: Got 0x00000000 vs 0x34573456: FAIL
swi C 32 (unaligned 1): Got 0x00000000 vs 0x34573456: FAIL
swi C 32 (unaligned 2): Got 0x00000000 vs 0x34573456: FAIL
swi C 32 (unaligned 3): Got 0x00000000 vs 0x34573456: FAIL
Memory test: IWRAM load
Memory test: IWRAM mirror load
Memory test: IWRAM store
Memory test: IWRAM mirror store
Memory test: EWRAM load
Memory test: EWRAM mirror load
Memory test: EWRAM store
Memory test: EWRAM mirror store
Memory test: Palette load
Memory test: Palette mirror load
Memory test: Palette store
Memory test: Palette mirror store
Memory test: VRAM load
Memory test: VRAM mirror load
Memory test: VRAM OBJ load
Memory test: VRAM OBJ mirror load
Memory test: VRAM OBJ mirror 2 load
Memory test: VRAM store
Memory test: VRAM mirror store
Memory test: VRAM OBJ store
Memory test: VRAM OBJ mirror store
Memory test: VRAM OBJ mirror 2 store
Memory test: OAM load
Memory test: OAM mirror load
Memory test: OAM store
Memory test: OAM mirror store
Memory test: SRAM load
swi B 32 (unaligned 1): Got 0x47474747 vs 0x61616161: FAIL
swi B 32 (unaligned 2): Got 0x47474747 vs 0x6D6D6D6D: FAIL
swi B 32 (unaligned 3): Got 0x47474747 vs 0x65656565: FAIL
swi C 32 (unaligned 1): Got 0x47474747 vs 0x61616161: FAIL
swi C 32 (unaligned 2): Got 0x47474747 vs 0x6D6D6D6D: FAIL
swi C 32 (unaligned 3): Got 0x47474747 vs 0x65656565: FAIL
Memory test: SRAM mirror load
swi B 16: Got 0x1CAD1CAD vs 0x6D6D4747: FAIL
swi B 16 (unaligned): Got 0x1CAD1CAD vs 0x00650061: FAIL
swi B 32: Got 0x1CAD1CAD vs 0x47474747: FAIL
swi B 32 (unaligned 1): Got 0x1CAD1CAD vs 0x61616161: FAIL
swi B 32 (unaligned 2): Got 0x1CAD1CAD vs 0x6D6D6D6D: FAIL
swi B 32 (unaligned 3): Got 0x1CAD1CAD vs 0x65656565: FAIL
swi C 32: Got 0xBAFFFFFB vs 0x47474747: FAIL
swi C 32 (unaligned 1): Got 0xBAFFFFFB vs 0x61616161: FAIL
swi C 32 (unaligned 2): Got 0xBAFFFFFB vs 0x6D6D6D6D: FAIL
swi C 32 (unaligned 3): Got 0xBAFFFFFB vs 0x65656565: FAIL
Memory test: SRAM store
DMA3 16 (unaligned): Got 0x66666666 vs 0xD8D8D8D8: FAIL
DMA3 32 (unaligned 1): Got 0x66666666 vs 0xD8D8D8D8: FAIL
DMA3 32 (unaligned 2): Got 0x66666666 vs 0xD8D8D8D8: FAIL
DMA3 32 (unaligned 3): Got 0x66666666 vs 0xD8D8D8D8: FAIL
swi B 32 (unaligned 1): Got 0xD8D8D8D8 vs 0x66666666: FAIL
swi B 32 (unaligned 2): Got 0xD8D8D8D8 vs 0x66666666: FAIL
swi B 32 (unaligned 3): Got 0xD8D8D8D8 vs 0x66666666: FAIL
swi C 32 (unaligned 1): Got 0xD8D8D8D8 vs 0x66666666: FAIL
swi C 32 (unaligned 2): Got 0xD8D8D8D8 vs 0x66666666: FAIL
swi C 32 (unaligned 3): Got 0xD8D8D8D8 vs 0x66666666: FAIL
Memory test: SRAM mirror store
DMA3 16 (unaligned): Got 0x66666666 vs 0xD8D8D8D8: FAIL
DMA3 32 (unaligned 1): Got 0x66666666 vs 0xD8D8D8D8: FAIL
DMA3 32 (unaligned 2): Got 0x66666666 vs 0xD8D8D8D8: FAIL
DMA3 32 (unaligned 3): Got 0x66666666 vs 0xD8D8D8D8: FAIL
swi B 32 (unaligned 1): Got 0xD8D8D8D8 vs 0x66666666: FAIL
swi B 32 (unaligned 2): Got 0xD8D8D8D8 vs 0x66666666: FAIL
swi B 32 (unaligned 3): Got 0xD8D8D8D8 vs 0x66666666: FAIL
swi C 32 (unaligned 1): Got 0xD8D8D8D8 vs 0x66666666: FAIL
swi C 32 (unaligned 2): Got 0xD8D8D8D8 vs 0x66666666: FAIL
swi C 32 (unaligned 3): Got 0xD8D8D8D8 vs 0x66666666: FAIL
Memory test: BIOS load
U8: Got 0x00000002 vs 0x00000004: FAIL
S8: Got 0x00000002 vs 0x00000004: FAIL
U16: Got 0x0000C002 vs 0x00002004: FAIL
U16 (unaligned): Got 0x020000C0 vs 0x04000020: FAIL
S16: Got 0xFFFFC002 vs 0x00002004: FAIL
S16 (unaligned): Got 0xFFFFFFC0 vs 0x00000020: FAIL
32: Got 0xE55EC002 vs 0xE3A02004: FAIL
32 (unaligned 1): Got 0x02E55EC0 vs 0x04E3A020: FAIL
32 (unaligned 2): Got 0xC002E55E vs 0x2004E3A0: FAIL
32 (unaligned 3): Got 0x5EC002E5 vs 0xA02004E3: FAIL
DMA0 16: Got 0x00000000 vs 0x0000FACE: FAIL
DMA0 16 (unaligned): Got 0x00000000 vs 0x0000FACE: FAIL
DMA0 32: Got 0x00000000 vs 0xFEEDFACE: FAIL
DMA0 32 (unaligned 1): Got 0x00000000 vs 0xFEEDFACE: FAIL
DMA0 32 (unaligned 2): Got 0x00000000 vs 0xFEEDFACE: FAIL
DMA0 32 (unaligned 3): Got 0x00000000 vs 0xFEEDFACE: FAIL
DMA1 16: Got 0x00000000 vs 0x0000FACE: FAIL
DMA1 16 (unaligned): Got 0x00000000 vs 0x0000FACE: FAIL
DMA1 32: Got 0x00000000 vs 0xFEEDFACE: FAIL
DMA1 32 (unaligned 1): Got 0x00000000 vs 0xFEEDFACE: FAIL
DMA1 32 (unaligned 2): Got 0x00000000 vs 0xFEEDFACE: FAIL
DMA1 32 (unaligned 3): Got 0x00000000 vs 0xFEEDFACE: FAIL
DMA2 16: Got 0x00000000 vs 0x0000FACE: FAIL
DMA2 16 (unaligned): Got 0x00000000 vs 0x0000FACE: FAIL
DMA2 32: Got 0x00000000 vs 0xFEEDFACE: FAIL
DMA2 32 (unaligned 1): Got 0x00000000 vs 0xFEEDFACE: FAIL
DMA2 32 (unaligned 2): Got 0x00000000 vs 0xFEEDFACE: FAIL
DMA2 32 (unaligned 3): Got 0x00000000 vs 0xFEEDFACE: FAIL
DMA3 16: Got 0x00000000 vs 0x0000FACE: FAIL
DMA3 16 (unaligned): Got 0x00000000 vs 0x0000FACE: FAIL
DMA3 32: Got 0x00000000 vs 0xFEEDFACE: FAIL
DMA3 32 (unaligned 1): Got 0x00000000 vs 0xFEEDFACE: FAIL
DMA3 32 (unaligned 2): Got 0x00000000 vs 0xFEEDFACE: FAIL
DMA3 32 (unaligned 3): Got 0x00000000 vs 0xFEEDFACE: FAIL
Memory test: BIOS out-of-bounds load
DMA0 16: Got 0x00000000 vs 0x0000FACE: FAIL
DMA0 16 (unaligned): Got 0x00000000 vs 0x0000FACE: FAIL
DMA0 32: Got 0x00000000 vs 0xFEEDFACE: FAIL
DMA0 32 (unaligned 1): Got 0x00000000 vs 0xFEEDFACE: FAIL
DMA0 32 (unaligned 2): Got 0x00000000 vs 0xFEEDFACE: FAIL
DMA0 32 (unaligned 3): Got 0x00000000 vs 0xFEEDFACE: FAIL
DMA1 16: Got 0x00000000 vs 0x0000FACE: FAIL
DMA1 16 (unaligned): Got 0x00000000 vs 0x0000FACE: FAIL
DMA1 32: Got 0x00000000 vs 0xFEEDFACE: FAIL
DMA1 32 (unaligned 1): Got 0x00000000 vs 0xFEEDFACE: FAIL
DMA1 32 (unaligned 2): Got 0x00000000 vs 0xFEEDFACE: FAIL
DMA1 32 (unaligned 3): Got 0x00000000 vs 0xFEEDFACE: FAIL
DMA2 16: Got 0x00000000 vs 0x0000FACE: FAIL
DMA2 16 (unaligned): Got 0x00000000 vs 0x0000FACE: FAIL
DMA2 32: Got 0x00000000 vs 0xFEEDFACE: FAIL
DMA2 32 (unaligned 1): Got 0x00000000 vs 0xFEEDFACE: FAIL
DMA2 32 (unaligned 2): Got 0x00000000 vs 0xFEEDFACE: FAIL
DMA2 32 (unaligned 3): Got 0x00000000 vs 0xFEEDFACE: FAIL
DMA3 16: Got 0x00000000 vs 0x0000FACE: FAIL
DMA3 16 (unaligned): Got 0x00000000 vs 0x0000FACE: FAIL
DMA3 32: Got 0x00000000 vs 0xFEEDFACE: FAIL
DMA3 32 (unaligned 1): Got 0x00000000 vs 0xFEEDFACE: FAIL
DMA3 32 (unaligned 2): Got 0x00000000 vs 0xFEEDFACE: FAIL
DMA3 32 (unaligned 3): Got 0x00000000 vs 0xFEEDFACE: FAIL
Memory test: Out-of-bounds load
DMA0 16: Got 0x00000000 vs 0x0000FACE: FAIL
DMA0 16 (unaligned): Got 0x00000000 vs 0x0000FACE: FAIL
DMA0 32: Got 0x00000000 vs 0xFEEDFACE: FAIL
DMA0 32 (unaligned 1): Got 0x00000000 vs 0xFEEDFACE: FAIL
DMA0 32 (unaligned 2): Got 0x00000000 vs 0xFEEDFACE: FAIL
DMA0 32 (unaligned 3): Got 0x00000000 vs 0xFEEDFACE: FAIL
DMA1 16: Got 0x00000000 vs 0x0000FACE: FAIL
DMA1 16 (unaligned): Got 0x00000000 vs 0x0000FACE: FAIL
DMA1 32: Got 0x00000000 vs 0xFEEDFACE: FAIL
DMA1 32 (unaligned 1): Got 0x00000000 vs 0xFEEDFACE: FAIL
DMA1 32 (unaligned 2): Got 0x00000000 vs 0xFEEDFACE: FAIL
DMA1 32 (unaligned 3): Got 0x00000000 vs 0xFEEDFACE: FAIL
DMA2 16: Got 0x00000000 vs 0x0000FACE: FAIL
DMA2 16 (unaligned): Got 0x00000000 vs 0x0000FACE: FAIL
DMA2 32: Got 0x00000000 vs 0xFEEDFACE: FAIL
DMA2 32 (unaligned 1): Got 0x00000000 vs 0xFEEDFACE: FAIL
DMA2 32 (unaligned 2): Got 0x00000000 vs 0xFEEDFACE: FAIL
DMA2 32 (unaligned 3): Got 0x00000000 vs 0xFEEDFACE: FAIL
DMA3 16: Got 0x00000000 vs 0x0000FACE: FAIL
DMA3 16 (unaligned): Got 0x00000000 vs 0x0000FACE: FAIL
DMA3 32: Got 0x00000000 vs 0xFEEDFACE: FAIL
DMA3 32 (unaligned 1): Got 0x00000000 vs 0xFEEDFACE: FAIL
DMA3 32 (unaligned 2): Got 0x00000000 vs 0xFEEDFACE: FAIL
DMA3 32 (unaligned 3): Got 0x00000000 vs 0xFEEDFACE: FAIL

=== Summary ===
Done.
