=== GBA Test Suite Runner ===
ROM:  tests/assets/roms/suite.gba
BIOS: tests/assets/roms/gba_bios.bin
Booting...
After 60 frames: PC=0x00000348 CPSR=0x6000005F halted=1 cycle=16769984
[DBG] Game Boy Advance Test Suite
===
[DBG] BEGIN: Memory tests
[DBG] Memory test: ROM load
[DBG] PASS: ROM load U8
[DBG] PASS: ROM load S8
[DBG] PASS: ROM load U16
[DBG] PASS: ROM load U16 (unaligned)
[DBG] PASS: ROM load S16
[DBG] PASS: ROM load S16 (unaligned)
[DBG] PASS: ROM load 32
[DBG] PASS: ROM load 32 (unaligned 1)
[DBG] PASS: ROM load 32 (unaligned 2)
[DBG] PASS: ROM load 32 (unaligned 3)
[DBG] PASS: ROM load DMA0 16
[DBG] PASS: ROM load DMA0 16 (unaligned)
[DBG] PASS: ROM load DMA0 32
[DBG] PASS: ROM load DMA0 32 (unaligned 1)
[DBG] PASS: ROM load DMA0 32 (unaligned 2)
[DBG] PASS: ROM load DMA0 32 (unaligned 3)
[DBG] PASS: ROM load DMA1 16
[DBG] PASS: ROM load DMA1 16 (unaligned)
[DBG] PASS: ROM load DMA1 32
[DBG] PASS: ROM load DMA1 32 (unaligned 1)
[DBG] PASS: ROM load DMA1 32 (unaligned 2)
[DBG] PASS: ROM load DMA1 32 (unaligned 3)
[DBG] PASS: ROM load DMA2 16
[DBG] PASS: ROM load DMA2 16 (unaligned)
[DBG] PASS: ROM load DMA2 32
[DBG] PASS: ROM load DMA2 32 (unaligned 1)
[DBG] PASS: ROM load DMA2 32 (unaligned 2)
[DBG] PASS: ROM load DMA2 32 (unaligned 3)
[DBG] PASS: ROM load DMA3 16
[DBG] PASS: ROM load DMA3 16 (unaligned)
[DBG] PASS: ROM load DMA3 32
[DBG] PASS: ROM load DMA3 32 (unaligned 1)
[DBG] PASS: ROM load DMA3 32 (unaligned 2)
[DBG] PASS: ROM load DMA3 32 (unaligned 3)
[DBG] PASS: ROM load swi B 16
[DBG] PASS: ROM load swi B 16 (unaligned)
[DBG] PASS: ROM load swi B 32
[DBG] PASS: ROM load swi B 32 (unaligned 1)
[DBG] PASS: ROM load swi B 32 (unaligned 2)
[DBG] PASS: ROM load swi B 32 (unaligned 3)
[DBG] PASS: ROM load swi C 32
[DBG] PASS: ROM load swi C 32 (unaligned 1)
[DBG] PASS: ROM load swi C 32 (unaligned 2)
[DBG] PASS: ROM load swi C 32 (unaligned 3)
[DBG] Memory test: ROM store
[DBG] PASS: ROM store U8
[DBG] PASS: ROM store S8 (U16 load)
[DBG] PASS: ROM store U16
[DBG] PASS: ROM store U16 (unaligned)
[DBG] PASS: ROM store 32
[DBG] PASS: ROM store 32 (unaligned 1)
[DBG] PASS: ROM store 32 (unaligned 2)
[DBG] PASS: ROM store 32 (unaligned 3)
[DBG] PASS: ROM store DMA0 16
[DBG] PASS: ROM store DMA0 16 (unaligned)
[DBG] PASS: ROM store DMA0 32
[DBG] PASS: ROM store DMA0 32 (unaligned 1)
[DBG] PASS: ROM store DMA0 32 (unaligned 2)
[DBG] PASS: ROM store DMA0 32 (unaligned 3)
[DBG] PASS: ROM store DMA1 16
[DBG] PASS: ROM store DMA1 16 (unaligned)
[DBG] PASS: ROM store DMA1 32
[DBG] PASS: ROM store DMA1 32 (unaligned 1)
[DBG] PASS: ROM store DMA1 32 (unaligned 2)
[DBG] PASS: ROM store DMA1 32 (unaligned 3)
[DBG] PASS: ROM store DMA2 16
[DBG] PASS: ROM store DMA2 16 (unaligned)
[DBG] PASS: ROM store DMA2 32
[DBG] PASS: ROM store DMA2 32 (unaligned 1)
[DBG] PASS: ROM store DMA2 32 (unaligned 2)
[DBG] PASS: ROM store DMA2 32 (unaligned 3)
[DBG] PASS: ROM store DMA3 16
[DBG] PASS: ROM store DMA3 16 (unaligned)
[DBG] PASS: ROM store DMA3 32
[DBG] PASS: ROM store DMA3 32 (unaligned 1)
[DBG] PASS: ROM store DMA3 32 (unaligned 2)
[DBG] PASS: ROM store DMA3 32 (unaligned 3)
[DBG] PASS: ROM store swi B 16
[DBG] PASS: ROM store swi B 16 (unaligned)
[DBG] PASS: ROM store swi B 32
[DBG] PASS: ROM store swi B 32 (unaligned 1)
[DBG] PASS: ROM store swi B 32 (unaligned 2)
[DBG] PASS: ROM store swi B 32 (unaligned 3)
[DBG] PASS: ROM store swi C 32
[DBG] PASS: ROM store swi C 32 (unaligned 1)
[DBG] PASS: ROM store swi C 32 (unaligned 2)
[DBG] PASS: ROM store swi C 32 (unaligned 3)
[DBG] Memory test: ROM out-of-bounds load
[DBG] PASS: ROM out-of-bounds load U8
[DBG] PASS: ROM out-of-bounds load S8
[DBG] PASS: ROM out-of-bounds load U16
[DBG] PASS: ROM out-of-bounds load U16 (unaligned)
[DBG] PASS: ROM out-of-bounds load S16
[DBG] PASS: ROM out-of-bounds load S16 (unaligned)
[DBG] PASS: ROM out-of-bounds load 32
[DBG] PASS: ROM out-of-bounds load 32 (unaligned 1)
[DBG] PASS: ROM out-of-bounds load 32 (unaligned 2)
[DBG] PASS: ROM out-of-bounds load 32 (unaligned 3)
[DBG] PASS: ROM out-of-bounds load DMA0 16
[DBG] PASS: ROM out-of-bounds load DMA0 16 (unaligned)
[DBG] PASS: ROM out-of-bounds load DMA0 32
[DBG] PASS: ROM out-of-bounds load DMA0 32 (unaligned 1)
[DBG] PASS: ROM out-of-bounds load DMA0 32 (unaligned 2)
[DBG] PASS: ROM out-of-bounds load DMA0 32 (unaligned 3)
[DBG] PASS: ROM out-of-bounds load DMA1 16
[DBG] PASS: ROM out-of-bounds load DMA1 16 (unaligned)
[DBG] PASS: ROM out-of-bounds load DMA1 32
[DBG] PASS: ROM out-of-bounds load DMA1 32 (unaligned 1)
[DBG] PASS: ROM out-of-bounds load DMA1 32 (unaligned 2)
[DBG] PASS: ROM out-of-bounds load DMA1 32 (unaligned 3)
[DBG] PASS: ROM out-of-bounds load DMA2 16
[DBG] PASS: ROM out-of-bounds load DMA2 16 (unaligned)
[DBG] PASS: ROM out-of-bounds load DMA2 32
[DBG] PASS: ROM out-of-bounds load DMA2 32 (unaligned 1)
[DBG] PASS: ROM out-of-bounds load DMA2 32 (unaligned 2)
[DBG] PASS: ROM out-of-bounds load DMA2 32 (unaligned 3)
[DBG] PASS: ROM out-of-bounds load DMA3 16
[DBG] PASS: ROM out-of-bounds load DMA3 16 (unaligned)
[DBG] PASS: ROM out-of-bounds load DMA3 32
[DBG] PASS: ROM out-of-bounds load DMA3 32 (unaligned 1)
[DBG] PASS: ROM out-of-bounds load DMA3 32 (unaligned 2)
[DBG] PASS: ROM out-of-bounds load DMA3 32 (unaligned 3)
[DBG] PASS: ROM out-of-bounds load swi B 16
[DBG] PASS: ROM out-of-bounds load swi B 16 (unaligned)
[DBG] PASS: ROM out-of-bounds load swi B 32
[DBG] PASS: ROM out-of-bounds load swi B 32 (unaligned 1)
[DBG] PASS: ROM out-of-bounds load swi B 32 (unaligned 2)
[DBG] PASS: ROM out-of-bounds load swi B 32 (unaligned 3)
[DBG] PASS: ROM out-of-bounds load swi C 32
[DBG] PASS: ROM out-of-bounds load swi C 32 (unaligned 1)
[DBG] PASS: ROM out-of-bounds load swi C 32 (unaligned 2)
[DBG] PASS: ROM out-of-bounds load swi C 32 (unaligned 3)
[DBG] Memory test: IWRAM load
[DBG] PASS: IWRAM load U8
[DBG] PASS: IWRAM load S8
[DBG] PASS: IWRAM load U16
[DBG] PASS: IWRAM load U16 (unaligned)
[DBG] PASS: IWRAM load S16
[DBG] PASS: IWRAM load S16 (unaligned)
[DBG] PASS: IWRAM load 32
[DBG] PASS: IWRAM load 32 (unaligned 1)
[DBG] PASS: IWRAM load 32 (unaligned 2)
[DBG] PASS: IWRAM load 32 (unaligned 3)
[DBG] PASS: IWRAM load DMA0 16
[DBG] PASS: IWRAM load DMA0 16 (unaligned)
[DBG] PASS: IWRAM load DMA0 32
[DBG] PASS: IWRAM load DMA0 32 (unaligned 1)
[DBG] PASS: IWRAM load DMA0 32 (unaligned 2)
[DBG] PASS: IWRAM load DMA0 32 (unaligned 3)
[DBG] PASS: IWRAM load DMA1 16
[DBG] PASS: IWRAM load DMA1 16 (unaligned)
[DBG] PASS: IWRAM load DMA1 32
[DBG] PASS: IWRAM load DMA1 32 (unaligned 1)
[DBG] PASS: IWRAM load DMA1 32 (unaligned 2)
[DBG] PASS: IWRAM load DMA1 32 (unaligned 3)
[DBG] PASS: IWRAM load DMA2 16
[DBG] PASS: IWRAM load DMA2 16 (unaligned)
[DBG] PASS: IWRAM load DMA2 32
[DBG] PASS: IWRAM load DMA2 32 (unaligned 1)
[DBG] PASS: IWRAM load DMA2 32 (unaligned 2)
[DBG] PASS: IWRAM load DMA2 32 (unaligned 3)
[DBG] PASS: IWRAM load DMA3 16
[DBG] PASS: IWRAM load DMA3 16 (unaligned)
[DBG] PASS: IWRAM load DMA3 32
[DBG] PASS: IWRAM load DMA3 32 (unaligned 1)
[DBG] PASS: IWRAM load DMA3 32 (unaligned 2)
[DBG] PASS: IWRAM load DMA3 32 (unaligned 3)
[DBG] PASS: IWRAM load swi B 16
[DBG] PASS: IWRAM load swi B 16 (unaligned)
[DBG] PASS: IWRAM load swi B 32
[DBG] PASS: IWRAM load swi B 32 (unaligned 1)
[DBG] PASS: IWRAM load swi B 32 (unaligned 2)
[DBG] PASS: IWRAM load swi B 32 (unaligned 3)
[DBG] PASS: IWRAM load swi C 32
[DBG] PASS: IWRAM load swi C 32 (unaligned 1)
[DBG] PASS: IWRAM load swi C 32 (unaligned 2)
[DBG] PASS: IWRAM load swi C 32 (unaligned 3)
[DBG] Memory test: IWRAM mirror load
[DBG] PASS: IWRAM mirror load U8
[DBG] PASS: IWRAM mirror load S8
[DBG] PASS: IWRAM mirror load U16
[DBG] PASS: IWRAM mirror load U16 (unaligned)
[DBG] PASS: IWRAM mirror load S16
[DBG] PASS: IWRAM mirror load S16 (unaligned)
[DBG] PASS: IWRAM mirror load 32
[DBG] PASS: IWRAM mirror load 32 (unaligned 1)
[DBG] PASS: IWRAM mirror load 32 (unaligned 2)
[DBG] PASS: IWRAM mirror load 32 (unaligned 3)
[DBG] PASS: IWRAM mirror load DMA0 16
[DBG] PASS: IWRAM mirror load DMA0 16 (unaligned)
[DBG] PASS: IWRAM mirror load DMA0 32
[DBG] PASS: IWRAM mirror load DMA0 32 (unaligned 1)
[DBG] PASS: IWRAM mirror load DMA0 32 (unaligned 2)
[DBG] PASS: IWRAM mirror load DMA0 32 (unaligned 3)
[DBG] PASS: IWRAM mirror load DMA1 16
[DBG] PASS: IWRAM mirror load DMA1 16 (unaligned)
[DBG] PASS: IWRAM mirror load DMA1 32
[DBG] PASS: IWRAM mirror load DMA1 32 (unaligned 1)
[DBG] PASS: IWRAM mirror load DMA1 32 (unaligned 2)
[DBG] PASS: IWRAM mirror load DMA1 32 (unaligned 3)
[DBG] PASS: IWRAM mirror load DMA2 16
[DBG] PASS: IWRAM mirror load DMA2 16 (unaligned)
[DBG] PASS: IWRAM mirror load DMA2 32
[DBG] PASS: IWRAM mirror load DMA2 32 (unaligned 1)
[DBG] PASS: IWRAM mirror load DMA2 32 (unaligned 2)
[DBG] PASS: IWRAM mirror load DMA2 32 (unaligned 3)
[DBG] PASS: IWRAM mirror load DMA3 16
[DBG] PASS: IWRAM mirror load DMA3 16 (unaligned)
[DBG] PASS: IWRAM mirror load DMA3 32
[DBG] PASS: IWRAM mirror load DMA3 32 (unaligned 1)
[DBG] PASS: IWRAM mirror load DMA3 32 (unaligned 2)
[DBG] PASS: IWRAM mirror load DMA3 32 (unaligned 3)
[DBG] PASS: IWRAM mirror load swi B 16
[DBG] PASS: IWRAM mirror load swi B 16 (unaligned)
[DBG] PASS: IWRAM mirror load swi B 32
[DBG] PASS: IWRAM mirror load swi B 32 (unaligned 1)
[DBG] PASS: IWRAM mirror load swi B 32 (unaligned 2)
[DBG] PASS: IWRAM mirror load swi B 32 (unaligned 3)
[DBG] PASS: IWRAM mirror load swi C 32
[DBG] PASS: IWRAM mirror load swi C 32 (unaligned 1)
[DBG] PASS: IWRAM mirror load swi C 32 (unaligned 2)
[DBG] PASS: IWRAM mirror load swi C 32 (unaligned 3)
[DBG] Memory test: IWRAM store
[DBG] PASS: IWRAM store U8
[DBG] PASS: IWRAM store S8 (U16 load)
[DBG] PASS: IWRAM store U16
[DBG] PASS: IWRAM store U16 (unaligned)
[DBG] PASS: IWRAM store 32
[DBG] PASS: IWRAM store 32 (unaligned 1)
[DBG] PASS: IWRAM store 32 (unaligned 2)
[DBG] PASS: IWRAM store 32 (unaligned 3)
[DBG] PASS: IWRAM store DMA0 16
[DBG] PASS: IWRAM store DMA0 16 (unaligned)
[DBG] PASS: IWRAM store DMA0 32
[DBG] PASS: IWRAM store DMA0 32 (unaligned 1)
[DBG] PASS: IWRAM store DMA0 32 (unaligned 2)
[DBG] PASS: IWRAM store DMA0 32 (unaligned 3)
[DBG] PASS: IWRAM store DMA1 16
[DBG] PASS: IWRAM store DMA1 16 (unaligned)
[DBG] PASS: IWRAM store DMA1 32
[DBG] PASS: IWRAM store DMA1 32 (unaligned 1)
[DBG] PASS: IWRAM store DMA1 32 (unaligned 2)
[DBG] PASS: IWRAM store DMA1 32 (unaligned 3)
[DBG] PASS: IWRAM store DMA2 16
[DBG] PASS: IWRAM store DMA2 16 (unaligned)
[DBG] PASS: IWRAM store DMA2 32
[DBG] PASS: IWRAM store DMA2 32 (unaligned 1)
[DBG] PASS: IWRAM store DMA2 32 (unaligned 2)
[DBG] PASS: IWRAM store DMA2 32 (unaligned 3)
[DBG] PASS: IWRAM store DMA3 16
[DBG] PASS: IWRAM store DMA3 16 (unaligned)
[DBG] PASS: IWRAM store DMA3 32
[DBG] PASS: IWRAM store DMA3 32 (unaligned 1)
[DBG] PASS: IWRAM store DMA3 32 (unaligned 2)
[DBG] PASS: IWRAM store DMA3 32 (unaligned 3)
[DBG] PASS: IWRAM store swi B 16
[DBG] PASS: IWRAM store swi B 16 (unaligned)
[DBG] PASS: IWRAM store swi B 32
[DBG] PASS: IWRAM store swi B 32 (unaligned 1)
[DBG] PASS: IWRAM store swi B 32 (unaligned 2)
[DBG] PASS: IWRAM store swi B 32 (unaligned 3)
[DBG] PASS: IWRAM store swi C 32
[DBG] PASS: IWRAM store swi C 32 (unaligned 1)
[DBG] PASS: IWRAM store swi C 32 (unaligned 2)
[DBG] PASS: IWRAM store swi C 32 (unaligned 3)
[DBG] Memory test: IWRAM mirror store
[DBG] PASS: IWRAM mirror store U8
[DBG] PASS: IWRAM mirror store S8 (U16 load)
[DBG] PASS: IWRAM mirror store U16
[DBG] PASS: IWRAM mirror store U16 (unaligned)
[DBG] PASS: IWRAM mirror store 32
[DBG] PASS: IWRAM mirror store 32 (unaligned 1)
[DBG] PASS: IWRAM mirror store 32 (unaligned 2)
[DBG] PASS: IWRAM mirror store 32 (unaligned 3)
[DBG] PASS: IWRAM mirror store DMA0 16
[DBG] PASS: IWRAM mirror store DMA0 16 (unaligned)
[DBG] PASS: IWRAM mirror store DMA0 32
[DBG] PASS: IWRAM mirror store DMA0 32 (unaligned 1)
[DBG] PASS: IWRAM mirror store DMA0 32 (unaligned 2)
[DBG] PASS: IWRAM mirror store DMA0 32 (unaligned 3)
[DBG] PASS: IWRAM mirror store DMA1 16
[DBG] PASS: IWRAM mirror store DMA1 16 (unaligned)
[DBG] PASS: IWRAM mirror store DMA1 32
[DBG] PASS: IWRAM mirror store DMA1 32 (unaligned 1)
[DBG] PASS: IWRAM mirror store DMA1 32 (unaligned 2)
[DBG] PASS: IWRAM mirror store DMA1 32 (unaligned 3)
[DBG] PASS: IWRAM mirror store DMA2 16
[DBG] PASS: IWRAM mirror store DMA2 16 (unaligned)
[DBG] PASS: IWRAM mirror store DMA2 32
[DBG] PASS: IWRAM mirror store DMA2 32 (unaligned 1)
[DBG] PASS: IWRAM mirror store DMA2 32 (unaligned 2)
[DBG] PASS: IWRAM mirror store DMA2 32 (unaligned 3)
[DBG] PASS: IWRAM mirror store DMA3 16
[DBG] PASS: IWRAM mirror store DMA3 16 (unaligned)
[DBG] PASS: IWRAM mirror store DMA3 32
[DBG] PASS: IWRAM mirror store DMA3 32 (unaligned 1)
[DBG] PASS: IWRAM mirror store DMA3 32 (unaligned 2)
[DBG] PASS: IWRAM mirror store DMA3 32 (unaligned 3)
[DBG] PASS: IWRAM mirror store swi B 16
[DBG] PASS: IWRAM mirror store swi B 16 (unaligned)
[DBG] PASS: IWRAM mirror store swi B 32
[DBG] PASS: IWRAM mirror store swi B 32 (unaligned 1)
[DBG] PASS: IWRAM mirror store swi B 32 (unaligned 2)
[DBG] PASS: IWRAM mirror store swi B 32 (unaligned 3)
[DBG] PASS: IWRAM mirror store swi C 32
[DBG] PASS: IWRAM mirror store swi C 32 (unaligned 1)
[DBG] PASS: IWRAM mirror store swi C 32 (unaligned 2)
[DBG] PASS: IWRAM mirror store swi C 32 (unaligned 3)
[DBG] Memory test: EWRAM load
[DBG] PASS: EWRAM load U8
[DBG] PASS: EWRAM load S8
[DBG] PASS: EWRAM load U16
[DBG] PASS: EWRAM load U16 (unaligned)
[DBG] PASS: EWRAM load S16
[DBG] PASS: EWRAM load S16 (unaligned)
[DBG] PASS: EWRAM load 32
[DBG] PASS: EWRAM load 32 (unaligned 1)
[DBG] PASS: EWRAM load 32 (unaligned 2)
[DBG] PASS: EWRAM load 32 (unaligned 3)
[DBG] PASS: EWRAM load DMA0 16
[DBG] PASS: EWRAM load DMA0 16 (unaligned)
[DBG] PASS: EWRAM load DMA0 32
[DBG] PASS: EWRAM load DMA0 32 (unaligned 1)
[DBG] PASS: EWRAM load DMA0 32 (unaligned 2)
[DBG] PASS: EWRAM load DMA0 32 (unaligned 3)
[DBG] PASS: EWRAM load DMA1 16
[DBG] PASS: EWRAM load DMA1 16 (unaligned)
[DBG] PASS: EWRAM load DMA1 32
[DBG] PASS: EWRAM load DMA1 32 (unaligned 1)
[DBG] PASS: EWRAM load DMA1 32 (unaligned 2)
[DBG] PASS: EWRAM load DMA1 32 (unaligned 3)
[DBG] PASS: EWRAM load DMA2 16
[DBG] PASS: EWRAM load DMA2 16 (unaligned)
[DBG] PASS: EWRAM load DMA2 32
[DBG] PASS: EWRAM load DMA2 32 (unaligned 1)
[DBG] PASS: EWRAM load DMA2 32 (unaligned 2)
[DBG] PASS: EWRAM load DMA2 32 (unaligned 3)
[DBG] PASS: EWRAM load DMA3 16
[DBG] PASS: EWRAM load DMA3 16 (unaligned)
[DBG] PASS: EWRAM load DMA3 32
[DBG] PASS: EWRAM load DMA3 32 (unaligned 1)
[DBG] PASS: EWRAM load DMA3 32 (unaligned 2)
[DBG] PASS: EWRAM load DMA3 32 (unaligned 3)
[DBG] PASS: EWRAM load swi B 16
[DBG] PASS: EWRAM load swi B 16 (unaligned)
[DBG] PASS: EWRAM load swi B 32
[DBG] PASS: EWRAM load swi B 32 (unaligned 1)
[DBG] PASS: EWRAM load swi B 32 (unaligned 2)
[DBG] PASS: EWRAM load swi B 32 (unaligned 3)
[DBG] PASS: EWRAM load swi C 32
[DBG] PASS: EWRAM load swi C 32 (unaligned 1)
[DBG] PASS: EWRAM load swi C 32 (unaligned 2)
[DBG] PASS: EWRAM load swi C 32 (unaligned 3)
[DBG] Memory test: EWRAM mirror load
[DBG] PASS: EWRAM mirror load U8
[DBG] PASS: EWRAM mirror load S8
[DBG] PASS: EWRAM mirror load U16
[DBG] PASS: EWRAM mirror load U16 (unaligned)
[DBG] PASS: EWRAM mirror load S16
[DBG] PASS: EWRAM mirror load S16 (unaligned)
[DBG] PASS: EWRAM mirror load 32
[DBG] PASS: EWRAM mirror load 32 (unaligned 1)
[DBG] PASS: EWRAM mirror load 32 (unaligned 2)
[DBG] PASS: EWRAM mirror load 32 (unaligned 3)
[DBG] PASS: EWRAM mirror load DMA0 16
[DBG] PASS: EWRAM mirror load DMA0 16 (unaligned)
[DBG] PASS: EWRAM mirror load DMA0 32
[DBG] PASS: EWRAM mirror load DMA0 32 (unaligned 1)
[DBG] PASS: EWRAM mirror load DMA0 32 (unaligned 2)
[DBG] PASS: EWRAM mirror load DMA0 32 (unaligned 3)
[DBG] PASS: EWRAM mirror load DMA1 16
[DBG] PASS: EWRAM mirror load DMA1 16 (unaligned)
[DBG] PASS: EWRAM mirror load DMA1 32
[DBG] PASS: EWRAM mirror load DMA1 32 (unaligned 1)
[DBG] PASS: EWRAM mirror load DMA1 32 (unaligned 2)
[DBG] PASS: EWRAM mirror load DMA1 32 (unaligned 3)
[DBG] PASS: EWRAM mirror load DMA2 16
[DBG] PASS: EWRAM mirror load DMA2 16 (unaligned)
[DBG] PASS: EWRAM mirror load DMA2 32
[DBG] PASS: EWRAM mirror load DMA2 32 (unaligned 1)
[DBG] PASS: EWRAM mirror load DMA2 32 (unaligned 2)
[DBG] PASS: EWRAM mirror load DMA2 32 (unaligned 3)
[DBG] PASS: EWRAM mirror load DMA3 16
[DBG] PASS: EWRAM mirror load DMA3 16 (unaligned)
[DBG] PASS: EWRAM mirror load DMA3 32
[DBG] PASS: EWRAM mirror load DMA3 32 (unaligned 1)
[DBG] PASS: EWRAM mirror load DMA3 32 (unaligned 2)
[DBG] PASS: EWRAM mirror load DMA3 32 (unaligned 3)
[DBG] PASS: EWRAM mirror load swi B 16
[DBG] PASS: EWRAM mirror load swi B 16 (unaligned)
[DBG] PASS: EWRAM mirror load swi B 32
[DBG] PASS: EWRAM mirror load swi B 32 (unaligned 1)
[DBG] PASS: EWRAM mirror load swi B 32 (unaligned 2)
[DBG] PASS: EWRAM mirror load swi B 32 (unaligned 3)
[DBG] PASS: EWRAM mirror load swi C 32
[DBG] PASS: EWRAM mirror load swi C 32 (unaligned 1)
[DBG] PASS: EWRAM mirror load swi C 32 (unaligned 2)
[DBG] PASS: EWRAM mirror load swi C 32 (unaligned 3)
[DBG] Memory test: EWRAM store
[DBG] PASS: EWRAM store U8
[DBG] PASS: EWRAM store S8 (U16 load)
[DBG] PASS: EWRAM store U16
[DBG] PASS: EWRAM store U16 (unaligned)
[DBG] PASS: EWRAM store 32
[DBG] PASS: EWRAM store 32 (unaligned 1)
[DBG] PASS: EWRAM store 32 (unaligned 2)
[DBG] PASS: EWRAM store 32 (unaligned 3)
[DBG] PASS: EWRAM store DMA0 16
[DBG] PASS: EWRAM store DMA0 16 (unaligned)
[DBG] PASS: EWRAM store DMA0 32
[DBG] PASS: EWRAM store DMA0 32 (unaligned 1)
[DBG] PASS: EWRAM store DMA0 32 (unaligned 2)
[DBG] PASS: EWRAM store DMA0 32 (unaligned 3)
[DBG] PASS: EWRAM store DMA1 16
[DBG] PASS: EWRAM store DMA1 16 (unaligned)
[DBG] PASS: EWRAM store DMA1 32
[DBG] PASS: EWRAM store DMA1 32 (unaligned 1)
[DBG] PASS: EWRAM store DMA1 32 (unaligned 2)
[DBG] PASS: EWRAM store DMA1 32 (unaligned 3)
[DBG] PASS: EWRAM store DMA2 16
[DBG] PASS: EWRAM store DMA2 16 (unaligned)
[DBG] PASS: EWRAM store DMA2 32
[DBG] PASS: EWRAM store DMA2 32 (unaligned 1)
[DBG] PASS: EWRAM store DMA2 32 (unaligned 2)
[DBG] PASS: EWRAM store DMA2 32 (unaligned 3)
[DBG] PASS: EWRAM store DMA3 16
[DBG] PASS: EWRAM store DMA3 16 (unaligned)
[DBG] PASS: EWRAM store DMA3 32
[DBG] PASS: EWRAM store DMA3 32 (unaligned 1)
[DBG] PASS: EWRAM store DMA3 32 (unaligned 2)
[DBG] PASS: EWRAM store DMA3 32 (unaligned 3)
[DBG] PASS: EWRAM store swi B 16
[DBG] PASS: EWRAM store swi B 16 (unaligned)
[DBG] PASS: EWRAM store swi B 32
[DBG] PASS: EWRAM store swi B 32 (unaligned 1)
[DBG] PASS: EWRAM store swi B 32 (unaligned 2)
[DBG] PASS: EWRAM store swi B 32 (unaligned 3)
[DBG] PASS: EWRAM store swi C 32
[DBG] PASS: EWRAM store swi C 32 (unaligned 1)
[DBG] PASS: EWRAM store swi C 32 (unaligned 2)
[DBG] PASS: EWRAM store swi C 32 (unaligned 3)
[DBG] Memory test: EWRAM mirror store
[DBG] PASS: EWRAM mirror store U8
[DBG] PASS: EWRAM mirror store S8 (U16 load)
[DBG] PASS: EWRAM mirror store U16
[DBG] PASS: EWRAM mirror store U16 (unaligned)
[DBG] PASS: EWRAM mirror store 32
[DBG] PASS: EWRAM mirror store 32 (unaligned 1)
[DBG] PASS: EWRAM mirror store 32 (unaligned 2)
[DBG] PASS: EWRAM mirror store 32 (unaligned 3)
[DBG] PASS: EWRAM mirror store DMA0 16
[DBG] PASS: EWRAM mirror store DMA0 16 (unaligned)
[DBG] PASS: EWRAM mirror store DMA0 32
[DBG] PASS: EWRAM mirror store DMA0 32 (unaligned 1)
[DBG] PASS: EWRAM mirror store DMA0 32 (unaligned 2)
[DBG] PASS: EWRAM mirror store DMA0 32 (unaligned 3)
[DBG] PASS: EWRAM mirror store DMA1 16
[DBG] PASS: EWRAM mirror store DMA1 16 (unaligned)
[DBG] PASS: EWRAM mirror store DMA1 32
[DBG] PASS: EWRAM mirror store DMA1 32 (unaligned 1)
[DBG] PASS: EWRAM mirror store DMA1 32 (unaligned 2)
[DBG] PASS: EWRAM mirror store DMA1 32 (unaligned 3)
[DBG] PASS: EWRAM mirror store DMA2 16
[DBG] PASS: EWRAM mirror store DMA2 16 (unaligned)
[DBG] PASS: EWRAM mirror store DMA2 32
[DBG] PASS: EWRAM mirror store DMA2 32 (unaligned 1)
[DBG] PASS: EWRAM mirror store DMA2 32 (unaligned 2)
[DBG] PASS: EWRAM mirror store DMA2 32 (unaligned 3)
[DBG] PASS: EWRAM mirror store DMA3 16
[DBG] PASS: EWRAM mirror store DMA3 16 (unaligned)
[DBG] PASS: EWRAM mirror store DMA3 32
[DBG] PASS: EWRAM mirror store DMA3 32 (unaligned 1)
[DBG] PASS: EWRAM mirror store DMA3 32 (unaligned 2)
[DBG] PASS: EWRAM mirror store DMA3 32 (unaligned 3)
[DBG] PASS: EWRAM mirror store swi B 16
[DBG] PASS: EWRAM mirror store swi B 16 (unaligned)
[DBG] PASS: EWRAM mirror store swi B 32
[DBG] PASS: EWRAM mirror store swi B 32 (unaligned 1)
[DBG] PASS: EWRAM mirror store swi B 32 (unaligned 2)
[DBG] PASS: EWRAM mirror store swi B 32 (unaligned 3)
[DBG] PASS: EWRAM mirror store swi C 32
[DBG] PASS: EWRAM mirror store swi C 32 (unaligned 1)
[DBG] PASS: EWRAM mirror store swi C 32 (unaligned 2)
[DBG] PASS: EWRAM mirror store swi C 32 (unaligned 3)
[DBG] Memory test: Palette load
[DBG] PASS: Palette load U8
[DBG] PASS: Palette load S8
[DBG] PASS: Palette load U16
[DBG] PASS: Palette load U16 (unaligned)
[DBG] PASS: Palette load S16
[DBG] PASS: Palette load S16 (unaligned)
[DBG] PASS: Palette load 32
[DBG] PASS: Palette load 32 (unaligned 1)
[DBG] PASS: Palette load 32 (unaligned 2)
[DBG] PASS: Palette load 32 (unaligned 3)
[DBG] PASS: Palette load DMA0 16
[DBG] PASS: Palette load DMA0 16 (unaligned)
[DBG] PASS: Palette load DMA0 32
[DBG] PASS: Palette load DMA0 32 (unaligned 1)
[DBG] PASS: Palette load DMA0 32 (unaligned 2)
[DBG] PASS: Palette load DMA0 32 (unaligned 3)
[DBG] PASS: Palette load DMA1 16
[DBG] PASS: Palette load DMA1 16 (unaligned)
[DBG] PASS: Palette load DMA1 32
[DBG] PASS: Palette load DMA1 32 (unaligned 1)
[DBG] PASS: Palette load DMA1 32 (unaligned 2)
[DBG] PASS: Palette load DMA1 32 (unaligned 3)
[DBG] PASS: Palette load DMA2 16
[DBG] PASS: Palette load DMA2 16 (unaligned)
[DBG] PASS: Palette load DMA2 32
[DBG] PASS: Palette load DMA2 32 (unaligned 1)
[DBG] PASS: Palette load DMA2 32 (unaligned 2)
[DBG] PASS: Palette load DMA2 32 (unaligned 3)
[DBG] PASS: Palette load DMA3 16
[DBG] PASS: Palette load DMA3 16 (unaligned)
[DBG] PASS: Palette load DMA3 32
[DBG] PASS: Palette load DMA3 32 (unaligned 1)
[DBG] PASS: Palette load DMA3 32 (unaligned 2)
[DBG] PASS: Palette load DMA3 32 (unaligned 3)
[DBG] PASS: Palette load swi B 16
[DBG] PASS: Palette load swi B 16 (unaligned)
[DBG] PASS: Palette load swi B 32
[DBG] PASS: Palette load swi B 32 (unaligned 1)
[DBG] PASS: Palette load swi B 32 (unaligned 2)
[DBG] PASS: Palette load swi B 32 (unaligned 3)
[DBG] PASS: Palette load swi C 32
[DBG] PASS: Palette load swi C 32 (unaligned 1)
[DBG] PASS: Palette load swi C 32 (unaligned 2)
[DBG] PASS: Palette load swi C 32 (unaligned 3)
[DBG] Memory test: Palette mirror load
[DBG] PASS: Palette mirror load U8
[DBG] PASS: Palette mirror load S8
[DBG] PASS: Palette mirror load U16
[DBG] PASS: Palette mirror load U16 (unaligned)
[DBG] PASS: Palette mirror load S16
[DBG] PASS: Palette mirror load S16 (unaligned)
[DBG] PASS: Palette mirror load 32
[DBG] PASS: Palette mirror load 32 (unaligned 1)
[DBG] PASS: Palette mirror load 32 (unaligned 2)
[DBG] PASS: Palette mirror load 32 (unaligned 3)
[DBG] PASS: Palette mirror load DMA0 16
[DBG] PASS: Palette mirror load DMA0 16 (unaligned)
[DBG] PASS: Palette mirror load DMA0 32
[DBG] PASS: Palette mirror load DMA0 32 (unaligned 1)
[DBG] PASS: Palette mirror load DMA0 32 (unaligned 2)
[DBG] PASS: Palette mirror load DMA0 32 (unaligned 3)
[DBG] PASS: Palette mirror load DMA1 16
[DBG] PASS: Palette mirror load DMA1 16 (unaligned)
[DBG] PASS: Palette mirror load DMA1 32
[DBG] PASS: Palette mirror load DMA1 32 (unaligned 1)
[DBG] PASS: Palette mirror load DMA1 32 (unaligned 2)
[DBG] PASS: Palette mirror load DMA1 32 (unaligned 3)
[DBG] PASS: Palette mirror load DMA2 16
[DBG] PASS: Palette mirror load DMA2 16 (unaligned)
[DBG] PASS: Palette mirror load DMA2 32
[DBG] PASS: Palette mirror load DMA2 32 (unaligned 1)
[DBG] PASS: Palette mirror load DMA2 32 (unaligned 2)
[DBG] PASS: Palette mirror load DMA2 32 (unaligned 3)
[DBG] PASS: Palette mirror load DMA3 16
[DBG] PASS: Palette mirror load DMA3 16 (unaligned)
[DBG] PASS: Palette mirror load DMA3 32
[DBG] PASS: Palette mirror load DMA3 32 (unaligned 1)
[DBG] PASS: Palette mirror load DMA3 32 (unaligned 2)
[DBG] PASS: Palette mirror load DMA3 32 (unaligned 3)
[DBG] PASS: Palette mirror load swi B 16
[DBG] PASS: Palette mirror load swi B 16 (unaligned)
[DBG] PASS: Palette mirror load swi B 32
[DBG] PASS: Palette mirror load swi B 32 (unaligned 1)
[DBG] PASS: Palette mirror load swi B 32 (unaligned 2)
[DBG] PASS: Palette mirror load swi B 32 (unaligned 3)
[DBG] PASS: Palette mirror load swi C 32
[DBG] PASS: Palette mirror load swi C 32 (unaligned 1)
[DBG] PASS: Palette mirror load swi C 32 (unaligned 2)
[DBG] PASS: Palette mirror load swi C 32 (unaligned 3)
[DBG] Memory test: Palette store
[DBG] PASS: Palette store U8
[DBG] PASS: Palette store S8 (U16 load)
[DBG] PASS: Palette store U16
[DBG] PASS: Palette store U16 (unaligned)
[DBG] PASS: Palette store 32
[DBG] PASS: Palette store 32 (unaligned 1)
[DBG] PASS: Palette store 32 (unaligned 2)
[DBG] PASS: Palette store 32 (unaligned 3)
[DBG] PASS: Palette store DMA0 16
[DBG] PASS: Palette store DMA0 16 (unaligned)
[DBG] PASS: Palette store DMA0 32
[DBG] PASS: Palette store DMA0 32 (unaligned 1)
[DBG] PASS: Palette store DMA0 32 (unaligned 2)
[DBG] PASS: Palette store DMA0 32 (unaligned 3)
[DBG] PASS: Palette store DMA1 16
[DBG] PASS: Palette store DMA1 16 (unaligned)
[DBG] PASS: Palette store DMA1 32
[DBG] PASS: Palette store DMA1 32 (unaligned 1)
[DBG] PASS: Palette store DMA1 32 (unaligned 2)
[DBG] PASS: Palette store DMA1 32 (unaligned 3)
[DBG] PASS: Palette store DMA2 16
[DBG] PASS: Palette store DMA2 16 (unaligned)
[DBG] PASS: Palette store DMA2 32
[DBG] PASS: Palette store DMA2 32 (unaligned 1)
[DBG] PASS: Palette store DMA2 32 (unaligned 2)
[DBG] PASS: Palette store DMA2 32 (unaligned 3)
[DBG] PASS: Palette store DMA3 16
[DBG] PASS: Palette store DMA3 16 (unaligned)
[DBG] PASS: Palette store DMA3 32
[DBG] PASS: Palette store DMA3 32 (unaligned 1)
[DBG] PASS: Palette store DMA3 32 (unaligned 2)
[DBG] PASS: Palette store DMA3 32 (unaligned 3)
[DBG] PASS: Palette store swi B 16
[DBG] PASS: Palette store swi B 16 (unaligned)
[DBG] PASS: Palette store swi B 32
[DBG] PASS: Palette store swi B 32 (unaligned 1)
[DBG] PASS: Palette store swi B 32 (unaligned 2)
[DBG] PASS: Palette store swi B 32 (unaligned 3)
[DBG] PASS: Palette store swi C 32
[DBG] PASS: Palette store swi C 32 (unaligned 1)
[DBG] PASS: Palette store swi C 32 (unaligned 2)
[DBG] PASS: Palette store swi C 32 (unaligned 3)
[DBG] Memory test: Palette mirror store
[DBG] PASS: Palette mirror store U8
[DBG] PASS: Palette mirror store S8 (U16 load)
[DBG] PASS: Palette mirror store U16
[DBG] PASS: Palette mirror store U16 (unaligned)
[DBG] PASS: Palette mirror store 32
[DBG] PASS: Palette mirror store 32 (unaligned 1)
[DBG] PASS: Palette mirror store 32 (unaligned 2)
[DBG] PASS: Palette mirror store 32 (unaligned 3)
[DBG] PASS: Palette mirror store DMA0 16
[DBG] PASS: Palette mirror store DMA0 16 (unaligned)
[DBG] PASS: Palette mirror store DMA0 32
[DBG] PASS: Palette mirror store DMA0 32 (unaligned 1)
[DBG] PASS: Palette mirror store DMA0 32 (unaligned 2)
[DBG] PASS: Palette mirror store DMA0 32 (unaligned 3)
[DBG] PASS: Palette mirror store DMA1 16
[DBG] PASS: Palette mirror store DMA1 16 (unaligned)
[DBG] PASS: Palette mirror store DMA1 32
[DBG] PASS: Palette mirror store DMA1 32 (unaligned 1)
[DBG] PASS: Palette mirror store DMA1 32 (unaligned 2)
[DBG] PASS: Palette mirror store DMA1 32 (unaligned 3)
[DBG] PASS: Palette mirror store DMA2 16
[DBG] PASS: Palette mirror store DMA2 16 (unaligned)
[DBG] PASS: Palette mirror store DMA2 32
[DBG] PASS: Palette mirror store DMA2 32 (unaligned 1)
[DBG] PASS: Palette mirror store DMA2 32 (unaligned 2)
[DBG] PASS: Palette mirror store DMA2 32 (unaligned 3)
[DBG] PASS: Palette mirror store DMA3 16
[DBG] PASS: Palette mirror store DMA3 16 (unaligned)
[DBG] PASS: Palette mirror store DMA3 32
[DBG] PASS: Palette mirror store DMA3 32 (unaligned 1)
[DBG] PASS: Palette mirror store DMA3 32 (unaligned 2)
[DBG] PASS: Palette mirror store DMA3 32 (unaligned 3)
[DBG] PASS: Palette mirror store swi B 16
[DBG] PASS: Palette mirror store swi B 16 (unaligned)
[DBG] PASS: Palette mirror store swi B 32
[DBG] PASS: Palette mirror store swi B 32 (unaligned 1)
[DBG] PASS: Palette mirror store swi B 32 (unaligned 2)
[DBG] PASS: Palette mirror store swi B 32 (unaligned 3)
[DBG] PASS: Palette mirror store swi C 32
[DBG] PASS: Palette mirror store swi C 32 (unaligned 1)
[DBG] PASS: Palette mirror store swi C 32 (unaligned 2)
[DBG] PASS: Palette mirror store swi C 32 (unaligned 3)
[DBG] Memory test: VRAM load
[DBG] PASS: VRAM load U8
[DBG] PASS: VRAM load S8
[DBG] PASS: VRAM load U16
[DBG] PASS: VRAM load U16 (unaligned)
[DBG] PASS: VRAM load S16
[DBG] PASS: VRAM load S16 (unaligned)
[DBG] PASS: VRAM load 32
[DBG] PASS: VRAM load 32 (unaligned 1)
[DBG] PASS: VRAM load 32 (unaligned 2)
[DBG] PASS: VRAM load 32 (unaligned 3)
[DBG] PASS: VRAM load DMA0 16
[DBG] PASS: VRAM load DMA0 16 (unaligned)
[DBG] PASS: VRAM load DMA0 32
[DBG] PASS: VRAM load DMA0 32 (unaligned 1)
[DBG] PASS: VRAM load DMA0 32 (unaligned 2)
[DBG] PASS: VRAM load DMA0 32 (unaligned 3)
[DBG] PASS: VRAM load DMA1 16
[DBG] PASS: VRAM load DMA1 16 (unaligned)
[DBG] PASS: VRAM load DMA1 32
[DBG] PASS: VRAM load DMA1 32 (unaligned 1)
[DBG] PASS: VRAM load DMA1 32 (unaligned 2)
[DBG] PASS: VRAM load DMA1 32 (unaligned 3)
[DBG] PASS: VRAM load DMA2 16
[DBG] PASS: VRAM load DMA2 16 (unaligned)
[DBG] PASS: VRAM load DMA2 32
[DBG] PASS: VRAM load DMA2 32 (unaligned 1)
[DBG] PASS: VRAM load DMA2 32 (unaligned 2)
[DBG] PASS: VRAM load DMA2 32 (unaligned 3)
[DBG] PASS: VRAM load DMA3 16
[DBG] PASS: VRAM load DMA3 16 (unaligned)
[DBG] PASS: VRAM load DMA3 32
[DBG] PASS: VRAM load DMA3 32 (unaligned 1)
[DBG] PASS: VRAM load DMA3 32 (unaligned 2)
[DBG] PASS: VRAM load DMA3 32 (unaligned 3)
[DBG] PASS: VRAM load swi B 16
[DBG] PASS: VRAM load swi B 16 (unaligned)
[DBG] PASS: VRAM load swi B 32
[DBG] PASS: VRAM load swi B 32 (unaligned 1)
[DBG] PASS: VRAM load swi B 32 (unaligned 2)
[DBG] PASS: VRAM load swi B 32 (unaligned 3)
[DBG] PASS: VRAM load swi C 32
[DBG] PASS: VRAM load swi C 32 (unaligned 1)
[DBG] PASS: VRAM load swi C 32 (unaligned 2)
[DBG] PASS: VRAM load swi C 32 (unaligned 3)
[DBG] Memory test: VRAM mirror load
[DBG] PASS: VRAM mirror load U8
[DBG] PASS: VRAM mirror load S8
[DBG] PASS: VRAM mirror load U16
[DBG] PASS: VRAM mirror load U16 (unaligned)
[DBG] PASS: VRAM mirror load S16
[DBG] PASS: VRAM mirror load S16 (unaligned)
[DBG] PASS: VRAM mirror load 32
[DBG] PASS: VRAM mirror load 32 (unaligned 1)
[DBG] PASS: VRAM mirror load 32 (unaligned 2)
[DBG] PASS: VRAM mirror load 32 (unaligned 3)
[DBG] PASS: VRAM mirror load DMA0 16
[DBG] PASS: VRAM mirror load DMA0 16 (unaligned)
[DBG] PASS: VRAM mirror load DMA0 32
[DBG] PASS: VRAM mirror load DMA0 32 (unaligned 1)
[DBG] PASS: VRAM mirror load DMA0 32 (unaligned 2)
[DBG] PASS: VRAM mirror load DMA0 32 (unaligned 3)
[DBG] PASS: VRAM mirror load DMA1 16
[DBG] PASS: VRAM mirror load DMA1 16 (unaligned)
[DBG] PASS: VRAM mirror load DMA1 32
[DBG] PASS: VRAM mirror load DMA1 32 (unaligned 1)
[DBG] PASS: VRAM mirror load DMA1 32 (unaligned 2)
[DBG] PASS: VRAM mirror load DMA1 32 (unaligned 3)
[DBG] PASS: VRAM mirror load DMA2 16
[DBG] PASS: VRAM mirror load DMA2 16 (unaligned)
[DBG] PASS: VRAM mirror load DMA2 32
[DBG] PASS: VRAM mirror load DMA2 32 (unaligned 1)
[DBG] PASS: VRAM mirror load DMA2 32 (unaligned 2)
[DBG] PASS: VRAM mirror load DMA2 32 (unaligned 3)
[DBG] PASS: VRAM mirror load DMA3 16
[DBG] PASS: VRAM mirror load DMA3 16 (unaligned)
[DBG] PASS: VRAM mirror load DMA3 32
[DBG] PASS: VRAM mirror load DMA3 32 (unaligned 1)
[DBG] PASS: VRAM mirror load DMA3 32 (unaligned 2)
[DBG] PASS: VRAM mirror load DMA3 32 (unaligned 3)
[DBG] PASS: VRAM mirror load swi B 16
[DBG] PASS: VRAM mirror load swi B 16 (unaligned)
[DBG] PASS: VRAM mirror load swi B 32
[DBG] PASS: VRAM mirror load swi B 32 (unaligned 1)
[DBG] PASS: VRAM mirror load swi B 32 (unaligned 2)
[DBG] PASS: VRAM mirror load swi B 32 (unaligned 3)
[DBG] PASS: VRAM mirror load swi C 32
[DBG] PASS: VRAM mirror load swi C 32 (unaligned 1)
[DBG] PASS: VRAM mirror load swi C 32 (unaligned 2)
[DBG] PASS: VRAM mirror load swi C 32 (unaligned 3)
[DBG] Memory test: VRAM OBJ load
[DBG] PASS: VRAM OBJ load U8
[DBG] PASS: VRAM OBJ load S8
[DBG] PASS: VRAM OBJ load U16
[DBG] PASS: VRAM OBJ load U16 (unaligned)
[DBG] PASS: VRAM OBJ load S16
[DBG] PASS: VRAM OBJ load S16 (unaligned)
[DBG] PASS: VRAM OBJ load 32
[DBG] PASS: VRAM OBJ load 32 (unaligned 1)
[DBG] PASS: VRAM OBJ load 32 (unaligned 2)
[DBG] PASS: VRAM OBJ load 32 (unaligned 3)
[DBG] PASS: VRAM OBJ load DMA0 16
[DBG] PASS: VRAM OBJ load DMA0 16 (unaligned)
[DBG] PASS: VRAM OBJ load DMA0 32
[DBG] PASS: VRAM OBJ load DMA0 32 (unaligned 1)
[DBG] PASS: VRAM OBJ load DMA0 32 (unaligned 2)
[DBG] PASS: VRAM OBJ load DMA0 32 (unaligned 3)
[DBG] PASS: VRAM OBJ load DMA1 16
[DBG] PASS: VRAM OBJ load DMA1 16 (unaligned)
[DBG] PASS: VRAM OBJ load DMA1 32
[DBG] PASS: VRAM OBJ load DMA1 32 (unaligned 1)
[DBG] PASS: VRAM OBJ load DMA1 32 (unaligned 2)
[DBG] PASS: VRAM OBJ load DMA1 32 (unaligned 3)
[DBG] PASS: VRAM OBJ load DMA2 16
[DBG] PASS: VRAM OBJ load DMA2 16 (unaligned)
[DBG] PASS: VRAM OBJ load DMA2 32
[DBG] PASS: VRAM OBJ load DMA2 32 (unaligned 1)
[DBG] PASS: VRAM OBJ load DMA2 32 (unaligned 2)
[DBG] PASS: VRAM OBJ load DMA2 32 (unaligned 3)
[DBG] PASS: VRAM OBJ load DMA3 16
[DBG] PASS: VRAM OBJ load DMA3 16 (unaligned)
[DBG] PASS: VRAM OBJ load DMA3 32
[DBG] PASS: VRAM OBJ load DMA3 32 (unaligned 1)
[DBG] PASS: VRAM OBJ load DMA3 32 (unaligned 2)
[DBG] PASS: VRAM OBJ load DMA3 32 (unaligned 3)
[DBG] PASS: VRAM OBJ load swi B 16
[DBG] PASS: VRAM OBJ load swi B 16 (unaligned)
[DBG] PASS: VRAM OBJ load swi B 32
[DBG] PASS: VRAM OBJ load swi B 32 (unaligned 1)
[DBG] PASS: VRAM OBJ load swi B 32 (unaligned 2)
[DBG] PASS: VRAM OBJ load swi B 32 (unaligned 3)
[DBG] PASS: VRAM OBJ load swi C 32
[DBG] PASS: VRAM OBJ load swi C 32 (unaligned 1)
[DBG] PASS: VRAM OBJ load swi C 32 (unaligned 2)
[DBG] PASS: VRAM OBJ load swi C 32 (unaligned 3)
[DBG] Memory test: VRAM OBJ mirror load
[DBG] PASS: VRAM OBJ mirror load U8
[DBG] PASS: VRAM OBJ mirror load S8
[DBG] PASS: VRAM OBJ mirror load U16
[DBG] PASS: VRAM OBJ mirror load U16 (unaligned)
[DBG] PASS: VRAM OBJ mirror load S16
[DBG] PASS: VRAM OBJ mirror load S16 (unaligned)
[DBG] PASS: VRAM OBJ mirror load 32
[DBG] PASS: VRAM OBJ mirror load 32 (unaligned 1)
[DBG] PASS: VRAM OBJ mirror load 32 (unaligned 2)
[DBG] PASS: VRAM OBJ mirror load 32 (unaligned 3)
[DBG] PASS: VRAM OBJ mirror load DMA0 16
[DBG] PASS: VRAM OBJ mirror load DMA0 16 (unaligned)
[DBG] PASS: VRAM OBJ mirror load DMA0 32
[DBG] PASS: VRAM OBJ mirror load DMA0 32 (unaligned 1)
[DBG] PASS: VRAM OBJ mirror load DMA0 32 (unaligned 2)
[DBG] PASS: VRAM OBJ mirror load DMA0 32 (unaligned 3)
[DBG] PASS: VRAM OBJ mirror load DMA1 16
[DBG] PASS: VRAM OBJ mirror load DMA1 16 (unaligned)
[DBG] PASS: VRAM OBJ mirror load DMA1 32
[DBG] PASS: VRAM OBJ mirror load DMA1 32 (unaligned 1)
[DBG] PASS: VRAM OBJ mirror load DMA1 32 (unaligned 2)
[DBG] PASS: VRAM OBJ mirror load DMA1 32 (unaligned 3)
[DBG] PASS: VRAM OBJ mirror load DMA2 16
[DBG] PASS: VRAM OBJ mirror load DMA2 16 (unaligned)
[DBG] PASS: VRAM OBJ mirror load DMA2 32
[DBG] PASS: VRAM OBJ mirror load DMA2 32 (unaligned 1)
[DBG] PASS: VRAM OBJ mirror load DMA2 32 (unaligned 2)
[DBG] PASS: VRAM OBJ mirror load DMA2 32 (unaligned 3)
[DBG] PASS: VRAM OBJ mirror load DMA3 16
[DBG] PASS: VRAM OBJ mirror load DMA3 16 (unaligned)
[DBG] PASS: VRAM OBJ mirror load DMA3 32
[DBG] PASS: VRAM OBJ mirror load DMA3 32 (unaligned 1)
[DBG] PASS: VRAM OBJ mirror load DMA3 32 (unaligned 2)
[DBG] PASS: VRAM OBJ mirror load DMA3 32 (unaligned 3)
[DBG] PASS: VRAM OBJ mirror load swi B 16
[DBG] PASS: VRAM OBJ mirror load swi B 16 (unaligned)
[DBG] PASS: VRAM OBJ mirror load swi B 32
[DBG] PASS: VRAM OBJ mirror load swi B 32 (unaligned 1)
[DBG] PASS: VRAM OBJ mirror load swi B 32 (unaligned 2)
[DBG] PASS: VRAM OBJ mirror load swi B 32 (unaligned 3)
[DBG] PASS: VRAM OBJ mirror load swi C 32
[DBG] PASS: VRAM OBJ mirror load swi C 32 (unaligned 1)
[DBG] PASS: VRAM OBJ mirror load swi C 32 (unaligned 2)
[DBG] PASS: VRAM OBJ mirror load swi C 32 (unaligned 3)
[DBG] Memory test: VRAM OBJ mirror 2 load
[DBG] PASS: VRAM OBJ mirror 2 load U8
[DBG] PASS: VRAM OBJ mirror 2 load S8
[DBG] PASS: VRAM OBJ mirror 2 load U16
[DBG] PASS: VRAM OBJ mirror 2 load U16 (unaligned)
[DBG] PASS: VRAM OBJ mirror 2 load S16
[DBG] PASS: VRAM OBJ mirror 2 load S16 (unaligned)
[DBG] PASS: VRAM OBJ mirror 2 load 32
[DBG] PASS: VRAM OBJ mirror 2 load 32 (unaligned 1)
[DBG] PASS: VRAM OBJ mirror 2 load 32 (unaligned 2)
[DBG] PASS: VRAM OBJ mirror 2 load 32 (unaligned 3)
[DBG] PASS: VRAM OBJ mirror 2 load DMA0 16
[DBG] PASS: VRAM OBJ mirror 2 load DMA0 16 (unaligned)
[DBG] PASS: VRAM OBJ mirror 2 load DMA0 32
[DBG] PASS: VRAM OBJ mirror 2 load DMA0 32 (unaligned 1)
[DBG] PASS: VRAM OBJ mirror 2 load DMA0 32 (unaligned 2)
[DBG] PASS: VRAM OBJ mirror 2 load DMA0 32 (unaligned 3)
[DBG] PASS: VRAM OBJ mirror 2 load DMA1 16
[DBG] PASS: VRAM OBJ mirror 2 load DMA1 16 (unaligned)
[DBG] PASS: VRAM OBJ mirror 2 load DMA1 32
[DBG] PASS: VRAM OBJ mirror 2 load DMA1 32 (unaligned 1)
[DBG] PASS: VRAM OBJ mirror 2 load DMA1 32 (unaligned 2)
[DBG] PASS: VRAM OBJ mirror 2 load DMA1 32 (unaligned 3)
[DBG] PASS: VRAM OBJ mirror 2 load DMA2 16
[DBG] PASS: VRAM OBJ mirror 2 load DMA2 16 (unaligned)
[DBG] PASS: VRAM OBJ mirror 2 load DMA2 32
[DBG] PASS: VRAM OBJ mirror 2 load DMA2 32 (unaligned 1)
[DBG] PASS: VRAM OBJ mirror 2 load DMA2 32 (unaligned 2)
[DBG] PASS: VRAM OBJ mirror 2 load DMA2 32 (unaligned 3)
[DBG] PASS: VRAM OBJ mirror 2 load DMA3 16
[DBG] PASS: VRAM OBJ mirror 2 load DMA3 16 (unaligned)
[DBG] PASS: VRAM OBJ mirror 2 load DMA3 32
[DBG] PASS: VRAM OBJ mirror 2 load DMA3 32 (unaligned 1)
[DBG] PASS: VRAM OBJ mirror 2 load DMA3 32 (unaligned 2)
[DBG] PASS: VRAM OBJ mirror 2 load DMA3 32 (unaligned 3)
[DBG] PASS: VRAM OBJ mirror 2 load swi B 16
[DBG] PASS: VRAM OBJ mirror 2 load swi B 16 (unaligned)
[DBG] PASS: VRAM OBJ mirror 2 load swi B 32
[DBG] PASS: VRAM OBJ mirror 2 load swi B 32 (unaligned 1)
[DBG] PASS: VRAM OBJ mirror 2 load swi B 32 (unaligned 2)
[DBG] PASS: VRAM OBJ mirror 2 load swi B 32 (unaligned 3)
[DBG] PASS: VRAM OBJ mirror 2 load swi C 32
[DBG] PASS: VRAM OBJ mirror 2 load swi C 32 (unaligned 1)
[DBG] PASS: VRAM OBJ mirror 2 load swi C 32 (unaligned 2)
[DBG] PASS: VRAM OBJ mirror 2 load swi C 32 (unaligned 3)
[DBG] Memory test: VRAM store
[DBG] PASS: VRAM store U8
[DBG] PASS: VRAM store S8 (U16 load)
[DBG] PASS: VRAM store U16
[DBG] PASS: VRAM store U16 (unaligned)
[DBG] PASS: VRAM store 32
[DBG] PASS: VRAM store 32 (unaligned 1)
[DBG] PASS: VRAM store 32 (unaligned 2)
[DBG] PASS: VRAM store 32 (unaligned 3)
[DBG] PASS: VRAM store DMA0 16
[DBG] PASS: VRAM store DMA0 16 (unaligned)
[DBG] PASS: VRAM store DMA0 32
[DBG] PASS: VRAM store DMA0 32 (unaligned 1)
[DBG] PASS: VRAM store DMA0 32 (unaligned 2)
[DBG] PASS: VRAM store DMA0 32 (unaligned 3)
[DBG] PASS: VRAM store DMA1 16
[DBG] PASS: VRAM store DMA1 16 (unaligned)
[DBG] PASS: VRAM store DMA1 32
[DBG] PASS: VRAM store DMA1 32 (unaligned 1)
[DBG] PASS: VRAM store DMA1 32 (unaligned 2)
[DBG] PASS: VRAM store DMA1 32 (unaligned 3)
[DBG] PASS: VRAM store DMA2 16
[DBG] PASS: VRAM store DMA2 16 (unaligned)
[DBG] PASS: VRAM store DMA2 32
[DBG] PASS: VRAM store DMA2 32 (unaligned 1)
[DBG] PASS: VRAM store DMA2 32 (unaligned 2)
[DBG] PASS: VRAM store DMA2 32 (unaligned 3)
[DBG] PASS: VRAM store DMA3 16
[DBG] PASS: VRAM store DMA3 16 (unaligned)
[DBG] PASS: VRAM store DMA3 32
[DBG] PASS: VRAM store DMA3 32 (unaligned 1)
[DBG] PASS: VRAM store DMA3 32 (unaligned 2)
[DBG] PASS: VRAM store DMA3 32 (unaligned 3)
[DBG] PASS: VRAM store swi B 16
[DBG] PASS: VRAM store swi B 16 (unaligned)
[DBG] PASS: VRAM store swi B 32
[DBG] PASS: VRAM store swi B 32 (unaligned 1)
[DBG] PASS: VRAM store swi B 32 (unaligned 2)
[DBG] PASS: VRAM store swi B 32 (unaligned 3)
[DBG] PASS: VRAM store swi C 32
[DBG] PASS: VRAM store swi C 32 (unaligned 1)
[DBG] PASS: VRAM store swi C 32 (unaligned 2)
[DBG] PASS: VRAM store swi C 32 (unaligned 3)
[DBG] Memory test: VRAM mirror store
[DBG] PASS: VRAM mirror store U8
[DBG] PASS: VRAM mirror store S8 (U16 load)
[DBG] PASS: VRAM mirror store U16
[DBG] PASS: VRAM mirror store U16 (unaligned)
[DBG] PASS: VRAM mirror store 32
[DBG] PASS: VRAM mirror store 32 (unaligned 1)
[DBG] PASS: VRAM mirror store 32 (unaligned 2)
[DBG] PASS: VRAM mirror store 32 (unaligned 3)
[DBG] PASS: VRAM mirror store DMA0 16
[DBG] PASS: VRAM mirror store DMA0 16 (unaligned)
[DBG] PASS: VRAM mirror store DMA0 32
[DBG] PASS: VRAM mirror store DMA0 32 (unaligned 1)
[DBG] PASS: VRAM mirror store DMA0 32 (unaligned 2)
[DBG] PASS: VRAM mirror store DMA0 32 (unaligned 3)
[DBG] PASS: VRAM mirror store DMA1 16
[DBG] PASS: VRAM mirror store DMA1 16 (unaligned)
[DBG] PASS: VRAM mirror store DMA1 32
[DBG] PASS: VRAM mirror store DMA1 32 (unaligned 1)
[DBG] PASS: VRAM mirror store DMA1 32 (unaligned 2)
[DBG] PASS: VRAM mirror store DMA1 32 (unaligned 3)
[DBG] PASS: VRAM mirror store DMA2 16
[DBG] PASS: VRAM mirror store DMA2 16 (unaligned)
[DBG] PASS: VRAM mirror store DMA2 32
[DBG] PASS: VRAM mirror store DMA2 32 (unaligned 1)
[DBG] PASS: VRAM mirror store DMA2 32 (unaligned 2)
[DBG] PASS: VRAM mirror store DMA2 32 (unaligned 3)
[DBG] PASS: VRAM mirror store DMA3 16
[DBG] PASS: VRAM mirror store DMA3 16 (unaligned)
[DBG] PASS: VRAM mirror store DMA3 32
[DBG] PASS: VRAM mirror store DMA3 32 (unaligned 1)
[DBG] PASS: VRAM mirror store DMA3 32 (unaligned 2)
[DBG] PASS: VRAM mirror store DMA3 32 (unaligned 3)
[DBG] PASS: VRAM mirror store swi B 16
[DBG] PASS: VRAM mirror store swi B 16 (unaligned)
[DBG] PASS: VRAM mirror store swi B 32
[DBG] PASS: VRAM mirror store swi B 32 (unaligned 1)
[DBG] PASS: VRAM mirror store swi B 32 (unaligned 2)
[DBG] PASS: VRAM mirror store swi B 32 (unaligned 3)
[DBG] PASS: VRAM mirror store swi C 32
[DBG] PASS: VRAM mirror store swi C 32 (unaligned 1)
[DBG] PASS: VRAM mirror store swi C 32 (unaligned 2)
[DBG] PASS: VRAM mirror store swi C 32 (unaligned 3)
[DBG] Memory test: VRAM OBJ store
[DBG] PASS: VRAM OBJ store U8
[DBG] PASS: VRAM OBJ store S8 (U16 load)
[DBG] PASS: VRAM OBJ store U16
[DBG] PASS: VRAM OBJ store U16 (unaligned)
[DBG] PASS: VRAM OBJ store 32
[DBG] PASS: VRAM OBJ store 32 (unaligned 1)
[DBG] PASS: VRAM OBJ store 32 (unaligned 2)
[DBG] PASS: VRAM OBJ store 32 (unaligned 3)
[DBG] PASS: VRAM OBJ store DMA0 16
[DBG] PASS: VRAM OBJ store DMA0 16 (unaligned)
[DBG] PASS: VRAM OBJ store DMA0 32
[DBG] PASS: VRAM OBJ store DMA0 32 (unaligned 1)
[DBG] PASS: VRAM OBJ store DMA0 32 (unaligned 2)
[DBG] PASS: VRAM OBJ store DMA0 32 (unaligned 3)
[DBG] PASS: VRAM OBJ store DMA1 16
[DBG] PASS: VRAM OBJ store DMA1 16 (unaligned)
[DBG] PASS: VRAM OBJ store DMA1 32
[DBG] PASS: VRAM OBJ store DMA1 32 (unaligned 1)
[DBG] PASS: VRAM OBJ store DMA1 32 (unaligned 2)
[DBG] PASS: VRAM OBJ store DMA1 32 (unaligned 3)
[DBG] PASS: VRAM OBJ store DMA2 16
[DBG] PASS: VRAM OBJ store DMA2 16 (unaligned)
[DBG] PASS: VRAM OBJ store DMA2 32
[DBG] PASS: VRAM OBJ store DMA2 32 (unaligned 1)
[DBG] PASS: VRAM OBJ store DMA2 32 (unaligned 2)
[DBG] PASS: VRAM OBJ store DMA2 32 (unaligned 3)
[DBG] PASS: VRAM OBJ store DMA3 16
[DBG] PASS: VRAM OBJ store DMA3 16 (unaligned)
[DBG] PASS: VRAM OBJ store DMA3 32
[DBG] PASS: VRAM OBJ store DMA3 32 (unaligned 1)
[DBG] PASS: VRAM OBJ store DMA3 32 (unaligned 2)
[DBG] PASS: VRAM OBJ store DMA3 32 (unaligned 3)
[DBG] PASS: VRAM OBJ store swi B 16
[DBG] PASS: VRAM OBJ store swi B 16 (unaligned)
[DBG] PASS: VRAM OBJ store swi B 32
[DBG] PASS: VRAM OBJ store swi B 32 (unaligned 1)
[DBG] PASS: VRAM OBJ store swi B 32 (unaligned 2)
[DBG] PASS: VRAM OBJ store swi B 32 (unaligned 3)
[DBG] PASS: VRAM OBJ store swi C 32
[DBG] PASS: VRAM OBJ store swi C 32 (unaligned 1)
[DBG] PASS: VRAM OBJ store swi C 32 (unaligned 2)
[DBG] PASS: VRAM OBJ store swi C 32 (unaligned 3)
[DBG] Memory test: VRAM OBJ mirror store
[DBG] PASS: VRAM OBJ mirror store U8
[DBG] PASS: VRAM OBJ mirror store S8 (U16 load)
[DBG] PASS: VRAM OBJ mirror store U16
[DBG] PASS: VRAM OBJ mirror store U16 (unaligned)
[DBG] PASS: VRAM OBJ mirror store 32
[DBG] PASS: VRAM OBJ mirror store 32 (unaligned 1)
[DBG] PASS: VRAM OBJ mirror store 32 (unaligned 2)
[DBG] PASS: VRAM OBJ mirror store 32 (unaligned 3)
[DBG] PASS: VRAM OBJ mirror store DMA0 16
[DBG] PASS: VRAM OBJ mirror store DMA0 16 (unaligned)
[DBG] PASS: VRAM OBJ mirror store DMA0 32
[DBG] PASS: VRAM OBJ mirror store DMA0 32 (unaligned 1)
[DBG] PASS: VRAM OBJ mirror store DMA0 32 (unaligned 2)
[DBG] PASS: VRAM OBJ mirror store DMA0 32 (unaligned 3)
[DBG] PASS: VRAM OBJ mirror store DMA1 16
[DBG] PASS: VRAM OBJ mirror store DMA1 16 (unaligned)
[DBG] PASS: VRAM OBJ mirror store DMA1 32
[DBG] PASS: VRAM OBJ mirror store DMA1 32 (unaligned 1)
[DBG] PASS: VRAM OBJ mirror store DMA1 32 (unaligned 2)
[DBG] PASS: VRAM OBJ mirror store DMA1 32 (unaligned 3)
[DBG] PASS: VRAM OBJ mirror store DMA2 16
[DBG] PASS: VRAM OBJ mirror store DMA2 16 (unaligned)
[DBG] PASS: VRAM OBJ mirror store DMA2 32
[DBG] PASS: VRAM OBJ mirror store DMA2 32 (unaligned 1)
[DBG] PASS: VRAM OBJ mirror store DMA2 32 (unaligned 2)
[DBG] PASS: VRAM OBJ mirror store DMA2 32 (unaligned 3)
[DBG] PASS: VRAM OBJ mirror store DMA3 16
[DBG] PASS: VRAM OBJ mirror store DMA3 16 (unaligned)
[DBG] PASS: VRAM OBJ mirror store DMA3 32
[DBG] PASS: VRAM OBJ mirror store DMA3 32 (unaligned 1)
[DBG] PASS: VRAM OBJ mirror store DMA3 32 (unaligned 2)
[DBG] PASS: VRAM OBJ mirror store DMA3 32 (unaligned 3)
[DBG] PASS: VRAM OBJ mirror store swi B 16
[DBG] PASS: VRAM OBJ mirror store swi B 16 (unaligned)
[DBG] PASS: VRAM OBJ mirror store swi B 32
[DBG] PASS: VRAM OBJ mirror store swi B 32 (unaligned 1)
[DBG] PASS: VRAM OBJ mirror store swi B 32 (unaligned 2)
[DBG] PASS: VRAM OBJ mirror store swi B 32 (unaligned 3)
[DBG] PASS: VRAM OBJ mirror store swi C 32
[DBG] PASS: VRAM OBJ mirror store swi C 32 (unaligned 1)
[DBG] PASS: VRAM OBJ mirror store swi C 32 (unaligned 2)
[DBG] PASS: VRAM OBJ mirror store swi C 32 (unaligned 3)
[DBG] Memory test: VRAM OBJ mirror 2 store
[DBG] PASS: VRAM OBJ mirror 2 store U8
[DBG] PASS: VRAM OBJ mirror 2 store S8 (U16 load)
[DBG] PASS: VRAM OBJ mirror 2 store U16
[DBG] PASS: VRAM OBJ mirror 2 store U16 (unaligned)
[DBG] PASS: VRAM OBJ mirror 2 store 32
[DBG] PASS: VRAM OBJ mirror 2 store 32 (unaligned 1)
[DBG] PASS: VRAM OBJ mirror 2 store 32 (unaligned 2)
[DBG] PASS: VRAM OBJ mirror 2 store 32 (unaligned 3)
[DBG] PASS: VRAM OBJ mirror 2 store DMA0 16
[DBG] PASS: VRAM OBJ mirror 2 store DMA0 16 (unaligned)
[DBG] PASS: VRAM OBJ mirror 2 store DMA0 32
[DBG] PASS: VRAM OBJ mirror 2 store DMA0 32 (unaligned 1)
[DBG] PASS: VRAM OBJ mirror 2 store DMA0 32 (unaligned 2)
[DBG] PASS: VRAM OBJ mirror 2 store DMA0 32 (unaligned 3)
[DBG] PASS: VRAM OBJ mirror 2 store DMA1 16
[DBG] PASS: VRAM OBJ mirror 2 store DMA1 16 (unaligned)
[DBG] PASS: VRAM OBJ mirror 2 store DMA1 32
[DBG] PASS: VRAM OBJ mirror 2 store DMA1 32 (unaligned 1)
[DBG] PASS: VRAM OBJ mirror 2 store DMA1 32 (unaligned 2)
[DBG] PASS: VRAM OBJ mirror 2 store DMA1 32 (unaligned 3)
[DBG] PASS: VRAM OBJ mirror 2 store DMA2 16
[DBG] PASS: VRAM OBJ mirror 2 store DMA2 16 (unaligned)
[DBG] PASS: VRAM OBJ mirror 2 store DMA2 32
[DBG] PASS: VRAM OBJ mirror 2 store DMA2 32 (unaligned 1)
[DBG] PASS: VRAM OBJ mirror 2 store DMA2 32 (unaligned 2)
[DBG] PASS: VRAM OBJ mirror 2 store DMA2 32 (unaligned 3)
[DBG] PASS: VRAM OBJ mirror 2 store DMA3 16
[DBG] PASS: VRAM OBJ mirror 2 store DMA3 16 (unaligned)
[DBG] PASS: VRAM OBJ mirror 2 store DMA3 32
[DBG] PASS: VRAM OBJ mirror 2 store DMA3 32 (unaligned 1)
[DBG] PASS: VRAM OBJ mirror 2 store DMA3 32 (unaligned 2)
[DBG] PASS: VRAM OBJ mirror 2 store DMA3 32 (unaligned 3)
[DBG] PASS: VRAM OBJ mirror 2 store swi B 16
[DBG] PASS: VRAM OBJ mirror 2 store swi B 16 (unaligned)
[DBG] PASS: VRAM OBJ mirror 2 store swi B 32
[DBG] PASS: VRAM OBJ mirror 2 store swi B 32 (unaligned 1)
[DBG] PASS: VRAM OBJ mirror 2 store swi B 32 (unaligned 2)
[DBG] PASS: VRAM OBJ mirror 2 store swi B 32 (unaligned 3)
[DBG] PASS: VRAM OBJ mirror 2 store swi C 32
[DBG] PASS: VRAM OBJ mirror 2 store swi C 32 (unaligned 1)
[DBG] PASS: VRAM OBJ mirror 2 store swi C 32 (unaligned 2)
[DBG] PASS: VRAM OBJ mirror 2 store swi C 32 (unaligned 3)
[DBG] Memory test: OAM load
[DBG] PASS: OAM load U8
[DBG] PASS: OAM load S8
[DBG] PASS: OAM load U16
[DBG] PASS: OAM load U16 (unaligned)
[DBG] PASS: OAM load S16
[DBG] PASS: OAM load S16 (unaligned)
[DBG] PASS: OAM load 32
[DBG] PASS: OAM load 32 (unaligned 1)
[DBG] PASS: OAM load 32 (unaligned 2)
[DBG] PASS: OAM load 32 (unaligned 3)
[DBG] PASS: OAM load DMA0 16
[DBG] PASS: OAM load DMA0 16 (unaligned)
[DBG] PASS: OAM load DMA0 32
[DBG] PASS: OAM load DMA0 32 (unaligned 1)
[DBG] PASS: OAM load DMA0 32 (unaligned 2)
[DBG] PASS: OAM load DMA0 32 (unaligned 3)
[DBG] PASS: OAM load DMA1 16
[DBG] PASS: OAM load DMA1 16 (unaligned)
[DBG] PASS: OAM load DMA1 32
[DBG] PASS: OAM load DMA1 32 (unaligned 1)
[DBG] PASS: OAM load DMA1 32 (unaligned 2)
[DBG] PASS: OAM load DMA1 32 (unaligned 3)
[DBG] PASS: OAM load DMA2 16
[DBG] PASS: OAM load DMA2 16 (unaligned)
[DBG] PASS: OAM load DMA2 32
[DBG] PASS: OAM load DMA2 32 (unaligned 1)
[DBG] PASS: OAM load DMA2 32 (unaligned 2)
[DBG] PASS: OAM load DMA2 32 (unaligned 3)
[DBG] PASS: OAM load DMA3 16
[DBG] PASS: OAM load DMA3 16 (unaligned)
[DBG] PASS: OAM load DMA3 32
[DBG] PASS: OAM load DMA3 32 (unaligned 1)
[DBG] PASS: OAM load DMA3 32 (unaligned 2)
[DBG] PASS: OAM load DMA3 32 (unaligned 3)
[DBG] PASS: OAM load swi B 16
[DBG] PASS: OAM load swi B 16 (unaligned)
[DBG] PASS: OAM load swi B 32
[DBG] PASS: OAM load swi B 32 (unaligned 1)
[DBG] PASS: OAM load swi B 32 (unaligned 2)
[DBG] PASS: OAM load swi B 32 (unaligned 3)
[DBG] PASS: OAM load swi C 32
[DBG] PASS: OAM load swi C 32 (unaligned 1)
[DBG] PASS: OAM load swi C 32 (unaligned 2)
[DBG] PASS: OAM load swi C 32 (unaligned 3)
[DBG] Memory test: OAM mirror load
[DBG] PASS: OAM mirror load U8
[DBG] PASS: OAM mirror load S8
[DBG] PASS: OAM mirror load U16
[DBG] PASS: OAM mirror load U16 (unaligned)
[DBG] PASS: OAM mirror load S16
[DBG] PASS: OAM mirror load S16 (unaligned)
[DBG] PASS: OAM mirror load 32
[DBG] PASS: OAM mirror load 32 (unaligned 1)
[DBG] PASS: OAM mirror load 32 (unaligned 2)
[DBG] PASS: OAM mirror load 32 (unaligned 3)
[DBG] PASS: OAM mirror load DMA0 16
[DBG] PASS: OAM mirror load DMA0 16 (unaligned)
[DBG] PASS: OAM mirror load DMA0 32
[DBG] PASS: OAM mirror load DMA0 32 (unaligned 1)
[DBG] PASS: OAM mirror load DMA0 32 (unaligned 2)
[DBG] PASS: OAM mirror load DMA0 32 (unaligned 3)
[DBG] PASS: OAM mirror load DMA1 16
[DBG] PASS: OAM mirror load DMA1 16 (unaligned)
[DBG] PASS: OAM mirror load DMA1 32
[DBG] PASS: OAM mirror load DMA1 32 (unaligned 1)
[DBG] PASS: OAM mirror load DMA1 32 (unaligned 2)
[DBG] PASS: OAM mirror load DMA1 32 (unaligned 3)
[DBG] PASS: OAM mirror load DMA2 16
[DBG] PASS: OAM mirror load DMA2 16 (unaligned)
[DBG] PASS: OAM mirror load DMA2 32
[DBG] PASS: OAM mirror load DMA2 32 (unaligned 1)
[DBG] PASS: OAM mirror load DMA2 32 (unaligned 2)
[DBG] PASS: OAM mirror load DMA2 32 (unaligned 3)
[DBG] PASS: OAM mirror load DMA3 16
[DBG] PASS: OAM mirror load DMA3 16 (unaligned)
[DBG] PASS: OAM mirror load DMA3 32
[DBG] PASS: OAM mirror load DMA3 32 (unaligned 1)
[DBG] PASS: OAM mirror load DMA3 32 (unaligned 2)
[DBG] PASS: OAM mirror load DMA3 32 (unaligned 3)
[DBG] PASS: OAM mirror load swi B 16
[DBG] PASS: OAM mirror load swi B 16 (unaligned)
[DBG] PASS: OAM mirror load swi B 32
[DBG] PASS: OAM mirror load swi B 32 (unaligned 1)
[DBG] PASS: OAM mirror load swi B 32 (unaligned 2)
[DBG] PASS: OAM mirror load swi B 32 (unaligned 3)
[DBG] PASS: OAM mirror load swi C 32
[DBG] PASS: OAM mirror load swi C 32 (unaligned 1)
[DBG] PASS: OAM mirror load swi C 32 (unaligned 2)
[DBG] PASS: OAM mirror load swi C 32 (unaligned 3)
[DBG] Memory test: OAM store
[DBG] PASS: OAM store U8
[DBG] PASS: OAM store S8 (U16 load)
[DBG] PASS: OAM store U16
[DBG] PASS: OAM store U16 (unaligned)
[DBG] PASS: OAM store 32
[DBG] PASS: OAM store 32 (unaligned 1)
[DBG] PASS: OAM store 32 (unaligned 2)
[DBG] PASS: OAM store 32 (unaligned 3)
[DBG] PASS: OAM store DMA0 16
[DBG] PASS: OAM store DMA0 16 (unaligned)
[DBG] PASS: OAM store DMA0 32
[DBG] PASS: OAM store DMA0 32 (unaligned 1)
[DBG] PASS: OAM store DMA0 32 (unaligned 2)
[DBG] PASS: OAM store DMA0 32 (unaligned 3)
[DBG] PASS: OAM store DMA1 16
[DBG] PASS: OAM store DMA1 16 (unaligned)
[DBG] PASS: OAM store DMA1 32
[DBG] PASS: OAM store DMA1 32 (unaligned 1)
[DBG] PASS: OAM store DMA1 32 (unaligned 2)
[DBG] PASS: OAM store DMA1 32 (unaligned 3)
[DBG] PASS: OAM store DMA2 16
[DBG] PASS: OAM store DMA2 16 (unaligned)
[DBG] PASS: OAM store DMA2 32
[DBG] PASS: OAM store DMA2 32 (unaligned 1)
[DBG] PASS: OAM store DMA2 32 (unaligned 2)
[DBG] PASS: OAM store DMA2 32 (unaligned 3)
[DBG] PASS: OAM store DMA3 16
[DBG] PASS: OAM store DMA3 16 (unaligned)
[DBG] PASS: OAM store DMA3 32
[DBG] PASS: OAM store DMA3 32 (unaligned 1)
[DBG] PASS: OAM store DMA3 32 (unaligned 2)
[DBG] PASS: OAM store DMA3 32 (unaligned 3)
[DBG] PASS: OAM store swi B 16
[DBG] PASS: OAM store swi B 16 (unaligned)
[DBG] PASS: OAM store swi B 32
[DBG] PASS: OAM store swi B 32 (unaligned 1)
[DBG] PASS: OAM store swi B 32 (unaligned 2)
[DBG] PASS: OAM store swi B 32 (unaligned 3)
[DBG] PASS: OAM store swi C 32
[DBG] PASS: OAM store swi C 32 (unaligned 1)
[DBG] PASS: OAM store swi C 32 (unaligned 2)
[DBG] PASS: OAM store swi C 32 (unaligned 3)
[DBG] Memory test: OAM mirror store
[DBG] PASS: OAM mirror store U8
[DBG] PASS: OAM mirror store S8 (U16 load)
[DBG] PASS: OAM mirror store U16
[DBG] PASS: OAM mirror store U16 (unaligned)
[DBG] PASS: OAM mirror store 32
[DBG] PASS: OAM mirror store 32 (unaligned 1)
[DBG] PASS: OAM mirror store 32 (unaligned 2)
[DBG] PASS: OAM mirror store 32 (unaligned 3)
[DBG] PASS: OAM mirror store DMA0 16
[DBG] PASS: OAM mirror store DMA0 16 (unaligned)
[DBG] PASS: OAM mirror store DMA0 32
[DBG] PASS: OAM mirror store DMA0 32 (unaligned 1)
[DBG] PASS: OAM mirror store DMA0 32 (unaligned 2)
[DBG] PASS: OAM mirror store DMA0 32 (unaligned 3)
[DBG] PASS: OAM mirror store DMA1 16
[DBG] PASS: OAM mirror store DMA1 16 (unaligned)
[DBG] PASS: OAM mirror store DMA1 32
[DBG] PASS: OAM mirror store DMA1 32 (unaligned 1)
[DBG] PASS: OAM mirror store DMA1 32 (unaligned 2)
[DBG] PASS: OAM mirror store DMA1 32 (unaligned 3)
[DBG] PASS: OAM mirror store DMA2 16
[DBG] PASS: OAM mirror store DMA2 16 (unaligned)
[DBG] PASS: OAM mirror store DMA2 32
[DBG] PASS: OAM mirror store DMA2 32 (unaligned 1)
[DBG] PASS: OAM mirror store DMA2 32 (unaligned 2)
[DBG] PASS: OAM mirror store DMA2 32 (unaligned 3)
[DBG] PASS: OAM mirror store DMA3 16
[DBG] PASS: OAM mirror store DMA3 16 (unaligned)
[DBG] PASS: OAM mirror store DMA3 32
[DBG] PASS: OAM mirror store DMA3 32 (unaligned 1)
[DBG] PASS: OAM mirror store DMA3 32 (unaligned 2)
[DBG] PASS: OAM mirror store DMA3 32 (unaligned 3)
[DBG] PASS: OAM mirror store swi B 16
[DBG] PASS: OAM mirror store swi B 16 (unaligned)
[DBG] PASS: OAM mirror store swi B 32
[DBG] PASS: OAM mirror store swi B 32 (unaligned 1)
[DBG] PASS: OAM mirror store swi B 32 (unaligned 2)
[DBG] PASS: OAM mirror store swi B 32 (unaligned 3)
[DBG] PASS: OAM mirror store swi C 32
[DBG] PASS: OAM mirror store swi C 32 (unaligned 1)
[DBG] PASS: OAM mirror store swi C 32 (unaligned 2)
[DBG] PASS: OAM mirror store swi C 32 (unaligned 3)
[DBG] Memory test: SRAM load
[DBG] PASS: SRAM load U8
[DBG] PASS: SRAM load S8
[DBG] PASS: SRAM load U16
[DBG] PASS: SRAM load U16 (unaligned)
[DBG] PASS: SRAM load S16
[DBG] PASS: SRAM load S16 (unaligned)
[DBG] PASS: SRAM load 32
[DBG] PASS: SRAM load 32 (unaligned 1)
[DBG] PASS: SRAM load 32 (unaligned 2)
[DBG] PASS: SRAM load 32 (unaligned 3)
[DBG] PASS: SRAM load DMA0 16
[DBG] PASS: SRAM load DMA0 16 (unaligned)
[DBG] PASS: SRAM load DMA0 32
[DBG] PASS: SRAM load DMA0 32 (unaligned 1)
[DBG] PASS: SRAM load DMA0 32 (unaligned 2)
[DBG] PASS: SRAM load DMA0 32 (unaligned 3)
[DBG] PASS: SRAM load DMA1 16
[DBG] PASS: SRAM load DMA1 16 (unaligned)
[DBG] PASS: SRAM load DMA1 32
[DBG] PASS: SRAM load DMA1 32 (unaligned 1)
[DBG] PASS: SRAM load DMA1 32 (unaligned 2)
[DBG] PASS: SRAM load DMA1 32 (unaligned 3)
[DBG] PASS: SRAM load DMA2 16
[DBG] PASS: SRAM load DMA2 16 (unaligned)
[DBG] PASS: SRAM load DMA2 32
[DBG] PASS: SRAM load DMA2 32 (unaligned 1)
[DBG] PASS: SRAM load DMA2 32 (unaligned 2)
[DBG] PASS: SRAM load DMA2 32 (unaligned 3)
[DBG] PASS: SRAM load DMA3 16
[DBG] PASS: SRAM load DMA3 16 (unaligned)
[DBG] PASS: SRAM load DMA3 32
[DBG] PASS: SRAM load DMA3 32 (unaligned 1)
[DBG] PASS: SRAM load DMA3 32 (unaligned 2)
[DBG] PASS: SRAM load DMA3 32 (unaligned 3)
[DBG] PASS: SRAM load swi B 16
[DBG] PASS: SRAM load swi B 16 (unaligned)
[DBG] PASS: SRAM load swi B 32
[DBG] PASS: SRAM load swi B 32 (unaligned 1)
[DBG] PASS: SRAM load swi B 32 (unaligned 2)
[DBG] PASS: SRAM load swi B 32 (unaligned 3)
[DBG] PASS: SRAM load swi C 32
[DBG] PASS: SRAM load swi C 32 (unaligned 1)
[DBG] PASS: SRAM load swi C 32 (unaligned 2)
[DBG] PASS: SRAM load swi C 32 (unaligned 3)
[DBG] Memory test: SRAM mirror load
[DBG] PASS: SRAM mirror load U8
[DBG] PASS: SRAM mirror load S8
[DBG] PASS: SRAM mirror load U16
[DBG] PASS: SRAM mirror load U16 (unaligned)
[DBG] PASS: SRAM mirror load S16
[DBG] PASS: SRAM mirror load S16 (unaligned)
[DBG] PASS: SRAM mirror load 32
[DBG] PASS: SRAM mirror load 32 (unaligned 1)
[DBG] PASS: SRAM mirror load 32 (unaligned 2)
[DBG] PASS: SRAM mirror load 32 (unaligned 3)
[DBG] PASS: SRAM mirror load DMA0 16
[DBG] PASS: SRAM mirror load DMA0 16 (unaligned)
[DBG] PASS: SRAM mirror load DMA0 32
[DBG] PASS: SRAM mirror load DMA0 32 (unaligned 1)
[DBG] PASS: SRAM mirror load DMA0 32 (unaligned 2)
[DBG] PASS: SRAM mirror load DMA0 32 (unaligned 3)
[DBG] PASS: SRAM mirror load DMA1 16
[DBG] PASS: SRAM mirror load DMA1 16 (unaligned)
[DBG] PASS: SRAM mirror load DMA1 32
[DBG] PASS: SRAM mirror load DMA1 32 (unaligned 1)
[DBG] PASS: SRAM mirror load DMA1 32 (unaligned 2)
[DBG] PASS: SRAM mirror load DMA1 32 (unaligned 3)
[DBG] PASS: SRAM mirror load DMA2 16
[DBG] PASS: SRAM mirror load DMA2 16 (unaligned)
[DBG] PASS: SRAM mirror load DMA2 32
[DBG] PASS: SRAM mirror load DMA2 32 (unaligned 1)
[DBG] PASS: SRAM mirror load DMA2 32 (unaligned 2)
[DBG] PASS: SRAM mirror load DMA2 32 (unaligned 3)
[DBG] PASS: SRAM mirror load DMA3 16
[DBG] PASS: SRAM mirror load DMA3 16 (unaligned)
[DBG] PASS: SRAM mirror load DMA3 32
[DBG] PASS: SRAM mirror load DMA3 32 (unaligned 1)
[DBG] PASS: SRAM mirror load DMA3 32 (unaligned 2)
[DBG] PASS: SRAM mirror load DMA3 32 (unaligned 3)
[DBG] PASS: SRAM mirror load swi B 16
[DBG] PASS: SRAM mirror load swi B 16 (unaligned)
[DBG] PASS: SRAM mirror load swi B 32
[DBG] PASS: SRAM mirror load swi B 32 (unaligned 1)
[DBG] PASS: SRAM mirror load swi B 32 (unaligned 2)
[DBG] PASS: SRAM mirror load swi B 32 (unaligned 3)
[DBG] PASS: SRAM mirror load swi C 32
[DBG] PASS: SRAM mirror load swi C 32 (unaligned 1)
[DBG] PASS: SRAM mirror load swi C 32 (unaligned 2)
[DBG] PASS: SRAM mirror load swi C 32 (unaligned 3)
[DBG] Memory test: SRAM store
[DBG] PASS: SRAM store U8
[DBG] PASS: SRAM store S8 (U16 load)
[DBG] PASS: SRAM store U16
[DBG] PASS: SRAM store U16 (unaligned)
[DBG] PASS: SRAM store 32
[DBG] PASS: SRAM store 32 (unaligned 1)
[DBG] PASS: SRAM store 32 (unaligned 2)
[DBG] PASS: SRAM store 32 (unaligned 3)
[DBG] PASS: SRAM store DMA0 16
[DBG] PASS: SRAM store DMA0 16 (unaligned)
[DBG] PASS: SRAM store DMA0 32
[DBG] PASS: SRAM store DMA0 32 (unaligned 1)
[DBG] PASS: SRAM store DMA0 32 (unaligned 2)
[DBG] PASS: SRAM store DMA0 32 (unaligned 3)
[DBG] PASS: SRAM store DMA1 16
[DBG] PASS: SRAM store DMA1 16 (unaligned)
[DBG] PASS: SRAM store DMA1 32
[DBG] PASS: SRAM store DMA1 32 (unaligned 1)
[DBG] PASS: SRAM store DMA1 32 (unaligned 2)
[DBG] PASS: SRAM store DMA1 32 (unaligned 3)
[DBG] PASS: SRAM store DMA2 16
[DBG] PASS: SRAM store DMA2 16 (unaligned)
[DBG] PASS: SRAM store DMA2 32
[DBG] PASS: SRAM store DMA2 32 (unaligned 1)
[DBG] PASS: SRAM store DMA2 32 (unaligned 2)
[DBG] PASS: SRAM store DMA2 32 (unaligned 3)
[DBG] PASS: SRAM store DMA3 16
[DBG] PASS: SRAM store DMA3 16 (unaligned)
[DBG] PASS: SRAM store DMA3 32
[DBG] PASS: SRAM store DMA3 32 (unaligned 1)
[DBG] PASS: SRAM store DMA3 32 (unaligned 2)
[DBG] PASS: SRAM store DMA3 32 (unaligned 3)
[DBG] PASS: SRAM store swi B 16
[DBG] PASS: SRAM store swi B 16 (unaligned)
[DBG] PASS: SRAM store swi B 32
[DBG] PASS: SRAM store swi B 32 (unaligned 1)
[DBG] PASS: SRAM store swi B 32 (unaligned 2)
[DBG] PASS: SRAM store swi B 32 (unaligned 3)
[DBG] PASS: SRAM store swi C 32
[DBG] PASS: SRAM store swi C 32 (unaligned 1)
[DBG] PASS: SRAM store swi C 32 (unaligned 2)
[DBG] PASS: SRAM store swi C 32 (unaligned 3)
[DBG] Memory test: SRAM mirror store
[DBG] PASS: SRAM mirror store U8
[DBG] PASS: SRAM mirror store S8 (U16 load)
[DBG] PASS: SRAM mirror store U16
[DBG] PASS: SRAM mirror store U16 (unaligned)
[DBG] PASS: SRAM mirror store 32
[DBG] PASS: SRAM mirror store 32 (unaligned 1)
[DBG] PASS: SRAM mirror store 32 (unaligned 2)
[DBG] PASS: SRAM mirror store 32 (unaligned 3)
[DBG] PASS: SRAM mirror store DMA0 16
[DBG] PASS: SRAM mirror store DMA0 16 (unaligned)
[DBG] PASS: SRAM mirror store DMA0 32
[DBG] PASS: SRAM mirror store DMA0 32 (unaligned 1)
[DBG] PASS: SRAM mirror store DMA0 32 (unaligned 2)
[DBG] PASS: SRAM mirror store DMA0 32 (unaligned 3)
[DBG] PASS: SRAM mirror store DMA1 16
[DBG] PASS: SRAM mirror store DMA1 16 (unaligned)
[DBG] PASS: SRAM mirror store DMA1 32
[DBG] PASS: SRAM mirror store DMA1 32 (unaligned 1)
[DBG] PASS: SRAM mirror store DMA1 32 (unaligned 2)
[DBG] PASS: SRAM mirror store DMA1 32 (unaligned 3)
[DBG] PASS: SRAM mirror store DMA2 16
[DBG] PASS: SRAM mirror store DMA2 16 (unaligned)
[DBG] PASS: SRAM mirror store DMA2 32
[DBG] PASS: SRAM mirror store DMA2 32 (unaligned 1)
[DBG] PASS: SRAM mirror store DMA2 32 (unaligned 2)
[DBG] PASS: SRAM mirror store DMA2 32 (unaligned 3)
[DBG] PASS: SRAM mirror store DMA3 16
[DBG] PASS: SRAM mirror store DMA3 16 (unaligned)
[DBG] PASS: SRAM mirror store DMA3 32
[DBG] PASS: SRAM mirror store DMA3 32 (unaligned 1)
[DBG] PASS: SRAM mirror store DMA3 32 (unaligned 2)
[DBG] PASS: SRAM mirror store DMA3 32 (unaligned 3)
[DBG] PASS: SRAM mirror store swi B 16
[DBG] PASS: SRAM mirror store swi B 16 (unaligned)
[DBG] PASS: SRAM mirror store swi B 32
[DBG] PASS: SRAM mirror store swi B 32 (unaligned 1)
[DBG] PASS: SRAM mirror store swi B 32 (unaligned 2)
[DBG] PASS: SRAM mirror store swi B 32 (unaligned 3)
[DBG] PASS: SRAM mirror store swi C 32
[DBG] PASS: SRAM mirror store swi C 32 (unaligned 1)
[DBG] PASS: SRAM mirror store swi C 32 (unaligned 2)
[DBG] PASS: SRAM mirror store swi C 32 (unaligned 3)
[DBG] Memory test: BIOS load
[DBG] PASS: BIOS load U8
[DBG] PASS: BIOS load S8
[DBG] PASS: BIOS load U16
[DBG] PASS: BIOS load U16 (unaligned)
[DBG] PASS: BIOS load S16
[DBG] PASS: BIOS load S16 (unaligned)
[DBG] PASS: BIOS load 32
[DBG] PASS: BIOS load 32 (unaligned 1)
[DBG] PASS: BIOS load 32 (unaligned 2)
[DBG] PASS: BIOS load 32 (unaligned 3)
[DBG] PASS: BIOS load DMA0 16
[DBG] PASS: BIOS load DMA0 16 (unaligned)
[DBG] PASS: BIOS load DMA0 32
[DBG] PASS: BIOS load DMA0 32 (unaligned 1)
[DBG] PASS: BIOS load DMA0 32 (unaligned 2)
[DBG] PASS: BIOS load DMA0 32 (unaligned 3)
[DBG] PASS: BIOS load DMA1 16
[DBG] PASS: BIOS load DMA1 16 (unaligned)
[DBG] PASS: BIOS load DMA1 32
[DBG] PASS: BIOS load DMA1 32 (unaligned 1)
[DBG] PASS: BIOS load DMA1 32 (unaligned 2)
[DBG] PASS: BIOS load DMA1 32 (unaligned 3)
[DBG] PASS: BIOS load DMA2 16
[DBG] PASS: BIOS load DMA2 16 (unaligned)
[DBG] PASS: BIOS load DMA2 32
[DBG] PASS: BIOS load DMA2 32 (unaligned 1)
[DBG] PASS: BIOS load DMA2 32 (unaligned 2)
[DBG] PASS: BIOS load DMA2 32 (unaligned 3)
[DBG] PASS: BIOS load DMA3 16
[DBG] PASS: BIOS load DMA3 16 (unaligned)
[DBG] PASS: BIOS load DMA3 32
[DBG] PASS: BIOS load DMA3 32 (unaligned 1)
[DBG] PASS: BIOS load DMA3 32 (unaligned 2)
[DBG] PASS: BIOS load DMA3 32 (unaligned 3)
[DBG] PASS: BIOS load swi B 16
[DBG] PASS: BIOS load swi B 16 (unaligned)
[DBG] PASS: BIOS load swi B 32
[DBG] PASS: BIOS load swi B 32 (unaligned 1)
[DBG] PASS: BIOS load swi B 32 (unaligned 2)
[DBG] PASS: BIOS load swi B 32 (unaligned 3)
[DBG] PASS: BIOS load swi C 32
[DBG] PASS: BIOS load swi C 32 (unaligned 1)
[DBG] PASS: BIOS load swi C 32 (unaligned 2)
[DBG] PASS: BIOS load swi C 32 (unaligned 3)
[DBG] Memory test: BIOS out-of-bounds load
[DBG] PASS: BIOS out-of-bounds load U8
[DBG] PASS: BIOS out-of-bounds load S8
[DBG] PASS: BIOS out-of-bounds load U16
[DBG] PASS: BIOS out-of-bounds load U16 (unaligned)
[DBG] PASS: BIOS out-of-bounds load S16
[DBG] PASS: BIOS out-of-bounds load S16 (unaligned)
[DBG] PASS: BIOS out-of-bounds load 32
[DBG] PASS: BIOS out-of-bounds load 32 (unaligned 1)
[DBG] PASS: BIOS out-of-bounds load 32 (unaligned 2)
[DBG] PASS: BIOS out-of-bounds load 32 (unaligned 3)
[DBG] PASS: BIOS out-of-bounds load DMA0 16
[DBG] PASS: BIOS out-of-bounds load DMA0 16 (unaligned)
[DBG] PASS: BIOS out-of-bounds load DMA0 32
[DBG] PASS: BIOS out-of-bounds load DMA0 32 (unaligned 1)
[DBG] PASS: BIOS out-of-bounds load DMA0 32 (unaligned 2)
[DBG] PASS: BIOS out-of-bounds load DMA0 32 (unaligned 3)
[DBG] PASS: BIOS out-of-bounds load DMA1 16
[DBG] PASS: BIOS out-of-bounds load DMA1 16 (unaligned)
[DBG] PASS: BIOS out-of-bounds load DMA1 32
[DBG] PASS: BIOS out-of-bounds load DMA1 32 (unaligned 1)
[DBG] PASS: BIOS out-of-bounds load DMA1 32 (unaligned 2)
[DBG] PASS: BIOS out-of-bounds load DMA1 32 (unaligned 3)
[DBG] PASS: BIOS out-of-bounds load DMA2 16
[DBG] PASS: BIOS out-of-bounds load DMA2 16 (unaligned)
[DBG] PASS: BIOS out-of-bounds load DMA2 32
[DBG] PASS: BIOS out-of-bounds load DMA2 32 (unaligned 1)
[DBG] PASS: BIOS out-of-bounds load DMA2 32 (unaligned 2)
[DBG] PASS: BIOS out-of-bounds load DMA2 32 (unaligned 3)
[DBG] PASS: BIOS out-of-bounds load DMA3 16
[DBG] PASS: BIOS out-of-bounds load DMA3 16 (unaligned)
[DBG] PASS: BIOS out-of-bounds load DMA3 32
[DBG] PASS: BIOS out-of-bounds load DMA3 32 (unaligned 1)
[DBG] PASS: BIOS out-of-bounds load DMA3 32 (unaligned 2)
[DBG] PASS: BIOS out-of-bounds load DMA3 32 (unaligned 3)
[DBG] PASS: BIOS out-of-bounds load swi B 16
[DBG] PASS: BIOS out-of-bounds load swi B 16 (unaligned)
[DBG] PASS: BIOS out-of-bounds load swi B 32
[DBG] PASS: BIOS out-of-bounds load swi B 32 (unaligned 1)
[DBG] PASS: BIOS out-of-bounds load swi B 32 (unaligned 2)
[DBG] PASS: BIOS out-of-bounds load swi B 32 (unaligned 3)
[DBG] PASS: BIOS out-of-bounds load swi C 32
[DBG] PASS: BIOS out-of-bounds load swi C 32 (unaligned 1)
[DBG] PASS: BIOS out-of-bounds load swi C 32 (unaligned 2)
[DBG] PASS: BIOS out-of-bounds load swi C 32 (unaligned 3)
[DBG] Memory test: Out-of-bounds load
[DBG] PASS: Out-of-bounds load U8
[DBG] PASS: Out-of-bounds load S8
[DBG] PASS: Out-of-bounds load U16
[DBG] PASS: Out-of-bounds load U16 (unaligned)
[DBG] PASS: Out-of-bounds load S16
[DBG] PASS: Out-of-bounds load S16 (unaligned)
[DBG] PASS: Out-of-bounds load 32
[DBG] PASS: Out-of-bounds load 32 (unaligned 1)
[DBG] PASS: Out-of-bounds load 32 (unaligned 2)
[DBG] PASS: Out-of-bounds load 32 (unaligned 3)
[DBG] PASS: Out-of-bounds load DMA0 16
[DBG] PASS: Out-of-bounds load DMA0 16 (unaligned)
[DBG] PASS: Out-of-bounds load DMA0 32
[DBG] PASS: Out-of-bounds load DMA0 32 (unaligned 1)
[DBG] PASS: Out-of-bounds load DMA0 32 (unaligned 2)
[DBG] PASS: Out-of-bounds load DMA0 32 (unaligned 3)
[DBG] PASS: Out-of-bounds load DMA1 16
[DBG] PASS: Out-of-bounds load DMA1 16 (unaligned)
[DBG] PASS: Out-of-bounds load DMA1 32
[DBG] PASS: Out-of-bounds load DMA1 32 (unaligned 1)
[DBG] PASS: Out-of-bounds load DMA1 32 (unaligned 2)
[DBG] PASS: Out-of-bounds load DMA1 32 (unaligned 3)
[DBG] PASS: Out-of-bounds load DMA2 16
[DBG] PASS: Out-of-bounds load DMA2 16 (unaligned)
[DBG] PASS: Out-of-bounds load DMA2 32
[DBG] PASS: Out-of-bounds load DMA2 32 (unaligned 1)
[DBG] PASS: Out-of-bounds load DMA2 32 (unaligned 2)
[DBG] PASS: Out-of-bounds load DMA2 32 (unaligned 3)
[DBG] PASS: Out-of-bounds load DMA3 16
[DBG] PASS: Out-of-bounds load DMA3 16 (unaligned)
[DBG] PASS: Out-of-bounds load DMA3 32
[DBG] PASS: Out-of-bounds load DMA3 32 (unaligned 1)
[DBG] PASS: Out-of-bounds load DMA3 32 (unaligned 2)
[DBG] PASS: Out-of-bounds load DMA3 32 (unaligned 3)
[DBG] PASS: Out-of-bounds load swi B 16
[DBG] PASS: Out-of-bounds load swi B 16 (unaligned)
[DBG] PASS: Out-of-bounds load swi B 32
[DBG] PASS: Out-of-bounds load swi B 32 (unaligned 1)
[DBG] PASS: Out-of-bounds load swi B 32 (unaligned 2)
[DBG] PASS: Out-of-bounds load swi B 32 (unaligned 3)
[DBG] PASS: Out-of-bounds load swi C 32
[DBG] PASS: Out-of-bounds load swi C 32 (unaligned 1)
[DBG] PASS: Out-of-bounds load swi C 32 (unaligned 2)
[DBG] PASS: Out-of-bounds load swi C 32 (unaligned 3)

--- Suite 01: Memory ---
Frames: 212  PC=0x0802BAAA  CPSR=0x8000003F  halted=0  cycle=148791108
[debug]
Game Boy Advance Test Suite
===
BEGIN: Memory tests
Memory test: ROM load
PASS: ROM load U8
PASS: ROM load S8
PASS: ROM load U16
PASS: ROM load U16 (unaligned)
PASS: ROM load S16
PASS: ROM load S16 (unaligned)
PASS: ROM load 32
PASS: ROM load 32 (unaligned 1)
PASS: ROM load 32 (unaligned 2)
PASS: ROM load 32 (unaligned 3)
PASS: ROM load DMA0 16
PASS: ROM load DMA0 16 (unaligned)
PASS: ROM load DMA0 32
PASS: ROM load DMA0 32 (unaligned 1)
PASS: ROM load DMA0 32 (unaligned 2)
PASS: ROM load DMA0 32 (unaligned 3)
PASS: ROM load DMA1 16
PASS: ROM load DMA1 16 (unaligned)
PASS: ROM load DMA1 32
PASS: ROM load DMA1 32 (unaligned 1)
PASS: ROM load DMA1 32 (unaligned 2)
PASS: ROM load DMA1 32 (unaligned 3)
PASS: ROM load DMA2 16
PASS: ROM load DMA2 16 (unaligned)
PASS: ROM load DMA2 32
PASS: ROM load DMA2 32 (unaligned 1)
PASS: ROM load DMA2 32 (unaligned 2)
PASS: ROM load DMA2 32 (unaligned 3)
PASS: ROM load DMA3 16
PASS: ROM load DMA3 16 (unaligned)
PASS: ROM load DMA3 32
PASS: ROM load DMA3 32 (unaligned 1)
PASS: ROM load DMA3 32 (unaligned 2)
PASS: ROM load DMA3 32 (unaligned 3)
PASS: ROM load swi B 16
PASS: ROM load swi B 16 (unaligned)
PASS: ROM load swi B 32
PASS: ROM load swi B 32 (unaligned 1)
PASS: ROM load swi B 32 (unaligned 2)
PASS: ROM load swi B 32 (unaligned 3)
PASS: ROM load swi C 32
PASS: ROM load swi C 32 (unaligned 1)
PASS: ROM load swi C 32 (unaligned 2)
PASS: ROM load swi C 32 (unaligned 3)
Memory test: ROM store
PASS: ROM store U8
PASS: ROM store S8 (U16 load)
PASS: ROM store U16
PASS: ROM store U16 (unaligned)
PASS: ROM store 32
PASS: ROM store 32 (unaligned 1)
PASS: ROM store 32 (unaligned 2)
PASS: ROM store 32 (unaligned 3)
PASS: ROM store DMA0 16
PASS: ROM store DMA0 16 (unaligned)
PASS: ROM store DMA0 32
PASS: ROM store DMA0 32 (unaligned 1)
PASS: ROM store DMA0 32 (unaligned 2)
PASS: ROM store DMA0 32 (unaligned 3)
PASS: ROM store DMA1 16
PASS: ROM store DMA1 16 (unaligned)
PASS: ROM store DMA1 32
PASS: ROM store DMA1 32 (unaligned 1)
PASS: ROM store DMA1 32 (unaligned 2)
PASS: ROM store DMA1 32 (unaligned 3)
PASS: ROM store DMA2 16
PASS: ROM store DMA2 16 (unaligned)
PASS: ROM store DMA2 32
PASS: ROM store DMA2 32 (unaligned 1)
PASS: ROM store DMA2 32 (unaligned 2)
PASS: ROM store DMA2 32 (unaligned 3)
PASS: ROM store DMA3 16
PASS: ROM store DMA3 16 (unaligned)
PASS: ROM store DMA3 32
PASS: ROM store DMA3 32 (unaligned 1)
PASS: ROM store DMA3 32 (unaligned 2)
PASS: ROM store DMA3 32 (unaligned 3)
PASS: ROM store swi B 16
PASS: ROM store swi B 16 (unaligned)
PASS: ROM store swi B 32
PASS: ROM store swi B 32 (unaligned 1)
PASS: ROM store swi B 32 (unaligned 2)
PASS: ROM store swi B 32 (unaligned 3)
PASS: ROM store swi C 32
PASS: ROM store swi C 32 (unaligned 1)
PASS: ROM store swi C 32 (unaligned 2)
PASS: ROM store swi C 32 (unaligned 3)
Memory test: ROM out-of-bounds load
PASS: ROM out-of-bounds load U8
PASS: ROM out-of-bounds load S8
PASS: ROM out-of-bounds load U16
PASS: ROM out-of-bounds load U16 (unaligned)
PASS: ROM out-of-bounds load S16
PASS: ROM out-of-bounds load S16 (unaligned)
PASS: ROM out-of-bounds load 32
PASS: ROM out-of-bounds load 32 (unaligned 1)
PASS: ROM out-of-bounds load 32 (unaligned 2)
PASS: ROM out-of-bounds load 32 (unaligned 3)
PASS: ROM out-of-bounds load DMA0 16
PASS: ROM out-of-bounds load DMA0 16 (unaligned)
PASS: ROM out-of-bounds load DMA0 32
PASS: ROM out-of-bounds load DMA0 32 (unaligned 1)
PASS: ROM out-of-bounds load DMA0 32 (unaligned 2)
PASS: ROM out-of-bounds load DMA0 32 (unaligned 3)
PASS: ROM out-of-bounds load DMA1 16
PASS: ROM out-of-bounds load DMA1 16 (unaligned)
PASS: ROM out-of-bounds load DMA1 32
PASS: ROM out-of-bounds load DMA1 32 (unaligned 1)
PASS: ROM out-of-bounds load DMA1 32 (unaligned 2)
PASS: ROM out-of-bounds load DMA1 32 (unaligned 3)
PASS: ROM out-of-bounds load DMA2 16
PASS: ROM out-of-bounds load DMA2 16 (unaligned)
PASS: ROM out-of-bounds load DMA2 32
PASS: ROM out-of-bounds load DMA2 32 (unaligned 1)
PASS: ROM out-of-bounds load DMA2 32 (unaligned 2)
PASS: ROM out-of-bounds load DMA2 32 (unaligned 3)
PASS: ROM out-of-bounds load DMA3 16
PASS: ROM out-of-bounds load DMA3 16 (unaligned)
PASS: ROM out-of-bounds load DMA3 32
PASS: ROM out-of-bounds load DMA3 32 (unaligned 1)
PASS: ROM out-of-bounds load DMA3 32 (unaligned 2)
PASS: ROM out-of-bounds load DMA3 32 (unaligned 3)
PASS: ROM out-of-bounds load swi B 16
PASS: ROM out-of-bounds load swi B 16 (unaligned)
PASS: ROM out-of-bounds load swi B 32
PASS: ROM out-of-bounds load swi B 32 (unaligned 1)
PASS: ROM out-of-bounds load swi B 32 (unaligned 2)
PASS: ROM out-of-bounds load swi B 32 (unaligned 3)
PASS: ROM out-of-bounds load swi C 32
PASS: ROM out-of-bounds load swi C 32 (unaligned 1)
PASS: ROM out-of-bounds load swi C 32 (unaligned 2)
PASS: ROM out-of-bounds load swi C 32 (unaligned 3)
Memory test: IWRAM load
PASS: IWRAM load U8
PASS: IWRAM load S8
PASS: IWRAM load U16
PASS: IWRAM load U16 (unaligned)
PASS: IWRAM load S16
PASS: IWRAM load S16 (unaligned)
PASS: IWRAM load 32
PASS: IWRAM load 32 (unaligned 1)
PASS: IWRAM load 32 (unaligned 2)
PASS: IWRAM load 32 (unaligned 3)
PASS: IWRAM load DMA0 16
PASS: IWRAM load DMA0 16 (unaligned)
PASS: IWRAM load DMA0 32
PASS: IWRAM load DMA0 32 (unaligned 1)
PASS: IWRAM load DMA0 32 (unaligned 2)
PASS: IWRAM load DMA0 32 (unaligned 3)
PASS: IWRAM load DMA1 16
PASS: IWRAM load DMA1 16 (unaligned)
PASS: IWRAM load DMA1 32
PASS: IWRAM load DMA1 32 (unaligned 1)
PASS: IWRAM load DMA1 32 (unaligned 2)
PASS: IWRAM load DMA1 32 (unaligned 3)
PASS: IWRAM load DMA2 16
PASS: IWRAM load DMA2 16 (unaligned)
PASS: IWRAM load DMA2 32
PASS: IWRAM load DMA2 32 (unaligned 1)
PASS: IWRAM load DMA2 32 (unaligned 2)
PASS: IWRAM load DMA2 32 (unaligned 3)
PASS: IWRAM load DMA3 16
PASS: IWRAM load DMA3 16 (unaligned)
PASS: IWRAM load DMA3 32
PASS: IWRAM load DMA3 32 (unaligned 1)
PASS: IWRAM load DMA3 32 (unaligned 2)
PASS: IWRAM load DMA3 32 (unaligned 3)
PASS: IWRAM load swi B 16
PASS: IWRAM load swi B 16 (unaligned)
PASS: IWRAM load swi B 32
PASS: IWRAM load swi B 32 (unaligned 1)
PASS: IWRAM load swi B 32 (unaligned 2)
PASS: IWRAM load swi B 32 (unaligned 3)
PASS: IWRAM load swi C 32
PASS: IWRAM load swi C 32 (unaligned 1)
PASS: IWRAM load swi C 32 (unaligned 2)
PASS: IWRAM load swi C 32 (unaligned 3)
Memory test: IWRAM mirror load
PASS: IWRAM mirror load U8
PASS: IWRAM mirror load S8
PASS: IWRAM mirror load U16
PASS: IWRAM mirror load U16 (unaligned)
PASS: IWRAM mirror load S16
PASS: IWRAM mirror load S16 (unaligned)
PASS: IWRAM mirror load 32
PASS: IWRAM mirror load 32 (unaligned 1)
PASS: IWRAM mirror load 32 (unaligned 2)
PASS: IWRAM mirror load 32 (unaligned 3)
PASS: IWRAM mirror load DMA0 16
PASS: IWRAM mirror load DMA0 16 (unaligned)
PASS: IWRAM mirror load DMA0 32
PASS: IWRAM mirror load DMA0 32 (unaligned 1)
PASS: IWRAM mirror load DMA0 32 (unaligned 2)
PASS: IWRAM mirror load DMA0 32 (unaligned 3)
PASS: IWRAM mirror load DMA1 16
PASS: IWRAM mirror load DMA1 16 (unaligned)
PASS: IWRAM mirror load DMA1 32
PASS: IWRAM mirror load DMA1 32 (unaligned 1)
PASS: IWRAM mirror load DMA1 32 (unaligned 2)
PASS: IWRAM mirror load DMA1 32 (unaligned 3)
PASS: IWRAM mirror load DMA2 16
PASS: IWRAM mirror load DMA2 16 (unaligned)
PASS: IWRAM mirror load DMA2 32
PASS: IWRAM mirror load DMA2 32 (unaligned 1)
PASS: IWRAM mirror load DMA2 32 (unaligned 2)
PASS: IWRAM mirror load DMA2 32 (unaligned 3)
PASS: IWRAM mirror load DMA3 16
PASS: IWRAM mirror load DMA3 16 (unaligned)
PASS: IWRAM mirror load DMA3 32
PASS: IWRAM mirror load DMA3 32 (unaligned 1)
PASS: IWRAM mirror load DMA3 32 (unaligned 2)
PASS: IWRAM mirror load DMA3 32 (unaligned 3)
PASS: IWRAM mirror load swi B 16
PASS: IWRAM mirror load swi B 16 (unaligned)
PASS: IWRAM mirror load swi B 32
PASS: IWRAM mirror load swi B 32 (unaligned 1)
PASS: IWRAM mirror load swi B 32 (unaligned 2)
PASS: IWRAM mirror load swi B 32 (unaligned 3)
PASS: IWRAM mirror load swi C 32
PASS: IWRAM mirror load swi C 32 (unaligned 1)
PASS: IWRAM mirror load swi C 32 (unaligned 2)
PASS: IWRAM mirror load swi C 32 (unaligned 3)
Memory test: IWRAM store
PASS: IWRAM store U8
PASS: IWRAM store S8 (U16 load)
PASS: IWRAM store U16
PASS: IWRAM store U16 (unaligned)
PASS: IWRAM store 32
PASS: IWRAM store 32 (unaligned 1)
PASS: IWRAM store 32 (unaligned 2)
PASS: IWRAM store 32 (unaligned 3)
PASS: IWRAM store DMA0 16
PASS: IWRAM store DMA0 16 (unaligned)
PASS: IWRAM store DMA0 32
PASS: IWRAM store DMA0 32 (unaligned 1)
PASS: IWRAM store DMA0 32 (unaligned 2)
PASS: IWRAM store DMA0 32 (unaligned 3)
PASS: IWRAM store DMA1 16
PASS: IWRAM store DMA1 16 (unaligned)
PASS: IWRAM store DMA1 32
PASS: IWRAM store DMA1 32 (unaligned 1)
PASS: IWRAM store DMA1 32 (unaligned 2)
PASS: IWRAM store DMA1 32 (unaligned 3)
PASS: IWRAM store DMA2 16
PASS: IWRAM store DMA2 16 (unaligned)
PASS: IWRAM store DMA2 32
PASS: IWRAM store DMA2 32 (unaligned 1)
PASS: IWRAM store DMA2 32 (unaligned 2)
PASS: IWRAM store DMA2 32 (unaligned 3)
PASS: IWRAM store DMA3 16
PASS: IWRAM store DMA3 16 (unaligned)
PASS: IWRAM store DMA3 32
PASS: IWRAM store DMA3 32 (unaligned 1)
PASS: IWRAM store DMA3 32 (unaligned 2)
PASS: IWRAM store DMA3 32 (unaligned 3)
PASS: IWRAM store swi B 16
PASS: IWRAM store swi B 16 (unaligned)
PASS: IWRAM store swi B 32
PASS: IWRAM store swi B 32 (unaligned 1)
PASS: IWRAM store swi B 32 (unaligned 2)
PASS: IWRAM store swi B 32 (unaligned 3)
PASS: IWRAM store swi C 32
PASS: IWRAM store swi C 32 (unaligned 1)
PASS: IWRAM store swi C 32 (unaligned 2)
PASS: IWRAM store swi C 32 (unaligned 3)
Memory test: IWRAM mirror store
PASS: IWRAM mirror store U8
PASS: IWRAM mirror store S8 (U16 load)
PASS: IWRAM mirror store U16
PASS: IWRAM mirror store U16 (unaligned)
PASS: IWRAM mirror store 32
PASS: IWRAM mirror store 32 (unaligned 1)
PASS: IWRAM mirror store 32 (unaligned 2)
PASS: IWRAM mirror store 32 (unaligned 3)
PASS: IWRAM mirror store DMA0 16
PASS: IWRAM mirror store DMA0 16 (unaligned)
PASS: IWRAM mirror store DMA0 32
PASS: IWRAM mirror store DMA0 32 (unaligned 1)
PASS: IWRAM mirror store DMA0 32 (unaligned 2)
PASS: IWRAM mirror store DMA0 32 (unaligned 3)
PASS: IWRAM mirror store DMA1 16
PASS: IWRAM mirror store DMA1 16 (unaligned)
PASS: IWRAM mirror store DMA1 32
PASS: IWRAM mirror store DMA1 32 (unaligned 1)
PASS: IWRAM mirror store DMA1 32 (unaligned 2)
PASS: IWRAM mirror store DMA1 32 (unaligned 3)
PASS: IWRAM mirror store DMA2 16
PASS: IWRAM mirror store DMA2 16 (unaligned)
PASS: IWRAM mirror store DMA2 32
PASS: IWRAM mirror store DMA2 32 (unaligned 1)
PASS: IWRAM mirror store DMA2 32 (unaligned 2)
PASS: IWRAM mirror store DMA2 32 (unaligned 3)
PASS: IWRAM mirror store DMA3 16
PASS: IWRAM mirror store DMA3 16 (unaligned)
PASS: IWRAM mirror store DMA3 32
PASS: IWRAM mirror store DMA3 32 (unaligned 1)
PASS: IWRAM mirror store DMA3 32 (unaligned 2)
PASS: IWRAM mirror store DMA3 32 (unaligned 3)
PASS: IWRAM mirror store swi B 16
PASS: IWRAM mirror store swi B 16 (unaligned)
PASS: IWRAM mirror store swi B 32
PASS: IWRAM mirror store swi B 32 (unaligned 1)
PASS: IWRAM mirror store swi B 32 (unaligned 2)
PASS: IWRAM mirror store swi B 32 (unaligned 3)
PASS: IWRAM mirror store swi C 32
PASS: IWRAM mirror store swi C 32 (unaligned 1)
PASS: IWRAM mirror store swi C 32 (unaligned 2)
PASS: IWRAM mirror store swi C 32 (unaligned 3)
Memory test: EWRAM load
PASS: EWRAM load U8
PASS: EWRAM load S8
PASS: EWRAM load U16
PASS: EWRAM load U16 (unaligned)
PASS: EWRAM load S16
PASS: EWRAM load S16 (unaligned)
PASS: EWRAM load 32
PASS: EWRAM load 32 (unaligned 1)
PASS: EWRAM load 32 (unaligned 2)
PASS: EWRAM load 32 (unaligned 3)
PASS: EWRAM load DMA0 16
PASS: EWRAM load DMA0 16 (unaligned)
PASS: EWRAM load DMA0 32
PASS: EWRAM load DMA0 32 (unaligned 1)
PASS: EWRAM load DMA0 32 (unaligned 2)
PASS: EWRAM load DMA0 32 (unaligned 3)
PASS: EWRAM load DMA1 16
PASS: EWRAM load DMA1 16 (unaligned)
PASS: EWRAM load DMA1 32
PASS: EWRAM load DMA1 32 (unaligned 1)
PASS: EWRAM load DMA1 32 (unaligned 2)
PASS: EWRAM load DMA1 32 (unaligned 3)
PASS: EWRAM load DMA2 16
PASS: EWRAM load DMA2 16 (unaligned)
PASS: EWRAM load DMA2 32
PASS: EWRAM load DMA2 32 (unaligned 1)
PASS: EWRAM load DMA2 32 (unaligned 2)
PASS: EWRAM load DMA2 32 (unaligned 3)
PASS: EWRAM load DMA3 16
PASS: EWRAM load DMA3 16 (unaligned)
PASS: EWRAM load DMA3 32
PASS: EWRAM load DMA3 32 (unaligned 1)
PASS: EWRAM load DMA3 32 (unaligned 2)
PASS: EWRAM load DMA3 32 (unaligned 3)
PASS: EWRAM load swi B 16
PASS: EWRAM load swi B 16 (unaligned)
PASS: EWRAM load swi B 32
PASS: EWRAM load swi B 32 (unaligned 1)
PASS: EWRAM load swi B 32 (unaligned 2)
PASS: EWRAM load swi B 32 (unaligned 3)
PASS: EWRAM load swi C 32
PASS: EWRAM load swi C 32 (unaligned 1)
PASS: EWRAM load swi C 32 (unaligned 2)
PASS: EWRAM load swi C 32 (unaligned 3)
Memory test: EWRAM mirror load
PASS: EWRAM mirror load U8
PASS: EWRAM mirror load S8
PASS: EWRAM mirror load U16
PASS: EWRAM mirror load U16 (unaligned)
PASS: EWRAM mirror load S16
PASS: EWRAM mirror load S16 (unaligned)
PASS: EWRAM mirror load 32
PASS: EWRAM mirror load 32 (unaligned 1)
PASS: EWRAM mirror load 32 (unaligned 2)
PASS: EWRAM mirror load 32 (unaligned 3)
PASS: EWRAM mirror load DMA0 16
PASS: EWRAM mirror load DMA0 16 (unaligned)
PASS: EWRAM mirror load DMA0 32
PASS: EWRAM mirror load DMA0 32 (unaligned 1)
PASS: EWRAM mirror load DMA0 32 (unaligned 2)
PASS: EWRAM mirror load DMA0 32 (unaligned 3)
PASS: EWRAM mirror load DMA1 16
PASS: EWRAM mirror load DMA1 16 (unaligned)
PASS: EWRAM mirror load DMA1 32
PASS: EWRAM mirror load DMA1 32 (unaligned 1)
PASS: EWRAM mirror load DMA1 32 (unaligned 2)
PASS: EWRAM mirror load DMA1 32 (unaligned 3)
PASS: EWRAM mirror load DMA2 16
PASS: EWRAM mirror load DMA2 16 (unaligned)
PASS: EWRAM mirror load DMA2 32
PASS: EWRAM mirror load DMA2 32 (unaligned 1)
PASS: EWRAM mirror load DMA2 32 (unaligned 2)
PASS: EWRAM mirror load DMA2 32 (unaligned 3)
PASS: EWRAM mirror load DMA3 16
PASS: EWRAM mirror load DMA3 16 (unaligned)
PASS: EWRAM mirror load DMA3 32
PASS: EWRAM mirror load DMA3 32 (unaligned 1)
PASS: EWRAM mirror load DMA3 32 (unaligned 2)
PASS: EWRAM mirror load DMA3 32 (unaligned 3)
PASS: EWRAM mirror load swi B 16
PASS: EWRAM mirror load swi B 16 (unaligned)
PASS: EWRAM mirror load swi B 32
PASS: EWRAM mirror load swi B 32 (unaligned 1)
PASS: EWRAM mirror load swi B 32 (unaligned 2)
PASS: EWRAM mirror load swi B 32 (unaligned 3)
PASS: EWRAM mirror load swi C 32
PASS: EWRAM mirror load swi C 32 (unaligned 1)
PASS: EWRAM mirror load swi C 32 (unaligned 2)
PASS: EWRAM mirror load swi C 32 (unaligned 3)
Memory test: EWRAM store
PASS: EWRAM store U8
PASS: EWRAM store S8 (U16 load)
PASS: EWRAM store U16
PASS: EWRAM store U16 (unaligned)
PASS: EWRAM store 32
PASS: EWRAM store 32 (unaligned 1)
PASS: EWRAM store 32 (unaligned 2)
PASS: EWRAM store 32 (unaligned 3)
PASS: EWRAM store DMA0 16
PASS: EWRAM store DMA0 16 (unaligned)
PASS: EWRAM store DMA0 32
PASS: EWRAM store DMA0 32 (unaligned 1)
PASS: EWRAM store DMA0 32 (unaligned 2)
PASS: EWRAM store DMA0 32 (unaligned 3)
PASS: EWRAM store DMA1 16
PASS: EWRAM store DMA1 16 (unaligned)
PASS: EWRAM store DMA1 32
PASS: EWRAM store DMA1 32 (unaligned 1)
PASS: EWRAM store DMA1 32 (unaligned 2)
PASS: EWRAM store DMA1 32 (unaligned 3)
PASS: EWRAM store DMA2 16
PASS: EWRAM store DMA2 16 (unaligned)
PASS: EWRAM store DMA2 32
PASS: EWRAM store DMA2 32 (unaligned 1)
PASS: EWRAM store DMA2 32 (unaligned 2)
PASS: EWRAM store DMA2 32 (unaligned 3)
PASS: EWRAM store DMA3 16
PASS: EWRAM store DMA3 16 (unaligned)
PASS: EWRAM store DMA3 32
PASS: EWRAM store DMA3 32 (unaligned 1)
PASS: EWRAM store DMA3 32 (unaligned 2)
PASS: EWRAM store DMA3 32 (unaligned 3)
PASS: EWRAM store swi B 16
PASS: EWRAM store swi B 16 (unaligned)
PASS: EWRAM store swi B 32
PASS: EWRAM store swi B 32 (unaligned 1)
PASS: EWRAM store swi B 32 (unaligned 2)
PASS: EWRAM store swi B 32 (unaligned 3)
PASS: EWRAM store swi C 32
PASS: EWRAM store swi C 32 (unaligned 1)
PASS: EWRAM store swi C 32 (unaligned 2)
PASS: EWRAM store swi C 32 (unaligned 3)
Memory test: EWRAM mirror store
PASS: EWRAM mirror store U8
PASS: EWRAM mirror store S8 (U16 load)
PASS: EWRAM mirror store U16
PASS: EWRAM mirror store U16 (unaligned)
PASS: EWRAM mirror store 32
PASS: EWRAM mirror store 32 (unaligned 1)
PASS: EWRAM mirror store 32 (unaligned 2)
PASS: EWRAM mirror store 32 (unaligned 3)
PASS: EWRAM mirror store DMA0 16
PASS: EWRAM mirror store DMA0 16 (unaligned)
PASS: EWRAM mirror store DMA0 32
PASS: EWRAM mirror store DMA0 32 (unaligned 1)
PASS: EWRAM mirror store DMA0 32 (unaligned 2)
PASS: EWRAM mirror store DMA0 32 (unaligned 3)
PASS: EWRAM mirror store DMA1 16
PASS: EWRAM mirror store DMA1 16 (unaligned)
PASS: EWRAM mirror store DMA1 32
PASS: EWRAM mirror store DMA1 32 (unaligned 1)
PASS: EWRAM mirror store DMA1 32 (unaligned 2)
PASS: EWRAM mirror store DMA1 32 (unaligned 3)
PASS: EWRAM mirror store DMA2 16
PASS: EWRAM mirror store DMA2 16 (unaligned)
PASS: EWRAM mirror store DMA2 32
PASS: EWRAM mirror store DMA2 32 (unaligned 1)
PASS: EWRAM mirror store DMA2 32 (unaligned 2)
PASS: EWRAM mirror store DMA2 32 (unaligned 3)
PASS: EWRAM mirror store DMA3 16
PASS: EWRAM mirror store DMA3 16 (unaligned)
PASS: EWRAM mirror store DMA3 32
PASS: EWRAM mirror store DMA3 32 (unaligned 1)
PASS: EWRAM mirror store DMA3 32 (unaligned 2)
PASS: EWRAM mirror store DMA3 32 (unaligned 3)
PASS: EWRAM mirror store swi B 16
PASS: EWRAM mirror store swi B 16 (unaligned)
PASS: EWRAM mirror store swi B 32
PASS: EWRAM mirror store swi B 32 (unaligned 1)
PASS: EWRAM mirror store swi B 32 (unaligned 2)
PASS: EWRAM mirror store swi B 32 (unaligned 3)
PASS: EWRAM mirror store swi C 32
PASS: EWRAM mirror store swi C 32 (unaligned 1)
PASS: EWRAM mirror store swi C 32 (unaligned 2)
PASS: EWRAM mirror store swi C 32 (unaligned 3)
Memory test: Palette load
PASS: Palette load U8
PASS: Palette load S8
PASS: Palette load U16
PASS: Palette load U16 (unaligned)
PASS: Palette load S16
PASS: Palette load S16 (unaligned)
PASS: Palette load 32
PASS: Palette load 32 (unaligned 1)
PASS: Palette load 32 (unaligned 2)
PASS: Palette load 32 (unaligned 3)
PASS: Palette load DMA0 16
PASS: Palette load DMA0 16 (unaligned)
PASS: Palette load DMA0 32
PASS: Palette load DMA0 32 (unaligned 1)
PASS: Palette load DMA0 32 (unaligned 2)
PASS: Palette load DMA0 32 (unaligned 3)
PASS: Palette load DMA1 16
PASS: Palette load DMA1 16 (unaligned)
PASS: Palette load DMA1 32
PASS: Palette load DMA1 32 (unaligned 1)
PASS: Palette load DMA1 32 (unaligned 2)
PASS: Palette load DMA1 32 (unaligned 3)
PASS: Palette load DMA2 16
PASS: Palette load DMA2 16 (unaligned)
PASS: Palette load DMA2 32
PASS: Palette load DMA2 32 (unaligned 1)
PASS: Palette load DMA2 32 (unaligned 2)
PASS: Palette load DMA2 32 (unaligned 3)
PASS: Palette load DMA3 16
PASS: Palette load DMA3 16 (unaligned)
PASS: Palette load DMA3 32
PASS: Palette load DMA3 32 (unaligned 1)
PASS: Palette load DMA3 32 (unaligned 2)
PASS: Palette load DMA3 32 (unaligned 3)
PASS: Palette load swi B 16
PASS: Palette load swi B 16 (unaligned)
PASS: Palette load swi B 32
PASS: Palette load swi B 32 (unaligned 1)
PASS: Palette load swi B 32 (unaligned 2)
PASS: Palette load swi B 32 (unaligned 3)
PASS: Palette load swi C 32
PASS: Palette load swi C 32 (unaligned 1)
PASS: Palette load swi C 32 (unaligned 2)
PASS: Palette load swi C 32 (unaligned 3)
Memory test: Palette mirror load
PASS: Palette mirror load U8
PASS: Palette mirror load S8
PASS: Palette mirror load U16
PASS: Palette mirror load U16 (unaligned)
PASS: Palette mirror load S16
PASS: Palette mirror load S16 (unaligned)
PASS: Palette mirror load 32
PASS: Palette mirror load 32 (unaligned 1)
PASS: Palette mirror load 32 (unaligned 2)
PASS: Palette mirror load 32 (unaligned 3)
PASS: Palette mirror load DMA0 16
PASS: Palette mirror load DMA0 16 (unaligned)
PASS: Palette mirror load DMA0 32
PASS: Palette mirror load DMA0 32 (unaligned 1)
PASS: Palette mirror load DMA0 32 (unaligned 2)
PASS: Palette mirror load DMA0 32 (unaligned 3)
PASS: Palette mirror load DMA1 16
PASS: Palette mirror load DMA1 16 (unaligned)
PASS: Palette mirror load DMA1 32
PASS: Palette mirror load DMA1 32 (unaligned 1)
PASS: Palette mirror load DMA1 32 (unaligned 2)
PASS: Palette mirror load DMA1 32 (unaligned 3)
PASS: Palette mirror load DMA2 16
PASS: Palette mirror load DMA2 16 (unaligned)
PASS: Palette mirror load DMA2 32
PASS: Palette mirror load DMA2 32 (unaligned 1)
PASS: Palette mirror load DMA2 32 (unaligned 2)
PASS: Palette mirror load DMA2 32 (unaligned 3)
PASS: Palette mirror load DMA3 16
PASS: Palette mirror load DMA3 16 (unaligned)
PASS: Palette mirror load DMA3 32
PASS: Palette mirror load DMA3 32 (unaligned 1)
PASS: Palette mirror load DMA3 32 (unaligned 2)
PASS: Palette mirror load DMA3 32 (unaligned 3)
PASS: Palette mirror load swi B 16
PASS: Palette mirror load swi B 16 (unaligned)
PASS: Palette mirror load swi B 32
PASS: Palette mirror load swi B 32 (unaligned 1)
PASS: Palette mirror load swi B 32 (unaligned 2)
PASS: Palette mirror load swi B 32 (unaligned 3)
PASS: Palette mirror load swi C 32
PASS: Palette mirror load swi C 32 (unaligned 1)
PASS: Palette mirror load swi C 32 (unaligned 2)
PASS: Palette mirror load swi C 32 (unaligned 3)
Memory test: Palette store
PASS: Palette store U8
PASS: Palette store S8 (U16 load)
PASS: Palette store U16
PASS: Palette store U16 (unaligned)
PASS: Palette store 32
PASS: Palette store 32 (unaligned 1)
PASS: Palette store 32 (unaligned 2)
PASS: Palette store 32 (unaligned 3)
PASS: Palette store DMA0 16
PASS: Palette store DMA0 16 (unaligned)
PASS: Palette store DMA0 32
PASS: Palette store DMA0 32 (unaligned 1)
PASS: Palette store DMA0 32 (unaligned 2)
PASS: Palette store DMA0 32 (unaligned 3)
PASS: Palette store DMA1 16
PASS: Palette store DMA1 16 (unaligned)
PASS: Palette store DMA1 32
PASS: Palette store DMA1 32 (unaligned 1)
PASS: Palette store DMA1 32 (unaligned 2)
PASS: Palette store DMA1 32 (unaligned 3)
PASS: Palette store DMA2 16
PASS: Palette store DMA2 16 (unaligned)
PASS: Palette store DMA2 32
PASS: Palette store DMA2 32 (unaligned 1)
PASS: Palette store DMA2 32 (unaligned 2)
PASS: Palette store DMA2 32 (unaligned 3)
PASS: Palette store DMA3 16
PASS: Palette store DMA3 16 (unaligned)
PASS: Palette store DMA3 32
PASS: Palette store DMA3 32 (unaligned 1)
PASS: Palette store DMA3 32 (unaligned 2)
PASS: Palette store DMA3 32 (unaligned 3)
PASS: Palette store swi B 16
PASS: Palette store swi B 16 (unaligned)
PASS: Palette store swi B 32
PASS: Palette store swi B 32 (unaligned 1)
PASS: Palette store swi B 32 (unaligned 2)
PASS: Palette store swi B 32 (unaligned 3)
PASS: Palette store swi C 32
PASS: Palette store swi C 32 (unaligned 1)
PASS: Palette store swi C 32 (unaligned 2)
PASS: Palette store swi C 32 (unaligned 3)
Memory test: Palette mirror store
PASS: Palette mirror store U8
PASS: Palette mirror store S8 (U16 load)
PASS: Palette mirror store U16
PASS: Palette mirror store U16 (unaligned)
PASS: Palette mirror store 32
PASS: Palette mirror store 32 (unaligned 1)
PASS: Palette mirror store 32 (unaligned 2)
PASS: Palette mirror store 32 (unaligned 3)
PASS: Palette mirror store DMA0 16
PASS: Palette mirror store DMA0 16 (unaligned)
PASS: Palette mirror store DMA0 32
PASS: Palette mirror store DMA0 32 (unaligned 1)
PASS: Palette mirror store DMA0 32 (unaligned 2)
PASS: Palette mirror store DMA0 32 (unaligned 3)
PASS: Palette mirror store DMA1 16
PASS: Palette mirror store DMA1 16 (unaligned)
PASS: Palette mirror store DMA1 32
PASS: Palette mirror store DMA1 32 (unaligned 1)
PASS: Palette mirror store DMA1 32 (unaligned 2)
PASS: Palette mirror store DMA1 32 (unaligned 3)
PASS: Palette mirror store DMA2 16
PASS: Palette mirror store DMA2 16 (unaligned)
PASS: Palette mirror store DMA2 32
PASS: Palette mirror store DMA2 32 (unaligned 1)
PASS: Palette mirror store DMA2 32 (unaligned 2)
PASS: Palette mirror store DMA2 32 (unaligned 3)
PASS: Palette mirror store DMA3 16
PASS: Palette mirror store DMA3 16 (unaligned)
PASS: Palette mirror store DMA3 32
PASS: Palette mirror store DMA3 32 (unaligned 1)
PASS: Palette mirror store DMA3 32 (unaligned 2)
PASS: Palette mirror store DMA3 32 (unaligned 3)
PASS: Palette mirror store swi B 16
PASS: Palette mirror store swi B 16 (unaligned)
PASS: Palette mirror store swi B 32
PASS: Palette mirror store swi B 32 (unaligned 1)
PASS: Palette mirror store swi B 32 (unaligned 2)
PASS: Palette mirror store swi B 32 (unaligned 3)
PASS: Palette mirror store swi C 32
PASS: Palette mirror store swi C 32 (unaligned 1)
PASS: Palette mirror store swi C 32 (unaligned 2)
PASS: Palette mirror store swi C 32 (unaligned 3)
Memory test: VRAM load
PASS: VRAM load U8
PASS: VRAM load S8
PASS: VRAM load U16
PASS: VRAM load U16 (unaligned)
PASS: VRAM load S16
PASS: VRAM load S16 (unaligned)
PASS: VRAM load 32
PASS: VRAM load 32 (unaligned 1)
PASS: VRAM load 32 (unaligned 2)
PASS: VRAM load 32 (unaligned 3)
PASS: VRAM load DMA0 16
PASS: VRAM load DMA0 16 (unaligned)
PASS: VRAM load DMA0 32
PASS: VRAM load DMA0 32 (unaligned 1)
PASS: VRAM load DMA0 32 (unaligned 2)
PASS: VRAM load DMA0 32 (unaligned 3)
PASS: VRAM load DMA1 16
PASS: VRAM load DMA1 16 (unaligned)
PASS: VRAM load DMA1 32
PASS: VRAM load DMA1 32 (unaligned 1)
PASS: VRAM load DMA1 32 (unaligned 2)
PASS: VRAM load DMA1 32 (unaligned 3)
PASS: VRAM load DMA2 16
PASS: VRAM load DMA2 16 (unaligned)
PASS: VRAM load DMA2 32
PASS: VRAM load DMA2 32 (unaligned 1)
PASS: VRAM load DMA2 32 (unaligned 2)
PASS: VRAM load DMA2 32 (unaligned 3)
PASS: VRAM load DMA3 16
PASS: VRAM load DMA3 16 (unaligned)
PASS: VRAM load DMA3 32
PASS: VRAM load DMA3 32 (unaligned 1)
PASS: VRAM load DMA3 32 (unaligned 2)
PASS: VRAM load DMA3 32 (unaligned 3)
PASS: VRAM load swi B 16
PASS: VRAM load swi B 16 (unaligned)
PASS: VRAM load swi B 32
PASS: VRAM load swi B 32 (unaligned 1)
PASS: VRAM load swi B 32 (unaligned 2)
PASS: VRAM load swi B 32 (unaligned 3)
PASS: VRAM load swi C 32
PASS: VRAM load swi C 32 (unaligned 1)
PASS: VRAM load swi C 32 (unaligned 2)
PASS: VRAM load swi C 32 (unaligned 3)
Memory test: VRAM mirror load
PASS: VRAM mirror load U8
PASS: VRAM mirror load S8
PASS: VRAM mirror load U16
PASS: VRAM mirror load U16 (unaligned)
PASS: VRAM mirror load S16
PASS: VRAM mirror load S16 (unaligned)
PASS: VRAM mirror load 32
PASS: VRAM mirror load 32 (unaligned 1)
PASS: VRAM mirror load 32 (unaligned 2)
PASS: VRAM mirror load 32 (unaligned 3)
PASS: VRAM mirror load DMA0 16
PASS: VRAM mirror load DMA0 16 (unaligned)
PASS: VRAM mirror load DMA0 32
PASS: VRAM mirror load DMA0 32 (unaligned 1)
PASS: VRAM mirror load DMA0 32 (unaligned 2)
PASS: VRAM mirror load DMA0 32 (unaligned 3)
PASS: VRAM mirror load DMA1 16
PASS: VRAM mirror load DMA1 16 (unaligned)
PASS: VRAM mirror load DMA1 32
PASS: VRAM mirror load DMA1 32 (unaligned 1)
PASS: VRAM mirror load DMA1 32 (unaligned 2)
PASS: VRAM mirror load DMA1 32 (unaligned 3)
PASS: VRAM mirror load DMA2 16
PASS: VRAM mirror load DMA2 16 (unaligned)
PASS: VRAM mirror load DMA2 32
PASS: VRAM mirror load DMA2 32 (unaligned 1)
PASS: VRAM mirror load DMA2 32 (unaligned 2)
PASS: VRAM mirror load DMA2 32 (unaligned 3)
PASS: VRAM mirror load DMA3 16
PASS: VRAM mirror load DMA3 16 (unaligned)
PASS: VRAM mirror load DMA3 32
PASS: VRAM mirror load DMA3 32 (unaligned 1)
PASS: VRAM mirror load DMA3 32 (unaligned 2)
PASS: VRAM mirror load DMA3 32 (unaligned 3)
PASS: VRAM mirror load swi B 16
PASS: VRAM mirror load swi B 16 (unaligned)
PASS: VRAM mirror load swi B 32
PASS: VRAM mirror load swi B 32 (unaligned 1)
PASS: VRAM mirror load swi B 32 (unaligned 2)
PASS: VRAM mirror load swi B 32 (unaligned 3)
PASS: VRAM mirror load swi C 32
PASS: VRAM mirror load swi C 32 (unaligned 1)
PASS: VRAM mirror load swi C 32 (unaligned 2)
PASS: VRAM mirror load swi C 32 (unaligned 3)
Memory test: VRAM OBJ load
PASS: VRAM OBJ load U8
PASS: VRAM OBJ load S8
PASS: VRAM OBJ load U16
PASS: VRAM OBJ load U16 (unaligned)
PASS: VRAM OBJ load S16
PASS: VRAM OBJ load S16 (unaligned)
PASS: VRAM OBJ load 32
PASS: VRAM OBJ load 32 (unaligned 1)
PASS: VRAM OBJ load 32 (unaligned 2)
PASS: VRAM OBJ load 32 (unaligned 3)
PASS: VRAM OBJ load DMA0 16
PASS: VRAM OBJ load DMA0 16 (unaligned)
PASS: VRAM OBJ load DMA0 32
PASS: VRAM OBJ load DMA0 32 (unaligned 1)
PASS: VRAM OBJ load DMA0 32 (unaligned 2)
PASS: VRAM OBJ load DMA0 32 (unaligned 3)
PASS: VRAM OBJ load DMA1 16
PASS: VRAM OBJ load DMA1 16 (unaligned)
PASS: VRAM OBJ load DMA1 32
PASS: VRAM OBJ load DMA1 32 (unaligned 1)
PASS: VRAM OBJ load DMA1 32 (unaligned 2)
PASS: VRAM OBJ load DMA1 32 (unaligned 3)
PASS: VRAM OBJ load DMA2 16
PASS: VRAM OBJ load DMA2 16 (unaligned)
PASS: VRAM OBJ load DMA2 32
PASS: VRAM OBJ load DMA2 32 (unaligned 1)
PASS: VRAM OBJ load DMA2 32 (unaligned 2)
PASS: VRAM OBJ load DMA2 32 (unaligned 3)
PASS: VRAM OBJ load DMA3 16
PASS: VRAM OBJ load DMA3 16 (unaligned)
PASS: VRAM OBJ load DMA3 32
PASS: VRAM OBJ load DMA3 32 (unaligned 1)
PASS: VRAM OBJ load DMA3 32 (unaligned 2)
PASS: VRAM OBJ load DMA3 32 (unaligned 3)
PASS: VRAM OBJ load swi B 16
PASS: VRAM OBJ load swi B 16 (unaligned)
PASS: VRAM OBJ load swi B 32
PASS: VRAM OBJ load swi B 32 (unaligned 1)
PASS: VRAM OBJ load swi B 32 (unaligned 2)
PASS: VRAM OBJ load swi B 32 (unaligned 3)
PASS: VRAM OBJ load swi C 32
PASS: VRAM OBJ load swi C 32 (unaligned 1)
PASS: VRAM OBJ load swi C 32 (unaligned 2)
PASS: VRAM OBJ load swi C 32 (unaligned 3)
Memory test: VRAM OBJ mirror load
PASS: VRAM OBJ mirror load U8
PASS: VRAM OBJ mirror load S8
PASS: VRAM OBJ mirror load U16
PASS: VRAM OBJ mirror load U16 (unaligned)
PASS: VRAM OBJ mirror load S16
PASS: VRAM OBJ mirror load S16 (unaligned)
PASS: VRAM OBJ mirror load 32
PASS: VRAM OBJ mirror load 32 (unaligned 1)
PASS: VRAM OBJ mirror load 32 (unaligned 2)
PASS: VRAM OBJ mirror load 32 (unaligned 3)
PASS: VRAM OBJ mirror load DMA0 16
PASS: VRAM OBJ mirror load DMA0 16 (unaligned)
PASS: VRAM OBJ mirror load DMA0 32
PASS: VRAM OBJ mirror load DMA0 32 (unaligned 1)
PASS: VRAM OBJ mirror load DMA0 32 (unaligned 2)
PASS: VRAM OBJ mirror load DMA0 32 (unaligned 3)
PASS: VRAM OBJ mirror load DMA1 16
PASS: VRAM OBJ mirror load DMA1 16 (unaligned)
PASS: VRAM OBJ mirror load DMA1 32
PASS: VRAM OBJ mirror load DMA1 32 (unaligned 1)
PASS: VRAM OBJ mirror load DMA1 32 (unaligned 2)
PASS: VRAM OBJ mirror load DMA1 32 (unaligned 3)
PASS: VRAM OBJ mirror load DMA2 16
PASS: VRAM OBJ mirror load DMA2 16 (unaligned)
PASS: VRAM OBJ mirror load DMA2 32
PASS: VRAM OBJ mirror load DMA2 32 (unaligned 1)
PASS: VRAM OBJ mirror load DMA2 32 (unaligned 2)
PASS: VRAM OBJ mirror load DMA2 32 (unaligned 3)
PASS: VRAM OBJ mirror load DMA3 16
PASS: VRAM OBJ mirror load DMA3 16 (unaligned)
PASS: VRAM OBJ mirror load DMA3 32
PASS: VRAM OBJ mirror load DMA3 32 (unaligned 1)
PASS: VRAM OBJ mirror load DMA3 32 (unaligned 2)
PASS: VRAM OBJ mirror load DMA3 32 (unaligned 3)
PASS: VRAM OBJ mirror load swi B 16
PASS: VRAM OBJ mirror load swi B 16 (unaligned)
PASS: VRAM OBJ mirror load swi B 32
PASS: VRAM OBJ mirror load swi B 32 (unaligned 1)
PASS: VRAM OBJ mirror load swi B 32 (unaligned 2)
PASS: VRAM OBJ mirror load swi B 32 (unaligned 3)
PASS: VRAM OBJ mirror load swi C 32
PASS: VRAM OBJ mirror load swi C 32 (unaligned 1)
PASS: VRAM OBJ mirror load swi C 32 (unaligned 2)
PASS: VRAM OBJ mirror load swi C 32 (unaligned 3)
Memory test: VRAM OBJ mirror 2 load
PASS: VRAM OBJ mirror 2 load U8
PASS: VRAM OBJ mirror 2 load S8
PASS: VRAM OBJ mirror 2 load U16
PASS: VRAM OBJ mirror 2 load U16 (unaligned)
PASS: VRAM OBJ mirror 2 load S16
PASS: VRAM OBJ mirror 2 load S16 (unaligned)
PASS: VRAM OBJ mirror 2 load 32
PASS: VRAM OBJ mirror 2 load 32 (unaligned 1)
PASS: VRAM OBJ mirror 2 load 32 (unaligned 2)
PASS: VRAM OBJ mirror 2 load 32 (unaligned 3)
PASS: VRAM OBJ mirror 2 load DMA0 16
PASS: VRAM OBJ mirror 2 load DMA0 16 (unaligned)
PASS: VRAM OBJ mirror 2 load DMA0 32
PASS: VRAM OBJ mirror 2 load DMA0 32 (unaligned 1)
PASS: VRAM OBJ mirror 2 load DMA0 32 (unaligned 2)
PASS: VRAM OBJ mirror 2 load DMA0 32 (unaligned 3)
PASS: VRAM OBJ mirror 2 load DMA1 16
PASS: VRAM OBJ mirror 2 load DMA1 16 (unaligned)
PASS: VRAM OBJ mirror 2 load DMA1 32
PASS: VRAM OBJ mirror 2 load DMA1 32 (unaligned 1)
PASS: VRAM OBJ mirror 2 load DMA1 32 (unaligned 2)
PASS: VRAM OBJ mirror 2 load DMA1 32 (unaligned 3)
PASS: VRAM OBJ mirror 2 load DMA2 16
PASS: VRAM OBJ mirror 2 load DMA2 16 (unaligned)
PASS: VRAM OBJ mirror 2 load DMA2 32
PASS: VRAM OBJ mirror 2 load DMA2 32 (unaligned 1)
PASS: VRAM OBJ mirror 2 load DMA2 32 (unaligned 2)
PASS: VRAM OBJ mirror 2 load DMA2 32 (unaligned 3)
PASS: VRAM OBJ mirror 2 load DMA3 16
PASS: VRAM OBJ mirror 2 load DMA3 16 (unaligned)
PASS: VRAM OBJ mirror 2 load DMA3 32
PASS: VRAM OBJ mirror 2 load DMA3 32 (unaligned 1)
PASS: VRAM OBJ mirror 2 load DMA3 32 (unaligned 2)
PASS: VRAM OBJ mirror 2 load DMA3 32 (unaligned 3)
PASS: VRAM OBJ mirror 2 load swi B 16
PASS: VRAM OBJ mirror 2 load swi B 16 (unaligned)
PASS: VRAM OBJ mirror 2 load swi B 32
PASS: VRAM OBJ mirror 2 load swi B 32 (unaligned 1)
PASS: VRAM OBJ mirror 2 load swi B 32 (unaligned 2)
PASS: VRAM OBJ mirror 2 load swi B 32 (unaligned 3)
PASS: VRAM OBJ mirror 2 load swi C 32
PASS: VRAM OBJ mirror 2 load swi C 32 (unaligned 1)
PASS: VRAM OBJ mirror 2 load swi C 32 (unaligned 2)
PASS: VRAM OBJ mirror 2 load swi C 32 (unaligned 3)
Memory test: VRAM store
PASS: VRAM store U8
PASS: VRAM store S8 (U16 load)
PASS: VRAM store U16
PASS: VRAM store U16 (unaligned)
PASS: VRAM store 32
PASS: VRAM store 32 (unaligned 1)
PASS: VRAM store 32 (unaligned 2)
PASS: VRAM store 32 (unaligned 3)
PASS: VRAM store DMA0 16
PASS: VRAM store DMA0 16 (unaligned)
PASS: VRAM store DMA0 32
PASS: VRAM store DMA0 32 (unaligned 1)
PASS: VRAM store DMA0 32 (unaligned 2)
PASS: VRAM store DMA0 32 (unaligned 3)
PASS: VRAM store DMA1 16
PASS: VRAM store DMA1 16 (unaligned)
PASS: VRAM store DMA1 32
PASS: VRAM store DMA1 32 (unaligned 1)
PASS: VRAM store DMA1 32 (unaligned 2)
PASS: VRAM store DMA1 32 (unaligned 3)
PASS: VRAM store DMA2 16
PASS: VRAM store DMA2 16 (unaligned)
PASS: VRAM store DMA2 32
PASS: VRAM store DMA2 32 (unaligned 1)
PASS: VRAM store DMA2 32 (unaligned 2)
PASS: VRAM store DMA2 32 (unaligned 3)
PASS: VRAM store DMA3 16
PASS: VRAM store DMA3 16 (unaligned)
PASS: VRAM store DMA3 32
PASS: VRAM store DMA3 32 (unaligned 1)
PASS: VRAM store DMA3 32 (unaligned 2)
PASS: VRAM store DMA3 32 (unaligned 3)
PASS: VRAM store swi B 16
PASS: VRAM store swi B 16 (unaligned)
PASS: VRAM store swi B 32
PASS: VRAM store swi B 32 (unaligned 1)
PASS: VRAM store swi B 32 (unaligned 2)
PASS: VRAM store swi B 32 (unaligned 3)
PASS: VRAM store swi C 32
PASS: VRAM store swi C 32 (unaligned 1)
PASS: VRAM store swi C 32 (unaligned 2)
PASS: VRAM store swi C 32 (unaligned 3)
Memory test: VRAM mirror store
PASS: VRAM mirror store U8
PASS: VRAM mirror store S8 (U16 load)
PASS: VRAM mirror store U16
PASS: VRAM mirror store U16 (unaligned)
PASS: VRAM mirror store 32
PASS: VRAM mirror store 32 (unaligned 1)
PASS: VRAM mirror store 32 (unaligned 2)
PASS: VRAM mirror store 32 (unaligned 3)
PASS: VRAM mirror store DMA0 16
PASS: VRAM mirror store DMA0 16 (unaligned)
PASS: VRAM mirror store DMA0 32
PASS: VRAM mirror store DMA0 32 (unaligned 1)
PASS: VRAM mirror store DMA0 32 (unaligned 2)
PASS: VRAM mirror store DMA0 32 (unaligned 3)
PASS: VRAM mirror store DMA1 16
PASS: VRAM mirror store DMA1 16 (unaligned)
PASS: VRAM mirror store DMA1 32
PASS: VRAM mirror store DMA1 32 (unaligned 1)
PASS: VRAM mirror store DMA1 32 (unaligned 2)
PASS: VRAM mirror store DMA1 32 (unaligned 3)
PASS: VRAM mirror store DMA2 16
PASS: VRAM mirror store DMA2 16 (unaligned)
PASS: VRAM mirror store DMA2 32
PASS: VRAM mirror store DMA2 32 (unaligned 1)
PASS: VRAM mirror store DMA2 32 (unaligned 2)
PASS: VRAM mirror store DMA2 32 (unaligned 3)
PASS: VRAM mirror store DMA3 16
PASS: VRAM mirror store DMA3 16 (unaligned)
PASS: VRAM mirror store DMA3 32
PASS: VRAM mirror store DMA3 32 (unaligned 1)
PASS: VRAM mirror store DMA3 32 (unaligned 2)
PASS: VRAM mirror store DMA3 32 (unaligned 3)
PASS: VRAM mirror store swi B 16
PASS: VRAM mirror store swi B 16 (unaligned)
PASS: VRAM mirror store swi B 32
PASS: VRAM mirror store swi B 32 (unaligned 1)
PASS: VRAM mirror store swi B 32 (unaligned 2)
PASS: VRAM mirror store swi B 32 (unaligned 3)
PASS: VRAM mirror store swi C 32
PASS: VRAM mirror store swi C 32 (unaligned 1)
PASS: VRAM mirror store swi C 32 (unaligned 2)
PASS: VRAM mirror store swi C 32 (unaligned 3)
Memory test: VRAM OBJ store
PASS: VRAM OBJ store U8
PASS: VRAM OBJ store S8 (U16 load)
PASS: VRAM OBJ store U16
PASS: VRAM OBJ store U16 (unaligned)
PASS: VRAM OBJ store 32
PASS: VRAM OBJ store 32 (unaligned 1)
PASS: VRAM OBJ store 32 (unaligned 2)
PASS: VRAM OBJ store 32 (unaligned 3)
PASS: VRAM OBJ store DMA0 16
PASS: VRAM OBJ store DMA0 16 (unaligned)
PASS: VRAM OBJ store DMA0 32
PASS: VRAM OBJ store DMA0 32 (unaligned 1)
PASS: VRAM OBJ store DMA0 32 (unaligned 2)
PASS: VRAM OBJ store DMA0 32 (unaligned 3)
PASS: VRAM OBJ store DMA1 16
PASS: VRAM OBJ store DMA1 16 (unaligned)
PASS: VRAM OBJ store DMA1 32
PASS: VRAM OBJ store DMA1 32 (unaligned 1)
PASS: VRAM OBJ store DMA1 32 (unaligned 2)
PASS: VRAM OBJ store DMA1 32 (unaligned 3)
PASS: VRAM OBJ store DMA2 16
PASS: VRAM OBJ store DMA2 16 (unaligned)
PASS: VRAM OBJ store DMA2 32
PASS: VRAM OBJ store DMA2 32 (unaligned 1)
PASS: VRAM OBJ store DMA2 32 (unaligned 2)
PASS: VRAM OBJ store DMA2 32 (unaligned 3)
PASS: VRAM OBJ store DMA3 16
PASS: VRAM OBJ store DMA3 16 (unaligned)
PASS: VRAM OBJ store DMA3 32
PASS: VRAM OBJ store DMA3 32 (unaligned 1)
PASS: VRAM OBJ store DMA3 32 (unaligned 2)
PASS: VRAM OBJ store DMA3 32 (unaligned 3)
PASS: VRAM OBJ store swi B 16
PASS: VRAM OBJ store swi B 16 (unaligned)
PASS: VRAM OBJ store swi B 32
PASS: VRAM OBJ store swi B 32 (unaligned 1)
PASS: VRAM OBJ store swi B 32 (unaligned 2)
PASS: VRAM OBJ store swi B 32 (unaligned 3)
PASS: VRAM OBJ store swi C 32
PASS: VRAM OBJ store swi C 32 (unaligned 1)
PASS: VRAM OBJ store swi C 32 (unaligned 2)
PASS: VRAM OBJ store swi C 32 (unaligned 3)
Memory test: VRAM OBJ mirror store
PASS: VRAM OBJ mirror store U8
PASS: VRAM OBJ mirror store S8 (U16 load)
PASS: VRAM OBJ mirror store U16
PASS: VRAM OBJ mirror store U16 (unaligned)
PASS: VRAM OBJ mirror store 32
PASS: VRAM OBJ mirror store 32 (unaligned 1)
PASS: VRAM OBJ mirror store 32 (unaligned 2)
PASS: VRAM OBJ mirror store 32 (unaligned 3)
PASS: VRAM OBJ mirror store DMA0 16
PASS: VRAM OBJ mirror store DMA0 16 (unaligned)
PASS: VRAM OBJ mirror store DMA0 32
PASS: VRAM OBJ mirror store DMA0 32 (unaligned 1)
PASS: VRAM OBJ mirror store DMA0 32 (unaligned 2)
PASS: VRAM OBJ mirror store DMA0 32 (unaligned 3)
PASS: VRAM OBJ mirror store DMA1 16
PASS: VRAM OBJ mirror store DMA1 16 (unaligned)
PASS: VRAM OBJ mirror store DMA1 32
PASS: VRAM OBJ mirror store DMA1 32 (unaligned 1)
PASS: VRAM OBJ mirror store DMA1 32 (unaligned 2)
PASS: VRAM OBJ mirror store DMA1 32 (unaligned 3)
PASS: VRAM OBJ mirror store DMA2 16
PASS: VRAM OBJ mirror store DMA2 16 (unaligned)
PASS: VRAM OBJ mirror store DMA2 32
PASS: VRAM OBJ mirror store DMA2 32 (unaligned 1)
PASS: VRAM OBJ mirror store DMA2 32 (unaligned 2)
PASS: VRAM OBJ mirror store DMA2 32 (unaligned 3)
PASS: VRAM OBJ mirror store DMA3 16
PASS: VRAM OBJ mirror store DMA3 16 (unaligned)
PASS: VRAM OBJ mirror store DMA3 32
PASS: VRAM OBJ mirror store DMA3 32 (unaligned 1)
PASS: VRAM OBJ mirror store DMA3 32 (unaligned 2)
PASS: VRAM OBJ mirror store DMA3 32 (unaligned 3)
PASS: VRAM OBJ mirror store swi B 16
PASS: VRAM OBJ mirror store swi B 16 (unaligned)
PASS: VRAM OBJ mirror store swi B 32
PASS: VRAM OBJ mirror store swi B 32 (unaligned 1)
PASS: VRAM OBJ mirror store swi B 32 (unaligned 2)
PASS: VRAM OBJ mirror store swi B 32 (unaligned 3)
PASS: VRAM OBJ mirror store swi C 32
PASS: VRAM OBJ mirror store swi C 32 (unaligned 1)
PASS: VRAM OBJ mirror store swi C 32 (unaligned 2)
PASS: VRAM OBJ mirror store swi C 32 (unaligned 3)
Memory test: VRAM OBJ mirror 2 store
PASS: VRAM OBJ mirror 2 store U8
PASS: VRAM OBJ mirror 2 store S8 (U16 load)
PASS: VRAM OBJ mirror 2 store U16
PASS: VRAM OBJ mirror 2 store U16 (unaligned)
PASS: VRAM OBJ mirror 2 store 32
PASS: VRAM OBJ mirror 2 store 32 (unaligned 1)
PASS: VRAM OBJ mirror 2 store 32 (unaligned 2)
PASS: VRAM OBJ mirror 2 store 32 (unaligned 3)
PASS: VRAM OBJ mirror 2 store DMA0 16
PASS: VRAM OBJ mirror 2 store DMA0 16 (unaligned)
PASS: VRAM OBJ mirror 2 store DMA0 32
PASS: VRAM OBJ mirror 2 store DMA0 32 (unaligned 1)
PASS: VRAM OBJ mirror 2 store DMA0 32 (unaligned 2)
PASS: VRAM OBJ mirror 2 store DMA0 32 (unaligned 3)
PASS: VRAM OBJ mirror 2 store DMA1 16
PASS: VRAM OBJ mirror 2 store DMA1 16 (unaligned)
PASS: VRAM OBJ mirror 2 store DMA1 32
PASS: VRAM OBJ mirror 2 store DMA1 32 (unaligned 1)
PASS: VRAM OBJ mirror 2 store DMA1 32 (unaligned 2)
PASS: VRAM OBJ mirror 2 store DMA1 32 (unaligned 3)
PASS: VRAM OBJ mirror 2 store DMA2 16
PASS: VRAM OBJ mirror 2 store DMA2 16 (unaligned)
PASS: VRAM OBJ mirror 2 store DMA2 32
PASS: VRAM OBJ mirror 2 store DMA2 32 (unaligned 1)
PASS: VRAM OBJ mirror 2 store DMA2 32 (unaligned 2)
PASS: VRAM OBJ mirror 2 store DMA2 32 (unaligned 3)
PASS: VRAM OBJ mirror 2 store DMA3 16
PASS: VRAM OBJ mirror 2 store DMA3 16 (unaligned)
PASS: VRAM OBJ mirror 2 store DMA3 32
PASS: VRAM OBJ mirror 2 store DMA3 32 (unaligned 1)
PASS: VRAM OBJ mirror 2 store DMA3 32 (unaligned 2)
PASS: VRAM OBJ mirror 2 store DMA3 32 (unaligned 3)
PASS: VRAM OBJ mirror 2 store swi B 16
PASS: VRAM OBJ mirror 2 store swi B 16 (unaligned)
PASS: VRAM OBJ mirror 2 store swi B 32
PASS: VRAM OBJ mirror 2 store swi B 32 (unaligned 1)
PASS: VRAM OBJ mirror 2 store swi B 32 (unaligned 2)
PASS: VRAM OBJ mirror 2 store swi B 32 (unaligned 3)
PASS: VRAM OBJ mirror 2 store swi C 32
PASS: VRAM OBJ mirror 2 store swi C 32 (unaligned 1)
PASS: VRAM OBJ mirror 2 store swi C 32 (unaligned 2)
PASS: VRAM OBJ mirror 2 store swi C 32 (unaligned 3)
Memory test: OAM load
PASS: OAM load U8
PASS: OAM load S8
PASS: OAM load U16
PASS: OAM load U16 (unaligned)
PASS: OAM load S16
PASS: OAM load S16 (unaligned)
PASS: OAM load 32
PASS: OAM load 32 (unaligned 1)
PASS: OAM load 32 (unaligned 2)
PASS: OAM load 32 (unaligned 3)
PASS: OAM load DMA0 16
PASS: OAM load DMA0 16 (unaligned)
PASS: OAM load DMA0 32
PASS: OAM load DMA0 32 (unaligned 1)
PASS: OAM load DMA0 32 (unaligned 2)
PASS: OAM load DMA0 32 (unaligned 3)
PASS: OAM load DMA1 16
PASS: OAM load DMA1 16 (unaligned)
PASS: OAM load DMA1 32
PASS: OAM load DMA1 32 (unaligned 1)
PASS: OAM load DMA1 32 (unaligned 2)
PASS: OAM load DMA1 32 (unaligned 3)
PASS: OAM load DMA2 16
PASS: OAM load DMA2 16 (unaligned)
PASS: OAM load DMA2 32
PASS: OAM load DMA2 32 (unaligned 1)
PASS: OAM load DMA2 32 (unaligned 2)
PASS: OAM load DMA2 32 (unaligned 3)
PASS: OAM load DMA3 16
PASS: OAM load DMA3 16 (unaligned)
PASS: OAM load DMA3 32
PASS: OAM load DMA3 32 (unaligned 1)
PASS: OAM load DMA3 32 (unaligned 2)
PASS: OAM load DMA3 32 (unaligned 3)
PASS: OAM load swi B 16
PASS: OAM load swi B 16 (unaligned)
PASS: OAM load swi B 32
PASS: OAM load swi B 32 (unaligned 1)
PASS: OAM load swi B 32 (unaligned 2)
PASS: OAM load swi B 32 (unaligned 3)
PASS: OAM load swi C 32
PASS: OAM load swi C 32 (unaligned 1)
PASS: OAM load swi C 32 (unaligned 2)
PASS: OAM load swi C 32 (unaligned 3)
Memory test: OAM mirror load
PASS: OAM mirror load U8
PASS: OAM mirror load S8
PASS: OAM mirror load U16
PASS: OAM mirror load U16 (unaligned)
PASS: OAM mirror load S16
PASS: OAM mirror load S16 (unaligned)
PASS: OAM mirror load 32
PASS: OAM mirror load 32 (unaligned 1)
PASS: OAM mirror load 32 (unaligned 2)
PASS: OAM mirror load 32 (unaligned 3)
PASS: OAM mirror load DMA0 16
PASS: OAM mirror load DMA0 16 (unaligned)
PASS: OAM mirror load DMA0 32
PASS: OAM mirror load DMA0 32 (unaligned 1)
PASS: OAM mirror load DMA0 32 (unaligned 2)
PASS: OAM mirror load DMA0 32 (unaligned 3)
PASS: OAM mirror load DMA1 16
PASS: OAM mirror load DMA1 16 (unaligned)
PASS: OAM mirror load DMA1 32
PASS: OAM mirror load DMA1 32 (unaligned 1)
PASS: OAM mirror load DMA1 32 (unaligned 2)
PASS: OAM mirror load DMA1 32 (unaligned 3)
PASS: OAM mirror load DMA2 16
PASS: OAM mirror load DMA2 16 (unaligned)
PASS: OAM mirror load DMA2 32
PASS: OAM mirror load DMA2 32 (unaligned 1)
PASS: OAM mirror load DMA2 32 (unaligned 2)
PASS: OAM mirror load DMA2 32 (unaligned 3)
PASS: OAM mirror load DMA3 16
PASS: OAM mirror load DMA3 16 (unaligned)
PASS: OAM mirror load DMA3 32
PASS: OAM mirror load DMA3 32 (unaligned 1)
PASS: OAM mirror load DMA3 32 (unaligned 2)
PASS: OAM mirror load DMA3 32 (unaligned 3)
PASS: OAM mirror load swi B 16
PASS: OAM mirror load swi B 16 (unaligned)
PASS: OAM mirror load swi B 32
PASS: OAM mirror load swi B 32 (unaligned 1)
PASS: OAM mirror load swi B 32 (unaligned 2)
PASS: OAM mirror load swi B 32 (unaligned 3)
PASS: OAM mirror load swi C 32
PASS: OAM mirror load swi C 32 (unaligned 1)
PASS: OAM mirror load swi C 32 (unaligned 2)
PASS: OAM mirror load swi C 32 (unaligned 3)
Memory test: OAM store
PASS: OAM store U8
PASS: OAM store S8 (U16 load)
PASS: OAM store U16
PASS: OAM store U16 (unaligned)
PASS: OAM store 32
PASS: OAM store 32 (unaligned 1)
PASS: OAM store 32 (unaligned 2)
PASS: OAM store 32 (unaligned 3)
PASS: OAM store DMA0 16
PASS: OAM store DMA0 16 (unaligned)
PASS: OAM store DMA0 32
PASS: OAM store DMA0 32 (unaligned 1)
PASS: OAM store DMA0 32 (unaligned 2)
PASS: OAM store DMA0 32 (unaligned 3)
PASS: OAM store DMA1 16
PASS: OAM store DMA1 16 (unaligned)
PASS: OAM store DMA1 32
PASS: OAM store DMA1 32 (unaligned 1)
PASS: OAM store DMA1 32 (unaligned 2)
PASS: OAM store DMA1 32 (unaligned 3)
PASS: OAM store DMA2 16
PASS: OAM store DMA2 16 (unaligned)
PASS: OAM store DMA2 32
PASS: OAM store DMA2 32 (unaligned 1)
PASS: OAM store DMA2 32 (unaligned 2)
PASS: OAM store DMA2 32 (unaligned 3)
PASS: OAM store DMA3 16
PASS: OAM store DMA3 16 (unaligned)
PASS: OAM store DMA3 32
PASS: OAM store DMA3 32 (unaligned 1)
PASS: OAM store DMA3 32 (unaligned 2)
PASS: OAM store DMA3 32 (unaligned 3)
PASS: OAM store swi B 16
PASS: OAM store swi B 16 (unaligned)
PASS: OAM store swi B 32
PASS: OAM store swi B 32 (unaligned 1)
PASS: OAM store swi B 32 (unaligned 2)
PASS: OAM store swi B 32 (unaligned 3)
PASS: OAM store swi C 32
PASS: OAM store swi C 32 (unaligned 1)
PASS: OAM store swi C 32 (unaligned 2)
PASS: OAM store swi C 32 (unaligned 3)
Memory test: OAM mirror store
PASS: OAM mirror store U8
PASS: OAM mirror store S8 (U16 load)
PASS: OAM mirror store U16
PASS: OAM mirror store U16 (unaligned)
PASS: OAM mirror store 32
PASS: OAM mirror store 32 (unaligned 1)
PASS: OAM mirror store 32 (unaligned 2)
PASS: OAM mirror store 32 (unaligned 3)
PASS: OAM mirror store DMA0 16
PASS: OAM mirror store DMA0 16 (unaligned)
PASS: OAM mirror store DMA0 32
PASS: OAM mirror store DMA0 32 (unaligned 1)
PASS: OAM mirror store DMA0 32 (unaligned 2)
PASS: OAM mirror store DMA0 32 (unaligned 3)
PASS: OAM mirror store DMA1 16
PASS: OAM mirror store DMA1 16 (unaligned)
PASS: OAM mirror store DMA1 32
PASS: OAM mirror store DMA1 32 (unaligned 1)
PASS: OAM mirror store DMA1 32 (unaligned 2)
PASS: OAM mirror store DMA1 32 (unaligned 3)
PASS: OAM mirror store DMA2 16
PASS: OAM mirror store DMA2 16 (unaligned)
PASS: OAM mirror store DMA2 32
PASS: OAM mirror store DMA2 32 (unaligned 1)
PASS: OAM mirror store DMA2 32 (unaligned 2)
PASS: OAM mirror store DMA2 32 (unaligned 3)
PASS: OAM mirror store DMA3 16
PASS: OAM mirror store DMA3 16 (unaligned)
PASS: OAM mirror store DMA3 32
PASS: OAM mirror store DMA3 32 (unaligned 1)
PASS: OAM mirror store DMA3 32 (unaligned 2)
PASS: OAM mirror store DMA3 32 (unaligned 3)
PASS: OAM mirror store swi B 16
PASS: OAM mirror store swi B 16 (unaligned)
PASS: OAM mirror store swi B 32
PASS: OAM mirror store swi B 32 (unaligned 1)
PASS: OAM mirror store swi B 32 (unaligned 2)
PASS: OAM mirror store swi B 32 (unaligned 3)
PASS: OAM mirror store swi C 32
PASS: OAM mirror store swi C 32 (unaligned 1)
PASS: OAM mirror store swi C 32 (unaligned 2)
PASS: OAM mirror store swi C 32 (unaligned 3)
Memory test: SRAM load
PASS: SRAM load U8
PASS: SRAM load S8
PASS: SRAM load U16
PASS: SRAM load U16 (unaligned)
PASS: SRAM load S16
PASS: SRAM load S16 (unaligned)
PASS: SRAM load 32
PASS: SRAM load 32 (unaligned 1)
PASS: SRAM load 32 (unaligned 2)
PASS: SRAM load 32 (unaligned 3)
PASS: SRAM load DMA0 16
PASS: SRAM load DMA0 16 (unaligned)
PASS: SRAM load DMA0 32
PASS: SRAM load DMA0 32 (unaligned 1)
PASS: SRAM load DMA0 32 (unaligned 2)
PASS: SRAM load DMA0 32 (unaligned 3)
PASS: SRAM load DMA1 16
PASS: SRAM load DMA1 16 (unaligned)
PASS: SRAM load DMA1 32
PASS: SRAM load DMA1 32 (unaligned 1)
PASS: SRAM load DMA1 32 (unaligned 2)
PASS: SRAM load DMA1 32 (unaligned 3)
PASS: SRAM load DMA2 16
PASS: SRAM load DMA2 16 (unaligned)
PASS: SRAM load DMA2 32
PASS: SRAM load DMA2 32 (unaligned 1)
PASS: SRAM load DMA2 32 (unaligned 2)
PASS: SRAM load DMA2 32 (unaligned 3)
PASS: SRAM load DMA3 16
PASS: SRAM load DMA3 16 (unaligned)
PASS: SRAM load DMA3 32
PASS: SRAM load DMA3 32 (unaligned 1)
PASS: SRAM load DMA3 32 (unaligned 2)
PASS: SRAM load DMA3 32 (unaligned 3)
PASS: SRAM load swi B 16
PASS: SRAM load swi B 16 (unaligned)
PASS: SRAM load swi B 32
PASS: SRAM load swi B 32 (unaligned 1)
PASS: SRAM load swi B 32 (unaligned 2)
PASS: SRAM load swi B 32 (unaligned 3)
PASS: SRAM load swi C 32
PASS: SRAM load swi C 32 (unaligned 1)
PASS: SRAM load swi C 32 (unaligned 2)
PASS: SRAM load swi C 32 (unaligned 3)
Memory test: SRAM mirror load
PASS: SRAM mirror load U8
PASS: SRAM mirror load S8
PASS: SRAM mirror load U16
PASS: SRAM mirror load U16 (unaligned)
PASS: SRAM mirror load S16
PASS: SRAM mirror load S16 (unaligned)
PASS: SRAM mirror load 32
PASS: SRAM mirror load 32 (unaligned 1)
PASS: SRAM mirror load 32 (unaligned 2)
PASS: SRAM mirror load 32 (unaligned 3)
PASS: SRAM mirror load DMA0 16
PASS: SRAM mirror load DMA0 16 (unaligned)
PASS: SRAM mirror load DMA0 32
PASS: SRAM mirror load DMA0 32 (unaligned 1)
PASS: SRAM mirror load DMA0 32 (unaligned 2)
PASS: SRAM mirror load DMA0 32 (unaligned 3)
PASS: SRAM mirror load DMA1 16
PASS: SRAM mirror load DMA1 16 (unaligned)
PASS: SRAM mirror load DMA1 32
PASS: SRAM mirror load DMA1 32 (unaligned 1)
PASS: SRAM mirror load DMA1 32 (unaligned 2)
PASS: SRAM mirror load DMA1 32 (unaligned 3)
PASS: SRAM mirror load DMA2 16
PASS: SRAM mirror load DMA2 16 (unaligned)
PASS: SRAM mirror load DMA2 32
PASS: SRAM mirror load DMA2 32 (unaligned 1)
PASS: SRAM mirror load DMA2 32 (unaligned 2)
PASS: SRAM mirror load DMA2 32 (unaligned 3)
PASS: SRAM mirror load DMA3 16
PASS: SRAM mirror load DMA3 16 (unaligned)
PASS: SRAM mirror load DMA3 32
PASS: SRAM mirror load DMA3 32 (unaligned 1)
PASS: SRAM mirror load DMA3 32 (unaligned 2)
PASS: SRAM mirror load DMA3 32 (unaligned 3)
PASS: SRAM mirror load swi B 16
PASS: SRAM mirror load swi B 16 (unaligned)
PASS: SRAM mirror load swi B 32
PASS: SRAM mirror load swi B 32 (unaligned 1)
PASS: SRAM mirror load swi B 32 (unaligned 2)
PASS: SRAM mirror load swi B 32 (unaligned 3)
PASS: SRAM mirror load swi C 32
PASS: SRAM mirror load swi C 32 (unaligned 1)
PASS: SRAM mirror load swi C 32 (unaligned 2)
PASS: SRAM mirror load swi C 32 (unaligned 3)
Memory test: SRAM store
PASS: SRAM store U8
PASS: SRAM store S8 (U16 load)
PASS: SRAM store U16
PASS: SRAM store U16 (unaligned)
PASS: SRAM store 32
PASS: SRAM store 32 (unaligned 1)
PASS: SRAM store 32 (unaligned 2)
PASS: SRAM store 32 (unaligned 3)
PASS: SRAM store DMA0 16
PASS: SRAM store DMA0 16 (unaligned)
PASS: SRAM store DMA0 32
PASS: SRAM store DMA0 32 (unaligned 1)
PASS: SRAM store DMA0 32 (unaligned 2)
PASS: SRAM store DMA0 32 (unaligned 3)
PASS: SRAM store DMA1 16
PASS: SRAM store DMA1 16 (unaligned)
PASS: SRAM store DMA1 32
PASS: SRAM store DMA1 32 (unaligned 1)
PASS: SRAM store DMA1 32 (unaligned 2)
PASS: SRAM store DMA1 32 (unaligned 3)
PASS: SRAM store DMA2 16
PASS: SRAM store DMA2 16 (unaligned)
PASS: SRAM store DMA2 32
PASS: SRAM store DMA2 32 (unaligned 1)
PASS: SRAM store DMA2 32 (unaligned 2)
PASS: SRAM store DMA2 32 (unaligned 3)
PASS: SRAM store DMA3 16
PASS: SRAM store DMA3 16 (unaligned)
PASS: SRAM store DMA3 32
PASS: SRAM store DMA3 32 (unaligned 1)
PASS: SRAM store DMA3 32 (unaligned 2)
PASS: SRAM store DMA3 32 (unaligned 3)
PASS: SRAM store swi B 16
PASS: SRAM store swi B 16 (unaligned)
PASS: SRAM store swi B 32
PASS: SRAM store swi B 32 (unaligned 1)
PASS: SRAM store swi B 32 (unaligned 2)
PASS: SRAM store swi B 32 (unaligned 3)
PASS: SRAM store swi C 32
PASS: SRAM store swi C 32 (unaligned 1)
PASS: SRAM store swi C 32 (unaligned 2)
PASS: SRAM store swi C 32 (unaligned 3)
Memory test: SRAM mirror store
PASS: SRAM mirror store U8
PASS: SRAM mirror store S8 (U16 load)
PASS: SRAM mirror store U16
PASS: SRAM mirror store U16 (unaligned)
PASS: SRAM mirror store 32
PASS: SRAM mirror store 32 (unaligned 1)
PASS: SRAM mirror store 32 (unaligned 2)
PASS: SRAM mirror store 32 (unaligned 3)
PASS: SRAM mirror store DMA0 16
PASS: SRAM mirror store DMA0 16 (unaligned)
PASS: SRAM mirror store DMA0 32
PASS: SRAM mirror store DMA0 32 (unaligned 1)
PASS: SRAM mirror store DMA0 32 (unaligned 2)
PASS: SRAM mirror store DMA0 32 (unaligned 3)
PASS: SRAM mirror store DMA1 16
PASS: SRAM mirror store DMA1 16 (unaligned)
PASS: SRAM mirror store DMA1 32
PASS: SRAM mirror store DMA1 32 (unaligned 1)
PASS: SRAM mirror store DMA1 32 (unaligned 2)
PASS: SRAM mirror store DMA1 32 (unaligned 3)
PASS: SRAM mirror store DMA2 16
PASS: SRAM mirror store DMA2 16 (unaligned)
PASS: SRAM mirror store DMA2 32
PASS: SRAM mirror store DMA2 32 (unaligned 1)
PASS: SRAM mirror store DMA2 32 (unaligned 2)
PASS: SRAM mirror store DMA2 32 (unaligned 3)
PASS: SRAM mirror store DMA3 16
PASS: SRAM mirror store DMA3 16 (unaligned)
PASS: SRAM mirror store DMA3 32
PASS: SRAM mirror store DMA3 32 (unaligned 1)
PASS: SRAM mirror store DMA3 32 (unaligned 2)
PASS: SRAM mirror store DMA3 32 (unaligned 3)
PASS: SRAM mirror store swi B 16
PASS: SRAM mirror store swi B 16 (unaligned)
PASS: SRAM mirror store swi B 32
PASS: SRAM mirror store swi B 32 (unaligned 1)
PASS: SRAM mirror store swi B 32 (unaligned 2)
PASS: SRAM mirror store swi B 32 (unaligned 3)
PASS: SRAM mirror store swi C 32
PASS: SRAM mirror store swi C 32 (unaligned 1)
PASS: SRAM mirror store swi C 32 (unaligned 2)
PASS: SRAM mirror store swi C 32 (unaligned 3)
Memory test: BIOS load
PASS: BIOS load U8
PASS: BIOS load S8
PASS: BIOS load U16
PASS: BIOS load U16 (unaligned)
PASS: BIOS load S16
PASS: BIOS load S16 (unaligned)
PASS: BIOS load 32
PASS: BIOS load 32 (unaligned 1)
PASS: BIOS load 32 (unaligned 2)
PASS: BIOS load 32 (unaligned 3)
PASS: BIOS load DMA0 16
PASS: BIOS load DMA0 16 (unaligned)
PASS: BIOS load DMA0 32
PASS: BIOS load DMA0 32 (unaligned 1)
PASS: BIOS load DMA0 32 (unaligned 2)
PASS: BIOS load DMA0 32 (unaligned 3)
PASS: BIOS load DMA1 16
PASS: BIOS load DMA1 16 (unaligned)
PASS: BIOS load DMA1 32
PASS: BIOS load DMA1 32 (unaligned 1)
PASS: BIOS load DMA1 32 (unaligned 2)
PASS: BIOS load DMA1 32 (unaligned 3)
PASS: BIOS load DMA2 16
PASS: BIOS load DMA2 16 (unaligned)
PASS: BIOS load DMA2 32
PASS: BIOS load DMA2 32 (unaligned 1)
PASS: BIOS load DMA2 32 (unaligned 2)
PASS: BIOS load DMA2 32 (unaligned 3)
PASS: BIOS load DMA3 16
PASS: BIOS load DMA3 16 (unaligned)
PASS: BIOS load DMA3 32
PASS: BIOS load DMA3 32 (unaligned 1)
PASS: BIOS load DMA3 32 (unaligned 2)
PASS: BIOS load DMA3 32 (unaligned 3)
PASS: BIOS load swi B 16
PASS: BIOS load swi B 16 (unaligned)
PASS: BIOS load swi B 32
PASS: BIOS load swi B 32 (unaligned 1)
PASS: BIOS load swi B 32 (unaligned 2)
PASS: BIOS load swi B 32 (unaligned 3)
PASS: BIOS load swi C 32
PASS: BIOS load swi C 32 (unaligned 1)
PASS: BIOS load swi C 32 (unaligned 2)
PASS: BIOS load swi C 32 (unaligned 3)
Memory test: BIOS out-of-bounds load
PASS: BIOS out-of-bounds load U8
PASS: BIOS out-of-bounds load S8
PASS: BIOS out-of-bounds load U16
PASS: BIOS out-of-bounds load U16 (unaligned)
PASS: BIOS out-of-bounds load S16
PASS: BIOS out-of-bounds load S16 (unaligned)
PASS: BIOS out-of-bounds load 32
PASS: BIOS out-of-bounds load 32 (unaligned 1)
PASS: BIOS out-of-bounds load 32 (unaligned 2)
PASS: BIOS out-of-bounds load 32 (unaligned 3)
PASS: BIOS out-of-bounds load DMA0 16
PASS: BIOS out-of-bounds load DMA0 16 (unaligned)
PASS: BIOS out-of-bounds load DMA0 32
PASS: BIOS out-of-bounds load DMA0 32 (unaligned 1)
PASS: BIOS out-of-bounds load DMA0 32 (unaligned 2)
PASS: BIOS out-of-bounds load DMA0 32 (unaligned 3)
PASS: BIOS out-of-bounds load DMA1 16
PASS: BIOS out-of-bounds load DMA1 16 (unaligned)
PASS: BIOS out-of-bounds load DMA1 32
PASS: BIOS out-of-bounds load DMA1 32 (unaligned 1)
PASS: BIOS out-of-bounds load DMA1 32 (unaligned 2)
PASS: BIOS out-of-bounds load DMA1 32 (unaligned 3)
PASS: BIOS out-of-bounds load DMA2 16
PASS: BIOS out-of-bounds load DMA2 16 (unaligned)
PASS: BIOS out-of-bounds load DMA2 32
PASS: BIOS out-of-bounds load DMA2 32 (unaligned 1)
PASS: BIOS out-of-bounds load DMA2 32 (unaligned 2)
PASS: BIOS out-of-bounds load DMA2 32 (unaligned 3)
PASS: BIOS out-of-bounds load DMA3 16
PASS: BIOS out-of-bounds load DMA3 16 (unaligned)
PASS: BIOS out-of-bounds load DMA3 32
PASS: BIOS out-of-bounds load DMA3 32 (unaligned 1)
PASS: BIOS out-of-bounds load DMA3 32 (unaligned 2)
PASS: BIOS out-of-bounds load DMA3 32 (unaligned 3)
PASS: BIOS out-of-bounds load swi B 16
PASS: BIOS out-of-bounds load swi B 16 (unaligned)
PASS: BIOS out-of-bounds load swi B 32
PASS: BIOS out-of-bounds load swi B 32 (unaligned 1)
PASS: BIOS out-of-bounds load swi B 32 (unaligned 2)
PASS: BIOS out-of-bounds load swi B 32 (unaligned 3)
PASS: BIOS out-of-bounds load swi C 32
PASS: BIOS out-of-bounds load swi C 32 (unaligned 1)
PASS: BIOS out-of-bounds load swi C 32 (unaligned 2)
PASS: BIOS out-of-bounds load swi C 32 (unaligned 3)
Memory test: Out-of-bounds load
PASS: Out-of-bounds load U8
PASS: Out-of-bounds load S8
PASS: Out-of-bounds load U16
PASS: Out-of-bounds load U16 (unaligned)
PASS: Out-of-bounds load S16
PASS: Out-of-bounds load S16 (unaligned)
PASS: Out-of-bounds load 32
PASS: Out-of-bounds load 32 (unaligned 1)
PASS: Out-of-bounds load 32 (unaligned 2)
PASS: Out-of-bounds load 32 (unaligned 3)
PASS: Out-of-bounds load DMA0 16
PASS: Out-of-bounds load DMA0 16 (unaligned)
PASS: Out-of-bounds load DMA0 32
PASS: Out-of-bounds load DMA0 32 (unaligned 1)
PASS: Out-of-bounds load DMA0 32 (unaligned 2)
PASS: Out-of-bounds load DMA0 32 (unaligned 3)
PASS: Out-of-bounds load DMA1 16
PASS: Out-of-bounds load DMA1 16 (unaligned)
PASS: Out-of-bounds load DMA1 32
PASS: Out-of-bounds load DMA1 32 (unaligned 1)
PASS: Out-of-bounds load DMA1 32 (unaligned 2)
PASS: Out-of-bounds load DMA1 32 (unaligned 3)
PASS: Out-of-bounds load DMA2 16
PASS: Out-of-bounds load DMA2 16 (unaligned)
PASS: Out-of-bounds load DMA2 32
PASS: Out-of-bounds load DMA2 32 (unaligned 1)
PASS: Out-of-bounds load DMA2 32 (unaligned 2)
PASS: Out-of-bounds load DMA2 32 (unaligned 3)
PASS: Out-of-bounds load DMA3 16
PASS: Out-of-bounds load DMA3 16 (unaligned)
PASS: Out-of-bounds load DMA3 32
PASS: Out-of-bounds load DMA3 32 (unaligned 1)
PASS: Out-of-bounds load DMA3 32 (unaligned 2)
PASS: Out-of-bounds load DMA3 32 (unaligned 3)
PASS: Out-of-bounds load swi B 16
PASS: Out-of-bounds load swi B 16 (unaligned)
PASS: Out-of-bounds load swi B 32
PASS: Out-of-bounds load swi B 32 (unaligned 1)
PASS: Out-of-bounds load swi B 32 (unaligned 2)
PASS: Out-of-bounds load swi B 32 (unaligned 3)
PASS: Out-of-bounds load swi C 32
PASS: Out-of-bounds load swi C 32 (unaligned 1)
PASS: Out-of-bounds load swi C 32 (unaligned 2)
PASS: Out-of-bounds load swi C 32 (unaligned 3)
[sram]
Game Boy Advance Test Suite
===
Memory test: ROM load
Memory test: ROM store
Memory test: ROM out-of-bounds load
Memory test: IWRAM load
Memory test: IWRAM mirror load
Memory test: IWRAM store
Memory test: IWRAM mirror store
Memory test: EWRAM load
Memory test: EWRAM mirror load
Memory test: EWRAM store
Memory test: EWRAM mirror store
Memory test: Palette load
Memory test: Palette mirror load
Memory test: Palette store
Memory test: Palette mirror store
Memory test: VRAM load
Memory test: VRAM mirror load
Memory test: VRAM OBJ load
Memory test: VRAM OBJ mirror load
Memory test: VRAM OBJ mirror 2 load
Memory test: VRAM store
Memory test: VRAM mirror store
Memory test: VRAM OBJ store
Memory test: VRAM OBJ mirror store
Memory test: VRAM OBJ mirror 2 store
Memory test: OAM load
Memory test: OAM mirror load
Memory test: OAM store
Memory test: OAM mirror store
Memory test: SRAM load
Memory test: SRAM mirror load
Memory test: SRAM store
Memory test: SRAM mirror store
Memory test: BIOS load
Memory test: BIOS out-of-bounds load
Memory test: Out-of-bounds load
[DBG] Game Boy Advance Test Suite
===
[DBG] BEGIN: I/O read tests
[DBG] PASS: BG0CNT
[DBG] PASS: BG1CNT
[DBG] PASS: BG2CNT
[DBG] PASS: BG3CNT
[DBG] PASS: BG0HOFS
[DBG] PASS: BG0VOFS
[DBG] PASS: BG1HOFS
[DBG] PASS: BG1VOFS
[DBG] PASS: BG2HOFS
[DBG] PASS: BG2VOFS
[DBG] PASS: BG3HOFS
[DBG] PASS: BG3VOFS
[DBG] PASS: BG2PA
[DBG] PASS: BG2PB
[DBG] PASS: BG2PC
[DBG] PASS: BG2PD
[DBG] PASS: BG2X_LO
[DBG] PASS: BG2X_HI
[DBG] PASS: BG2Y_LO
[DBG] PASS: BG2Y_HI
[DBG] PASS: BG3PA
[DBG] PASS: BG3PB
[DBG] PASS: BG3PC
[DBG] PASS: BG3PD
[DBG] PASS: BG3X_LO
[DBG] PASS: BG3X_HI
[DBG] PASS: BG3Y_LO
[DBG] PASS: BG3Y_HI
[DBG] PASS: WIN0H
[DBG] PASS: WIN1H
[DBG] PASS: WIN0V
[DBG] PASS: WIN1V
[DBG] PASS: WININ
[DBG] PASS: WINOUT
[DBG] PASS: MOSAIC
[DBG] PASS: INVALID (4E)
[DBG] PASS: BLDCNT
[DBG] PASS: BLDALPHA
[DBG] PASS: BLDY
[DBG] PASS: INVALID (56)
[DBG] PASS: INVALID (58)
[DBG] PASS: INVALID (5A)
[DBG] PASS: INVALID (5C)
[DBG] PASS: INVALID (5E)
[DBG] PASS: SOUND1CNT_LO
[DBG] PASS: SOUND1CNT_HI
[DBG] PASS: SOUND1CNT_X
[DBG] PASS: INVALID (66)
[DBG] PASS: SOUND2CNT_LO
[DBG] PASS: INVALID (6A)
[DBG] PASS: SOUND2CNT_HI
[DBG] PASS: INVALID (6E)
[DBG] PASS: SOUND3CNT_LO
[DBG] PASS: SOUND3CNT_HI
[DBG] PASS: SOUND3CNT_X
[DBG] PASS: INVALID (76)
[DBG] PASS: SOUND4CNT_LO
[DBG] PASS: INVALID (7A)
[DBG] PASS: SOUND4CNT_HI
[DBG] PASS: INVALID (7E)
[DBG] PASS: SOUNDCNT_LO
[DBG] PASS: SOUNDCNT_HI
[DBG] PASS: SOUNDCNT_X
[DBG] PASS: INVALID (86)
[DBG] PASS: INVALID (8A)
[DBG] PASS: INVALID (8C)
[DBG] PASS: INVALID (8E)
[DBG] PASS: WAVE_RAM_0
[DBG] PASS: WAVE_RAM_1
[DBG] PASS: WAVE_RAM_2
[DBG] PASS: WAVE_RAM_3
[DBG] PASS: WAVE_RAM_4
[DBG] PASS: WAVE_RAM_5
[DBG] PASS: WAVE_RAM_6
[DBG] PASS: WAVE_RAM_7
[DBG] PASS: FIFO_A_LO
[DBG] PASS: FIFO_A_HI
[DBG] PASS: FIFO_B_LO
[DBG] PASS: FIFO_B_HI
[DBG] PASS: INVALID (A8)
[DBG] PASS: INVALID (AA)
[DBG] PASS: INVALID (AC)
[DBG] PASS: INVALID (AE)
[DBG] PASS: DMA0SAD_LO
[DBG] PASS: DMA0SAD_HI
[DBG] PASS: DMA0DAD_LO
[DBG] PASS: DMA0DAD_HI
[DBG] PASS: DMA0CNT_LO
[DBG] PASS: DMA0CNT_HI
[DBG] PASS: DMA1SAD_LO
[DBG] PASS: DMA1SAD_HI
[DBG] PASS: DMA1DAD_LO
[DBG] PASS: DMA1DAD_HI
[DBG] PASS: DMA1CNT_LO
[DBG] PASS: DMA1CNT_HI
[DBG] PASS: DMA2SAD_LO
[DBG] PASS: DMA2SAD_HI
[DBG] PASS: DMA2DAD_LO
[DBG] PASS: DMA2DAD_HI
[DBG] PASS: DMA2CNT_LO
[DBG] PASS: DMA2CNT_HI
[DBG] PASS: DMA3SAD_LO
[DBG] PASS: DMA3SAD_HI
[DBG] PASS: DMA3DAD_LO
[DBG] PASS: DMA3DAD_HI
[DBG] PASS: DMA3CNT_LO
[DBG] PASS: DMA3CNT_HI
[DBG] PASS: INVALID (E0)
[DBG] PASS: INVALID (E2)
[DBG] PASS: INVALID (E4)
[DBG] PASS: INVALID (E6)
[DBG] PASS: INVALID (E8)
[DBG] PASS: INVALID (EA)
[DBG] PASS: INVALID (EC)
[DBG] PASS: INVALID (EE)
[DBG] PASS: INVALID (F0)
[DBG] PASS: INVALID (F2)
[DBG] PASS: INVALID (F4)
[DBG] PASS: INVALID (F6)
[DBG] PASS: INVALID (F8)
[DBG] PASS: INVALID (FA)
[DBG] PASS: INVALID (FC)
[DBG] PASS: INVALID (FE)
[DBG] PASS: INVALID (136)
[DBG] PASS: INVALID (142)
[DBG] PASS: INVALID (15A)
[DBG] PASS: INVALID (206)
[DBG] PASS: INVALID (20A)
[DBG] PASS: INVALID (302)
[DBG] PASS: INVALID (100C)

--- Suite 02: I/O read ---
Frames: 91  PC=0x0802BAD6  CPSR=0x0000003F  halted=0  cycle=124914948
[debug]
Game Boy Advance Test Suite
===
BEGIN: I/O read tests
PASS: BG0CNT
PASS: BG1CNT
PASS: BG2CNT
PASS: BG3CNT
PASS: BG0HOFS
PASS: BG0VOFS
PASS: BG1HOFS
PASS: BG1VOFS
PASS: BG2HOFS
PASS: BG2VOFS
PASS: BG3HOFS
PASS: BG3VOFS
PASS: BG2PA
PASS: BG2PB
PASS: BG2PC
PASS: BG2PD
PASS: BG2X_LO
PASS: BG2X_HI
PASS: BG2Y_LO
PASS: BG2Y_HI
PASS: BG3PA
PASS: BG3PB
PASS: BG3PC
PASS: BG3PD
PASS: BG3X_LO
PASS: BG3X_HI
PASS: BG3Y_LO
PASS: BG3Y_HI
PASS: WIN0H
PASS: WIN1H
PASS: WIN0V
PASS: WIN1V
PASS: WININ
PASS: WINOUT
PASS: MOSAIC
PASS: INVALID (4E)
PASS: BLDCNT
PASS: BLDALPHA
PASS: BLDY
PASS: INVALID (56)
PASS: INVALID (58)
PASS: INVALID (5A)
PASS: INVALID (5C)
PASS: INVALID (5E)
PASS: SOUND1CNT_LO
PASS: SOUND1CNT_HI
PASS: SOUND1CNT_X
PASS: INVALID (66)
PASS: SOUND2CNT_LO
PASS: INVALID (6A)
PASS: SOUND2CNT_HI
PASS: INVALID (6E)
PASS: SOUND3CNT_LO
PASS: SOUND3CNT_HI
PASS: SOUND3CNT_X
PASS: INVALID (76)
PASS: SOUND4CNT_LO
PASS: INVALID (7A)
PASS: SOUND4CNT_HI
PASS: INVALID (7E)
PASS: SOUNDCNT_LO
PASS: SOUNDCNT_HI
PASS: SOUNDCNT_X
PASS: INVALID (86)
PASS: INVALID (8A)
PASS: INVALID (8C)
PASS: INVALID (8E)
PASS: WAVE_RAM_0
PASS: WAVE_RAM_1
PASS: WAVE_RAM_2
PASS: WAVE_RAM_3
PASS: WAVE_RAM_4
PASS: WAVE_RAM_5
PASS: WAVE_RAM_6
PASS: WAVE_RAM_7
PASS: FIFO_A_LO
PASS: FIFO_A_HI
PASS: FIFO_B_LO
PASS: FIFO_B_HI
PASS: INVALID (A8)
PASS: INVALID (AA)
PASS: INVALID (AC)
PASS: INVALID (AE)
PASS: DMA0SAD_LO
PASS: DMA0SAD_HI
PASS: DMA0DAD_LO
PASS: DMA0DAD_HI
PASS: DMA0CNT_LO
PASS: DMA0CNT_HI
PASS: DMA1SAD_LO
PASS: DMA1SAD_HI
PASS: DMA1DAD_LO
PASS: DMA1DAD_HI
PASS: DMA1CNT_LO
PASS: DMA1CNT_HI
PASS: DMA2SAD_LO
PASS: DMA2SAD_HI
PASS: DMA2DAD_LO
PASS: DMA2DAD_HI
PASS: DMA2CNT_LO
PASS: DMA2CNT_HI
PASS: DMA3SAD_LO
PASS: DMA3SAD_HI
PASS: DMA3DAD_LO
PASS: DMA3DAD_HI
PASS: DMA3CNT_LO
PASS: DMA3CNT_HI
PASS: INVALID (E0)
PASS: INVALID (E2)
PASS: INVALID (E4)
PASS: INVALID (E6)
PASS: INVALID (E8)
PASS: INVALID (EA)
PASS: INVALID (EC)
PASS: INVALID (EE)
PASS: INVALID (F0)
PASS: INVALID (F2)
PASS: INVALID (F4)
PASS: INVALID (F6)
PASS: INVALID (F8)
PASS: INVALID (FA)
PASS: INVALID (FC)
PASS: INVALID (FE)
PASS: INVALID (136)
PASS: INVALID (142)
PASS: INVALID (15A)
PASS: INVALID (206)
PASS: INVALID (20A)
PASS: INVALID (302)
PASS: INVALID (100C)
[sram]
Game Boy Advance Test Suite
===
[DBG] Game Boy Advance Test Suite
===
[DBG] BEGIN: Timing tests
[DBG] Timing test: Calibration
[DBG] PASS: Calibration ARM/ROM ...
[DBG] PASS: Calibration ARM/ROM P..
[DBG] PASS: Calibration ARM/ROM .N.
[DBG] PASS: Calibration ARM/ROM PN.
[DBG] PASS: Calibration ARM/ROM ..S
[DBG] PASS: Calibration ARM/ROM P.S
[DBG] PASS: Calibration ARM/ROM .NS
[DBG] PASS: Calibration ARM/ROM PNS
[DBG] PASS: Calibration ARM/WRAM
[DBG] PASS: Calibration ARM/IWRAM
[DBG] FAIL: Calibration Thumb/ROM ...
[DBG] Thumb/ROM ...: Got     5 vs     4: FAIL
[DBG] PASS: Calibration Thumb/ROM P..
[DBG] FAIL: Calibration Thumb/ROM .N.
[DBG] Thumb/ROM .N.: Got     4 vs     3: FAIL
[DBG] PASS: Calibration Thumb/ROM PN.
[DBG] FAIL: Calibration Thumb/ROM ..S
[DBG] Thumb/ROM ..S: Got     5 vs     4: FAIL
[DBG] FAIL: Calibration Thumb/ROM P.S
[DBG] Thumb/ROM P.S: Got     1 vs     0: FAIL
[DBG] FAIL: Calibration Thumb/ROM .NS
[DBG] Thumb/ROM .NS: Got     4 vs     3: FAIL
[DBG] FAIL: Calibration Thumb/ROM PNS
[DBG] Thumb/ROM PNS: Got     1 vs     0: FAIL
[DBG] FAIL: Calibration Thumb/WRAM
[DBG] Thumb/WRAM: Got     3 vs     2: FAIL
[DBG] FAIL: Calibration Thumb/IWRAM
[DBG] Thumb/IWRAM: Got     1 vs     0: FAIL
[DBG] Timing test: nop
[DBG] PASS: nop ARM/ROM ...
[DBG] PASS: nop ARM/ROM P..
[DBG] PASS: nop ARM/ROM .N.
[DBG] PASS: nop ARM/ROM PN.
[DBG] PASS: nop ARM/ROM ..S
[DBG] PASS: nop ARM/ROM P.S
[DBG] PASS: nop ARM/ROM .NS
[DBG] PASS: nop ARM/ROM PNS
[DBG] PASS: nop ARM/WRAM
[DBG] PASS: nop ARM/IWRAM
[DBG] PASS: nop Thumb/ROM ...
[DBG] PASS: nop Thumb/ROM P..
[DBG] PASS: nop Thumb/ROM .N.
[DBG] PASS: nop Thumb/ROM PN.
[DBG] PASS: nop Thumb/ROM ..S
[DBG] FAIL: nop Thumb/ROM P.S
[DBG] Thumb/ROM P.S: Got     1 vs     2: FAIL
[DBG] PASS: nop Thumb/ROM .NS
[DBG] FAIL: nop Thumb/ROM PNS
[DBG] Thumb/ROM PNS: Got     1 vs     2: FAIL
[DBG] PASS: nop Thumb/WRAM
[DBG] PASS: nop Thumb/IWRAM
[DBG] Timing test: nop / nop
[DBG] PASS: nop / nop ARM/ROM ...
[DBG] PASS: nop / nop ARM/ROM P..
[DBG] PASS: nop / nop ARM/ROM .N.
[DBG] PASS: nop / nop ARM/ROM PN.
[DBG] PASS: nop / nop ARM/ROM ..S
[DBG] PASS: nop / nop ARM/ROM P.S
[DBG] PASS: nop / nop ARM/ROM .NS
[DBG] PASS: nop / nop ARM/ROM PNS
[DBG] PASS: nop / nop ARM/WRAM
[DBG] PASS: nop / nop ARM/IWRAM
[DBG] PASS: nop / nop Thumb/ROM ...
[DBG] PASS: nop / nop Thumb/ROM P..
[DBG] PASS: nop / nop Thumb/ROM .N.
[DBG] PASS: nop / nop Thumb/ROM PN.
[DBG] PASS: nop / nop Thumb/ROM ..S
[DBG] FAIL: nop / nop Thumb/ROM P.S
[DBG] Thumb/ROM P.S: Got     3 vs     4: FAIL
[DBG] PASS: nop / nop Thumb/ROM .NS
[DBG] FAIL: nop / nop Thumb/ROM PNS
[DBG] Thumb/ROM PNS: Got     3 vs     4: FAIL
[DBG] PASS: nop / nop Thumb/WRAM
[DBG] PASS: nop / nop Thumb/IWRAM
[DBG] Timing test: ldrh r2, [sp]
[DBG] PASS: ldrh r2, [sp] ARM/ROM ...
[DBG] PASS: ldrh r2, [sp] ARM/ROM P..
[DBG] PASS: ldrh r2, [sp] ARM/ROM .N.
[DBG] PASS: ldrh r2, [sp] ARM/ROM PN.
[DBG] PASS: ldrh r2, [sp] ARM/ROM ..S
[DBG] PASS: ldrh r2, [sp] ARM/ROM P.S
[DBG] PASS: ldrh r2, [sp] ARM/ROM .NS
[DBG] PASS: ldrh r2, [sp] ARM/ROM PNS
[DBG] PASS: ldrh r2, [sp] ARM/WRAM
[DBG] PASS: ldrh r2, [sp] ARM/IWRAM
[DBG] PASS: ldrh r2, [sp] Thumb/ROM ...
[DBG] PASS: ldrh r2, [sp] Thumb/ROM P..
[DBG] PASS: ldrh r2, [sp] Thumb/ROM .N.
[DBG] PASS: ldrh r2, [sp] Thumb/ROM PN.
[DBG] PASS: ldrh r2, [sp] Thumb/ROM ..S
[DBG] PASS: ldrh r2, [sp] Thumb/ROM P.S
[DBG] PASS: ldrh r2, [sp] Thumb/ROM .NS
[DBG] PASS: ldrh r2, [sp] Thumb/ROM PNS
[DBG] PASS: ldrh r2, [sp] Thumb/WRAM
[DBG] PASS: ldrh r2, [sp] Thumb/IWRAM
[DBG] Timing test: ldrh r2, [sp] / nop
[DBG] PASS: ldrh r2, [sp] / nop ARM/ROM ...
[DBG] PASS: ldrh r2, [sp] / nop ARM/ROM P..
[DBG] PASS: ldrh r2, [sp] / nop ARM/ROM .N.
[DBG] PASS: ldrh r2, [sp] / nop ARM/ROM PN.
[DBG] PASS: ldrh r2, [sp] / nop ARM/ROM ..S
[DBG] PASS: ldrh r2, [sp] / nop ARM/ROM P.S
[DBG] PASS: ldrh r2, [sp] / nop ARM/ROM .NS
[DBG] PASS: ldrh r2, [sp] / nop ARM/ROM PNS
[DBG] PASS: ldrh r2, [sp] / nop ARM/WRAM
[DBG] PASS: ldrh r2, [sp] / nop ARM/IWRAM
[DBG] PASS: ldrh r2, [sp] / nop Thumb/ROM ...
[DBG] PASS: ldrh r2, [sp] / nop Thumb/ROM P..
[DBG] PASS: ldrh r2, [sp] / nop Thumb/ROM .N.
[DBG] PASS: ldrh r2, [sp] / nop Thumb/ROM PN.
[DBG] PASS: ldrh r2, [sp] / nop Thumb/ROM ..S
[DBG] PASS: ldrh r2, [sp] / nop Thumb/ROM P.S
[DBG] PASS: ldrh r2, [sp] / nop Thumb/ROM .NS
[DBG] PASS: ldrh r2, [sp] / nop Thumb/ROM PNS
[DBG] PASS: ldrh r2, [sp] / nop Thumb/WRAM
[DBG] PASS: ldrh r2, [sp] / nop Thumb/IWRAM
[DBG] Timing test: nop / ldrh r2, [sp]
[DBG] PASS: nop / ldrh r2, [sp] ARM/ROM ...
[DBG] PASS: nop / ldrh r2, [sp] ARM/ROM P..
[DBG] PASS: nop / ldrh r2, [sp] ARM/ROM .N.
[DBG] PASS: nop / ldrh r2, [sp] ARM/ROM PN.
[DBG] PASS: nop / ldrh r2, [sp] ARM/ROM ..S
[DBG] PASS: nop / ldrh r2, [sp] ARM/ROM P.S
[DBG] PASS: nop / ldrh r2, [sp] ARM/ROM .NS
[DBG] PASS: nop / ldrh r2, [sp] ARM/ROM PNS
[DBG] PASS: nop / ldrh r2, [sp] ARM/WRAM
[DBG] PASS: nop / ldrh r2, [sp] ARM/IWRAM
[DBG] PASS: nop / ldrh r2, [sp] Thumb/ROM ...
[DBG] PASS: nop / ldrh r2, [sp] Thumb/ROM P..
[DBG] PASS: nop / ldrh r2, [sp] Thumb/ROM .N.
[DBG] FAIL: nop / ldrh r2, [sp] Thumb/ROM PN.
[DBG] Thumb/ROM PN.: Got     8 vs     6: FAIL
[DBG] PASS: nop / ldrh r2, [sp] Thumb/ROM ..S
[DBG] FAIL: nop / ldrh r2, [sp] Thumb/ROM P.S
[DBG] Thumb/ROM P.S: Got     4 vs     5: FAIL
[DBG] PASS: nop / ldrh r2, [sp] Thumb/ROM .NS
[DBG] FAIL: nop / ldrh r2, [sp] Thumb/ROM PNS
[DBG] Thumb/ROM PNS: Got     4 vs     5: FAIL
[DBG] PASS: nop / ldrh r2, [sp] Thumb/WRAM
[DBG] PASS: nop / ldrh r2, [sp] Thumb/IWRAM
[DBG] Timing test: nop / ldrh r2, [sp] / nop
[DBG] PASS: nop / ldrh r2, [sp] / nop ARM/ROM ...
[DBG] PASS: nop / ldrh r2, [sp] / nop ARM/ROM P..
[DBG] PASS: nop / ldrh r2, [sp] / nop ARM/ROM .N.
[DBG] PASS: nop / ldrh r2, [sp] / nop ARM/ROM PN.
[DBG] PASS: nop / ldrh r2, [sp] / nop ARM/ROM ..S
[DBG] PASS: nop / ldrh r2, [sp] / nop ARM/ROM P.S
[DBG] PASS: nop / ldrh r2, [sp] / nop ARM/ROM .NS
[DBG] PASS: nop / ldrh r2, [sp] / nop ARM/ROM PNS
[DBG] PASS: nop / ldrh r2, [sp] / nop ARM/WRAM
[DBG] PASS: nop / ldrh r2, [sp] / nop ARM/IWRAM
[DBG] PASS: nop / ldrh r2, [sp] / nop Thumb/ROM ...
[DBG] PASS: nop / ldrh r2, [sp] / nop Thumb/ROM P..
[DBG] PASS: nop / ldrh r2, [sp] / nop Thumb/ROM .N.
[DBG] PASS: nop / ldrh r2, [sp] / nop Thumb/ROM PN.
[DBG] PASS: nop / ldrh r2, [sp] / nop Thumb/ROM ..S
[DBG] FAIL: nop / ldrh r2, [sp] / nop Thumb/ROM P.S
[DBG] Thumb/ROM P.S: Got     5 vs     6: FAIL
[DBG] PASS: nop / ldrh r2, [sp] / nop Thumb/ROM .NS
[DBG] FAIL: nop / ldrh r2, [sp] / nop Thumb/ROM PNS
[DBG] Thumb/ROM PNS: Got     5 vs     6: FAIL
[DBG] PASS: nop / ldrh r2, [sp] / nop Thumb/WRAM
[DBG] PASS: nop / ldrh r2, [sp] / nop Thumb/IWRAM
[DBG] Timing test: ldrh r2, [#0x08000000]
[DBG] PASS: ldrh r2, [#0x08000000] ARM/ROM ...
[DBG] FAIL: ldrh r2, [#0x08000000] ARM/ROM P..
[DBG] ARM/ROM P..: Got    12 vs    14: FAIL
[DBG] PASS: ldrh r2, [#0x08000000] ARM/ROM .N.
[DBG] FAIL: ldrh r2, [#0x08000000] ARM/ROM PN.
[DBG] ARM/ROM PN.: Got    11 vs    12: FAIL
[DBG] PASS: ldrh r2, [#0x08000000] ARM/ROM ..S
[DBG] FAIL: ldrh r2, [#0x08000000] ARM/ROM P.S
[DBG] ARM/ROM P.S: Got    10 vs    13: FAIL
[DBG] PASS: ldrh r2, [#0x08000000] ARM/ROM .NS
[DBG] FAIL: ldrh r2, [#0x08000000] ARM/ROM PNS
[DBG] ARM/ROM PNS: Got     9 vs    11: FAIL
[DBG] PASS: ldrh r2, [#0x08000000] ARM/WRAM
[DBG] PASS: ldrh r2, [#0x08000000] ARM/IWRAM
[DBG] PASS: ldrh r2, [#0x08000000] Thumb/ROM ...
[DBG] FAIL: ldrh r2, [#0x08000000] Thumb/ROM P..
[DBG] Thumb/ROM P..: Got     9 vs    11: FAIL
[DBG] PASS: ldrh r2, [#0x08000000] Thumb/ROM .N.
[DBG] FAIL: ldrh r2, [#0x08000000] Thumb/ROM PN.
[DBG] Thumb/ROM PN.: Got     8 vs     9: FAIL
[DBG] PASS: ldrh r2, [#0x08000000] Thumb/ROM ..S
[DBG] FAIL: ldrh r2, [#0x08000000] Thumb/ROM P.S
[DBG] Thumb/ROM P.S: Got     9 vs    11: FAIL
[DBG] PASS: ldrh r2, [#0x08000000] Thumb/ROM .NS
[DBG] FAIL: ldrh r2, [#0x08000000] Thumb/ROM PNS
[DBG] Thumb/ROM PNS: Got     8 vs     9: FAIL
[DBG] PASS: ldrh r2, [#0x08000000] Thumb/WRAM
[DBG] PASS: ldrh r2, [#0x08000000] Thumb/IWRAM
[DBG] Timing test: ldrh r2, [#0x08000000] / nop
[DBG] PASS: ldrh r2, [#0x08000000] / nop ARM/ROM ...
[DBG] FAIL: ldrh r2, [#0x08000000] / nop ARM/ROM P..

--- Suite 03: Timing ---
Frames: 104  PC=0x0802BAC2  CPSR=0x8000003F  halted=0  cycle=138678849
[debug]
Game Boy Advance Test Suite
===
BEGIN: Timing tests
Timing test: Calibration
PASS: Calibration ARM/ROM ...
PASS: Calibration ARM/ROM P..
PASS: Calibration ARM/ROM .N.
PASS: Calibration ARM/ROM PN.
PASS: Calibration ARM/ROM ..S
PASS: Calibration ARM/ROM P.S
PASS: Calibration ARM/ROM .NS
PASS: Calibration ARM/ROM PNS
PASS: Calibration ARM/WRAM
PASS: Calibration ARM/IWRAM
FAIL: Calibration Thumb/ROM ...
Thumb/ROM ...: Got     5 vs     4: FAIL
PASS: Calibration Thumb/ROM P..
FAIL: Calibration Thumb/ROM .N.
Thumb/ROM .N.: Got     4 vs     3: FAIL
PASS: Calibration Thumb/ROM PN.
FAIL: Calibration Thumb/ROM ..S
Thumb/ROM ..S: Got     5 vs     4: FAIL
FAIL: Calibration Thumb/ROM P.S
Thumb/ROM P.S: Got     1 vs     0: FAIL
FAIL: Calibration Thumb/ROM .NS
Thumb/ROM .NS: Got     4 vs     3: FAIL
FAIL: Calibration Thumb/ROM PNS
Thumb/ROM PNS: Got     1 vs     0: FAIL
FAIL: Calibration Thumb/WRAM
Thumb/WRAM: Got     3 vs     2: FAIL
FAIL: Calibration Thumb/IWRAM
Thumb/IWRAM: Got     1 vs     0: FAIL
Timing test: nop
PASS: nop ARM/ROM ...
PASS: nop ARM/ROM P..
PASS: nop ARM/ROM .N.
PASS: nop ARM/ROM PN.
PASS: nop ARM/ROM ..S
PASS: nop ARM/ROM P.S
PASS: nop ARM/ROM .NS
PASS: nop ARM/ROM PNS
PASS: nop ARM/WRAM
PASS: nop ARM/IWRAM
PASS: nop Thumb/ROM ...
PASS: nop Thumb/ROM P..
PASS: nop Thumb/ROM .N.
PASS: nop Thumb/ROM PN.
PASS: nop Thumb/ROM ..S
FAIL: nop Thumb/ROM P.S
Thumb/ROM P.S: Got     1 vs     2: FAIL
PASS: nop Thumb/ROM .NS
FAIL: nop Thumb/ROM PNS
Thumb/ROM PNS: Got     1 vs     2: FAIL
PASS: nop Thumb/WRAM
PASS: nop Thumb/IWRAM
Timing test: nop / nop
PASS: nop / nop ARM/ROM ...
PASS: nop / nop ARM/ROM P..
PASS: nop / nop ARM/ROM .N.
PASS: nop / nop ARM/ROM PN.
PASS: nop / nop ARM/ROM ..S
PASS: nop / nop ARM/ROM P.S
PASS: nop / nop ARM/ROM .NS
PASS: nop / nop ARM/ROM PNS
PASS: nop / nop ARM/WRAM
PASS: nop / nop ARM/IWRAM
PASS: nop / nop Thumb/ROM ...
PASS: nop / nop Thumb/ROM P..
PASS: nop / nop Thumb/ROM .N.
PASS: nop / nop Thumb/ROM PN.
PASS: nop / nop Thumb/ROM ..S
FAIL: nop / nop Thumb/ROM P.S
Thumb/ROM P.S: Got     3 vs     4: FAIL
PASS: nop / nop Thumb/ROM .NS
FAIL: nop / nop Thumb/ROM PNS
Thumb/ROM PNS: Got     3 vs     4: FAIL
PASS: nop / nop Thumb/WRAM
PASS: nop / nop Thumb/IWRAM
Timing test: ldrh r2, [sp]
PASS: ldrh r2, [sp] ARM/ROM ...
PASS: ldrh r2, [sp] ARM/ROM P..
PASS: ldrh r2, [sp] ARM/ROM .N.
PASS: ldrh r2, [sp] ARM/ROM PN.
PASS: ldrh r2, [sp] ARM/ROM ..S
PASS: ldrh r2, [sp] ARM/ROM P.S
PASS: ldrh r2, [sp] ARM/ROM .NS
PASS: ldrh r2, [sp] ARM/ROM PNS
PASS: ldrh r2, [sp] ARM/WRAM
PASS: ldrh r2, [sp] ARM/IWRAM
PASS: ldrh r2, [sp] Thumb/ROM ...
PASS: ldrh r2, [sp] Thumb/ROM P..
PASS: ldrh r2, [sp] Thumb/ROM .N.
PASS: ldrh r2, [sp] Thumb/ROM PN.
PASS: ldrh r2, [sp] Thumb/ROM ..S
PASS: ldrh r2, [sp] Thumb/ROM P.S
PASS: ldrh r2, [sp] Thumb/ROM .NS
PASS: ldrh r2, [sp] Thumb/ROM PNS
PASS: ldrh r2, [sp] Thumb/WRAM
PASS: ldrh r2, [sp] Thumb/IWRAM
Timing test: ldrh r2, [sp] / nop
PASS: ldrh r2, [sp] / nop ARM/ROM ...
PASS: ldrh r2, [sp] / nop ARM/ROM P..
PASS: ldrh r2, [sp] / nop ARM/ROM .N.
PASS: ldrh r2, [sp] / nop ARM/ROM PN.
PASS: ldrh r2, [sp] / nop ARM/ROM ..S
PASS: ldrh r2, [sp] / nop ARM/ROM P.S
PASS: ldrh r2, [sp] / nop ARM/ROM .NS
PASS: ldrh r2, [sp] / nop ARM/ROM PNS
PASS: ldrh r2, [sp] / nop ARM/WRAM
PASS: ldrh r2, [sp] / nop ARM/IWRAM
PASS: ldrh r2, [sp] / nop Thumb/ROM ...
PASS: ldrh r2, [sp] / nop Thumb/ROM P..
PASS: ldrh r2, [sp] / nop Thumb/ROM .N.
PASS: ldrh r2, [sp] / nop Thumb/ROM PN.
PASS: ldrh r2, [sp] / nop Thumb/ROM ..S
PASS: ldrh r2, [sp] / nop Thumb/ROM P.S
PASS: ldrh r2, [sp] / nop Thumb/ROM .NS
PASS: ldrh r2, [sp] / nop Thumb/ROM PNS
PASS: ldrh r2, [sp] / nop Thumb/WRAM
PASS: ldrh r2, [sp] / nop Thumb/IWRAM
Timing test: nop / ldrh r2, [sp]
PASS: nop / ldrh r2, [sp] ARM/ROM ...
PASS: nop / ldrh r2, [sp] ARM/ROM P..
PASS: nop / ldrh r2, [sp] ARM/ROM .N.
PASS: nop / ldrh r2, [sp] ARM/ROM PN.
PASS: nop / ldrh r2, [sp] ARM/ROM ..S
PASS: nop / ldrh r2, [sp] ARM/ROM P.S
PASS: nop / ldrh r2, [sp] ARM/ROM .NS
PASS: nop / ldrh r2, [sp] ARM/ROM PNS
PASS: nop / ldrh r2, [sp] ARM/WRAM
PASS: nop / ldrh r2, [sp] ARM/IWRAM
PASS: nop / ldrh r2, [sp] Thumb/ROM ...
PASS: nop / ldrh r2, [sp] Thumb/ROM P..
PASS: nop / ldrh r2, [sp] Thumb/ROM .N.
FAIL: nop / ldrh r2, [sp] Thumb/ROM PN.
Thumb/ROM PN.: Got     8 vs     6: FAIL
PASS: nop / ldrh r2, [sp] Thumb/ROM ..S
FAIL: nop / ldrh r2, [sp] Thumb/ROM P.S
Thumb/ROM P.S: Got     4 vs     5: FAIL
PASS: nop / ldrh r2, [sp] Thumb/ROM .NS
FAIL: nop / ldrh r2, [sp] Thumb/ROM PNS
Thumb/ROM PNS: Got     4 vs     5: FAIL
PASS: nop / ldrh r2, [sp] Thumb/WRAM
PASS: nop / ldrh r2, [sp] Thumb/IWRAM
Timing test: nop / ldrh r2, [sp] / nop
PASS: nop / ldrh r2, [sp] / nop ARM/ROM ...
PASS: nop / ldrh r2, [sp] / nop ARM/ROM P..
PASS: nop / ldrh r2, [sp] / nop ARM/ROM .N.
PASS: nop / ldrh r2, [sp] / nop ARM/ROM PN.
PASS: nop / ldrh r2, [sp] / nop ARM/ROM ..S
PASS: nop / ldrh r2, [sp] / nop ARM/ROM P.S
PASS: nop / ldrh r2, [sp] / nop ARM/ROM .NS
PASS: nop / ldrh r2, [sp] / nop ARM/ROM PNS
PASS: nop / ldrh r2, [sp] / nop ARM/WRAM
PASS: nop / ldrh r2, [sp] / nop ARM/IWRAM
PASS: nop / ldrh r2, [sp] / nop Thumb/ROM ...
PASS: nop / ldrh r2, [sp] / nop Thumb/ROM P..
PASS: nop / ldrh r2, [sp] / nop Thumb/ROM .N.
PASS: nop / ldrh r2, [sp] / nop Thumb/ROM PN.
PASS: nop / ldrh r2, [sp] / nop Thumb/ROM ..S
FAIL: nop / ldrh r2, [sp] / nop Thumb/ROM P.S
Thumb/ROM P.S: Got     5 vs     6: FAIL
PASS: nop / ldrh r2, [sp] / nop Thumb/ROM .NS
FAIL: nop / ldrh r2, [sp] / nop Thumb/ROM PNS
Thumb/ROM PNS: Got     5 vs     6: FAIL
PASS: nop / ldrh r2, [sp] / nop Thumb/WRAM
PASS: nop / ldrh r2, [sp] / nop Thumb/IWRAM
Timing test: ldrh r2, [#0x08000000]
PASS: ldrh r2, [#0x08000000] ARM/ROM ...
FAIL: ldrh r2, [#0x08000000] ARM/ROM P..
ARM/ROM P..: Got    12 vs    14: FAIL
PASS: ldrh r2, [#0x08000000] ARM/ROM .N.
FAIL: ldrh r2, [#0x08000000] ARM/ROM PN.
ARM/ROM PN.: Got    11 vs    12: FAIL
PASS: ldrh r2, [#0x08000000] ARM/ROM ..S
FAIL: ldrh r2, [#0x08000000] ARM/ROM P.S
ARM/ROM P.S: Got    10 vs    13: FAIL
PASS: ldrh r2, [#0x08000000] ARM/ROM .NS
FAIL: ldrh r2, [#0x08000000] ARM/ROM PNS
ARM/ROM PNS: Got     9 vs    11: FAIL
PASS: ldrh r2, [#0x08000000] ARM/WRAM
PASS: ldrh r2, [#0x08000000] ARM/IWRAM
PASS: ldrh r2, [#0x08000000] Thumb/ROM ...
FAIL: ldrh r2, [#0x08000000] Thumb/ROM P..
Thumb/ROM P..: Got     9 vs    11: FAIL
PASS: ldrh r2, [#0x08000000] Thumb/ROM .N.
FAIL: ldrh r2, [#0x08000000] Thumb/ROM PN.
Thumb/ROM PN.: Got     8 vs     9: FAIL
PASS: ldrh r2, [#0x08000000] Thumb/ROM ..S
FAIL: ldrh r2, [#0x08000000] Thumb/ROM P.S
Thumb/ROM P.S: Got     9 vs    11: FAIL
PASS: ldrh r2, [#0x08000000] Thumb/ROM .NS
FAIL: ldrh r2, [#0x08000000] Thumb/ROM PNS
Thumb/ROM PNS: Got     8 vs     9: FAIL
PASS: ldrh r2, [#0x08000000] Thumb/WRAM
PASS: ldrh r2, [#0x08000000] Thumb/IWRAM
Timing test: ldrh r2, [#0x08000000] / nop
PASS: ldrh r2, [#0x08000000] / nop ARM/ROM ...
FAIL: ldrh r2, [#0x08000000] / nop ARM/ROM P..
[sram]
Game Boy Advance Test Suite
===
Timing test: Calibration
Thumb/ROM ...: Got     5 vs     4: FAIL
Thumb/ROM .N.: Got     4 vs     3: FAIL
Thumb/ROM ..S: Got     5 vs     4: FAIL
Thumb/ROM P.S: Got     1 vs     0: FAIL
Thumb/ROM .NS: Got     4 vs     3: FAIL
Thumb/ROM PNS: Got     1 vs     0: FAIL
Thumb/WRAM: Got     3 vs     2: FAIL
Thumb/IWRAM: Got     1 vs     0: FAIL
Timing test: nop
Thumb/ROM P.S: Got     1 vs     2: FAIL
Thumb/ROM PNS: Got     1 vs     2: FAIL
Timing test: nop / nop
Thumb/ROM P.S: Got     3 vs     4: FAIL
Thumb/ROM PNS: Got     3 vs     4: FAIL
Timing test: ldrh r2, [sp]
Timing test: ldrh r2, [sp] / nop
Timing test: nop / ldrh r2, [sp]
Thumb/ROM PN.: Got     8 vs     6: FAIL
Thumb/ROM P.S: Got     4 vs     5: FAIL
Thumb/ROM PNS: Got     4 vs     5: FAIL
Timing test: nop / ldrh r2, [sp] / nop
Thumb/ROM P.S: Got     5 vs     6: FAIL
Thumb/ROM PNS: Got     5 vs     6: FAIL
Timing test: ldrh r2, [#0x08000000]
ARM/ROM P..: Got    12 vs    14: FAIL
ARM/ROM PN.: Got    11 vs    12: FAIL
ARM/ROM P.S: Got    10 vs    13: FAIL
ARM/ROM PNS: Got     9 vs    11: FAIL
Thumb/ROM P..: Got     9 vs    11: FAIL
Thumb/ROM PN.: Got     8 vs     9: FAIL
Thumb/ROM P.S: Got     9 vs    11: FAIL
Thumb/ROM PNS: Got     8 vs     9: FAIL
Timing test: ldrh r2, [#0x08000000] / nop
[DBG] Game Boy Advance Test Suite
===
[DBG] BEGIN: Timer count-up tests
[DBG] Timer count-up test: 0b, 0x0001
[DBG] PASS: 0b, 0x0001 1xs 1d 1i
[DBG] PASS: 0b, 0x0001 16xs 1d 1i
[DBG] FAIL: 0b, 0x0001 1xv 1d 1i
[DBG] 1xv 1d 1i: Got 0000 vs FFFF: FAIL
[DBG] FAIL: 0b, 0x0001 16xv 1d 1i
[DBG] 16xv 1d 1i: Got 0000 vs FFFF: FAIL
[DBG] PASS: 0b, 0x0001 1xs 2d 1i
[DBG] PASS: 0b, 0x0001 16xs 2d 1i
[DBG] FAIL: 0b, 0x0001 1xv 2d 1i
[DBG] 1xv 2d 1i: Got 0000 vs FFFF: FAIL
[DBG] FAIL: 0b, 0x0001 16xv 2d 1i
[DBG] 16xv 2d 1i: Got 0000 vs FFFF: FAIL
[DBG] PASS: 0b, 0x0001 1xs 4d 1i
[DBG] PASS: 0b, 0x0001 16xs 4d 1i
[DBG] FAIL: 0b, 0x0001 1xv 4d 1i
[DBG] 1xv 4d 1i: Got 0000 vs FFFF: FAIL
[DBG] FAIL: 0b, 0x0001 16xv 4d 1i
[DBG] 16xv 4d 1i: Got 0000 vs FFFF: FAIL
[DBG] PASS: 0b, 0x0001 1xs 1d 2i
[DBG] PASS: 0b, 0x0001 16xs 1d 2i
[DBG] FAIL: 0b, 0x0001 1xv 1d 2i
[DBG] 1xv 1d 2i: Got 0000 vs FFFF: FAIL
[DBG] FAIL: 0b, 0x0001 16xv 1d 2i
[DBG] 16xv 1d 2i: Got 0000 vs FFFF: FAIL
[DBG] PASS: 0b, 0x0001 1xs 2d 2i
[DBG] PASS: 0b, 0x0001 16xs 2d 2i
[DBG] FAIL: 0b, 0x0001 1xv 2d 2i
[DBG] 1xv 2d 2i: Got 0000 vs FFFF: FAIL
[DBG] FAIL: 0b, 0x0001 16xv 2d 2i
[DBG] 16xv 2d 2i: Got 0000 vs FFFF: FAIL
[DBG] PASS: 0b, 0x0001 1xs 4d 2i
[DBG] PASS: 0b, 0x0001 16xs 4d 2i
[DBG] FAIL: 0b, 0x0001 1xv 4d 2i
[DBG] 1xv 4d 2i: Got 0000 vs FFFF: FAIL
[DBG] FAIL: 0b, 0x0001 16xv 4d 2i
[DBG] 16xv 4d 2i: Got 0000 vs FFFF: FAIL
[DBG] PASS: 0b, 0x0001 1xs 1d 4i
[DBG] PASS: 0b, 0x0001 16xs 1d 4i
[DBG] FAIL: 0b, 0x0001 1xv 1d 4i
[DBG] 1xv 1d 4i: Got 0000 vs FFFF: FAIL
[DBG] FAIL: 0b, 0x0001 16xv 1d 4i
[DBG] 16xv 1d 4i: Got 0000 vs FFFF: FAIL
[DBG] PASS: 0b, 0x0001 1xs 2d 4i
[DBG] PASS: 0b, 0x0001 16xs 2d 4i
[DBG] FAIL: 0b, 0x0001 1xv 2d 4i
[DBG] 1xv 2d 4i: Got 0000 vs FFFF: FAIL
[DBG] FAIL: 0b, 0x0001 16xv 2d 4i
[DBG] 16xv 2d 4i: Got 0000 vs FFFF: FAIL
[DBG] PASS: 0b, 0x0001 1xs 4d 4i
[DBG] PASS: 0b, 0x0001 16xs 4d 4i
[DBG] FAIL: 0b, 0x0001 1xv 4d 4i
[DBG] 1xv 4d 4i: Got 0000 vs FFFF: FAIL
[DBG] FAIL: 0b, 0x0001 16xv 4d 4i
[DBG] 16xv 4d 4i: Got 0000 vs FFFF: FAIL
[DBG] Timer count-up test: 0b, 0x0005
[DBG] PASS: 0b, 0x0005 1xs 1d 1i
[DBG] PASS: 0b, 0x0005 16xs 1d 1i
[DBG] FAIL: 0b, 0x0005 1xv 1d 1i
[DBG] 1xv 1d 1i: Got FFFC vs FFFF: FAIL
[DBG] FAIL: 0b, 0x0005 16xv 1d 1i
[DBG] 16xv 1d 1i: Got FFFE vs FFFD: FAIL
[DBG] PASS: 0b, 0x0005 1xs 2d 1i
[DBG] PASS: 0b, 0x0005 16xs 2d 1i
[DBG] FAIL: 0b, 0x0005 1xv 2d 1i
[DBG] 1xv 2d 1i: Got FFFC vs FFFF: FAIL
[DBG] FAIL: 0b, 0x0005 16xv 2d 1i
[DBG] 16xv 2d 1i: Got FFFE vs FFFD: FAIL
[DBG] PASS: 0b, 0x0005 1xs 4d 1i
[DBG] PASS: 0b, 0x0005 16xs 4d 1i
[DBG] FAIL: 0b, 0x0005 1xv 4d 1i
[DBG] 1xv 4d 1i: Got FFFC vs FFFF: FAIL
[DBG] FAIL: 0b, 0x0005 16xv 4d 1i
[DBG] 16xv 4d 1i: Got FFFE vs FFFD: FAIL
[DBG] PASS: 0b, 0x0005 1xs 1d 2i
[DBG] PASS: 0b, 0x0005 16xs 1d 2i
[DBG] FAIL: 0b, 0x0005 1xv 1d 2i
[DBG] 1xv 1d 2i: Got FFFC vs FFFB: FAIL
[DBG] PASS: 0b, 0x0005 16xv 1d 2i
[DBG] PASS: 0b, 0x0005 1xs 2d 2i
[DBG] PASS: 0b, 0x0005 16xs 2d 2i
[DBG] FAIL: 0b, 0x0005 1xv 2d 2i
[DBG] 1xv 2d 2i: Got FFFC vs FFFB: FAIL
[DBG] PASS: 0b, 0x0005 16xv 2d 2i
[DBG] PASS: 0b, 0x0005 1xs 4d 2i
[DBG] PASS: 0b, 0x0005 16xs 4d 2i
[DBG] FAIL: 0b, 0x0005 1xv 4d 2i
[DBG] 1xv 4d 2i: Got FFFC vs FFFB: FAIL
[DBG] PASS: 0b, 0x0005 16xv 4d 2i
[DBG] PASS: 0b, 0x0005 1xs 1d 4i
[DBG] PASS: 0b, 0x0005 16xs 1d 4i
[DBG] FAIL: 0b, 0x0005 1xv 1d 4i
[DBG] 1xv 1d 4i: Got FFFC vs FFFD: FAIL
[DBG] FAIL: 0b, 0x0005 16xv 1d 4i
[DBG] 16xv 1d 4i: Got FFFE vs FFFB: FAIL
[DBG] PASS: 0b, 0x0005 1xs 2d 4i
[DBG] PASS: 0b, 0x0005 16xs 2d 4i
[DBG] FAIL: 0b, 0x0005 1xv 2d 4i
[DBG] 1xv 2d 4i: Got FFFC vs FFFD: FAIL
[DBG] FAIL: 0b, 0x0005 16xv 2d 4i
[DBG] 16xv 2d 4i: Got FFFE vs FFFB: FAIL
[DBG] PASS: 0b, 0x0005 1xs 4d 4i
[DBG] PASS: 0b, 0x0005 16xs 4d 4i
[DBG] FAIL: 0b, 0x0005 1xv 4d 4i
[DBG] 1xv 4d 4i: Got FFFC vs FFFD: FAIL
[DBG] FAIL: 0b, 0x0005 16xv 4d 4i
[DBG] 16xv 4d 4i: Got FFFE vs FFFB: FAIL
[DBG] Timer count-up test: 0b, 0x000C
[DBG] PASS: 0b, 0x000C 1xs 1d 1i
[DBG] PASS: 0b, 0x000C 16xs 1d 1i
[DBG] FAIL: 0b, 0x000C 1xv 1d 1i
[DBG] 1xv 1d 1i: Got FFFD vs FFFC: FAIL
[DBG] FAIL: 0b, 0x000C 16xv 1d 1i
[DBG] 16xv 1d 1i: Got FFFF vs FFFE: FAIL
[DBG] PASS: 0b, 0x000C 1xs 2d 1i
[DBG] PASS: 0b, 0x000C 16xs 2d 1i
[DBG] FAIL: 0b, 0x000C 1xv 2d 1i
[DBG] 1xv 2d 1i: Got FFFD vs FFFC: FAIL
[DBG] FAIL: 0b, 0x000C 16xv 2d 1i
[DBG] 16xv 2d 1i: Got FFFF vs FFFE: FAIL
[DBG] PASS: 0b, 0x000C 1xs 4d 1i
[DBG] PASS: 0b, 0x000C 16xs 4d 1i
[DBG] FAIL: 0b, 0x000C 1xv 4d 1i
[DBG] 1xv 4d 1i: Got FFFD vs FFFC: FAIL
[DBG] FAIL: 0b, 0x000C 16xv 4d 1i
[DBG] 16xv 4d 1i: Got FFFF vs FFFE: FAIL
[DBG] PASS: 0b, 0x000C 1xs 1d 2i
[DBG] PASS: 0b, 0x000C 16xs 1d 2i
[DBG] PASS: 0b, 0x000C 1xv 1d 2i
[DBG] PASS: 0b, 0x000C 16xv 1d 2i
[DBG] PASS: 0b, 0x000C 1xs 2d 2i
[DBG] PASS: 0b, 0x000C 16xs 2d 2i
[DBG] PASS: 0b, 0x000C 1xv 2d 2i
[DBG] PASS: 0b, 0x000C 16xv 2d 2i
[DBG] PASS: 0b, 0x000C 1xs 4d 2i
[DBG] PASS: 0b, 0x000C 16xs 4d 2i
[DBG] PASS: 0b, 0x000C 1xv 4d 2i
[DBG] PASS: 0b, 0x000C 16xv 4d 2i
[DBG] PASS: 0b, 0x000C 1xs 1d 4i
[DBG] PASS: 0b, 0x000C 16xs 1d 4i
[DBG] FAIL: 0b, 0x000C 1xv 1d 4i
[DBG] 1xv 1d 4i: Got FFFD vs FFFF: FAIL
[DBG] FAIL: 0b, 0x000C 16xv 1d 4i
[DBG] 16xv 1d 4i: Got FFFF vs FFF5: FAIL
[DBG] PASS: 0b, 0x000C 1xs 2d 4i
[DBG] PASS: 0b, 0x000C 16xs 2d 4i
[DBG] FAIL: 0b, 0x000C 1xv 2d 4i
[DBG] 1xv 2d 4i: Got FFFD vs FFFF: FAIL
[DBG] FAIL: 0b, 0x000C 16xv 2d 4i
[DBG] 16xv 2d 4i: Got FFFF vs FFF5: FAIL
[DBG] PASS: 0b, 0x000C 1xs 4d 4i
[DBG] PASS: 0b, 0x000C 16xs 4d 4i
[DBG] FAIL: 0b, 0x000C 1xv 4d 4i
[DBG] 1xv 4d 4i: Got FFFD vs FFFF: FAIL
[DBG] FAIL: 0b, 0x000C 16xv 4d 4i
[DBG] 16xv 4d 4i: Got FFFF vs FFF5: FAIL
[DBG] Timer count-up test: 0b, 0x000D
[DBG] PASS: 0b, 0x000D 1xs 1d 1i
[DBG] PASS: 0b, 0x000D 16xs 1d 1i
[DBG] FAIL: 0b, 0x000D 1xv 1d 1i
[DBG] 1xv 1d 1i: Got FFF7 vs FFF6: FAIL
[DBG] FAIL: 0b, 0x000D 16xv 1d 1i
[DBG] 16xv 1d 1i: Got FFF6 vs FFF5: FAIL
[DBG] PASS: 0b, 0x000D 1xs 2d 1i
[DBG] PASS: 0b, 0x000D 16xs 2d 1i
[DBG] FAIL: 0b, 0x000D 1xv 2d 1i
[DBG] 1xv 2d 1i: Got FFF7 vs FFF6: FAIL
[DBG] FAIL: 0b, 0x000D 16xv 2d 1i
[DBG] 16xv 2d 1i: Got FFF6 vs FFF5: FAIL
[DBG] PASS: 0b, 0x000D 1xs 4d 1i
[DBG] PASS: 0b, 0x000D 16xs 4d 1i
[DBG] FAIL: 0b, 0x000D 1xv 4d 1i
[DBG] 1xv 4d 1i: Got FFF7 vs FFF6: FAIL
[DBG] FAIL: 0b, 0x000D 16xv 4d 1i
[DBG] 16xv 4d 1i: Got FFF6 vs FFF5: FAIL
[DBG] PASS: 0b, 0x000D 1xs 1d 2i
[DBG] PASS: 0b, 0x000D 16xs 1d 2i
[DBG] PASS: 0b, 0x000D 1xv 1d 2i
[DBG] PASS: 0b, 0x000D 16xv 1d 2i
[DBG] PASS: 0b, 0x000D 1xs 2d 2i
[DBG] PASS: 0b, 0x000D 16xs 2d 2i
[DBG] PASS: 0b, 0x000D 1xv 2d 2i
[DBG] PASS: 0b, 0x000D 16xv 2d 2i
[DBG] PASS: 0b, 0x000D 1xs 4d 2i
[DBG] PASS: 0b, 0x000D 16xs 4d 2i
[DBG] PASS: 0b, 0x000D 1xv 4d 2i
[DBG] PASS: 0b, 0x000D 16xv 4d 2i
[DBG] PASS: 0b, 0x000D 1xs 1d 4i
[DBG] PASS: 0b, 0x000D 16xs 1d 4i
[DBG] FAIL: 0b, 0x000D 1xv 1d 4i
[DBG] 1xv 1d 4i: Got FFF4 vs FFF5: FAIL
[DBG] FAIL: 0b, 0x000D 16xv 1d 4i
[DBG] 16xv 1d 4i: Got FFFF vs FFF4: FAIL
[DBG] PASS: 0b, 0x000D 1xs 2d 4i
[DBG] PASS: 0b, 0x000D 16xs 2d 4i
[DBG] FAIL: 0b, 0x000D 1xv 2d 4i
[DBG] 1xv 2d 4i: Got FFF4 vs FFF5: FAIL
[DBG] FAIL: 0b, 0x000D 16xv 2d 4i
[DBG] 16xv 2d 4i: Got FFFF vs FFF4: FAIL
[DBG] PASS: 0b, 0x000D 1xs 4d 4i
[DBG] PASS: 0b, 0x000D 16xs 4d 4i
[DBG] FAIL: 0b, 0x000D 1xv 4d 4i
[DBG] 1xv 4d 4i: Got FFF4 vs FFF5: FAIL
[DBG] FAIL: 0b, 0x000D 16xv 4d 4i
[DBG] 16xv 4d 4i: Got FFFF vs FFF4: FAIL
[DBG] Timer count-up test: 0b, 0x0010
[DBG] PASS: 0b, 0x0010 1xs 1d 1i
[DBG] PASS: 0b, 0x0010 16xs 1d 1i
[DBG] FAIL: 0b, 0x0010 1xv 1d 1i
[DBG] 1xv 1d 1i: Got FFFD vs FFFC: FAIL
[DBG] FAIL: 0b, 0x0010 16xv 1d 1i
[DBG] 16xv 1d 1i: Got FFFF vs FFFE: FAIL
[DBG] PASS: 0b, 0x0010 1xs 2d 1i
[DBG] PASS: 0b, 0x0010 16xs 2d 1i
[DBG] FAIL: 0b, 0x0010 1xv 2d 1i
[DBG] 1xv 2d 1i: Got FFFD vs FFFC: FAIL
[DBG] FAIL: 0b, 0x0010 16xv 2d 1i
[DBG] 16xv 2d 1i: Got FFFF vs FFFE: FAIL
[DBG] PASS: 0b, 0x0010 1xs 4d 1i
[DBG] PASS: 0b, 0x0010 16xs 4d 1i
[DBG] FAIL: 0b, 0x0010 1xv 4d 1i
[DBG] 1xv 4d 1i: Got FFFD vs FFFC: FAIL
[DBG] FAIL: 0b, 0x0010 16xv 4d 1i
[DBG] 16xv 4d 1i: Got FFFF vs FFFE: FAIL
[DBG] PASS: 0b, 0x0010 1xs 1d 2i
[DBG] PASS: 0b, 0x0010 16xs 1d 2i
[DBG] PASS: 0b, 0x0010 1xv 1d 2i
[DBG] PASS: 0b, 0x0010 16xv 1d 2i
[DBG] PASS: 0b, 0x0010 1xs 2d 2i
[DBG] PASS: 0b, 0x0010 16xs 2d 2i
[DBG] PASS: 0b, 0x0010 1xv 2d 2i
[DBG] PASS: 0b, 0x0010 16xv 2d 2i
[DBG] PASS: 0b, 0x0010 1xs 4d 2i
[DBG] PASS: 0b, 0x0010 16xs 4d 2i
[DBG] PASS: 0b, 0x0010 1xv 4d 2i
[DBG] PASS: 0b, 0x0010 16xv 4d 2i
[DBG] PASS: 0b, 0x0010 1xs 1d 4i
[DBG] PASS: 0b, 0x0010 16xs 1d 4i
[DBG] FAIL: 0b, 0x0010 1xv 1d 4i
[DBG] 1xv 1d 4i: Got FFF5 vs FFF7: FAIL
[DBG] FAIL: 0b, 0x0010 16xv 1d 4i
[DBG] 16xv 1d 4i: Got FFF7 vs FFF9: FAIL
[DBG] PASS: 0b, 0x0010 1xs 2d 4i
[DBG] PASS: 0b, 0x0010 16xs 2d 4i
[DBG] FAIL: 0b, 0x0010 1xv 2d 4i
[DBG] 1xv 2d 4i: Got FFF5 vs FFF7: FAIL
[DBG] FAIL: 0b, 0x0010 16xv 2d 4i
[DBG] 16xv 2d 4i: Got FFF7 vs FFF9: FAIL
[DBG] PASS: 0b, 0x0010 1xs 4d 4i
[DBG] PASS: 0b, 0x0010 16xs 4d 4i
[DBG] FAIL: 0b, 0x0010 1xv 4d 4i
[DBG] 1xv 4d 4i: Got FFF5 vs FFF7: FAIL
[DBG] FAIL: 0b, 0x0010 16xv 4d 4i
[DBG] 16xv 4d 4i: Got FFF7 vs FFF9: FAIL
[DBG] Timer count-up test: 0b, 0x0014
[DBG] PASS: 0b, 0x0014 1xs 1d 1i
[DBG] PASS: 0b, 0x0014 16xs 1d 1i
[DBG] FAIL: 0b, 0x0014 1xv 1d 1i
[DBG] 1xv 1d 1i: Got FFF9 vs FFF8: FAIL
[DBG] FAIL: 0b, 0x0014 16xv 1d 1i
[DBG] 16xv 1d 1i: Got FFF9 vs FFF8: FAIL
[DBG] PASS: 0b, 0x0014 1xs 2d 1i
[DBG] PASS: 0b, 0x0014 16xs 2d 1i
[DBG] FAIL: 0b, 0x0014 1xv 2d 1i
[DBG] 1xv 2d 1i: Got FFF9 vs FFF8: FAIL
[DBG] FAIL: 0b, 0x0014 16xv 2d 1i
[DBG] 16xv 2d 1i: Got FFF9 vs FFF8: FAIL
[DBG] PASS: 0b, 0x0014 1xs 4d 1i
[DBG] PASS: 0b, 0x0014 16xs 4d 1i
[DBG] FAIL: 0b, 0x0014 1xv 4d 1i
[DBG] 1xv 4d 1i: Got FFF9 vs FFF8: FAIL
[DBG] FAIL: 0b, 0x0014 16xv 4d 1i
[DBG] 16xv 4d 1i: Got FFF9 vs FFF8: FAIL
[DBG] PASS: 0b, 0x0014 1xs 1d 2i
[DBG] PASS: 0b, 0x0014 16xs 1d 2i
[DBG] PASS: 0b, 0x0014 1xv 1d 2i
[DBG] PASS: 0b, 0x0014 16xv 1d 2i
[DBG] PASS: 0b, 0x0014 1xs 2d 2i
[DBG] PASS: 0b, 0x0014 16xs 2d 2i
[DBG] PASS: 0b, 0x0014 1xv 2d 2i
[DBG] PASS: 0b, 0x0014 16xv 2d 2i
[DBG] PASS: 0b, 0x0014 1xs 4d 2i
[DBG] PASS: 0b, 0x0014 16xs 4d 2i
[DBG] PASS: 0b, 0x0014 1xv 4d 2i
[DBG] PASS: 0b, 0x0014 16xv 4d 2i
[DBG] PASS: 0b, 0x0014 1xs 1d 4i
[DBG] PASS: 0b, 0x0014 16xs 1d 4i
[DBG] FAIL: 0b, 0x0014 1xv 1d 4i
[DBG] 1xv 1d 4i: Got FFF9 vs FFFB: FAIL
[DBG] FAIL: 0b, 0x0014 16xv 1d 4i
[DBG] 16xv 1d 4i: Got FFF9 vs FFFB: FAIL
[DBG] PASS: 0b, 0x0014 1xs 2d 4i
[DBG] PASS: 0b, 0x0014 16xs 2d 4i
[DBG] FAIL: 0b, 0x0014 1xv 2d 4i
[DBG] 1xv 2d 4i: Got FFF9 vs FFFB: FAIL
[DBG] FAIL: 0b, 0x0014 16xv 2d 4i
[DBG] 16xv 2d 4i: Got FFF9 vs FFFB: FAIL
[DBG] PASS: 0b, 0x0014 1xs 4d 4i
[DBG] PASS: 0b, 0x0014 16xs 4d 4i
[DBG] FAIL: 0b, 0x0014 1xv 4d 4i
[DBG] 1xv 4d 4i: Got FFF9 vs FFFB: FAIL
[DBG] FAIL: 0b, 0x0014 16xv 4d 4i
[DBG] 16xv 4d 4i: Got FFF9 vs FFFB: FAIL
[DBG] Timer count-up test: 0b, 0x0015
[DBG] PASS: 0b, 0x0015 1xs 1d 1i
[DBG] PASS: 0b, 0x0015 16xs 1d 1i
[DBG] FAIL: 0b, 0x0015 1xv 1d 1i
[DBG] 1xv 1d 1i: Got FFF6 vs FFF5: FAIL
[DBG] FAIL: 0b, 0x0015 16xv 1d 1i
[DBG] 16xv 1d 1i: Got FFF4 vs FFF3: FAIL
[DBG] PASS: 0b, 0x0015 1xs 2d 1i
[DBG] PASS: 0b, 0x0015 16xs 2d 1i
[DBG] FAIL: 0b, 0x0015 1xv 2d 1i
[DBG] 1xv 2d 1i: Got FFF6 vs FFF5: FAIL
[DBG] FAIL: 0b, 0x0015 16xv 2d 1i
[DBG] 16xv 2d 1i: Got FFF4 vs FFF3: FAIL
[DBG] PASS: 0b, 0x0015 1xs 4d 1i
[DBG] PASS: 0b, 0x0015 16xs 4d 1i
[DBG] FAIL: 0b, 0x0015 1xv 4d 1i
[DBG] 1xv 4d 1i: Got FFF6 vs FFF5: FAIL
[DBG] FAIL: 0b, 0x0015 16xv 4d 1i
[DBG] 16xv 4d 1i: Got FFF4 vs FFF3: FAIL
[DBG] PASS: 0b, 0x0015 1xs 1d 2i
[DBG] PASS: 0b, 0x0015 16xs 1d 2i
[DBG] PASS: 0b, 0x0015 1xv 1d 2i
[DBG] PASS: 0b, 0x0015 16xv 1d 2i
[DBG] PASS: 0b, 0x0015 1xs 2d 2i
[DBG] PASS: 0b, 0x0015 16xs 2d 2i
[DBG] PASS: 0b, 0x0015 1xv 2d 2i
[DBG] PASS: 0b, 0x0015 16xv 2d 2i
[DBG] PASS: 0b, 0x0015 1xs 4d 2i
[DBG] PASS: 0b, 0x0015 16xs 4d 2i
[DBG] PASS: 0b, 0x0015 1xv 4d 2i
[DBG] PASS: 0b, 0x0015 16xv 4d 2i
[DBG] PASS: 0b, 0x0015 1xs 1d 4i
[DBG] PASS: 0b, 0x0015 16xs 1d 4i
[DBG] FAIL: 0b, 0x0015 1xv 1d 4i
[DBG] 1xv 1d 4i: Got FFF9 vs FFFB: FAIL
[DBG] FAIL: 0b, 0x0015 16xv 1d 4i
[DBG] 16xv 1d 4i: Got FFF7 vs FFF9: FAIL
[DBG] PASS: 0b, 0x0015 1xs 2d 4i
[DBG] PASS: 0b, 0x0015 16xs 2d 4i
[DBG] FAIL: 0b, 0x0015 1xv 2d 4i
[DBG] 1xv 2d 4i: Got FFF9 vs FFFB: FAIL
[DBG] FAIL: 0b, 0x0015 16xv 2d 4i
[DBG] 16xv 2d 4i: Got FFF7 vs FFF9: FAIL
[DBG] PASS: 0b, 0x0015 1xs 4d 4i
[DBG] PASS: 0b, 0x0015 16xs 4d 4i
[DBG] FAIL: 0b, 0x0015 1xv 4d 4i
[DBG] 1xv 4d 4i: Got FFF9 vs FFFB: FAIL
[DBG] FAIL: 0b, 0x0015 16xv 4d 4i
[DBG] 16xv 4d 4i: Got FFF7 vs FFF9: FAIL
[DBG] Timer count-up test: 0b, 0x0020
[DBG] PASS: 0b, 0x0020 1xs 1d 1i
[DBG] PASS: 0b, 0x0020 16xs 1d 1i
[DBG] FAIL: 0b, 0x0020 1xv 1d 1i
[DBG] 1xv 1d 1i: Got FFFD vs FFFC: FAIL
[DBG] FAIL: 0b, 0x0020 16xv 1d 1i
[DBG] 16xv 1d 1i: Got FFFD vs FFFC: FAIL
[DBG] PASS: 0b, 0x0020 1xs 2d 1i
[DBG] PASS: 0b, 0x0020 16xs 2d 1i
[DBG] FAIL: 0b, 0x0020 1xv 2d 1i
[DBG] 1xv 2d 1i: Got FFFD vs FFFC: FAIL
[DBG] FAIL: 0b, 0x0020 16xv 2d 1i
[DBG] 16xv 2d 1i: Got FFFD vs FFFC: FAIL
[DBG] PASS: 0b, 0x0020 1xs 4d 1i
[DBG] PASS: 0b, 0x0020 16xs 4d 1i
[DBG] FAIL: 0b, 0x0020 1xv 4d 1i
[DBG] 1xv 4d 1i: Got FFFD vs FFFC: FAIL
[DBG] FAIL: 0b, 0x0020 16xv 4d 1i
[DBG] 16xv 4d 1i: Got FFFD vs FFFC: FAIL
[DBG] PASS: 0b, 0x0020 1xs 1d 2i
[DBG] PASS: 0b, 0x0020 16xs 1d 2i
[DBG] PASS: 0b, 0x0020 1xv 1d 2i
[DBG] PASS: 0b, 0x0020 16xv 1d 2i
[DBG] PASS: 0b, 0x0020 1xs 2d 2i
[DBG] PASS: 0b, 0x0020 16xs 2d 2i
[DBG] PASS: 0b, 0x0020 1xv 2d 2i
[DBG] PASS: 0b, 0x0020 16xv 2d 2i
[DBG] PASS: 0b, 0x0020 1xs 4d 2i
[DBG] PASS: 0b, 0x0020 16xs 4d 2i
[DBG] PASS: 0b, 0x0020 1xv 4d 2i
[DBG] PASS: 0b, 0x0020 16xv 4d 2i
[DBG] PASS: 0b, 0x0020 1xs 1d 4i
[DBG] PASS: 0b, 0x0020 16xs 1d 4i
[DBG] FAIL: 0b, 0x0020 1xv 1d 4i
[DBG] 1xv 1d 4i: Got FFE5 vs FFE7: FAIL
[DBG] FAIL: 0b, 0x0020 16xv 1d 4i
[DBG] 16xv 1d 4i: Got FFE5 vs FFE7: FAIL
[DBG] PASS: 0b, 0x0020 1xs 2d 4i
[DBG] PASS: 0b, 0x0020 16xs 2d 4i
[DBG] FAIL: 0b, 0x0020 1xv 2d 4i
[DBG] 1xv 2d 4i: Got FFE5 vs FFE7: FAIL
[DBG] FAIL: 0b, 0x0020 16xv 2d 4i
[DBG] 16xv 2d 4i: Got FFE5 vs FFE7: FAIL
[DBG] PASS: 0b, 0x0020 1xs 4d 4i
[DBG] PASS: 0b, 0x0020 16xs 4d 4i
[DBG] FAIL: 0b, 0x0020 1xv 4d 4i
[DBG] 1xv 4d 4i: Got FFE5 vs FFE7: FAIL
[DBG] FAIL: 0b, 0x0020 16xv 4d 4i
[DBG] 16xv 4d 4i: Got FFE5 vs FFE7: FAIL
[DBG] Timer count-up test: 0b, 0x0024
[DBG] PASS: 0b, 0x0024 1xs 1d 1i
[DBG] PASS: 0b, 0x0024 16xs 1d 1i
[DBG] FAIL: 0b, 0x0024 1xv 1d 1i
[DBG] 1xv 1d 1i: Got FFF1 vs FFF0: FAIL
[DBG] FAIL: 0b, 0x0024 16xv 1d 1i
[DBG] 16xv 1d 1i: Got FFF2 vs FFF1: FAIL
[DBG] PASS: 0b, 0x0024 1xs 2d 1i
[DBG] PASS: 0b, 0x0024 16xs 2d 1i
[DBG] FAIL: 0b, 0x0024 1xv 2d 1i
[DBG] 1xv 2d 1i: Got FFF1 vs FFF0: FAIL
[DBG] FAIL: 0b, 0x0024 16xv 2d 1i
[DBG] 16xv 2d 1i: Got FFF2 vs FFF1: FAIL
[DBG] PASS: 0b, 0x0024 1xs 4d 1i
[DBG] PASS: 0b, 0x0024 16xs 4d 1i
[DBG] FAIL: 0b, 0x0024 1xv 4d 1i
[DBG] 1xv 4d 1i: Got FFF1 vs FFF0: FAIL
[DBG] FAIL: 0b, 0x0024 16xv 4d 1i
[DBG] 16xv 4d 1i: Got FFF2 vs FFF1: FAIL
[DBG] PASS: 0b, 0x0024 1xs 1d 2i
[DBG] PASS: 0b, 0x0024 16xs 1d 2i
[DBG] PASS: 0b, 0x0024 1xv 1d 2i
[DBG] PASS: 0b, 0x0024 16xv 1d 2i
[DBG] PASS: 0b, 0x0024 1xs 2d 2i
[DBG] PASS: 0b, 0x0024 16xs 2d 2i
[DBG] PASS: 0b, 0x0024 1xv 2d 2i
[DBG] PASS: 0b, 0x0024 16xv 2d 2i
[DBG] PASS: 0b, 0x0024 1xs 4d 2i
[DBG] PASS: 0b, 0x0024 16xs 4d 2i
[DBG] PASS: 0b, 0x0024 1xv 4d 2i
[DBG] PASS: 0b, 0x0024 16xv 4d 2i
[DBG] PASS: 0b, 0x0024 1xs 1d 4i
[DBG] PASS: 0b, 0x0024 16xs 1d 4i
[DBG] FAIL: 0b, 0x0024 1xv 1d 4i
[DBG] 1xv 1d 4i: Got FFF1 vs FFF3: FAIL
[DBG] FAIL: 0b, 0x0024 16xv 1d 4i
[DBG] 16xv 1d 4i: Got FFF2 vs FFF4: FAIL
[DBG] PASS: 0b, 0x0024 1xs 2d 4i
[DBG] PASS: 0b, 0x0024 16xs 2d 4i
[DBG] FAIL: 0b, 0x0024 1xv 2d 4i
[DBG] 1xv 2d 4i: Got FFF1 vs FFF3: FAIL
[DBG] FAIL: 0b, 0x0024 16xv 2d 4i
[DBG] 16xv 2d 4i: Got FFF2 vs FFF4: FAIL
[DBG] PASS: 0b, 0x0024 1xs 4d 4i
[DBG] PASS: 0b, 0x0024 16xs 4d 4i
[DBG] FAIL: 0b, 0x0024 1xv 4d 4i
[DBG] 1xv 4d 4i: Got FFF1 vs FFF3: FAIL
[DBG] FAIL: 0b, 0x0024 16xv 4d 4i
[DBG] 16xv 4d 4i: Got FFF2 vs FFF4: FAIL
[DBG] Timer count-up test: 0b, 0x0025
[DBG] PASS: 0b, 0x0025 1xs 1d 1i
[DBG] PASS: 0b, 0x0025 16xs 1d 1i
[DBG] FAIL: 0b, 0x0025 1xv 1d 1i
[DBG] 1xv 1d 1i: Got FFF0 vs FFEF: FAIL
[DBG] FAIL: 0b, 0x0025 16xv 1d 1i
[DBG] 16xv 1d 1i: Got FFEE vs FFED: FAIL
[DBG] PASS: 0b, 0x0025 1xs 2d 1i
[DBG] PASS: 0b, 0x0025 16xs 2d 1i
[DBG] FAIL: 0b, 0x0025 1xv 2d 1i
[DBG] 1xv 2d 1i: Got FFF0 vs FFEF: FAIL
[DBG] FAIL: 0b, 0x0025 16xv 2d 1i
[DBG] 16xv 2d 1i: Got FFEE vs FFED: FAIL
[DBG] PASS: 0b, 0x0025 1xs 4d 1i
[DBG] PASS: 0b, 0x0025 16xs 4d 1i
[DBG] FAIL: 0b, 0x0025 1xv 4d 1i
[DBG] 1xv 4d 1i: Got FFF0 vs FFEF: FAIL
[DBG] FAIL: 0b, 0x0025 16xv 4d 1i
[DBG] 16xv 4d 1i: Got FFEE vs FFED: FAIL
[DBG] PASS: 0b, 0x0025 1xs 1d 2i
[DBG] PASS: 0b, 0x0025 16xs 1d 2i
[DBG] PASS: 0b, 0x0025 1xv 1d 2i
[DBG] PASS: 0b, 0x0025 16xv 1d 2i
[DBG] PASS: 0b, 0x0025 1xs 2d 2i
[DBG] PASS: 0b, 0x0025 16xs 2d 2i
[DBG] PASS: 0b, 0x0025 1xv 2d 2i
[DBG] PASS: 0b, 0x0025 16xv 2d 2i
[DBG] PASS: 0b, 0x0025 1xs 4d 2i
[DBG] PASS: 0b, 0x0025 16xs 4d 2i
[DBG] PASS: 0b, 0x0025 1xv 4d 2i
[DBG] PASS: 0b, 0x0025 16xv 4d 2i
[DBG] PASS: 0b, 0x0025 1xs 1d 4i
[DBG] PASS: 0b, 0x0025 16xs 1d 4i
[DBG] FAIL: 0b, 0x0025 1xv 1d 4i
[DBG] 1xv 1d 4i: Got FFE6 vs FFE8: FAIL
[DBG] FAIL: 0b, 0x0025 16xv 1d 4i
[DBG] 16xv 1d 4i: Got FFE4 vs FFE6: FAIL
[DBG] PASS: 0b, 0x0025 1xs 2d 4i
[DBG] PASS: 0b, 0x0025 16xs 2d 4i
[DBG] FAIL: 0b, 0x0025 1xv 2d 4i
[DBG] 1xv 2d 4i: Got FFE6 vs FFE8: FAIL
[DBG] FAIL: 0b, 0x0025 16xv 2d 4i
[DBG] 16xv 2d 4i: Got FFE4 vs FFE6: FAIL
[DBG] PASS: 0b, 0x0025 1xs 4d 4i
[DBG] PASS: 0b, 0x0025 16xs 4d 4i
[DBG] FAIL: 0b, 0x0025 1xv 4d 4i
[DBG] 1xv 4d 4i: Got FFE6 vs FFE8: FAIL
[DBG] FAIL: 0b, 0x0025 16xv 4d 4i
[DBG] 16xv 4d 4i: Got FFE4 vs FFE6: FAIL
[DBG] Timer count-up test: 0b, 0x0040
[DBG] PASS: 0b, 0x0040 1xs 1d 1i
[DBG] PASS: 0b, 0x0040 16xs 1d 1i
[DBG] FAIL: 0b, 0x0040 1xv 1d 1i
[DBG] 1xv 1d 1i: Got FFDD vs FFDC: FAIL
[DBG] FAIL: 0b, 0x0040 16xv 1d 1i
[DBG] 16xv 1d 1i: Got FFDD vs FFDC: FAIL
[DBG] PASS: 0b, 0x0040 1xs 2d 1i
[DBG] PASS: 0b, 0x0040 16xs 2d 1i
[DBG] FAIL: 0b, 0x0040 1xv 2d 1i
[DBG] 1xv 2d 1i: Got FFDD vs FFDC: FAIL
[DBG] FAIL: 0b, 0x0040 16xv 2d 1i
[DBG] 16xv 2d 1i: Got FFDD vs FFDC: FAIL
[DBG] PASS: 0b, 0x0040 1xs 4d 1i
[DBG] PASS: 0b, 0x0040 16xs 4d 1i
[DBG] FAIL: 0b, 0x0040 1xv 4d 1i
[DBG] 1xv 4d 1i: Got FFDD vs FFDC: FAIL
[DBG] FAIL: 0b, 0x0040 16xv 4d 1i
[DBG] 16xv 4d 1i: Got FFDD vs FFDC: FAIL
[DBG] PASS: 0b, 0x0040 1xs 1d 2i
[DBG] PASS: 0b, 0x0040 16xs 1d 2i
[DBG] FAIL: 0b, 0x0040 1xv 1d 2i
[DBG] 1xv 1d 2i: Got FFDD vs FFDC: FAIL
[DBG] FAIL: 0b, 0x0040 16xv 1d 2i
[DBG] 16xv 1d 2i: Got FFDD vs FFDC: FAIL
[DBG] PASS: 0b, 0x0040 1xs 2d 2i
[DBG] PASS: 0b, 0x0040 16xs 2d 2i
[DBG] FAIL: 0b, 0x0040 1xv 2d 2i
[DBG] 1xv 2d 2i: Got FFDD vs FFDC: FAIL
[DBG] FAIL: 0b, 0x0040 16xv 2d 2i
[DBG] 16xv 2d 2i: Got FFDD vs FFDC: FAIL
[DBG] PASS: 0b, 0x0040 1xs 4d 2i
[DBG] PASS: 0b, 0x0040 16xs 4d 2i
[DBG] FAIL: 0b, 0x0040 1xv 4d 2i
[DBG] 1xv 4d 2i: Got FFDD vs FFDC: FAIL
[DBG] FAIL: 0b, 0x0040 16xv 4d 2i
[DBG] 16xv 4d 2i: Got FFDD vs FFDC: FAIL
[DBG] PASS: 0b, 0x0040 1xs 1d 4i
[DBG] PASS: 0b, 0x0040 16xs 1d 4i
[DBG] FAIL: 0b, 0x0040 1xv 1d 4i
[DBG] 1xv 1d 4i: Got FFDD vs FFDE: FAIL
[DBG] FAIL: 0b, 0x0040 16xv 1d 4i
[DBG] 16xv 1d 4i: Got FFDD vs FFDE: FAIL
[DBG] PASS: 0b, 0x0040 1xs 2d 4i
[DBG] PASS: 0b, 0x0040 16xs 2d 4i
[DBG] FAIL: 0b, 0x0040 1xv 2d 4i
[DBG] 1xv 2d 4i: Got FFDD vs FFDE: FAIL
[DBG] FAIL: 0b, 0x0040 16xv 2d 4i
[DBG] 16xv 2d 4i: Got FFDD vs FFDE: FAIL
[DBG] PASS: 0b, 0x0040 1xs 4d 4i
[DBG] PASS: 0b, 0x0040 16xs 4d 4i
[DBG] FAIL: 0b, 0x0040 1xv 4d 4i
[DBG] 1xv 4d 4i: Got FFDD vs FFDE: FAIL
[DBG] FAIL: 0b, 0x0040 16xv 4d 4i
[DBG] 16xv 4d 4i: Got FFDD vs FFDE: FAIL
[DBG] Timer count-up test: 0b, 0x0080
[DBG] PASS: 0b, 0x0080 1xs 1d 1i
[DBG] PASS: 0b, 0x0080 16xs 1d 1i
[DBG] FAIL: 0b, 0x0080 1xv 1d 1i
[DBG] 1xv 1d 1i: Got FFDD vs FFDC: FAIL
[DBG] FAIL: 0b, 0x0080 16xv 1d 1i
[DBG] 16xv 1d 1i: Got FFDE vs FFDD: FAIL
[DBG] PASS: 0b, 0x0080 1xs 2d 1i
[DBG] PASS: 0b, 0x0080 16xs 2d 1i
[DBG] FAIL: 0b, 0x0080 1xv 2d 1i
[DBG] 1xv 2d 1i: Got FFDD vs FFDC: FAIL
[DBG] FAIL: 0b, 0x0080 16xv 2d 1i
[DBG] 16xv 2d 1i: Got FFDE vs FFDD: FAIL
[DBG] PASS: 0b, 0x0080 1xs 4d 1i
[DBG] PASS: 0b, 0x0080 16xs 4d 1i
[DBG] FAIL: 0b, 0x0080 1xv 4d 1i
[DBG] 1xv 4d 1i: Got FFDD vs FFDC: FAIL
[DBG] FAIL: 0b, 0x0080 16xv 4d 1i
[DBG] 16xv 4d 1i: Got FFDE vs FFDD: FAIL
[DBG] PASS: 0b, 0x0080 1xs 1d 2i
[DBG] PASS: 0b, 0x0080 16xs 1d 2i
[DBG] FAIL: 0b, 0x0080 1xv 1d 2i
[DBG] 1xv 1d 2i: Got FFDD vs FFDC: FAIL
[DBG] FAIL: 0b, 0x0080 16xv 1d 2i
[DBG] 16xv 1d 2i: Got FFDD vs FFDC: FAIL
[DBG] PASS: 0b, 0x0080 1xs 2d 2i
[DBG] PASS: 0b, 0x0080 16xs 2d 2i
[DBG] FAIL: 0b, 0x0080 1xv 2d 2i
[DBG] 1xv 2d 2i: Got FFDD vs FFDC: FAIL
[DBG] FAIL: 0b, 0x0080 16xv 2d 2i
[DBG] 16xv 2d 2i: Got FFDD vs FFDC: FAIL
[DBG] PASS: 0b, 0x0080 1xs 4d 2i
[DBG] PASS: 0b, 0x0080 16xs 4d 2i
[DBG] FAIL: 0b, 0x0080 1xv 4d 2i
[DBG] 1xv 4d 2i: Got FFDD vs FFDC: FAIL
[DBG] FAIL: 0b, 0x0080 16xv 4d 2i
[DBG] 16xv 4d 2i: Got FFDD vs FFDC: FAIL
[DBG] PASS: 0b, 0x0080 1xs 1d 4i
[DBG] FAIL: 0b, 0x0080 16xs 1d 4i
[DBG] 16xs 1d 4i: Got 00000080 vs 00000070: FAIL
[DBG] FAIL: 0b, 0x0080 1xv 1d 4i
[DBG] 1xv 1d 4i: Got FFDD vs FFDE: FAIL
[DBG] FAIL: 0b, 0x0080 16xv 1d 4i
[DBG] 16xv 1d 4i: Got FFDD vs FFDC: FAIL
[DBG] PASS: 0b, 0x0080 1xs 2d 4i
[DBG] FAIL: 0b, 0x0080 16xs 2d 4i
[DBG] 16xs 2d 4i: Got 00000080 vs 00000070: FAIL
[DBG] FAIL: 0b, 0x0080 1xv 2d 4i
[DBG] 1xv 2d 4i: Got FFDD vs FFDE: FAIL
[DBG] FAIL: 0b, 0x0080 16xv 2d 4i
[DBG] 16xv 2d 4i: Got FFDD vs FFDC: FAIL
[DBG] PASS: 0b, 0x0080 1xs 4d 4i
[DBG] FAIL: 0b, 0x0080 16xs 4d 4i
[DBG] 16xs 4d 4i: Got 00000080 vs 00000070: FAIL
[DBG] FAIL: 0b, 0x0080 1xv 4d 4i
[DBG] 1xv 4d 4i: Got FFDD vs FFDE: FAIL
[DBG] FAIL: 0b, 0x0080 16xv 4d 4i
[DBG] 16xv 4d 4i: Got FFDD vs FFDC: FAIL
[DBG] Timer count-up test: 0b, 0x0800
[DBG] PASS: 0b, 0x0800 1xs 1d 1i
[DBG] PASS: 0b, 0x0800 16xs 1d 1i
[DBG] FAIL: 0b, 0x0800 1xv 1d 1i
[DBG] 1xv 1d 1i: Got F85D vs F85C: FAIL
[DBG] FAIL: 0b, 0x0800 16xv 1d 1i
[DBG] 16xv 1d 1i: Got F85D vs F85C: FAIL
[DBG] PASS: 0b, 0x0800 1xs 2d 1i
[DBG] PASS: 0b, 0x0800 16xs 2d 1i
[DBG] FAIL: 0b, 0x0800 1xv 2d 1i
[DBG] 1xv 2d 1i: Got F85D vs F85C: FAIL
[DBG] FAIL: 0b, 0x0800 16xv 2d 1i
[DBG] 16xv 2d 1i: Got F85D vs F85C: FAIL
[DBG] PASS: 0b, 0x0800 1xs 4d 1i
[DBG] PASS: 0b, 0x0800 16xs 4d 1i
[DBG] FAIL: 0b, 0x0800 1xv 4d 1i
[DBG] 1xv 4d 1i: Got F85D vs F85C: FAIL
[DBG] FAIL: 0b, 0x0800 16xv 4d 1i
[DBG] 16xv 4d 1i: Got F85D vs F85C: FAIL
[DBG] PASS: 0b, 0x0800 1xs 1d 2i
[DBG] PASS: 0b, 0x0800 16xs 1d 2i
[DBG] FAIL: 0b, 0x0800 1xv 1d 2i
[DBG] 1xv 1d 2i: Got F85D vs F85C: FAIL
[DBG] FAIL: 0b, 0x0800 16xv 1d 2i
[DBG] 16xv 1d 2i: Got F85D vs F85C: FAIL
[DBG] PASS: 0b, 0x0800 1xs 2d 2i
[DBG] PASS: 0b, 0x0800 16xs 2d 2i
[DBG] FAIL: 0b, 0x0800 1xv 2d 2i
[DBG] 1xv 2d 2i: Got F85D vs F85C: FAIL
[DBG] FAIL: 0b, 0x0800 16xv 2d 2i
[DBG] 16xv 2d 2i: Got F85D vs F85C: FAIL
[DBG] PASS: 0b, 0x0800 1xs 4d 2i
[DBG] PASS: 0b, 0x0800 16xs 4d 2i
[DBG] FAIL: 0b, 0x0800 1xv 4d 2i
[DBG] 1xv 4d 2i: Got F85D vs F85C: FAIL
[DBG] FAIL: 0b, 0x0800 16xv 4d 2i
[DBG] 16xv 4d 2i: Got F85D vs F85C: FAIL
[DBG] PASS: 0b, 0x0800 1xs 1d 4i
[DBG] FAIL: 0b, 0x0800 16xs 1d 4i
[DBG] 16xs 1d 4i: Got 00001560 vs 00001550: FAIL
[DBG] FAIL: 0b, 0x0800 1xv 1d 4i
[DBG] 1xv 1d 4i: Got F85D vs F85E: FAIL
[DBG] FAIL: 0b, 0x0800 16xv 1d 4i
[DBG] 16xv 1d 4i: Got F85F vs F85C: FAIL
[DBG] PASS: 0b, 0x0800 1xs 2d 4i
[DBG] FAIL: 0b, 0x0800 16xs 2d 4i
[DBG] 16xs 2d 4i: Got 00001560 vs 00001550: FAIL
[DBG] FAIL: 0b, 0x0800 1xv 2d 4i
[DBG] 1xv 2d 4i: Got F85D vs F85E: FAIL
[DBG] FAIL: 0b, 0x0800 16xv 2d 4i
[DBG] 16xv 2d 4i: Got F85F vs F85C: FAIL
[DBG] PASS: 0b, 0x0800 1xs 4d 4i
[DBG] FAIL: 0b, 0x0800 16xs 4d 4i
[DBG] 16xs 4d 4i: Got 00001560 vs 00001550: FAIL
[DBG] FAIL: 0b, 0x0800 1xv 4d 4i
[DBG] 1xv 4d 4i: Got F85D vs F85E: FAIL
[DBG] FAIL: 0b, 0x0800 16xv 4d 4i
[DBG] 16xv 4d 4i: Got F85F vs F85C: FAIL
[DBG] Timer count-up test: 0b, 0x8000
[DBG] PASS: 0b, 0x8000 1xs 1d 1i
[DBG] PASS: 0b, 0x8000 16xs 1d 1i
[DBG] FAIL: 0b, 0x8000 1xv 1d 1i
[DBG] 1xv 1d 1i: Got 805D vs 805C: FAIL
[DBG] FAIL: 0b, 0x8000 16xv 1d 1i
[DBG] 16xv 1d 1i: Got 805F vs 805E: FAIL
[DBG] PASS: 0b, 0x8000 1xs 2d 1i
[DBG] PASS: 0b, 0x8000 16xs 2d 1i
[DBG] FAIL: 0b, 0x8000 1xv 2d 1i
[DBG] 1xv 2d 1i: Got 805D vs 805C: FAIL
[DBG] FAIL: 0b, 0x8000 16xv 2d 1i
[DBG] 16xv 2d 1i: Got 805F vs 805E: FAIL
[DBG] PASS: 0b, 0x8000 1xs 4d 1i
[DBG] PASS: 0b, 0x8000 16xs 4d 1i
[DBG] FAIL: 0b, 0x8000 1xv 4d 1i
[DBG] 1xv 4d 1i: Got 805D vs 805C: FAIL
[DBG] FAIL: 0b, 0x8000 16xv 4d 1i
[DBG] 16xv 4d 1i: Got 805F vs 805E: FAIL
[DBG] PASS: 0b, 0x8000 1xs 1d 2i
[DBG] PASS: 0b, 0x8000 16xs 1d 2i
[DBG] FAIL: 0b, 0x8000 1xv 1d 2i
[DBG] 1xv 1d 2i: Got 805D vs 805C: FAIL
[DBG] FAIL: 0b, 0x8000 16xv 1d 2i
[DBG] 16xv 1d 2i: Got 805D vs 805C: FAIL
[DBG] PASS: 0b, 0x8000 1xs 2d 2i
[DBG] PASS: 0b, 0x8000 16xs 2d 2i
[DBG] FAIL: 0b, 0x8000 1xv 2d 2i
[DBG] 1xv 2d 2i: Got 805D vs 805C: FAIL
[DBG] FAIL: 0b, 0x8000 16xv 2d 2i
[DBG] 16xv 2d 2i: Got 805D vs 805C: FAIL
[DBG] PASS: 0b, 0x8000 1xs 4d 2i
[DBG] PASS: 0b, 0x8000 16xs 4d 2i
[DBG] FAIL: 0b, 0x8000 1xv 4d 2i
[DBG] 1xv 4d 2i: Got 805D vs 805C: FAIL
[DBG] FAIL: 0b, 0x8000 16xv 4d 2i
[DBG] 16xv 4d 2i: Got 805D vs 805C: FAIL
[DBG] PASS: 0b, 0x8000 1xs 1d 4i
[DBG] PASS: 0b, 0x8000 16xs 1d 4i
[DBG] FAIL: 0b, 0x8000 1xv 1d 4i
[DBG] 1xv 1d 4i: Got 805D vs 805E: FAIL
[DBG] FAIL: 0b, 0x8000 16xv 1d 4i
[DBG] 16xv 1d 4i: Got 805D vs 805C: FAIL
[DBG] PASS: 0b, 0x8000 1xs 2d 4i
[DBG] PASS: 0b, 0x8000 16xs 2d 4i
[DBG] FAIL: 0b, 0x8000 1xv 2d 4i
[DBG] 1xv 2d 4i: Got 805D vs 805E: FAIL
[DBG] FAIL: 0b, 0x8000 16xv 2d 4i
[DBG] 16xv 2d 4i: Got 805D vs 805C: FAIL
[DBG] PASS: 0b, 0x8000 1xs 4d 4i
[DBG] PASS: 0b, 0x8000 16xs 4d 4i
[DBG] FAIL: 0b, 0x8000 1xv 4d 4i
[DBG] 1xv 4d 4i: Got 805D vs 805E: FAIL
[DBG] FAIL: 0b, 0x8000 16xv 4d 4i
[DBG] 16xv 4d 4i: Got 805D vs 805C: FAIL
[DBG] Timer count-up test: 6b, 0x0010
[DBG] PASS: 6b, 0x0010 1xs 1d 1i
[DBG] PASS: 6b, 0x0010 16xs 1d 1i
[DBG] FAIL: 6b, 0x0010 1xv 1d 1i
[DBG] 1xv 1d 1i: Got FFF2 vs FFF1: FAIL
[DBG] FAIL: 6b, 0x0010 16xv 1d 1i
[DBG] 16xv 1d 1i: Got FFF2 vs FFF1: FAIL
[DBG] FAIL: 6b, 0x0010 1xs 2d 1i
[DBG] 1xs 2d 1i: Got 0000007A vs 0000007B: FAIL
[DBG] PASS: 6b, 0x0010 16xs 2d 1i
[DBG] FAIL: 6b, 0x0010 1xv 2d 1i
[DBG] 1xv 2d 1i: Got FFF2 vs FFF1: FAIL
[DBG] FAIL: 6b, 0x0010 16xv 2d 1i
[DBG] 16xv 2d 1i: Got FFF2 vs FFF1: FAIL
[DBG] PASS: 6b, 0x0010 1xs 4d 1i
[DBG] PASS: 6b, 0x0010 16xs 4d 1i
[DBG] FAIL: 6b, 0x0010 1xv 4d 1i
[DBG] 1xv 4d 1i: Got FFF2 vs FFF1: FAIL
[DBG] FAIL: 6b, 0x0010 16xv 4d 1i
[DBG] 16xv 4d 1i: Got FFF2 vs FFF1: FAIL
[DBG] PASS: 6b, 0x0010 1xs 1d 2i
[DBG] PASS: 6b, 0x0010 16xs 1d 2i
[DBG] FAIL: 6b, 0x0010 1xv 1d 2i
[DBG] 1xv 1d 2i: Got FFF2 vs FFF1: FAIL
[DBG] FAIL: 6b, 0x0010 16xv 1d 2i
[DBG] 16xv 1d 2i: Got FFF2 vs FFF1: FAIL
[DBG] PASS: 6b, 0x0010 1xs 2d 2i
[DBG] PASS: 6b, 0x0010 16xs 2d 2i
[DBG] FAIL: 6b, 0x0010 1xv 2d 2i
[DBG] 1xv 2d 2i: Got FFF2 vs FFF1: FAIL
[DBG] FAIL: 6b, 0x0010 16xv 2d 2i
[DBG] 16xv 2d 2i: Got FFF2 vs FFF1: FAIL
[DBG] PASS: 6b, 0x0010 1xs 4d 2i
[DBG] PASS: 6b, 0x0010 16xs 4d 2i
[DBG] FAIL: 6b, 0x0010 1xv 4d 2i
[DBG] 1xv 4d 2i: Got FFF2 vs FFF1: FAIL
[DBG] FAIL: 6b, 0x0010 16xv 4d 2i
[DBG] 16xv 4d 2i: Got FFF2 vs FFF1: FAIL
[DBG] PASS: 6b, 0x0010 1xs 1d 4i
[DBG] PASS: 6b, 0x0010 16xs 1d 4i
[DBG] FAIL: 6b, 0x0010 1xv 1d 4i
[DBG] 1xv 1d 4i: Got FFF2 vs FFF1: FAIL
[DBG] FAIL: 6b, 0x0010 16xv 1d 4i
[DBG] 16xv 1d 4i: Got FFF2 vs FFF1: FAIL
[DBG] PASS: 6b, 0x0010 1xs 2d 4i
[DBG] PASS: 6b, 0x0010 16xs 2d 4i
[DBG] FAIL: 6b, 0x0010 1xv 2d 4i
[DBG] 1xv 2d 4i: Got FFF2 vs FFF1: FAIL
[DBG] FAIL: 6b, 0x0010 16xv 2d 4i
[DBG] 16xv 2d 4i: Got FFF2 vs FFF1: FAIL
[DBG] PASS: 6b, 0x0010 1xs 4d 4i
[DBG] PASS: 6b, 0x0010 16xs 4d 4i
[DBG] FAIL: 6b, 0x0010 1xv 4d 4i
[DBG] 1xv 4d 4i: Got FFF2 vs FFF1: FAIL
[DBG] FAIL: 6b, 0x0010 16xv 4d 4i
[DBG] 16xv 4d 4i: Got FFF2 vs FFF1: FAIL
[DBG] Timer count-up test: 6b, 0x0011
[DBG] PASS: 6b, 0x0011 1xs 1d 1i
[DBG] PASS: 6b, 0x0011 16xs 1d 1i
[DBG] FAIL: 6b, 0x0011 1xv 1d 1i
[DBG] 1xv 1d 1i: Got FFF1 vs FFF0: FAIL
[DBG] FAIL: 6b, 0x0011 16xv 1d 1i
[DBG] 16xv 1d 1i: Got FFF1 vs FFF0: FAIL
[DBG] FAIL: 6b, 0x0011 1xs 2d 1i
[DBG] 1xs 2d 1i: Got 00000082 vs 00000083: FAIL
[DBG] PASS: 6b, 0x0011 16xs 2d 1i
[DBG] FAIL: 6b, 0x0011 1xv 2d 1i
[DBG] 1xv 2d 1i: Got FFF1 vs FFF0: FAIL
[DBG] FAIL: 6b, 0x0011 16xv 2d 1i
[DBG] 16xv 2d 1i: Got FFF1 vs FFF0: FAIL
[DBG] PASS: 6b, 0x0011 1xs 4d 1i
[DBG] PASS: 6b, 0x0011 16xs 4d 1i
[DBG] FAIL: 6b, 0x0011 1xv 4d 1i
[DBG] 1xv 4d 1i: Got FFF1 vs FFF0: FAIL
[DBG] FAIL: 6b, 0x0011 16xv 4d 1i
[DBG] 16xv 4d 1i: Got FFF1 vs FFF0: FAIL
[DBG] PASS: 6b, 0x0011 1xs 1d 2i
[DBG] PASS: 6b, 0x0011 16xs 1d 2i
[DBG] FAIL: 6b, 0x0011 1xv 1d 2i
[DBG] 1xv 1d 2i: Got FFF1 vs FFF0: FAIL
[DBG] FAIL: 6b, 0x0011 16xv 1d 2i
[DBG] 16xv 1d 2i: Got FFF1 vs FFF0: FAIL
[DBG] PASS: 6b, 0x0011 1xs 2d 2i
[DBG] PASS: 6b, 0x0011 16xs 2d 2i
[DBG] FAIL: 6b, 0x0011 1xv 2d 2i
[DBG] 1xv 2d 2i: Got FFF1 vs FFF0: FAIL
[DBG] FAIL: 6b, 0x0011 16xv 2d 2i
[DBG] 16xv 2d 2i: Got FFF1 vs FFF0: FAIL
[DBG] PASS: 6b, 0x0011 1xs 4d 2i
[DBG] PASS: 6b, 0x0011 16xs 4d 2i
[DBG] FAIL: 6b, 0x0011 1xv 4d 2i
[DBG] 1xv 4d 2i: Got FFF1 vs FFF0: FAIL
[DBG] FAIL: 6b, 0x0011 16xv 4d 2i
[DBG] 16xv 4d 2i: Got FFF1 vs FFF0: FAIL
[DBG] PASS: 6b, 0x0011 1xs 1d 4i
[DBG] PASS: 6b, 0x0011 16xs 1d 4i
[DBG] FAIL: 6b, 0x0011 1xv 1d 4i
[DBG] 1xv 1d 4i: Got FFF1 vs FFF0: FAIL
[DBG] FAIL: 6b, 0x0011 16xv 1d 4i
[DBG] 16xv 1d 4i: Got FFF1 vs FFF0: FAIL
[DBG] PASS: 6b, 0x0011 1xs 2d 4i
[DBG] PASS: 6b, 0x0011 16xs 2d 4i
[DBG] FAIL: 6b, 0x0011 1xv 2d 4i
[DBG] 1xv 2d 4i: Got FFF1 vs FFF0: FAIL
[DBG] FAIL: 6b, 0x0011 16xv 2d 4i
[DBG] 16xv 2d 4i: Got FFF1 vs FFF0: FAIL
[DBG] PASS: 6b, 0x0011 1xs 4d 4i
[DBG] PASS: 6b, 0x0011 16xs 4d 4i
[DBG] FAIL: 6b, 0x0011 1xv 4d 4i
[DBG] 1xv 4d 4i: Got FFF1 vs FFF0: FAIL
[DBG] FAIL: 6b, 0x0011 16xv 4d 4i
[DBG] 16xv 4d 4i: Got FFF1 vs FFF0: FAIL
[DBG] Timer count-up test: 6b, 0x0012
[DBG] PASS: 6b, 0x0012 1xs 1d 1i
[DBG] PASS: 6b, 0x0012 16xs 1d 1i
[DBG] FAIL: 6b, 0x0012 1xv 1d 1i
[DBG] 1xv 1d 1i: Got FFF0 vs FFEF: FAIL
[DBG] FAIL: 6b, 0x0012 16xv 1d 1i
[DBG] 16xv 1d 1i: Got FFF0 vs FFEF: FAIL
[DBG] FAIL: 6b, 0x0012 1xs 2d 1i
[DBG] 1xs 2d 1i: Got 0000008A vs 0000008B: FAIL
[DBG] FAIL: 6b, 0x0012 16xs 2d 1i
[DBG] 16xs 2d 1i: Got 00000300 vs 00000310: FAIL
[DBG] FAIL: 6b, 0x0012 1xv 2d 1i
[DBG] 1xv 2d 1i: Got FFF0 vs FFEF: FAIL
[DBG] FAIL: 6b, 0x0012 16xv 2d 1i
[DBG] 16xv 2d 1i: Got FFF0 vs FFEF: FAIL
[DBG] PASS: 6b, 0x0012 1xs 4d 1i
[DBG] PASS: 6b, 0x0012 16xs 4d 1i
[DBG] FAIL: 6b, 0x0012 1xv 4d 1i
[DBG] 1xv 4d 1i: Got FFF0 vs FFEF: FAIL
[DBG] FAIL: 6b, 0x0012 16xv 4d 1i
[DBG] 16xv 4d 1i: Got FFF0 vs FFEF: FAIL
[DBG] PASS: 6b, 0x0012 1xs 1d 2i
[DBG] PASS: 6b, 0x0012 16xs 1d 2i
[DBG] FAIL: 6b, 0x0012 1xv 1d 2i
[DBG] 1xv 1d 2i: Got FFF0 vs FFEF: FAIL
[DBG] FAIL: 6b, 0x0012 16xv 1d 2i
[DBG] 16xv 1d 2i: Got FFF0 vs FFEF: FAIL
[DBG] PASS: 6b, 0x0012 1xs 2d 2i
[DBG] PASS: 6b, 0x0012 16xs 2d 2i
[DBG] FAIL: 6b, 0x0012 1xv 2d 2i
[DBG] 1xv 2d 2i: Got FFF0 vs FFEF: FAIL
[DBG] FAIL: 6b, 0x0012 16xv 2d 2i
[DBG] 16xv 2d 2i: Got FFF0 vs FFEF: FAIL
[DBG] PASS: 6b, 0x0012 1xs 4d 2i
[DBG] PASS: 6b, 0x0012 16xs 4d 2i
[DBG] FAIL: 6b, 0x0012 1xv 4d 2i
[DBG] 1xv 4d 2i: Got FFF0 vs FFEF: FAIL
[DBG] FAIL: 6b, 0x0012 16xv 4d 2i
[DBG] 16xv 4d 2i: Got FFF0 vs FFEF: FAIL
[DBG] PASS: 6b, 0x0012 1xs 1d 4i
[DBG] PASS: 6b, 0x0012 16xs 1d 4i
[DBG] FAIL: 6b, 0x0012 1xv 1d 4i
[DBG] 1xv 1d 4i: Got FFF0 vs FFEF: FAIL
[DBG] FAIL: 6b, 0x0012 16xv 1d 4i
[DBG] 16xv 1d 4i: Got FFF0 vs FFEF: FAIL
[DBG] PASS: 6b, 0x0012 1xs 2d 4i
[DBG] PASS: 6b, 0x0012 16xs 2d 4i
[DBG] FAIL: 6b, 0x0012 1xv 2d 4i
[DBG] 1xv 2d 4i: Got FFF0 vs FFEF: FAIL
[DBG] FAIL: 6b, 0x0012 16xv 2d 4i
[DBG] 16xv 2d 4i: Got FFF0 vs FFEF: FAIL
[DBG] PASS: 6b, 0x0012 1xs 4d 4i
[DBG] PASS: 6b, 0x0012 16xs 4d 4i
[DBG] FAIL: 6b, 0x0012 1xv 4d 4i
[DBG] 1xv 4d 4i: Got FFF0 vs FFEF: FAIL
[DBG] FAIL: 6b, 0x0012 16xv 4d 4i
[DBG] 16xv 4d 4i: Got FFF0 vs FFEF: FAIL
[DBG] Timer count-up test: 6b, 0x0013
[DBG] PASS: 6b, 0x0013 1xs 1d 1i
[DBG] FAIL: 6b, 0x0013 16xs 1d 1i
[DBG] 16xs 1d 1i: Got 00000330 vs 00000340: FAIL
[DBG] FAIL: 6b, 0x0013 1xv 1d 1i
[DBG] 1xv 1d 1i: Got FFEF vs FFEE: FAIL
[DBG] FAIL: 6b, 0x0013 16xv 1d 1i
[DBG] 16xv 1d 1i: Got FFEF vs FFEE: FAIL
[DBG] FAIL: 6b, 0x0013 1xs 2d 1i
[DBG] 1xs 2d 1i: Got 00000092 vs 00000093: FAIL
[DBG] PASS: 6b, 0x0013 16xs 2d 1i
[DBG] FAIL: 6b, 0x0013 1xv 2d 1i
[DBG] 1xv 2d 1i: Got FFEF vs FFEE: FAIL
[DBG] FAIL: 6b, 0x0013 16xv 2d 1i
[DBG] 16xv 2d 1i: Got FFEF vs FFEE: FAIL
[DBG] PASS: 6b, 0x0013 1xs 4d 1i
[DBG] PASS: 6b, 0x0013 16xs 4d 1i
[DBG] FAIL: 6b, 0x0013 1xv 4d 1i
[DBG] 1xv 4d 1i: Got FFEF vs FFEE: FAIL
[DBG] FAIL: 6b, 0x0013 16xv 4d 1i
[DBG] 16xv 4d 1i: Got FFEF vs FFEE: FAIL
[DBG] PASS: 6b, 0x0013 1xs 1d 2i
[DBG] PASS: 6b, 0x0013 16xs 1d 2i
[DBG] FAIL: 6b, 0x0013 1xv 1d 2i
[DBG] 1xv 1d 2i: Got FFEF vs FFEE: FAIL
[DBG] FAIL: 6b, 0x0013 16xv 1d 2i
[DBG] 16xv 1d 2i: Got FFEF vs FFEE: FAIL
[DBG] PASS: 6b, 0x0013 1xs 2d 2i
[DBG] PASS: 6b, 0x0013 16xs 2d 2i
[DBG] FAIL: 6b, 0x0013 1xv 2d 2i
[DBG] 1xv 2d 2i: Got FFEF vs FFEE: FAIL
[DBG] FAIL: 6b, 0x0013 16xv 2d 2i
[DBG] 16xv 2d 2i: Got FFEF vs FFEE: FAIL
[DBG] PASS: 6b, 0x0013 1xs 4d 2i
[DBG] PASS: 6b, 0x0013 16xs 4d 2i
[DBG] FAIL: 6b, 0x0013 1xv 4d 2i
[DBG] 1xv 4d 2i: Got FFEF vs FFEE: FAIL
[DBG] FAIL: 6b, 0x0013 16xv 4d 2i
[DBG] 16xv 4d 2i: Got FFEF vs FFEE: FAIL
[DBG] PASS: 6b, 0x0013 1xs 1d 4i
[DBG] PASS: 6b, 0x0013 16xs 1d 4i
[DBG] FAIL: 6b, 0x0013 1xv 1d 4i
[DBG] 1xv 1d 4i: Got FFEF vs FFEE: FAIL
[DBG] FAIL: 6b, 0x0013 16xv 1d 4i
[DBG] 16xv 1d 4i: Got FFEF vs FFEE: FAIL
[DBG] PASS: 6b, 0x0013 1xs 2d 4i
[DBG] PASS: 6b, 0x0013 16xs 2d 4i
[DBG] FAIL: 6b, 0x0013 1xv 2d 4i
[DBG] 1xv 2d 4i: Got FFEF vs FFEE: FAIL
[DBG] FAIL: 6b, 0x0013 16xv 2d 4i
[DBG] 16xv 2d 4i: Got FFEF vs FFEE: FAIL
[DBG] PASS: 6b, 0x0013 1xs 4d 4i
[DBG] FAIL: 6b, 0x0013 16xs 4d 4i
[DBG] 16xs 4d 4i: Got 00000C50 vs 00000C40: FAIL
[DBG] FAIL: 6b, 0x0013 1xv 4d 4i
[DBG] 1xv 4d 4i: Got FFEF vs FFEE: FAIL
[DBG] FAIL: 6b, 0x0013 16xv 4d 4i
[DBG] 16xv 4d 4i: Got FFEF vs FFEE: FAIL
[DBG] Timer count-up test: 8b, 0x0010
[DBG] PASS: 8b, 0x0010 1xs 1d 1i
[DBG] PASS: 8b, 0x0010 16xs 1d 1i
[DBG] FAIL: 8b, 0x0010 1xv 1d 1i
[DBG] 1xv 1d 1i: Got FFF1 vs FFF0: FAIL
[DBG] FAIL: 8b, 0x0010 16xv 1d 1i
[DBG] 16xv 1d 1i: Got FFF1 vs FFF0: FAIL
[DBG] FAIL: 8b, 0x0010 1xs 2d 1i
[DBG] 1xs 2d 1i: Got 000001EA vs 000001EB: FAIL
[DBG] PASS: 8b, 0x0010 16xs 2d 1i
[DBG] FAIL: 8b, 0x0010 1xv 2d 1i
[DBG] 1xv 2d 1i: Got FFF1 vs FFF0: FAIL
[DBG] FAIL: 8b, 0x0010 16xv 2d 1i
[DBG] 16xv 2d 1i: Got FFF1 vs FFF0: FAIL
[DBG] PASS: 8b, 0x0010 1xs 4d 1i
[DBG] FAIL: 8b, 0x0010 16xs 4d 1i
[DBG] 16xs 4d 1i: Got 00000AA0 vs 00000AB0: FAIL
[DBG] FAIL: 8b, 0x0010 1xv 4d 1i
[DBG] 1xv 4d 1i: Got FFF1 vs FFF0: FAIL
[DBG] FAIL: 8b, 0x0010 16xv 4d 1i
[DBG] 16xv 4d 1i: Got FFF1 vs FFF0: FAIL
[DBG] PASS: 8b, 0x0010 1xs 1d 2i
[DBG] PASS: 8b, 0x0010 16xs 1d 2i
[DBG] FAIL: 8b, 0x0010 1xv 1d 2i
[DBG] 1xv 1d 2i: Got FFF1 vs FFF0: FAIL
[DBG] FAIL: 8b, 0x0010 16xv 1d 2i
[DBG] 16xv 1d 2i: Got FFF1 vs FFF0: FAIL
[DBG] PASS: 8b, 0x0010 1xs 2d 2i
[DBG] PASS: 8b, 0x0010 16xs 2d 2i
[DBG] FAIL: 8b, 0x0010 1xv 2d 2i
[DBG] 1xv 2d 2i: Got FFF1 vs FFF0: FAIL
[DBG] FAIL: 8b, 0x0010 16xv 2d 2i
[DBG] 16xv 2d 2i: Got FFF1 vs FFF0: FAIL
[DBG] PASS: 8b, 0x0010 1xs 4d 2i
[DBG] PASS: 8b, 0x0010 16xs 4d 2i
[DBG] FAIL: 8b, 0x0010 1xv 4d 2i
[DBG] 1xv 4d 2i: Got FFF1 vs FFF0: FAIL
[DBG] FAIL: 8b, 0x0010 16xv 4d 2i
[DBG] 16xv 4d 2i: Got FFF1 vs FFF0: FAIL
[DBG] PASS: 8b, 0x0010 1xs 1d 4i
[DBG] PASS: 8b, 0x0010 16xs 1d 4i
[DBG] FAIL: 8b, 0x0010 1xv 1d 4i
[DBG] 1xv 1d 4i: Got FFF1 vs FFF0: FAIL
[DBG] FAIL: 8b, 0x0010 16xv 1d 4i
[DBG] 16xv 1d 4i: Got FFF1 vs FFF0: FAIL
[DBG] PASS: 8b, 0x0010 1xs 2d 4i
[DBG] FAIL: 8b, 0x0010 16xs 2d 4i
[DBG] 16xs 2d 4i: Got 00002B20 vs 00002B10: FAIL
[DBG] FAIL: 8b, 0x0010 1xv 2d 4i
[DBG] 1xv 2d 4i: Got FFF1 vs FFF0: FAIL
[DBG] FAIL: 8b, 0x0010 16xv 2d 4i
[DBG] 16xv 2d 4i: Got FFF1 vs FFF0: FAIL
[DBG] PASS: 8b, 0x0010 1xs 4d 4i
[DBG] PASS: 8b, 0x0010 16xs 4d 4i
[DBG] FAIL: 8b, 0x0010 1xv 4d 4i
[DBG] 1xv 4d 4i: Got FFF1 vs FFF0: FAIL
[DBG] FAIL: 8b, 0x0010 16xv 4d 4i
[DBG] 16xv 4d 4i: Got FFF1 vs FFF0: FAIL
[DBG] Timer count-up test: 8b, 0x0011
[DBG] PASS: 8b, 0x0011 1xs 1d 1i
[DBG] PASS: 8b, 0x0011 16xs 1d 1i
[DBG] FAIL: 8b, 0x0011 1xv 1d 1i
[DBG] 1xv 1d 1i: Got FFF0 vs FFEF: FAIL
[DBG] FAIL: 8b, 0x0011 16xv 1d 1i
[DBG] 16xv 1d 1i: Got FFF0 vs FFEF: FAIL
[DBG] FAIL: 8b, 0x0011 1xs 2d 1i
[DBG] 1xs 2d 1i: Got 0000020A vs 0000020B: FAIL
[DBG] PASS: 8b, 0x0011 16xs 2d 1i
[DBG] FAIL: 8b, 0x0011 1xv 2d 1i
[DBG] 1xv 2d 1i: Got FFF0 vs FFEF: FAIL
[DBG] FAIL: 8b, 0x0011 16xv 2d 1i
[DBG] 16xv 2d 1i: Got FFF0 vs FFEF: FAIL
[DBG] PASS: 8b, 0x0011 1xs 4d 1i
[DBG] PASS: 8b, 0x0011 16xs 4d 1i
[DBG] FAIL: 8b, 0x0011 1xv 4d 1i
[DBG] 1xv 4d 1i: Got FFF0 vs FFEF: FAIL
[DBG] FAIL: 8b, 0x0011 16xv 4d 1i
[DBG] 16xv 4d 1i: Got FFF0 vs FFEF: FAIL
[DBG] PASS: 8b, 0x0011 1xs 1d 2i
[DBG] PASS: 8b, 0x0011 16xs 1d 2i
[DBG] FAIL: 8b, 0x0011 1xv 1d 2i
[DBG] 1xv 1d 2i: Got FFF0 vs FFEF: FAIL
[DBG] FAIL: 8b, 0x0011 16xv 1d 2i
[DBG] 16xv 1d 2i: Got FFF0 vs FFEF: FAIL
[DBG] PASS: 8b, 0x0011 1xs 2d 2i
[DBG] PASS: 8b, 0x0011 16xs 2d 2i
[DBG] FAIL: 8b, 0x0011 1xv 2d 2i
[DBG] 1xv 2d 2i: Got FFF0 vs FFEF: FAIL
[DBG] FAIL: 8b, 0x0011 16xv 2d 2i
[DBG] 16xv 2d 2i: Got FFF0 vs FFEF: FAIL
[DBG] PASS: 8b, 0x0011 1xs 4d 2i
[DBG] PASS: 8b, 0x0011 16xs 4d 2i
[DBG] FAIL: 8b, 0x0011 1xv 4d 2i
[DBG] 1xv 4d 2i: Got FFF0 vs FFEF: FAIL
[DBG] FAIL: 8b, 0x0011 16xv 4d 2i
[DBG] 16xv 4d 2i: Got FFF0 vs FFEF: FAIL
[DBG] PASS: 8b, 0x0011 1xs 1d 4i
[DBG] PASS: 8b, 0x0011 16xs 1d 4i
[DBG] FAIL: 8b, 0x0011 1xv 1d 4i
[DBG] 1xv 1d 4i: Got FFF0 vs FFEF: FAIL
[DBG] FAIL: 8b, 0x0011 16xv 1d 4i
[DBG] 16xv 1d 4i: Got FFF0 vs FFEF: FAIL
[DBG] PASS: 8b, 0x0011 1xs 2d 4i
[DBG] PASS: 8b, 0x0011 16xs 2d 4i
[DBG] FAIL: 8b, 0x0011 1xv 2d 4i
[DBG] 1xv 2d 4i: Got FFF0 vs FFEF: FAIL
[DBG] FAIL: 8b, 0x0011 16xv 2d 4i
[DBG] 16xv 2d 4i: Got FFF0 vs FFEF: FAIL
[DBG] PASS: 8b, 0x0011 1xs 4d 4i
[DBG] PASS: 8b, 0x0011 16xs 4d 4i
[DBG] FAIL: 8b, 0x0011 1xv 4d 4i
[DBG] 1xv 4d 4i: Got FFF0 vs FFEF: FAIL
[DBG] FAIL: 8b, 0x0011 16xv 4d 4i
[DBG] 16xv 4d 4i: Got FFF0 vs FFEF: FAIL
[DBG] Timer count-up test: 8b, 0x0012
[DBG] PASS: 8b, 0x0012 1xs 1d 1i
[DBG] PASS: 8b, 0x0012 16xs 1d 1i
[DBG] FAIL: 8b, 0x0012 1xv 1d 1i
[DBG] 1xv 1d 1i: Got FFEF vs FFEE: FAIL
[DBG] FAIL: 8b, 0x0012 16xv 1d 1i
[DBG] 16xv 1d 1i: Got FFEF vs FFEE: FAIL
[DBG] FAIL: 8b, 0x0012 1xs 2d 1i
[DBG] 1xs 2d 1i: Got 0000022A vs 0000022B: FAIL
[DBG] PASS: 8b, 0x0012 16xs 2d 1i
[DBG] FAIL: 8b, 0x0012 1xv 2d 1i
[DBG] 1xv 2d 1i: Got FFEF vs FFEE: FAIL
[DBG] FAIL: 8b, 0x0012 16xv 2d 1i
[DBG] 16xv 2d 1i: Got FFEF vs FFEE: FAIL
[DBG] PASS: 8b, 0x0012 1xs 4d 1i
[DBG] PASS: 8b, 0x0012 16xs 4d 1i
[DBG] FAIL: 8b, 0x0012 1xv 4d 1i
[DBG] 1xv 4d 1i: Got FFEF vs FFEE: FAIL
[DBG] FAIL: 8b, 0x0012 16xv 4d 1i
[DBG] 16xv 4d 1i: Got FFEF vs FFEE: FAIL
[DBG] PASS: 8b, 0x0012 1xs 1d 2i
[DBG] PASS: 8b, 0x0012 16xs 1d 2i
[DBG] FAIL: 8b, 0x0012 1xv 1d 2i
[DBG] 1xv 1d 2i: Got FFEF vs FFEE: FAIL
[DBG] FAIL: 8b, 0x0012 16xv 1d 2i
[DBG] 16xv 1d 2i: Got FFEF vs FFEE: FAIL
[DBG] PASS: 8b, 0x0012 1xs 2d 2i
[DBG] PASS: 8b, 0x0012 16xs 2d 2i
[DBG] FAIL: 8b, 0x0012 1xv 2d 2i
[DBG] 1xv 2d 2i: Got FFEF vs FFEE: FAIL
[DBG] FAIL: 8b, 0x0012 16xv 2d 2i
[DBG] 16xv 2d 2i: Got FFEF vs FFEE: FAIL
[DBG] PASS: 8b, 0x0012 1xs 4d 2i
[DBG] PASS: 8b, 0x0012 16xs 4d 2i
[DBG] FAIL: 8b, 0x0012 1xv 4d 2i
[DBG] 1xv 4d 2i: Got FFEF vs FFEE: FAIL
[DBG] FAIL: 8b, 0x0012 16xv 4d 2i
[DBG] 16xv 4d 2i: Got FFEF vs FFEE: FAIL
[DBG] PASS: 8b, 0x0012 1xs 1d 4i
[DBG] PASS: 8b, 0x0012 16xs 1d 4i
[DBG] FAIL: 8b, 0x0012 1xv 1d 4i
[DBG] 1xv 1d 4i: Got FFEF vs FFEE: FAIL
[DBG] FAIL: 8b, 0x0012 16xv 1d 4i
[DBG] 16xv 1d 4i: Got FFEF vs FFEE: FAIL
[DBG] PASS: 8b, 0x0012 1xs 2d 4i
[DBG] FAIL: 8b, 0x0012 16xs 2d 4i
[DBG] 16xs 2d 4i: Got 000030B0 vs 000030A0: FAIL
[DBG] FAIL: 8b, 0x0012 1xv 2d 4i
[DBG] 1xv 2d 4i: Got FFEF vs FFEE: FAIL
[DBG] FAIL: 8b, 0x0012 16xv 2d 4i
[DBG] 16xv 2d 4i: Got FFEF vs FFEE: FAIL
[DBG] PASS: 8b, 0x0012 1xs 4d 4i
[DBG] PASS: 8b, 0x0012 16xs 4d 4i
[DBG] FAIL: 8b, 0x0012 1xv 4d 4i
[DBG] 1xv 4d 4i: Got FFEF vs FFEE: FAIL
[DBG] FAIL: 8b, 0x0012 16xv 4d 4i
[DBG] 16xv 4d 4i: Got FFEF vs FFEE: FAIL
[DBG] Timer count-up test: 8b, 0x0013
[DBG] PASS: 8b, 0x0013 1xs 1d 1i
[DBG] PASS: 8b, 0x0013 16xs 1d 1i
[DBG] FAIL: 8b, 0x0013 1xv 1d 1i
[DBG] 1xv 1d 1i: Got FFEE vs FFED: FAIL
[DBG] FAIL: 8b, 0x0013 16xv 1d 1i
[DBG] 16xv 1d 1i: Got FFEE vs FFED: FAIL
[DBG] FAIL: 8b, 0x0013 1xs 2d 1i
[DBG] 1xs 2d 1i: Got 0000024A vs 0000024B: FAIL
[DBG] PASS: 8b, 0x0013 16xs 2d 1i
[DBG] FAIL: 8b, 0x0013 1xv 2d 1i
[DBG] 1xv 2d 1i: Got FFEE vs FFED: FAIL
[DBG] FAIL: 8b, 0x0013 16xv 2d 1i
[DBG] 16xv 2d 1i: Got FFEE vs FFED: FAIL
[DBG] PASS: 8b, 0x0013 1xs 4d 1i
[DBG] PASS: 8b, 0x0013 16xs 4d 1i
[DBG] FAIL: 8b, 0x0013 1xv 4d 1i
[DBG] 1xv 4d 1i: Got FFEE vs FFED: FAIL
[DBG] FAIL: 8b, 0x0013 16xv 4d 1i
[DBG] 16xv 4d 1i: Got FFEE vs FFED: FAIL
[DBG] PASS: 8b, 0x0013 1xs 1d 2i
[DBG] PASS: 8b, 0x0013 16xs 1d 2i
[DBG] FAIL: 8b, 0x0013 1xv 1d 2i
[DBG] 1xv 1d 2i: Got FFEE vs FFED: FAIL
[DBG] FAIL: 8b, 0x0013 16xv 1d 2i
[DBG] 16xv 1d 2i: Got FFEE vs FFED: FAIL
[DBG] PASS: 8b, 0x0013 1xs 2d 2i
[DBG] PASS: 8b, 0x0013 16xs 2d 2i
[DBG] FAIL: 8b, 0x0013 1xv 2d 2i
[DBG] 1xv 2d 2i: Got FFEE vs FFED: FAIL
[DBG] FAIL: 8b, 0x0013 16xv 2d 2i
[DBG] 16xv 2d 2i: Got FFEE vs FFED: FAIL
[DBG] PASS: 8b, 0x0013 1xs 4d 2i
[DBG] PASS: 8b, 0x0013 16xs 4d 2i
[DBG] FAIL: 8b, 0x0013 1xv 4d 2i
[DBG] 1xv 4d 2i: Got FFEE vs FFED: FAIL
[DBG] FAIL: 8b, 0x0013 16xv 4d 2i
[DBG] 16xv 4d 2i: Got FFEE vs FFED: FAIL
[DBG] PASS: 8b, 0x0013 1xs 1d 4i
[DBG] PASS: 8b, 0x0013 16xs 1d 4i
[DBG] FAIL: 8b, 0x0013 1xv 1d 4i
[DBG] 1xv 1d 4i: Got FFEE vs FFED: FAIL
[DBG] FAIL: 8b, 0x0013 16xv 1d 4i
[DBG] 16xv 1d 4i: Got FFEE vs FFED: FAIL
[DBG] PASS: 8b, 0x0013 1xs 2d 4i
[DBG] PASS: 8b, 0x0013 16xs 2d 4i
[DBG] FAIL: 8b, 0x0013 1xv 2d 4i
[DBG] 1xv 2d 4i: Got FFEE vs FFED: FAIL
[DBG] FAIL: 8b, 0x0013 16xv 2d 4i
[DBG] 16xv 2d 4i: Got FFEE vs FFED: FAIL
[DBG] PASS: 8b, 0x0013 1xs 4d 4i
[DBG] PASS: 8b, 0x0013 16xs 4d 4i
[DBG] FAIL: 8b, 0x0013 1xv 4d 4i
[DBG] 1xv 4d 4i: Got FFEE vs FFED: FAIL
[DBG] FAIL: 8b, 0x0013 16xv 4d 4i
[DBG] 16xv 4d 4i: Got FFEE vs FFED: FAIL
[DBG] Timer count-up test: 10b, 0x0010
[DBG] PASS: 10b, 0x0010 1xs 1d 1i
[DBG] PASS: 10b, 0x0010 16xs 1d 1i
[DBG] FAIL: 10b, 0x0010 1xv 1d 1i
[DBG] 1xv 1d 1i: Got FFF1 vs FFF0: FAIL
[DBG] FAIL: 10b, 0x0010 16xv 1d 1i
[DBG] 16xv 1d 1i: Got FFF1 vs FFF0: FAIL
[DBG] FAIL: 10b, 0x0010 1xs 2d 1i
[DBG] 1xs 2d 1i: Got 000007EA vs 000007EB: FAIL
[DBG] PASS: 10b, 0x0010 16xs 2d 1i
[DBG] FAIL: 10b, 0x0010 1xv 2d 1i
[DBG] 1xv 2d 1i: Got FFF1 vs FFF0: FAIL
[DBG] FAIL: 10b, 0x0010 16xv 2d 1i
[DBG] 16xv 2d 1i: Got FFF1 vs FFF0: FAIL
[DBG] PASS: 10b, 0x0010 1xs 4d 1i
[DBG] PASS: 10b, 0x0010 16xs 4d 1i
[DBG] FAIL: 10b, 0x0010 1xv 4d 1i
[DBG] 1xv 4d 1i: Got FFF1 vs FFF0: FAIL
[DBG] FAIL: 10b, 0x0010 16xv 4d 1i
[DBG] 16xv 4d 1i: Got FFF1 vs FFF0: FAIL
[DBG] PASS: 10b, 0x0010 1xs 1d 2i
[DBG] PASS: 10b, 0x0010 16xs 1d 2i
[DBG] FAIL: 10b, 0x0010 1xv 1d 2i
[DBG] 1xv 1d 2i: Got FFF1 vs FFF0: FAIL
[DBG] FAIL: 10b, 0x0010 16xv 1d 2i
[DBG] 16xv 1d 2i: Got FFF1 vs FFF0: FAIL
[DBG] PASS: 10b, 0x0010 1xs 2d 2i
[DBG] PASS: 10b, 0x0010 16xs 2d 2i
[DBG] FAIL: 10b, 0x0010 1xv 2d 2i
[DBG] 1xv 2d 2i: Got FFF1 vs FFF0: FAIL
[DBG] FAIL: 10b, 0x0010 16xv 2d 2i
[DBG] 16xv 2d 2i: Got FFF1 vs FFF0: FAIL
[DBG] PASS: 10b, 0x0010 1xs 4d 2i
[DBG] PASS: 10b, 0x0010 16xs 4d 2i
[DBG] FAIL: 10b, 0x0010 1xv 4d 2i
[DBG] 1xv 4d 2i: Got FFF1 vs FFF0: FAIL
[DBG] FAIL: 10b, 0x0010 16xv 4d 2i
[DBG] 16xv 4d 2i: Got FFF1 vs FFF0: FAIL
[DBG] PASS: 10b, 0x0010 1xs 1d 4i
[DBG] PASS: 10b, 0x0010 16xs 1d 4i
[DBG] FAIL: 10b, 0x0010 1xv 1d 4i
[DBG] 1xv 1d 4i: Got FFF1 vs FFF0: FAIL
[DBG] FAIL: 10b, 0x0010 16xv 1d 4i
[DBG] 16xv 1d 4i: Got FFF1 vs FFF0: FAIL
[DBG] PASS: 10b, 0x0010 1xs 2d 4i
[DBG] FAIL: 10b, 0x0010 16xs 2d 4i
[DBG] 16xs 2d 4i: Got 0000B0B0 vs 0000B0A0: FAIL
[DBG] FAIL: 10b, 0x0010 1xv 2d 4i
[DBG] 1xv 2d 4i: Got FFF1 vs FFF0: FAIL
[DBG] FAIL: 10b, 0x0010 16xv 2d 4i
[DBG] 16xv 2d 4i: Got FFF1 vs FFF0: FAIL
[DBG] PASS: 10b, 0x0010 1xs 4d 4i
[DBG] PASS: 10b, 0x0010 16xs 4d 4i
[DBG] FAIL: 10b, 0x0010 1xv 4d 4i
[DBG] 1xv 4d 4i: Got FFF1 vs FFF0: FAIL
[DBG] FAIL: 10b, 0x0010 16xv 4d 4i
[DBG] 16xv 4d 4i: Got FFF1 vs FFF0: FAIL
[DBG] Timer count-up test: 10b, 0x0011
[DBG] PASS: 10b, 0x0011 1xs 1d 1i
[DBG] PASS: 10b, 0x0011 16xs 1d 1i
[DBG] FAIL: 10b, 0x0011 1xv 1d 1i
[DBG] 1xv 1d 1i: Got FFF0 vs FFEF: FAIL
[DBG] FAIL: 10b, 0x0011 16xv 1d 1i
[DBG] 16xv 1d 1i: Got FFF0 vs FFEF: FAIL
[DBG] FAIL: 10b, 0x0011 1xs 2d 1i
[DBG] 1xs 2d 1i: Got 0000086A vs 0000086B: FAIL
[DBG] PASS: 10b, 0x0011 16xs 2d 1i
[DBG] FAIL: 10b, 0x0011 1xv 2d 1i
[DBG] 1xv 2d 1i: Got FFF0 vs FFEF: FAIL
[DBG] FAIL: 10b, 0x0011 16xv 2d 1i
[DBG] 16xv 2d 1i: Got FFF0 vs FFEF: FAIL
[DBG] PASS: 10b, 0x0011 1xs 4d 1i
[DBG] PASS: 10b, 0x0011 16xs 4d 1i
[DBG] FAIL: 10b, 0x0011 1xv 4d 1i
[DBG] 1xv 4d 1i: Got FFF0 vs FFEF: FAIL
[DBG] FAIL: 10b, 0x0011 16xv 4d 1i
[DBG] 16xv 4d 1i: Got FFF0 vs FFEF: FAIL
[DBG] PASS: 10b, 0x0011 1xs 1d 2i
[DBG] PASS: 10b, 0x0011 16xs 1d 2i
[DBG] FAIL: 10b, 0x0011 1xv 1d 2i
[DBG] 1xv 1d 2i: Got FFF0 vs FFEF: FAIL
[DBG] FAIL: 10b, 0x0011 16xv 1d 2i
[DBG] 16xv 1d 2i: Got FFF0 vs FFEF: FAIL
[DBG] PASS: 10b, 0x0011 1xs 2d 2i
[DBG] PASS: 10b, 0x0011 16xs 2d 2i
[DBG] FAIL: 10b, 0x0011 1xv 2d 2i
[DBG] 1xv 2d 2i: Got FFF0 vs FFEF: FAIL
[DBG] FAIL: 10b, 0x0011 16xv 2d 2i
[DBG] 16xv 2d 2i: Got FFF0 vs FFEF: FAIL
[DBG] PASS: 10b, 0x0011 1xs 4d 2i
[DBG] PASS: 10b, 0x0011 16xs 4d 2i
[DBG] FAIL: 10b, 0x0011 1xv 4d 2i
[DBG] 1xv 4d 2i: Got FFF0 vs FFEF: FAIL
[DBG] FAIL: 10b, 0x0011 16xv 4d 2i
[DBG] 16xv 4d 2i: Got FFF0 vs FFEF: FAIL
[DBG] PASS: 10b, 0x0011 1xs 1d 4i
[DBG] PASS: 10b, 0x0011 16xs 1d 4i
[DBG] FAIL: 10b, 0x0011 1xv 1d 4i
[DBG] 1xv 1d 4i: Got FFF0 vs FFEF: FAIL
[DBG] FAIL: 10b, 0x0011 16xv 1d 4i
[DBG] 16xv 1d 4i: Got FFF0 vs FFEF: FAIL
[DBG] PASS: 10b, 0x0011 1xs 2d 4i
[DBG] PASS: 10b, 0x0011 16xs 2d 4i
[DBG] FAIL: 10b, 0x0011 1xv 2d 4i
[DBG] 1xv 2d 4i: Got FFF0 vs FFEF: FAIL
[DBG] FAIL: 10b, 0x0011 16xv 2d 4i
[DBG] 16xv 2d 4i: Got FFF0 vs FFEF: FAIL
[DBG] PASS: 10b, 0x0011 1xs 4d 4i
[DBG] PASS: 10b, 0x0011 16xs 4d 4i
[DBG] FAIL: 10b, 0x0011 1xv 4d 4i
[DBG] 1xv 4d 4i: Got FFF0 vs FFEF: FAIL
[DBG] FAIL: 10b, 0x0011 16xv 4d 4i
[DBG] 16xv 4d 4i: Got FFF0 vs FFEF: FAIL
[DBG] Timer count-up test: 10b, 0x0012
[DBG] PASS: 10b, 0x0012 1xs 1d 1i
[DBG] PASS: 10b, 0x0012 16xs 1d 1i
[DBG] FAIL: 10b, 0x0012 1xv 1d 1i
[DBG] 1xv 1d 1i: Got FFEF vs FFEE: FAIL
[DBG] FAIL: 10b, 0x0012 16xv 1d 1i
[DBG] 16xv 1d 1i: Got FFEF vs FFEE: FAIL
[DBG] FAIL: 10b, 0x0012 1xs 2d 1i
[DBG] 1xs 2d 1i: Got 000008EA vs 000008EB: FAIL
[DBG] PASS: 10b, 0x0012 16xs 2d 1i
[DBG] FAIL: 10b, 0x0012 1xv 2d 1i
[DBG] 1xv 2d 1i: Got FFEF vs FFEE: FAIL
[DBG] FAIL: 10b, 0x0012 16xv 2d 1i
[DBG] 16xv 2d 1i: Got FFEF vs FFEE: FAIL
[DBG] PASS: 10b, 0x0012 1xs 4d 1i
[DBG] PASS: 10b, 0x0012 16xs 4d 1i
[DBG] FAIL: 10b, 0x0012 1xv 4d 1i
[DBG] 1xv 4d 1i: Got FFEF vs FFEE: FAIL
[DBG] FAIL: 10b, 0x0012 16xv 4d 1i
[DBG] 16xv 4d 1i: Got FFEF vs FFEE: FAIL
[DBG] PASS: 10b, 0x0012 1xs 1d 2i
[DBG] PASS: 10b, 0x0012 16xs 1d 2i
[DBG] FAIL: 10b, 0x0012 1xv 1d 2i
[DBG] 1xv 1d 2i: Got FFEF vs FFEE: FAIL
[DBG] FAIL: 10b, 0x0012 16xv 1d 2i
[DBG] 16xv 1d 2i: Got FFEF vs FFEE: FAIL
[DBG] PASS: 10b, 0x0012 1xs 2d 2i
[DBG] PASS: 10b, 0x0012 16xs 2d 2i
[DBG] FAIL: 10b, 0x0012 1xv 2d 2i
[DBG] 1xv 2d 2i: Got FFEF vs FFEE: FAIL
[DBG] FAIL: 10b, 0x0012 16xv 2d 2i
[DBG] 16xv 2d 2i: Got FFEF vs FFEE: FAIL
[DBG] PASS: 10b, 0x0012 1xs 4d 2i
[DBG] PASS: 10b, 0x0012 16xs 4d 2i
[DBG] FAIL: 10b, 0x0012 1xv 4d 2i
[DBG] 1xv 4d 2i: Got FFEF vs FFEE: FAIL
[DBG] FAIL: 10b, 0x0012 16xv 4d 2i
[DBG] 16xv 4d 2i: Got FFEF vs FFEE: FAIL
[DBG] PASS: 10b, 0x0012 1xs 1d 4i
[DBG] PASS: 10b, 0x0012 16xs 1d 4i
[DBG] FAIL: 10b, 0x0012 1xv 1d 4i
[DBG] 1xv 1d 4i: Got FFEF vs FFEE: FAIL
[DBG] FAIL: 10b, 0x0012 16xv 1d 4i
[DBG] 16xv 1d 4i: Got FFEF vs FFEE: FAIL
[DBG] PASS: 10b, 0x0012 1xs 2d 4i
[DBG] PASS: 10b, 0x0012 16xs 2d 4i
[DBG] FAIL: 10b, 0x0012 1xv 2d 4i
[DBG] 1xv 2d 4i: Got FFEF vs FFEE: FAIL
[DBG] FAIL: 10b, 0x0012 16xv 2d 4i
[DBG] 16xv 2d 4i: Got FFEF vs FFEE: FAIL
[DBG] PASS: 10b, 0x0012 1xs 4d 4i
[DBG] PASS: 10b, 0x0012 16xs 4d 4i
[DBG] FAIL: 10b, 0x0012 1xv 4d 4i
[DBG] 1xv 4d 4i: Got FFEF vs FFEE: FAIL
[DBG] FAIL: 10b, 0x0012 16xv 4d 4i
[DBG] 16xv 4d 4i: Got FFEF vs FFEE: FAIL
[DBG] Timer count-up test: 10b, 0x0013
[DBG] PASS: 10b, 0x0013 1xs 1d 1i
[DBG] PASS: 10b, 0x0013 16xs 1d 1i
[DBG] FAIL: 10b, 0x0013 1xv 1d 1i
[DBG] 1xv 1d 1i: Got FFEE vs FFED: FAIL
[DBG] FAIL: 10b, 0x0013 16xv 1d 1i
[DBG] 16xv 1d 1i: Got FFEE vs FFED: FAIL
[DBG] FAIL: 10b, 0x0013 1xs 2d 1i
[DBG] 1xs 2d 1i: Got 0000096A vs 0000096B: FAIL
[DBG] PASS: 10b, 0x0013 16xs 2d 1i
[DBG] FAIL: 10b, 0x0013 1xv 2d 1i
[DBG] 1xv 2d 1i: Got FFEE vs FFED: FAIL
[DBG] FAIL: 10b, 0x0013 16xv 2d 1i
[DBG] 16xv 2d 1i: Got FFEE vs FFED: FAIL
[DBG] PASS: 10b, 0x0013 1xs 4d 1i
[DBG] PASS: 10b, 0x0013 16xs 4d 1i
[DBG] FAIL: 10b, 0x0013 1xv 4d 1i
[DBG] 1xv 4d 1i: Got FFEE vs FFED: FAIL
[DBG] FAIL: 10b, 0x0013 16xv 4d 1i
[DBG] 16xv 4d 1i: Got FFEE vs FFED: FAIL
[DBG] PASS: 10b, 0x0013 1xs 1d 2i
[DBG] PASS: 10b, 0x0013 16xs 1d 2i
[DBG] FAIL: 10b, 0x0013 1xv 1d 2i
[DBG] 1xv 1d 2i: Got FFEE vs FFED: FAIL
[DBG] FAIL: 10b, 0x0013 16xv 1d 2i
[DBG] 16xv 1d 2i: Got FFEE vs FFED: FAIL
[DBG] PASS: 10b, 0x0013 1xs 2d 2i
[DBG] PASS: 10b, 0x0013 16xs 2d 2i
[DBG] FAIL: 10b, 0x0013 1xv 2d 2i
[DBG] 1xv 2d 2i: Got FFEE vs FFED: FAIL
[DBG] FAIL: 10b, 0x0013 16xv 2d 2i
[DBG] 16xv 2d 2i: Got FFEE vs FFED: FAIL
[DBG] PASS: 10b, 0x0013 1xs 4d 2i
[DBG] PASS: 10b, 0x0013 16xs 4d 2i
[DBG] FAIL: 10b, 0x0013 1xv 4d 2i
[DBG] 1xv 4d 2i: Got FFEE vs FFED: FAIL
[DBG] FAIL: 10b, 0x0013 16xv 4d 2i
[DBG] 16xv 4d 2i: Got FFEE vs FFED: FAIL
[DBG] PASS: 10b, 0x0013 1xs 1d 4i
[DBG] PASS: 10b, 0x0013 16xs 1d 4i
[DBG] FAIL: 10b, 0x0013 1xv 1d 4i
[DBG] 1xv 1d 4i: Got FFEE vs FFED: FAIL
[DBG] FAIL: 10b, 0x0013 16xv 1d 4i
[DBG] 16xv 1d 4i: Got FFEE vs FFED: FAIL
[DBG] PASS: 10b, 0x0013 1xs 2d 4i
[DBG] PASS: 10b, 0x0013 16xs 2d 4i
[DBG] FAIL: 10b, 0x0013 1xv 2d 4i
[DBG] 1xv 2d 4i: Got FFEE vs FFED: FAIL
[DBG] FAIL: 10b, 0x0013 16xv 2d 4i
[DBG] 16xv 2d 4i: Got FFEE vs FFED: FAIL
[DBG] PASS: 10b, 0x0013 1xs 4d 4i
[DBG] PASS: 10b, 0x0013 16xs 4d 4i
[DBG] FAIL: 10b, 0x0013 1xv 4d 4i
[DBG] 1xv 4d 4i: Got FFEE vs FFED: FAIL
[DBG] FAIL: 10b, 0x0013 16xv 4d 4i
[DBG] 16xv 4d 4i: Got FFEE vs FFED: FAIL

--- Suite 04: Timer count-up ---
Frames: 225  PC=0x0802BAB6  CPSR=0x4000003F  halted=0  cycle=182779521
[debug]
Game Boy Advance Test Suite
===
BEGIN: Timer count-up tests
Timer count-up test: 0b, 0x0001
PASS: 0b, 0x0001 1xs 1d 1i
PASS: 0b, 0x0001 16xs 1d 1i
FAIL: 0b, 0x0001 1xv 1d 1i
1xv 1d 1i: Got 0000 vs FFFF: FAIL
FAIL: 0b, 0x0001 16xv 1d 1i
16xv 1d 1i: Got 0000 vs FFFF: FAIL
PASS: 0b, 0x0001 1xs 2d 1i
PASS: 0b, 0x0001 16xs 2d 1i
FAIL: 0b, 0x0001 1xv 2d 1i
1xv 2d 1i: Got 0000 vs FFFF: FAIL
FAIL: 0b, 0x0001 16xv 2d 1i
16xv 2d 1i: Got 0000 vs FFFF: FAIL
PASS: 0b, 0x0001 1xs 4d 1i
PASS: 0b, 0x0001 16xs 4d 1i
FAIL: 0b, 0x0001 1xv 4d 1i
1xv 4d 1i: Got 0000 vs FFFF: FAIL
FAIL: 0b, 0x0001 16xv 4d 1i
16xv 4d 1i: Got 0000 vs FFFF: FAIL
PASS: 0b, 0x0001 1xs 1d 2i
PASS: 0b, 0x0001 16xs 1d 2i
FAIL: 0b, 0x0001 1xv 1d 2i
1xv 1d 2i: Got 0000 vs FFFF: FAIL
FAIL: 0b, 0x0001 16xv 1d 2i
16xv 1d 2i: Got 0000 vs FFFF: FAIL
PASS: 0b, 0x0001 1xs 2d 2i
PASS: 0b, 0x0001 16xs 2d 2i
FAIL: 0b, 0x0001 1xv 2d 2i
1xv 2d 2i: Got 0000 vs FFFF: FAIL
FAIL: 0b, 0x0001 16xv 2d 2i
16xv 2d 2i: Got 0000 vs FFFF: FAIL
PASS: 0b, 0x0001 1xs 4d 2i
PASS: 0b, 0x0001 16xs 4d 2i
FAIL: 0b, 0x0001 1xv 4d 2i
1xv 4d 2i: Got 0000 vs FFFF: FAIL
FAIL: 0b, 0x0001 16xv 4d 2i
16xv 4d 2i: Got 0000 vs FFFF: FAIL
PASS: 0b, 0x0001 1xs 1d 4i
PASS: 0b, 0x0001 16xs 1d 4i
FAIL: 0b, 0x0001 1xv 1d 4i
1xv 1d 4i: Got 0000 vs FFFF: FAIL
FAIL: 0b, 0x0001 16xv 1d 4i
16xv 1d 4i: Got 0000 vs FFFF: FAIL
PASS: 0b, 0x0001 1xs 2d 4i
PASS: 0b, 0x0001 16xs 2d 4i
FAIL: 0b, 0x0001 1xv 2d 4i
1xv 2d 4i: Got 0000 vs FFFF: FAIL
FAIL: 0b, 0x0001 16xv 2d 4i
16xv 2d 4i: Got 0000 vs FFFF: FAIL
PASS: 0b, 0x0001 1xs 4d 4i
PASS: 0b, 0x0001 16xs 4d 4i
FAIL: 0b, 0x0001 1xv 4d 4i
1xv 4d 4i: Got 0000 vs FFFF: FAIL
FAIL: 0b, 0x0001 16xv 4d 4i
16xv 4d 4i: Got 0000 vs FFFF: FAIL
Timer count-up test: 0b, 0x0005
PASS: 0b, 0x0005 1xs 1d 1i
PASS: 0b, 0x0005 16xs 1d 1i
FAIL: 0b, 0x0005 1xv 1d 1i
1xv 1d 1i: Got FFFC vs FFFF: FAIL
FAIL: 0b, 0x0005 16xv 1d 1i
16xv 1d 1i: Got FFFE vs FFFD: FAIL
PASS: 0b, 0x0005 1xs 2d 1i
PASS: 0b, 0x0005 16xs 2d 1i
FAIL: 0b, 0x0005 1xv 2d 1i
1xv 2d 1i: Got FFFC vs FFFF: FAIL
FAIL: 0b, 0x0005 16xv 2d 1i
16xv 2d 1i: Got FFFE vs FFFD: FAIL
PASS: 0b, 0x0005 1xs 4d 1i
PASS: 0b, 0x0005 16xs 4d 1i
FAIL: 0b, 0x0005 1xv 4d 1i
1xv 4d 1i: Got FFFC vs FFFF: FAIL
FAIL: 0b, 0x0005 16xv 4d 1i
16xv 4d 1i: Got FFFE vs FFFD: FAIL
PASS: 0b, 0x0005 1xs 1d 2i
PASS: 0b, 0x0005 16xs 1d 2i
FAIL: 0b, 0x0005 1xv 1d 2i
1xv 1d 2i: Got FFFC vs FFFB: FAIL
PASS: 0b, 0x0005 16xv 1d 2i
PASS: 0b, 0x0005 1xs 2d 2i
PASS: 0b, 0x0005 16xs 2d 2i
FAIL: 0b, 0x0005 1xv 2d 2i
1xv 2d 2i: Got FFFC vs FFFB: FAIL
PASS: 0b, 0x0005 16xv 2d 2i
PASS: 0b, 0x0005 1xs 4d 2i
PASS: 0b, 0x0005 16xs 4d 2i
FAIL: 0b, 0x0005 1xv 4d 2i
1xv 4d 2i: Got FFFC vs FFFB: FAIL
PASS: 0b, 0x0005 16xv 4d 2i
PASS: 0b, 0x0005 1xs 1d 4i
PASS: 0b, 0x0005 16xs 1d 4i
FAIL: 0b, 0x0005 1xv 1d 4i
1xv 1d 4i: Got FFFC vs FFFD: FAIL
FAIL: 0b, 0x0005 16xv 1d 4i
16xv 1d 4i: Got FFFE vs FFFB: FAIL
PASS: 0b, 0x0005 1xs 2d 4i
PASS: 0b, 0x0005 16xs 2d 4i
FAIL: 0b, 0x0005 1xv 2d 4i
1xv 2d 4i: Got FFFC vs FFFD: FAIL
FAIL: 0b, 0x0005 16xv 2d 4i
16xv 2d 4i: Got FFFE vs FFFB: FAIL
PASS: 0b, 0x0005 1xs 4d 4i
PASS: 0b, 0x0005 16xs 4d 4i
FAIL: 0b, 0x0005 1xv 4d 4i
1xv 4d 4i: Got FFFC vs FFFD: FAIL
FAIL: 0b, 0x0005 16xv 4d 4i
16xv 4d 4i: Got FFFE vs FFFB: FAIL
Timer count-up test: 0b, 0x000C
PASS: 0b, 0x000C 1xs 1d 1i
PASS: 0b, 0x000C 16xs 1d 1i
FAIL: 0b, 0x000C 1xv 1d 1i
1xv 1d 1i: Got FFFD vs FFFC: FAIL
FAIL: 0b, 0x000C 16xv 1d 1i
16xv 1d 1i: Got FFFF vs FFFE: FAIL
PASS: 0b, 0x000C 1xs 2d 1i
PASS: 0b, 0x000C 16xs 2d 1i
FAIL: 0b, 0x000C 1xv 2d 1i
1xv 2d 1i: Got FFFD vs FFFC: FAIL
FAIL: 0b, 0x000C 16xv 2d 1i
16xv 2d 1i: Got FFFF vs FFFE: FAIL
PASS: 0b, 0x000C 1xs 4d 1i
PASS: 0b, 0x000C 16xs 4d 1i
FAIL: 0b, 0x000C 1xv 4d 1i
1xv 4d 1i: Got FFFD vs FFFC: FAIL
FAIL: 0b, 0x000C 16xv 4d 1i
16xv 4d 1i: Got FFFF vs FFFE: FAIL
PASS: 0b, 0x000C 1xs 1d 2i
PASS: 0b, 0x000C 16xs 1d 2i
PASS: 0b, 0x000C 1xv 1d 2i
PASS: 0b, 0x000C 16xv 1d 2i
PASS: 0b, 0x000C 1xs 2d 2i
PASS: 0b, 0x000C 16xs 2d 2i
PASS: 0b, 0x000C 1xv 2d 2i
PASS: 0b, 0x000C 16xv 2d 2i
PASS: 0b, 0x000C 1xs 4d 2i
PASS: 0b, 0x000C 16xs 4d 2i
PASS: 0b, 0x000C 1xv 4d 2i
PASS: 0b, 0x000C 16xv 4d 2i
PASS: 0b, 0x000C 1xs 1d 4i
PASS: 0b, 0x000C 16xs 1d 4i
FAIL: 0b, 0x000C 1xv 1d 4i
1xv 1d 4i: Got FFFD vs FFFF: FAIL
FAIL: 0b, 0x000C 16xv 1d 4i
16xv 1d 4i: Got FFFF vs FFF5: FAIL
PASS: 0b, 0x000C 1xs 2d 4i
PASS: 0b, 0x000C 16xs 2d 4i
FAIL: 0b, 0x000C 1xv 2d 4i
1xv 2d 4i: Got FFFD vs FFFF: FAIL
FAIL: 0b, 0x000C 16xv 2d 4i
16xv 2d 4i: Got FFFF vs FFF5: FAIL
PASS: 0b, 0x000C 1xs 4d 4i
PASS: 0b, 0x000C 16xs 4d 4i
FAIL: 0b, 0x000C 1xv 4d 4i
1xv 4d 4i: Got FFFD vs FFFF: FAIL
FAIL: 0b, 0x000C 16xv 4d 4i
16xv 4d 4i: Got FFFF vs FFF5: FAIL
Timer count-up test: 0b, 0x000D
PASS: 0b, 0x000D 1xs 1d 1i
PASS: 0b, 0x000D 16xs 1d 1i
FAIL: 0b, 0x000D 1xv 1d 1i
1xv 1d 1i: Got FFF7 vs FFF6: FAIL
FAIL: 0b, 0x000D 16xv 1d 1i
16xv 1d 1i: Got FFF6 vs FFF5: FAIL
PASS: 0b, 0x000D 1xs 2d 1i
PASS: 0b, 0x000D 16xs 2d 1i
FAIL: 0b, 0x000D 1xv 2d 1i
1xv 2d 1i: Got FFF7 vs FFF6: FAIL
FAIL: 0b, 0x000D 16xv 2d 1i
16xv 2d 1i: Got FFF6 vs FFF5: FAIL
PASS: 0b, 0x000D 1xs 4d 1i
PASS: 0b, 0x000D 16xs 4d 1i
FAIL: 0b, 0x000D 1xv 4d 1i
1xv 4d 1i: Got FFF7 vs FFF6: FAIL
FAIL: 0b, 0x000D 16xv 4d 1i
16xv 4d 1i: Got FFF6 vs FFF5: FAIL
PASS: 0b, 0x000D 1xs 1d 2i
PASS: 0b, 0x000D 16xs 1d 2i
PASS: 0b, 0x000D 1xv 1d 2i
PASS: 0b, 0x000D 16xv 1d 2i
PASS: 0b, 0x000D 1xs 2d 2i
PASS: 0b, 0x000D 16xs 2d 2i
PASS: 0b, 0x000D 1xv 2d 2i
PASS: 0b, 0x000D 16xv 2d 2i
PASS: 0b, 0x000D 1xs 4d 2i
PASS: 0b, 0x000D 16xs 4d 2i
PASS: 0b, 0x000D 1xv 4d 2i
PASS: 0b, 0x000D 16xv 4d 2i
PASS: 0b, 0x000D 1xs 1d 4i
PASS: 0b, 0x000D 16xs 1d 4i
FAIL: 0b, 0x000D 1xv 1d 4i
1xv 1d 4i: Got FFF4 vs FFF5: FAIL
FAIL: 0b, 0x000D 16xv 1d 4i
16xv 1d 4i: Got FFFF vs FFF4: FAIL
PASS: 0b, 0x000D 1xs 2d 4i
PASS: 0b, 0x000D 16xs 2d 4i
FAIL: 0b, 0x000D 1xv 2d 4i
1xv 2d 4i: Got FFF4 vs FFF5: FAIL
FAIL: 0b, 0x000D 16xv 2d 4i
16xv 2d 4i: Got FFFF vs FFF4: FAIL
PASS: 0b, 0x000D 1xs 4d 4i
PASS: 0b, 0x000D 16xs 4d 4i
FAIL: 0b, 0x000D 1xv 4d 4i
1xv 4d 4i: Got FFF4 vs FFF5: FAIL
FAIL: 0b, 0x000D 16xv 4d 4i
16xv 4d 4i: Got FFFF vs FFF4: FAIL
Timer count-up test: 0b, 0x0010
PASS: 0b, 0x0010 1xs 1d 1i
PASS: 0b, 0x0010 16xs 1d 1i
FAIL: 0b, 0x0010 1xv 1d 1i
1xv 1d 1i: Got FFFD vs FFFC: FAIL
FAIL: 0b, 0x0010 16xv 1d 1i
16xv 1d 1i: Got FFFF vs FFFE: FAIL
PASS: 0b, 0x0010 1xs 2d 1i
PASS: 0b, 0x0010 16xs 2d 1i
FAIL: 0b, 0x0010 1xv 2d 1i
1xv 2d 1i: Got FFFD vs FFFC: FAIL
FAIL: 0b, 0x0010 16xv 2d 1i
16xv 2d 1i: Got FFFF vs FFFE: FAIL
PASS: 0b, 0x0010 1xs 4d 1i
PASS: 0b, 0x0010 16xs 4d 1i
FAIL: 0b, 0x0010 1xv 4d 1i
1xv 4d 1i: Got FFFD vs FFFC: FAIL
FAIL: 0b, 0x0010 16xv 4d 1i
16xv 4d 1i: Got FFFF vs FFFE: FAIL
PASS: 0b, 0x0010 1xs 1d 2i
PASS: 0b, 0x0010 16xs 1d 2i
PASS: 0b, 0x0010 1xv 1d 2i
PASS: 0b, 0x0010 16xv 1d 2i
PASS: 0b, 0x0010 1xs 2d 2i
PASS: 0b, 0x0010 16xs 2d 2i
PASS: 0b, 0x0010 1xv 2d 2i
PASS: 0b, 0x0010 16xv 2d 2i
PASS: 0b, 0x0010 1xs 4d 2i
PASS: 0b, 0x0010 16xs 4d 2i
PASS: 0b, 0x0010 1xv 4d 2i
PASS: 0b, 0x0010 16xv 4d 2i
PASS: 0b, 0x0010 1xs 1d 4i
PASS: 0b, 0x0010 16xs 1d 4i
FAIL: 0b, 0x0010 1xv 1d 4i
1xv 1d 4i: Got FFF5 vs FFF7: FAIL
FAIL: 0b, 0x0010 16xv 1d 4i
16xv 1d 4i: Got FFF7 vs FFF9: FAIL
PASS: 0b, 0x0010 1xs 2d 4i
PASS: 0b, 0x0010 16xs 2d 4i
FAIL: 0b, 0x0010 1xv 2d 4i
1xv 2d 4i: Got FFF5 vs FFF7: FAIL
FAIL: 0b, 0x0010 16xv 2d 4i
16xv 2d 4i: Got FFF7 vs FFF9: FAIL
PASS: 0b, 0x0010 1xs 4d 4i
PASS: 0b, 0x0010 16xs 4d 4i
FAIL: 0b, 0x0010 1xv 4d 4i
1xv 4d 4i: Got FFF5 vs FFF7: FAIL
FAIL: 0b, 0x0010 16xv 4d 4i
16xv 4d 4i: Got FFF7 vs FFF9: FAIL
Timer count-up test: 0b, 0x0014
PASS: 0b, 0x0014 1xs 1d 1i
PASS: 0b, 0x0014 16xs 1d 1i
FAIL: 0b, 0x0014 1xv 1d 1i
1xv 1d 1i: Got FFF9 vs FFF8: FAIL
FAIL: 0b, 0x0014 16xv 1d 1i
16xv 1d 1i: Got FFF9 vs FFF8: FAIL
PASS: 0b, 0x0014 1xs 2d 1i
PASS: 0b, 0x0014 16xs 2d 1i
FAIL: 0b, 0x0014 1xv 2d 1i
1xv 2d 1i: Got FFF9 vs FFF8: FAIL
FAIL: 0b, 0x0014 16xv 2d 1i
16xv 2d 1i: Got FFF9 vs FFF8: FAIL
PASS: 0b, 0x0014 1xs 4d 1i
PASS: 0b, 0x0014 16xs 4d 1i
FAIL: 0b, 0x0014 1xv 4d 1i
1xv 4d 1i: Got FFF9 vs FFF8: FAIL
FAIL: 0b, 0x0014 16xv 4d 1i
16xv 4d 1i: Got FFF9 vs FFF8: FAIL
PASS: 0b, 0x0014 1xs 1d 2i
PASS: 0b, 0x0014 16xs 1d 2i
PASS: 0b, 0x0014 1xv 1d 2i
PASS: 0b, 0x0014 16xv 1d 2i
PASS: 0b, 0x0014 1xs 2d 2i
PASS: 0b, 0x0014 16xs 2d 2i
PASS: 0b, 0x0014 1xv 2d 2i
PASS: 0b, 0x0014 16xv 2d 2i
PASS: 0b, 0x0014 1xs 4d 2i
PASS: 0b, 0x0014 16xs 4d 2i
PASS: 0b, 0x0014 1xv 4d 2i
PASS: 0b, 0x0014 16xv 4d 2i
PASS: 0b, 0x0014 1xs 1d 4i
PASS: 0b, 0x0014 16xs 1d 4i
FAIL: 0b, 0x0014 1xv 1d 4i
1xv 1d 4i: Got FFF9 vs FFFB: FAIL
FAIL: 0b, 0x0014 16xv 1d 4i
16xv 1d 4i: Got FFF9 vs FFFB: FAIL
PASS: 0b, 0x0014 1xs 2d 4i
PASS: 0b, 0x0014 16xs 2d 4i
FAIL: 0b, 0x0014 1xv 2d 4i
1xv 2d 4i: Got FFF9 vs FFFB: FAIL
FAIL: 0b, 0x0014 16xv 2d 4i
16xv 2d 4i: Got FFF9 vs FFFB: FAIL
PASS: 0b, 0x0014 1xs 4d 4i
PASS: 0b, 0x0014 16xs 4d 4i
FAIL: 0b, 0x0014 1xv 4d 4i
1xv 4d 4i: Got FFF9 vs FFFB: FAIL
FAIL: 0b, 0x0014 16xv 4d 4i
16xv 4d 4i: Got FFF9 vs FFFB: FAIL
Timer count-up test: 0b, 0x0015
PASS: 0b, 0x0015 1xs 1d 1i
PASS: 0b, 0x0015 16xs 1d 1i
FAIL: 0b, 0x0015 1xv 1d 1i
1xv 1d 1i: Got FFF6 vs FFF5: FAIL
FAIL: 0b, 0x0015 16xv 1d 1i
16xv 1d 1i: Got FFF4 vs FFF3: FAIL
PASS: 0b, 0x0015 1xs 2d 1i
PASS: 0b, 0x0015 16xs 2d 1i
FAIL: 0b, 0x0015 1xv 2d 1i
1xv 2d 1i: Got FFF6 vs FFF5: FAIL
FAIL: 0b, 0x0015 16xv 2d 1i
16xv 2d 1i: Got FFF4 vs FFF3: FAIL
PASS: 0b, 0x0015 1xs 4d 1i
PASS: 0b, 0x0015 16xs 4d 1i
FAIL: 0b, 0x0015 1xv 4d 1i
1xv 4d 1i: Got FFF6 vs FFF5: FAIL
FAIL: 0b, 0x0015 16xv 4d 1i
16xv 4d 1i: Got FFF4 vs FFF3: FAIL
PASS: 0b, 0x0015 1xs 1d 2i
PASS: 0b, 0x0015 16xs 1d 2i
PASS: 0b, 0x0015 1xv 1d 2i
PASS: 0b, 0x0015 16xv 1d 2i
PASS: 0b, 0x0015 1xs 2d 2i
PASS: 0b, 0x0015 16xs 2d 2i
PASS: 0b, 0x0015 1xv 2d 2i
PASS: 0b, 0x0015 16xv 2d 2i
PASS: 0b, 0x0015 1xs 4d 2i
PASS: 0b, 0x0015 16xs 4d 2i
PASS: 0b, 0x0015 1xv 4d 2i
PASS: 0b, 0x0015 16xv 4d 2i
PASS: 0b, 0x0015 1xs 1d 4i
PASS: 0b, 0x0015 16xs 1d 4i
FAIL: 0b, 0x0015 1xv 1d 4i
1xv 1d 4i: Got FFF9 vs FFFB: FAIL
FAIL: 0b, 0x0015 16xv 1d 4i
16xv 1d 4i: Got FFF7 vs FFF9: FAIL
PASS: 0b, 0x0015 1xs 2d 4i
PASS: 0b, 0x0015 16xs 2d 4i
FAIL: 0b, 0x0015 1xv 2d 4i
1xv 2d 4i: Got FFF9 vs FFFB: FAIL
FAIL: 0b, 0x0015 16xv 2d 4i
16xv 2d 4i: Got FFF7 vs FFF9: FAIL
PASS: 0b, 0x0015 1xs 4d 4i
PASS: 0b, 0x0015 16xs 4d 4i
FAIL: 0b, 0x0015 1xv 4d 4i
1xv 4d 4i: Got FFF9 vs FFFB: FAIL
FAIL: 0b, 0x0015 16xv 4d 4i
16xv 4d 4i: Got FFF7 vs FFF9: FAIL
Timer count-up test: 0b, 0x0020
PASS: 0b, 0x0020 1xs 1d 1i
PASS: 0b, 0x0020 16xs 1d 1i
FAIL: 0b, 0x0020 1xv 1d 1i
1xv 1d 1i: Got FFFD vs FFFC: FAIL
FAIL: 0b, 0x0020 16xv 1d 1i
16xv 1d 1i: Got FFFD vs FFFC: FAIL
PASS: 0b, 0x0020 1xs 2d 1i
PASS: 0b, 0x0020 16xs 2d 1i
FAIL: 0b, 0x0020 1xv 2d 1i
1xv 2d 1i: Got FFFD vs FFFC: FAIL
FAIL: 0b, 0x0020 16xv 2d 1i
16xv 2d 1i: Got FFFD vs FFFC: FAIL
PASS: 0b, 0x0020 1xs 4d 1i
PASS: 0b, 0x0020 16xs 4d 1i
FAIL: 0b, 0x0020 1xv 4d 1i
1xv 4d 1i: Got FFFD vs FFFC: FAIL
FAIL: 0b, 0x0020 16xv 4d 1i
16xv 4d 1i: Got FFFD vs FFFC: FAIL
PASS: 0b, 0x0020 1xs 1d 2i
PASS: 0b, 0x0020 16xs 1d 2i
PASS: 0b, 0x0020 1xv 1d 2i
PASS: 0b, 0x0020 16xv 1d 2i
PASS: 0b, 0x0020 1xs 2d 2i
PASS: 0b, 0x0020 16xs 2d 2i
PASS: 0b, 0x0020 1xv 2d 2i
PASS: 0b, 0x0020 16xv 2d 2i
PASS: 0b, 0x0020 1xs 4d 2i
PASS: 0b, 0x0020 16xs 4d 2i
PASS: 0b, 0x0020 1xv 4d 2i
PASS: 0b, 0x0020 16xv 4d 2i
PASS: 0b, 0x0020 1xs 1d 4i
PASS: 0b, 0x0020 16xs 1d 4i
FAIL: 0b, 0x0020 1xv 1d 4i
1xv 1d 4i: Got FFE5 vs FFE7: FAIL
FAIL: 0b, 0x0020 16xv 1d 4i
16xv 1d 4i: Got FFE5 vs FFE7: FAIL
PASS: 0b, 0x0020 1xs 2d 4i
PASS: 0b, 0x0020 16xs 2d 4i
FAIL: 0b, 0x0020 1xv 2d 4i
1xv 2d 4i: Got FFE5 vs FFE7: FAIL
FAIL: 0b, 0x0020 16xv 2d 4i
16xv 2d 4i: Got FFE5 vs FFE7: FAIL
PASS: 0b, 0x0020 1xs 4d 4i
PASS: 0b, 0x0020 16xs 4d 4i
FAIL: 0b, 0x0020 1xv 4d 4i
1xv 4d 4i: Got FFE5 vs FFE7: FAIL
FAIL: 0b, 0x0020 16xv 4d 4i
16xv 4d 4i: Got FFE5 vs FFE7: FAIL
Timer count-up test: 0b, 0x0024
PASS: 0b, 0x0024 1xs 1d 1i
PASS: 0b, 0x0024 16xs 1d 1i
FAIL: 0b, 0x0024 1xv 1d 1i
1xv 1d 1i: Got FFF1 vs FFF0: FAIL
FAIL: 0b, 0x0024 16xv 1d 1i
16xv 1d 1i: Got FFF2 vs FFF1: FAIL
PASS: 0b, 0x0024 1xs 2d 1i
PASS: 0b, 0x0024 16xs 2d 1i
FAIL: 0b, 0x0024 1xv 2d 1i
1xv 2d 1i: Got FFF1 vs FFF0: FAIL
FAIL: 0b, 0x0024 16xv 2d 1i
16xv 2d 1i: Got FFF2 vs FFF1: FAIL
PASS: 0b, 0x0024 1xs 4d 1i
PASS: 0b, 0x0024 16xs 4d 1i
FAIL: 0b, 0x0024 1xv 4d 1i
1xv 4d 1i: Got FFF1 vs FFF0: FAIL
FAIL: 0b, 0x0024 16xv 4d 1i
16xv 4d 1i: Got FFF2 vs FFF1: FAIL
PASS: 0b, 0x0024 1xs 1d 2i
PASS: 0b, 0x0024 16xs 1d 2i
PASS: 0b, 0x0024 1xv 1d 2i
PASS: 0b, 0x0024 16xv 1d 2i
PASS: 0b, 0x0024 1xs 2d 2i
PASS: 0b, 0x0024 16xs 2d 2i
PASS: 0b, 0x0024 1xv 2d 2i
PASS: 0b, 0x0024 16xv 2d 2i
PASS: 0b, 0x0024 1xs 4d 2i
PASS: 0b, 0x0024 16xs 4d 2i
PASS: 0b, 0x0024 1xv 4d 2i
PASS: 0b, 0x0024 16xv 4d 2i
PASS: 0b, 0x0024 1xs 1d 4i
PASS: 0b, 0x0024 16xs 1d 4i
FAIL: 0b, 0x0024 1xv 1d 4i
1xv 1d 4i: Got FFF1 vs FFF3: FAIL
FAIL: 0b, 0x0024 16xv 1d 4i
16xv 1d 4i: Got FFF2 vs FFF4: FAIL
PASS: 0b, 0x0024 1xs 2d 4i
PASS: 0b, 0x0024 16xs 2d 4i
FAIL: 0b, 0x0024 1xv 2d 4i
1xv 2d 4i: Got FFF1 vs FFF3: FAIL
FAIL: 0b, 0x0024 16xv 2d 4i
16xv 2d 4i: Got FFF2 vs FFF4: FAIL
PASS: 0b, 0x0024 1xs 4d 4i
PASS: 0b, 0x0024 16xs 4d 4i
FAIL: 0b, 0x0024 1xv 4d 4i
1xv 4d 4i: Got FFF1 vs FFF3: FAIL
FAIL: 0b, 0x0024 16xv 4d 4i
16xv 4d 4i: Got FFF2 vs FFF4: FAIL
Timer count-up test: 0b, 0x0025
PASS: 0b, 0x0025 1xs 1d 1i
PASS: 0b, 0x0025 16xs 1d 1i
FAIL: 0b, 0x0025 1xv 1d 1i
1xv 1d 1i: Got FFF0 vs FFEF: FAIL
FAIL: 0b, 0x0025 16xv 1d 1i
16xv 1d 1i: Got FFEE vs FFED: FAIL
PASS: 0b, 0x0025 1xs 2d 1i
PASS: 0b, 0x0025 16xs 2d 1i
FAIL: 0b, 0x0025 1xv 2d 1i
1xv 2d 1i: Got FFF0 vs FFEF: FAIL
FAIL: 0b, 0x0025 16xv 2d 1i
16xv 2d 1i: Got FFEE vs FFED: FAIL
PASS: 0b, 0x0025 1xs 4d 1i
PASS: 0b, 0x0025 16xs 4d 1i
FAIL: 0b, 0x0025 1xv 4d 1i
1xv 4d 1i: Got FFF0 vs FFEF: FAIL
FAIL: 0b, 0x0025 16xv 4d 1i
16xv 4d 1i: Got FFEE vs FFED: FAIL
PASS: 0b, 0x0025 1xs 1d 2i
PASS: 0b, 0x0025 16xs 1d 2i
PASS: 0b, 0x0025 1xv 1d 2i
PASS: 0b, 0x0025 16xv 1d 2i
PASS: 0b, 0x0025 1xs 2d 2i
PASS: 0b, 0x0025 16xs 2d 2i
PASS: 0b, 0x0025 1xv 2d 2i
PASS: 0b, 0x0025 16xv 2d 2i
PASS: 0b, 0x0025 1xs 4d 2i
PASS: 0b, 0x0025 16xs 4d 2i
PASS: 0b, 0x0025 1xv 4d 2i
PASS: 0b, 0x0025 16xv 4d 2i
PASS: 0b, 0x0025 1xs 1d 4i
PASS: 0b, 0x0025 16xs 1d 4i
FAIL: 0b, 0x0025 1xv 1d 4i
1xv 1d 4i: Got FFE6 vs FFE8: FAIL
FAIL: 0b, 0x0025 16xv 1d 4i
16xv 1d 4i: Got FFE4 vs FFE6: FAIL
PASS: 0b, 0x0025 1xs 2d 4i
PASS: 0b, 0x0025 16xs 2d 4i
FAIL: 0b, 0x0025 1xv 2d 4i
1xv 2d 4i: Got FFE6 vs FFE8: FAIL
FAIL: 0b, 0x0025 16xv 2d 4i
16xv 2d 4i: Got FFE4 vs FFE6: FAIL
PASS: 0b, 0x0025 1xs 4d 4i
PASS: 0b, 0x0025 16xs 4d 4i
FAIL: 0b, 0x0025 1xv 4d 4i
1xv 4d 4i: Got FFE6 vs FFE8: FAIL
FAIL: 0b, 0x0025 16xv 4d 4i
16xv 4d 4i: Got FFE4 vs FFE6: FAIL
Timer count-up test: 0b, 0x0040
PASS: 0b, 0x0040 1xs 1d 1i
PASS: 0b, 0x0040 16xs 1d 1i
FAIL: 0b, 0x0040 1xv 1d 1i
1xv 1d 1i: Got FFDD vs FFDC: FAIL
FAIL: 0b, 0x0040 16xv 1d 1i
16xv 1d 1i: Got FFDD vs FFDC: FAIL
PASS: 0b, 0x0040 1xs 2d 1i
PASS: 0b, 0x0040 16xs 2d 1i
FAIL: 0b, 0x0040 1xv 2d 1i
1xv 2d 1i: Got FFDD vs FFDC: FAIL
FAIL: 0b, 0x0040 16xv 2d 1i
16xv 2d 1i: Got FFDD vs FFDC: FAIL
PASS: 0b, 0x0040 1xs 4d 1i
PASS: 0b, 0x0040 16xs 4d 1i
FAIL: 0b, 0x0040 1xv 4d 1i
1xv 4d 1i: Got FFDD vs FFDC: FAIL
FAIL: 0b, 0x0040 16xv 4d 1i
16xv 4d 1i: Got FFDD vs FFDC: FAIL
PASS: 0b, 0x0040 1xs 1d 2i
PASS: 0b, 0x0040 16xs 1d 2i
FAIL: 0b, 0x0040 1xv 1d 2i
1xv 1d 2i: Got FFDD vs FFDC: FAIL
FAIL: 0b, 0x0040 16xv 1d 2i
16xv 1d 2i: Got FFDD vs FFDC: FAIL
PASS: 0b, 0x0040 1xs 2d 2i
PASS: 0b, 0x0040 16xs 2d 2i
FAIL: 0b, 0x0040 1xv 2d 2i
1xv 2d 2i: Got FFDD vs FFDC: FAIL
FAIL: 0b, 0x0040 16xv 2d 2i
16xv 2d 2i: Got FFDD vs FFDC: FAIL
PASS: 0b, 0x0040 1xs 4d 2i
PASS: 0b, 0x0040 16xs 4d 2i
FAIL: 0b, 0x0040 1xv 4d 2i
1xv 4d 2i: Got FFDD vs FFDC: FAIL
FAIL: 0b, 0x0040 16xv 4d 2i
16xv 4d 2i: Got FFDD vs FFDC: FAIL
PASS: 0b, 0x0040 1xs 1d 4i
PASS: 0b, 0x0040 16xs 1d 4i
FAIL: 0b, 0x0040 1xv 1d 4i
1xv 1d 4i: Got FFDD vs FFDE: FAIL
FAIL: 0b, 0x0040 16xv 1d 4i
16xv 1d 4i: Got FFDD vs FFDE: FAIL
PASS: 0b, 0x0040 1xs 2d 4i
PASS: 0b, 0x0040 16xs 2d 4i
FAIL: 0b, 0x0040 1xv 2d 4i
1xv 2d 4i: Got FFDD vs FFDE: FAIL
FAIL: 0b, 0x0040 16xv 2d 4i
16xv 2d 4i: Got FFDD vs FFDE: FAIL
PASS: 0b, 0x0040 1xs 4d 4i
PASS: 0b, 0x0040 16xs 4d 4i
FAIL: 0b, 0x0040 1xv 4d 4i
1xv 4d 4i: Got FFDD vs FFDE: FAIL
FAIL: 0b, 0x0040 16xv 4d 4i
16xv 4d 4i: Got FFDD vs FFDE: FAIL
Timer count-up test: 0b, 0x0080
PASS: 0b, 0x0080 1xs 1d 1i
PASS: 0b, 0x0080 16xs 1d 1i
FAIL: 0b, 0x0080 1xv 1d 1i
1xv 1d 1i: Got FFDD vs FFDC: FAIL
FAIL: 0b, 0x0080 16xv 1d 1i
16xv 1d 1i: Got FFDE vs FFDD: FAIL
PASS: 0b, 0x0080 1xs 2d 1i
PASS: 0b, 0x0080 16xs 2d 1i
FAIL: 0b, 0x0080 1xv 2d 1i
1xv 2d 1i: Got FFDD vs FFDC: FAIL
FAIL: 0b, 0x0080 16xv 2d 1i
16xv 2d 1i: Got FFDE vs FFDD: FAIL
PASS: 0b, 0x0080 1xs 4d 1i
PASS: 0b, 0x0080 16xs 4d 1i
FAIL: 0b, 0x0080 1xv 4d 1i
1xv 4d 1i: Got FFDD vs FFDC: FAIL
FAIL: 0b, 0x0080 16xv 4d 1i
16xv 4d 1i: Got FFDE vs FFDD: FAIL
PASS: 0b, 0x0080 1xs 1d 2i
PASS: 0b, 0x0080 16xs 1d 2i
FAIL: 0b, 0x0080 1xv 1d 2i
1xv 1d 2i: Got FFDD vs FFDC: FAIL
FAIL: 0b, 0x0080 16xv 1d 2i
16xv 1d 2i: Got FFDD vs FFDC: FAIL
PASS: 0b, 0x0080 1xs 2d 2i
PASS: 0b, 0x0080 16xs 2d 2i
FAIL: 0b, 0x0080 1xv 2d 2i
1xv 2d 2i: Got FFDD vs FFDC: FAIL
FAIL: 0b, 0x0080 16xv 2d 2i
16xv 2d 2i: Got FFDD vs FFDC: FAIL
PASS: 0b, 0x0080 1xs 4d 2i
PASS: 0b, 0x0080 16xs 4d 2i
FAIL: 0b, 0x0080 1xv 4d 2i
1xv 4d 2i: Got FFDD vs FFDC: FAIL
FAIL: 0b, 0x0080 16xv 4d 2i
16xv 4d 2i: Got FFDD vs FFDC: FAIL
PASS: 0b, 0x0080 1xs 1d 4i
FAIL: 0b, 0x0080 16xs 1d 4i
16xs 1d 4i: Got 00000080 vs 00000070: FAIL
FAIL: 0b, 0x0080 1xv 1d 4i
1xv 1d 4i: Got FFDD vs FFDE: FAIL
FAIL: 0b, 0x0080 16xv 1d 4i
16xv 1d 4i: Got FFDD vs FFDC: FAIL
PASS: 0b, 0x0080 1xs 2d 4i
FAIL: 0b, 0x0080 16xs 2d 4i
16xs 2d 4i: Got 00000080 vs 00000070: FAIL
FAIL: 0b, 0x0080 1xv 2d 4i
1xv 2d 4i: Got FFDD vs FFDE: FAIL
FAIL: 0b, 0x0080 16xv 2d 4i
16xv 2d 4i: Got FFDD vs FFDC: FAIL
PASS: 0b, 0x0080 1xs 4d 4i
FAIL: 0b, 0x0080 16xs 4d 4i
16xs 4d 4i: Got 00000080 vs 00000070: FAIL
FAIL: 0b, 0x0080 1xv 4d 4i
1xv 4d 4i: Got FFDD vs FFDE: FAIL
FAIL: 0b, 0x0080 16xv 4d 4i
16xv 4d 4i: Got FFDD vs FFDC: FAIL
Timer count-up test: 0b, 0x0800
PASS: 0b, 0x0800 1xs 1d 1i
PASS: 0b, 0x0800 16xs 1d 1i
FAIL: 0b, 0x0800 1xv 1d 1i
1xv 1d 1i: Got F85D vs F85C: FAIL
FAIL: 0b, 0x0800 16xv 1d 1i
16xv 1d 1i: Got F85D vs F85C: FAIL
PASS: 0b, 0x0800 1xs 2d 1i
PASS: 0b, 0x0800 16xs 2d 1i
FAIL: 0b, 0x0800 1xv 2d 1i
1xv 2d 1i: Got F85D vs F85C: FAIL
FAIL: 0b, 0x0800 16xv 2d 1i
16xv 2d 1i: Got F85D vs F85C: FAIL
PASS: 0b, 0x0800 1xs 4d 1i
PASS: 0b, 0x0800 16xs 4d 1i
FAIL: 0b, 0x0800 1xv 4d 1i
1xv 4d 1i: Got F85D vs F85C: FAIL
FAIL: 0b, 0x0800 16xv 4d 1i
16xv 4d 1i: Got F85D vs F85C: FAIL
PASS: 0b, 0x0800 1xs 1d 2i
PASS: 0b, 0x0800 16xs 1d 2i
FAIL: 0b, 0x0800 1xv 1d 2i
1xv 1d 2i: Got F85D vs F85C: FAIL
FAIL: 0b, 0x0800 16xv 1d 2i
16xv 1d 2i: Got F85D vs F85C: FAIL
PASS: 0b, 0x0800 1xs 2d 2i
PASS: 0b, 0x0800 16xs 2d 2i
FAIL: 0b, 0x0800 1xv 2d 2i
1xv 2d 2i: Got F85D vs F85C: FAIL
FAIL: 0b, 0x0800 16xv 2d 2i
16xv 2d 2i: Got F85D vs F85C: FAIL
PASS: 0b, 0x0800 1xs 4d 2i
PASS: 0b, 0x0800 16xs 4d 2i
FAIL: 0b, 0x0800 1xv 4d 2i
1xv 4d 2i: Got F85D vs F85C: FAIL
FAIL: 0b, 0x0800 16xv 4d 2i
16xv 4d 2i: Got F85D vs F85C: FAIL
PASS: 0b, 0x0800 1xs 1d 4i
FAIL: 0b, 0x0800 16xs 1d 4i
16xs 1d 4i: Got 00001560 vs 00001550: FAIL
FAIL: 0b, 0x0800 1xv 1d 4i
1xv 1d 4i: Got F85D vs F85E: FAIL
FAIL: 0b, 0x0800 16xv 1d 4i
16xv 1d 4i: Got F85F vs F85C: FAIL
PASS: 0b, 0x0800 1xs 2d 4i
FAIL: 0b, 0x0800 16xs 2d 4i
16xs 2d 4i: Got 00001560 vs 00001550: FAIL
FAIL: 0b, 0x0800 1xv 2d 4i
1xv 2d 4i: Got F85D vs F85E: FAIL
FAIL: 0b, 0x0800 16xv 2d 4i
16xv 2d 4i: Got F85F vs F85C: FAIL
PASS: 0b, 0x0800 1xs 4d 4i
FAIL: 0b, 0x0800 16xs 4d 4i
16xs 4d 4i: Got 00001560 vs 00001550: FAIL
FAIL: 0b, 0x0800 1xv 4d 4i
1xv 4d 4i: Got F85D vs F85E: FAIL
FAIL: 0b, 0x0800 16xv 4d 4i
16xv 4d 4i: Got F85F vs F85C: FAIL
Timer count-up test: 0b, 0x8000
PASS: 0b, 0x8000 1xs 1d 1i
PASS: 0b, 0x8000 16xs 1d 1i
FAIL: 0b, 0x8000 1xv 1d 1i
1xv 1d 1i: Got 805D vs 805C: FAIL
FAIL: 0b, 0x8000 16xv 1d 1i
16xv 1d 1i: Got 805F vs 805E: FAIL
PASS: 0b, 0x8000 1xs 2d 1i
PASS: 0b, 0x8000 16xs 2d 1i
FAIL: 0b, 0x8000 1xv 2d 1i
1xv 2d 1i: Got 805D vs 805C: FAIL
FAIL: 0b, 0x8000 16xv 2d 1i
16xv 2d 1i: Got 805F vs 805E: FAIL
PASS: 0b, 0x8000 1xs 4d 1i
PASS: 0b, 0x8000 16xs 4d 1i
FAIL: 0b, 0x8000 1xv 4d 1i
1xv 4d 1i: Got 805D vs 805C: FAIL
FAIL: 0b, 0x8000 16xv 4d 1i
16xv 4d 1i: Got 805F vs 805E: FAIL
PASS: 0b, 0x8000 1xs 1d 2i
PASS: 0b, 0x8000 16xs 1d 2i
FAIL: 0b, 0x8000 1xv 1d 2i
1xv 1d 2i: Got 805D vs 805C: FAIL
FAIL: 0b, 0x8000 16xv 1d 2i
16xv 1d 2i: Got 805D vs 805C: FAIL
PASS: 0b, 0x8000 1xs 2d 2i
PASS: 0b, 0x8000 16xs 2d 2i
FAIL: 0b, 0x8000 1xv 2d 2i
1xv 2d 2i: Got 805D vs 805C: FAIL
FAIL: 0b, 0x8000 16xv 2d 2i
16xv 2d 2i: Got 805D vs 805C: FAIL
PASS: 0b, 0x8000 1xs 4d 2i
PASS: 0b, 0x8000 16xs 4d 2i
FAIL: 0b, 0x8000 1xv 4d 2i
1xv 4d 2i: Got 805D vs 805C: FAIL
FAIL: 0b, 0x8000 16xv 4d 2i
16xv 4d 2i: Got 805D vs 805C: FAIL
PASS: 0b, 0x8000 1xs 1d 4i
PASS: 0b, 0x8000 16xs 1d 4i
FAIL: 0b, 0x8000 1xv 1d 4i
1xv 1d 4i: Got 805D vs 805E: FAIL
FAIL: 0b, 0x8000 16xv 1d 4i
16xv 1d 4i: Got 805D vs 805C: FAIL
PASS: 0b, 0x8000 1xs 2d 4i
PASS: 0b, 0x8000 16xs 2d 4i
FAIL: 0b, 0x8000 1xv 2d 4i
1xv 2d 4i: Got 805D vs 805E: FAIL
FAIL: 0b, 0x8000 16xv 2d 4i
16xv 2d 4i: Got 805D vs 805C: FAIL
PASS: 0b, 0x8000 1xs 4d 4i
PASS: 0b, 0x8000 16xs 4d 4i
FAIL: 0b, 0x8000 1xv 4d 4i
1xv 4d 4i: Got 805D vs 805E: FAIL
FAIL: 0b, 0x8000 16xv 4d 4i
16xv 4d 4i: Got 805D vs 805C: FAIL
Timer count-up test: 6b, 0x0010
PASS: 6b, 0x0010 1xs 1d 1i
PASS: 6b, 0x0010 16xs 1d 1i
FAIL: 6b, 0x0010 1xv 1d 1i
1xv 1d 1i: Got FFF2 vs FFF1: FAIL
FAIL: 6b, 0x0010 16xv 1d 1i
16xv 1d 1i: Got FFF2 vs FFF1: FAIL
FAIL: 6b, 0x0010 1xs 2d 1i
1xs 2d 1i: Got 0000007A vs 0000007B: FAIL
PASS: 6b, 0x0010 16xs 2d 1i
FAIL: 6b, 0x0010 1xv 2d 1i
1xv 2d 1i: Got FFF2 vs FFF1: FAIL
FAIL: 6b, 0x0010 16xv 2d 1i
16xv 2d 1i: Got FFF2 vs FFF1: FAIL
PASS: 6b, 0x0010 1xs 4d 1i
PASS: 6b, 0x0010 16xs 4d 1i
FAIL: 6b, 0x0010 1xv 4d 1i
1xv 4d 1i: Got FFF2 vs FFF1: FAIL
FAIL: 6b, 0x0010 16xv 4d 1i
16xv 4d 1i: Got FFF2 vs FFF1: FAIL
PASS: 6b, 0x0010 1xs 1d 2i
PASS: 6b, 0x0010 16xs 1d 2i
FAIL: 6b, 0x0010 1xv 1d 2i
1xv 1d 2i: Got FFF2 vs FFF1: FAIL
FAIL: 6b, 0x0010 16xv 1d 2i
16xv 1d 2i: Got FFF2 vs FFF1: FAIL
PASS: 6b, 0x0010 1xs 2d 2i
PASS: 6b, 0x0010 16xs 2d 2i
FAIL: 6b, 0x0010 1xv 2d 2i
1xv 2d 2i: Got FFF2 vs FFF1: FAIL
FAIL: 6b, 0x0010 16xv 2d 2i
16xv 2d 2i: Got FFF2 vs FFF1: FAIL
PASS: 6b, 0x0010 1xs 4d 2i
PASS: 6b, 0x0010 16xs 4d 2i
FAIL: 6b, 0x0010 1xv 4d 2i
1xv 4d 2i: Got FFF2 vs FFF1: FAIL
FAIL: 6b, 0x0010 16xv 4d 2i
16xv 4d 2i: Got FFF2 vs FFF1: FAIL
PASS: 6b, 0x0010 1xs 1d 4i
PASS: 6b, 0x0010 16xs 1d 4i
FAIL: 6b, 0x0010 1xv 1d 4i
1xv 1d 4i: Got FFF2 vs FFF1: FAIL
FAIL: 6b, 0x0010 16xv 1d 4i
16xv 1d 4i: Got FFF2 vs FFF1: FAIL
PASS: 6b, 0x0010 1xs 2d 4i
PASS: 6b, 0x0010 16xs 2d 4i
FAIL: 6b, 0x0010 1xv 2d 4i
1xv 2d 4i: Got FFF2 vs FFF1: FAIL
FAIL: 6b, 0x0010 16xv 2d 4i
16xv 2d 4i: Got FFF2 vs FFF1: FAIL
PASS: 6b, 0x0010 1xs 4d 4i
PASS: 6b, 0x0010 16xs 4d 4i
FAIL: 6b, 0x0010 1xv 4d 4i
1xv 4d 4i: Got FFF2 vs FFF1: FAIL
FAIL: 6b, 0x0010 16xv 4d 4i
16xv 4d 4i: Got FFF2 vs FFF1: FAIL
Timer count-up test: 6b, 0x0011
PASS: 6b, 0x0011 1xs 1d 1i
PASS: 6b, 0x0011 16xs 1d 1i
FAIL: 6b, 0x0011 1xv 1d 1i
1xv 1d 1i: Got FFF1 vs FFF0: FAIL
FAIL: 6b, 0x0011 16xv 1d 1i
16xv 1d 1i: Got FFF1 vs FFF0: FAIL
FAIL: 6b, 0x0011 1xs 2d 1i
1xs 2d 1i: Got 00000082 vs 00000083: FAIL
PASS: 6b, 0x0011 16xs 2d 1i
FAIL: 6b, 0x0011 1xv 2d 1i
1xv 2d 1i: Got FFF1 vs FFF0: FAIL
FAIL: 6b, 0x0011 16xv 2d 1i
16xv 2d 1i: Got FFF1 vs FFF0: FAIL
PASS: 6b, 0x0011 1xs 4d 1i
PASS: 6b, 0x0011 16xs 4d 1i
FAIL: 6b, 0x0011 1xv 4d 1i
1xv 4d 1i: Got FFF1 vs FFF0: FAIL
FAIL: 6b, 0x0011 16xv 4d 1i
16xv 4d 1i: Got FFF1 vs FFF0: FAIL
PASS: 6b, 0x0011 1xs 1d 2i
PASS: 6b, 0x0011 16xs 1d 2i
FAIL: 6b, 0x0011 1xv 1d 2i
1xv 1d 2i: Got FFF1 vs FFF0: FAIL
FAIL: 6b, 0x0011 16xv 1d 2i
16xv 1d 2i: Got FFF1 vs FFF0: FAIL
PASS: 6b, 0x0011 1xs 2d 2i
PASS: 6b, 0x0011 16xs 2d 2i
FAIL: 6b, 0x0011 1xv 2d 2i
1xv 2d 2i: Got FFF1 vs FFF0: FAIL
FAIL: 6b, 0x0011 16xv 2d 2i
16xv 2d 2i: Got FFF1 vs FFF0: FAIL
PASS: 6b, 0x0011 1xs 4d 2i
PASS: 6b, 0x0011 16xs 4d 2i
FAIL: 6b, 0x0011 1xv 4d 2i
1xv 4d 2i: Got FFF1 vs FFF0: FAIL
FAIL: 6b, 0x0011 16xv 4d 2i
16xv 4d 2i: Got FFF1 vs FFF0: FAIL
PASS: 6b, 0x0011 1xs 1d 4i
PASS: 6b, 0x0011 16xs 1d 4i
FAIL: 6b, 0x0011 1xv 1d 4i
1xv 1d 4i: Got FFF1 vs FFF0: FAIL
FAIL: 6b, 0x0011 16xv 1d 4i
16xv 1d 4i: Got FFF1 vs FFF0: FAIL
PASS: 6b, 0x0011 1xs 2d 4i
PASS: 6b, 0x0011 16xs 2d 4i
FAIL: 6b, 0x0011 1xv 2d 4i
1xv 2d 4i: Got FFF1 vs FFF0: FAIL
FAIL: 6b, 0x0011 16xv 2d 4i
16xv 2d 4i: Got FFF1 vs FFF0: FAIL
PASS: 6b, 0x0011 1xs 4d 4i
PASS: 6b, 0x0011 16xs 4d 4i
FAIL: 6b, 0x0011 1xv 4d 4i
1xv 4d 4i: Got FFF1 vs FFF0: FAIL
FAIL: 6b, 0x0011 16xv 4d 4i
16xv 4d 4i: Got FFF1 vs FFF0: FAIL
Timer count-up test: 6b, 0x0012
PASS: 6b, 0x0012 1xs 1d 1i
PASS: 6b, 0x0012 16xs 1d 1i
FAIL: 6b, 0x0012 1xv 1d 1i
1xv 1d 1i: Got FFF0 vs FFEF: FAIL
FAIL: 6b, 0x0012 16xv 1d 1i
16xv 1d 1i: Got FFF0 vs FFEF: FAIL
FAIL: 6b, 0x0012 1xs 2d 1i
1xs 2d 1i: Got 0000008A vs 0000008B: FAIL
FAIL: 6b, 0x0012 16xs 2d 1i
16xs 2d 1i: Got 00000300 vs 00000310: FAIL
FAIL: 6b, 0x0012 1xv 2d 1i
1xv 2d 1i: Got FFF0 vs FFEF: FAIL
FAIL: 6b, 0x0012 16xv 2d 1i
16xv 2d 1i: Got FFF0 vs FFEF: FAIL
PASS: 6b, 0x0012 1xs 4d 1i
PASS: 6b, 0x0012 16xs 4d 1i
FAIL: 6b, 0x0012 1xv 4d 1i
1xv 4d 1i: Got FFF0 vs FFEF: FAIL
FAIL: 6b, 0x0012 16xv 4d 1i
16xv 4d 1i: Got FFF0 vs FFEF: FAIL
PASS: 6b, 0x0012 1xs 1d 2i
PASS: 6b, 0x0012 16xs 1d 2i
FAIL: 6b, 0x0012 1xv 1d 2i
1xv 1d 2i: Got FFF0 vs FFEF: FAIL
FAIL: 6b, 0x0012 16xv 1d 2i
16xv 1d 2i: Got FFF0 vs FFEF: FAIL
PASS: 6b, 0x0012 1xs 2d 2i
PASS: 6b, 0x0012 16xs 2d 2i
FAIL: 6b, 0x0012 1xv 2d 2i
1xv 2d 2i: Got FFF0 vs FFEF: FAIL
FAIL: 6b, 0x0012 16xv 2d 2i
16xv 2d 2i: Got FFF0 vs FFEF: FAIL
PASS: 6b, 0x0012 1xs 4d 2i
PASS: 6b, 0x0012 16xs 4d 2i
FAIL: 6b, 0x0012 1xv 4d 2i
1xv 4d 2i: Got FFF0 vs FFEF: FAIL
FAIL: 6b, 0x0012 16xv 4d 2i
16xv 4d 2i: Got FFF0 vs FFEF: FAIL
PASS: 6b, 0x0012 1xs 1d 4i
PASS: 6b, 0x0012 16xs 1d 4i
FAIL: 6b, 0x0012 1xv 1d 4i
1xv 1d 4i: Got FFF0 vs FFEF: FAIL
FAIL: 6b, 0x0012 16xv 1d 4i
16xv 1d 4i: Got FFF0 vs FFEF: FAIL
PASS: 6b, 0x0012 1xs 2d 4i
PASS: 6b, 0x0012 16xs 2d 4i
FAIL: 6b, 0x0012 1xv 2d 4i
1xv 2d 4i: Got FFF0 vs FFEF: FAIL
FAIL: 6b, 0x0012 16xv 2d 4i
16xv 2d 4i: Got FFF0 vs FFEF: FAIL
PASS: 6b, 0x0012 1xs 4d 4i
PASS: 6b, 0x0012 16xs 4d 4i
FAIL: 6b, 0x0012 1xv 4d 4i
1xv 4d 4i: Got FFF0 vs FFEF: FAIL
FAIL: 6b, 0x0012 16xv 4d 4i
16xv 4d 4i: Got FFF0 vs FFEF: FAIL
Timer count-up test: 6b, 0x0013
PASS: 6b, 0x0013 1xs 1d 1i
FAIL: 6b, 0x0013 16xs 1d 1i
16xs 1d 1i: Got 00000330 vs 00000340: FAIL
FAIL: 6b, 0x0013 1xv 1d 1i
1xv 1d 1i: Got FFEF vs FFEE: FAIL
FAIL: 6b, 0x0013 16xv 1d 1i
16xv 1d 1i: Got FFEF vs FFEE: FAIL
FAIL: 6b, 0x0013 1xs 2d 1i
1xs 2d 1i: Got 00000092 vs 00000093: FAIL
PASS: 6b, 0x0013 16xs 2d 1i
FAIL: 6b, 0x0013 1xv 2d 1i
1xv 2d 1i: Got FFEF vs FFEE: FAIL
FAIL: 6b, 0x0013 16xv 2d 1i
16xv 2d 1i: Got FFEF vs FFEE: FAIL
PASS: 6b, 0x0013 1xs 4d 1i
PASS: 6b, 0x0013 16xs 4d 1i
FAIL: 6b, 0x0013 1xv 4d 1i
1xv 4d 1i: Got FFEF vs FFEE: FAIL
FAIL: 6b, 0x0013 16xv 4d 1i
16xv 4d 1i: Got FFEF vs FFEE: FAIL
PASS: 6b, 0x0013 1xs 1d 2i
PASS: 6b, 0x0013 16xs 1d 2i
FAIL: 6b, 0x0013 1xv 1d 2i
1xv 1d 2i: Got FFEF vs FFEE: FAIL
FAIL: 6b, 0x0013 16xv 1d 2i
16xv 1d 2i: Got FFEF vs FFEE: FAIL
PASS: 6b, 0x0013 1xs 2d 2i
PASS: 6b, 0x0013 16xs 2d 2i
FAIL: 6b, 0x0013 1xv 2d 2i
1xv 2d 2i: Got FFEF vs FFEE: FAIL
FAIL: 6b, 0x0013 16xv 2d 2i
16xv 2d 2i: Got FFEF vs FFEE: FAIL
PASS: 6b, 0x0013 1xs 4d 2i
PASS: 6b, 0x0013 16xs 4d 2i
FAIL: 6b, 0x0013 1xv 4d 2i
1xv 4d 2i: Got FFEF vs FFEE: FAIL
FAIL: 6b, 0x0013 16xv 4d 2i
16xv 4d 2i: Got FFEF vs FFEE: FAIL
PASS: 6b, 0x0013 1xs 1d 4i
PASS: 6b, 0x0013 16xs 1d 4i
FAIL: 6b, 0x0013 1xv 1d 4i
1xv 1d 4i: Got FFEF vs FFEE: FAIL
FAIL: 6b, 0x0013 16xv 1d 4i
16xv 1d 4i: Got FFEF vs FFEE: FAIL
PASS: 6b, 0x0013 1xs 2d 4i
PASS: 6b, 0x0013 16xs 2d 4i
FAIL: 6b, 0x0013 1xv 2d 4i
1xv 2d 4i: Got FFEF vs FFEE: FAIL
FAIL: 6b, 0x0013 16xv 2d 4i
16xv 2d 4i: Got FFEF vs FFEE: FAIL
PASS: 6b, 0x0013 1xs 4d 4i
FAIL: 6b, 0x0013 16xs 4d 4i
16xs 4d 4i: Got 00000C50 vs 00000C40: FAIL
FAIL: 6b, 0x0013 1xv 4d 4i
1xv 4d 4i: Got FFEF vs FFEE: FAIL
FAIL: 6b, 0x0013 16xv 4d 4i
16xv 4d 4i: Got FFEF vs FFEE: FAIL
Timer count-up test: 8b, 0x0010
PASS: 8b, 0x0010 1xs 1d 1i
PASS: 8b, 0x0010 16xs 1d 1i
FAIL: 8b, 0x0010 1xv 1d 1i
1xv 1d 1i: Got FFF1 vs FFF0: FAIL
FAIL: 8b, 0x0010 16xv 1d 1i
16xv 1d 1i: Got FFF1 vs FFF0: FAIL
FAIL: 8b, 0x0010 1xs 2d 1i
1xs 2d 1i: Got 000001EA vs 000001EB: FAIL
PASS: 8b, 0x0010 16xs 2d 1i
FAIL: 8b, 0x0010 1xv 2d 1i
1xv 2d 1i: Got FFF1 vs FFF0: FAIL
FAIL: 8b, 0x0010 16xv 2d 1i
16xv 2d 1i: Got FFF1 vs FFF0: FAIL
PASS: 8b, 0x0010 1xs 4d 1i
FAIL: 8b, 0x0010 16xs 4d 1i
16xs 4d 1i: Got 00000AA0 vs 00000AB0: FAIL
FAIL: 8b, 0x0010 1xv 4d 1i
1xv 4d 1i: Got FFF1 vs FFF0: FAIL
FAIL: 8b, 0x0010 16xv 4d 1i
16xv 4d 1i: Got FFF1 vs FFF0: FAIL
PASS: 8b, 0x0010 1xs 1d 2i
PASS: 8b, 0x0010 16xs 1d 2i
FAIL: 8b, 0x0010 1xv 1d 2i
1xv 1d 2i: Got FFF1 vs FFF0: FAIL
FAIL: 8b, 0x0010 16xv 1d 2i
16xv 1d 2i: Got FFF1 vs FFF0: FAIL
PASS: 8b, 0x0010 1xs 2d 2i
PASS: 8b, 0x0010 16xs 2d 2i
FAIL: 8b, 0x0010 1xv 2d 2i
1xv 2d 2i: Got FFF1 vs FFF0: FAIL
FAIL: 8b, 0x0010 16xv 2d 2i
16xv 2d 2i: Got FFF1 vs FFF0: FAIL
PASS: 8b, 0x0010 1xs 4d 2i
PASS: 8b, 0x0010 16xs 4d 2i
FAIL: 8b, 0x0010 1xv 4d 2i
1xv 4d 2i: Got FFF1 vs FFF0: FAIL
FAIL: 8b, 0x0010 16xv 4d 2i
16xv 4d 2i: Got FFF1 vs FFF0: FAIL
PASS: 8b, 0x0010 1xs 1d 4i
PASS: 8b, 0x0010 16xs 1d 4i
FAIL: 8b, 0x0010 1xv 1d 4i
1xv 1d 4i: Got FFF1 vs FFF0: FAIL
FAIL: 8b, 0x0010 16xv 1d 4i
16xv 1d 4i: Got FFF1 vs FFF0: FAIL
PASS: 8b, 0x0010 1xs 2d 4i
FAIL: 8b, 0x0010 16xs 2d 4i
16xs 2d 4i: Got 00002B20 vs 00002B10: FAIL
FAIL: 8b, 0x0010 1xv 2d 4i
1xv 2d 4i: Got FFF1 vs FFF0: FAIL
FAIL: 8b, 0x0010 16xv 2d 4i
16xv 2d 4i: Got FFF1 vs FFF0: FAIL
PASS: 8b, 0x0010 1xs 4d 4i
PASS: 8b, 0x0010 16xs 4d 4i
FAIL: 8b, 0x0010 1xv 4d 4i
1xv 4d 4i: Got FFF1 vs FFF0: FAIL
FAIL: 8b, 0x0010 16xv 4d 4i
16xv 4d 4i: Got FFF1 vs FFF0: FAIL
Timer count-up test: 8b, 0x0011
PASS: 8b, 0x0011 1xs 1d 1i
PASS: 8b, 0x0011 16xs 1d 1i
FAIL: 8b, 0x0011 1xv 1d 1i
1xv 1d 1i: Got FFF0 vs FFEF: FAIL
FAIL: 8b, 0x0011 16xv 1d 1i
16xv 1d 1i: Got FFF0 vs FFEF: FAIL
FAIL: 8b, 0x0011 1xs 2d 1i
1xs 2d 1i: Got 0000020A vs 0000020B: FAIL
PASS: 8b, 0x0011 16xs 2d 1i
FAIL: 8b, 0x0011 1xv 2d 1i
1xv 2d 1i: Got FFF0 vs FFEF: FAIL
FAIL: 8b, 0x0011 16xv 2d 1i
16xv 2d 1i: Got FFF0 vs FFEF: FAIL
PASS: 8b, 0x0011 1xs 4d 1i
PASS: 8b, 0x0011 16xs 4d 1i
FAIL: 8b, 0x0011 1xv 4d 1i
1xv 4d 1i: Got FFF0 vs FFEF: FAIL
FAIL: 8b, 0x0011 16xv 4d 1i
16xv 4d 1i: Got FFF0 vs FFEF: FAIL
PASS: 8b, 0x0011 1xs 1d 2i
PASS: 8b, 0x0011 16xs 1d 2i
FAIL: 8b, 0x0011 1xv 1d 2i
1xv 1d 2i: Got FFF0 vs FFEF: FAIL
FAIL: 8b, 0x0011 16xv 1d 2i
16xv 1d 2i: Got FFF0 vs FFEF: FAIL
PASS: 8b, 0x0011 1xs 2d 2i
PASS: 8b, 0x0011 16xs 2d 2i
FAIL: 8b, 0x0011 1xv 2d 2i
1xv 2d 2i: Got FFF0 vs FFEF: FAIL
FAIL: 8b, 0x0011 16xv 2d 2i
16xv 2d 2i: Got FFF0 vs FFEF: FAIL
PASS: 8b, 0x0011 1xs 4d 2i
PASS: 8b, 0x0011 16xs 4d 2i
FAIL: 8b, 0x0011 1xv 4d 2i
1xv 4d 2i: Got FFF0 vs FFEF: FAIL
FAIL: 8b, 0x0011 16xv 4d 2i
16xv 4d 2i: Got FFF0 vs FFEF: FAIL
PASS: 8b, 0x0011 1xs 1d 4i
PASS: 8b, 0x0011 16xs 1d 4i
FAIL: 8b, 0x0011 1xv 1d 4i
1xv 1d 4i: Got FFF0 vs FFEF: FAIL
FAIL: 8b, 0x0011 16xv 1d 4i
16xv 1d 4i: Got FFF0 vs FFEF: FAIL
PASS: 8b, 0x0011 1xs 2d 4i
PASS: 8b, 0x0011 16xs 2d 4i
FAIL: 8b, 0x0011 1xv 2d 4i
1xv 2d 4i: Got FFF0 vs FFEF: FAIL
FAIL: 8b, 0x0011 16xv 2d 4i
16xv 2d 4i: Got FFF0 vs FFEF: FAIL
PASS: 8b, 0x0011 1xs 4d 4i
PASS: 8b, 0x0011 16xs 4d 4i
FAIL: 8b, 0x0011 1xv 4d 4i
1xv 4d 4i: Got FFF0 vs FFEF: FAIL
FAIL: 8b, 0x0011 16xv 4d 4i
16xv 4d 4i: Got FFF0 vs FFEF: FAIL
Timer count-up test: 8b, 0x0012
PASS: 8b, 0x0012 1xs 1d 1i
PASS: 8b, 0x0012 16xs 1d 1i
FAIL: 8b, 0x0012 1xv 1d 1i
1xv 1d 1i: Got FFEF vs FFEE: FAIL
FAIL: 8b, 0x0012 16xv 1d 1i
16xv 1d 1i: Got FFEF vs FFEE: FAIL
FAIL: 8b, 0x0012 1xs 2d 1i
1xs 2d 1i: Got 0000022A vs 0000022B: FAIL
PASS: 8b, 0x0012 16xs 2d 1i
FAIL: 8b, 0x0012 1xv 2d 1i
1xv 2d 1i: Got FFEF vs FFEE: FAIL
FAIL: 8b, 0x0012 16xv 2d 1i
16xv 2d 1i: Got FFEF vs FFEE: FAIL
PASS: 8b, 0x0012 1xs 4d 1i
PASS: 8b, 0x0012 16xs 4d 1i
FAIL: 8b, 0x0012 1xv 4d 1i
1xv 4d 1i: Got FFEF vs FFEE: FAIL
FAIL: 8b, 0x0012 16xv 4d 1i
16xv 4d 1i: Got FFEF vs FFEE: FAIL
PASS: 8b, 0x0012 1xs 1d 2i
PASS: 8b, 0x0012 16xs 1d 2i
FAIL: 8b, 0x0012 1xv 1d 2i
1xv 1d 2i: Got FFEF vs FFEE: FAIL
FAIL: 8b, 0x0012 16xv 1d 2i
16xv 1d 2i: Got FFEF vs FFEE: FAIL
PASS: 8b, 0x0012 1xs 2d 2i
PASS: 8b, 0x0012 16xs 2d 2i
FAIL: 8b, 0x0012 1xv 2d 2i
1xv 2d 2i: Got FFEF vs FFEE: FAIL
FAIL: 8b, 0x0012 16xv 2d 2i
16xv 2d 2i: Got FFEF vs FFEE: FAIL
PASS: 8b, 0x0012 1xs 4d 2i
PASS: 8b, 0x0012 16xs 4d 2i
FAIL: 8b, 0x0012 1xv 4d 2i
1xv 4d 2i: Got FFEF vs FFEE: FAIL
FAIL: 8b, 0x0012 16xv 4d 2i
16xv 4d 2i: Got FFEF vs FFEE: FAIL
PASS: 8b, 0x0012 1xs 1d 4i
PASS: 8b, 0x0012 16xs 1d 4i
FAIL: 8b, 0x0012 1xv 1d 4i
1xv 1d 4i: Got FFEF vs FFEE: FAIL
FAIL: 8b, 0x0012 16xv 1d 4i
16xv 1d 4i: Got FFEF vs FFEE: FAIL
PASS: 8b, 0x0012 1xs 2d 4i
FAIL: 8b, 0x0012 16xs 2d 4i
16xs 2d 4i: Got 000030B0 vs 000030A0: FAIL
FAIL: 8b, 0x0012 1xv 2d 4i
1xv 2d 4i: Got FFEF vs FFEE: FAIL
FAIL: 8b, 0x0012 16xv 2d 4i
16xv 2d 4i: Got FFEF vs FFEE: FAIL
PASS: 8b, 0x0012 1xs 4d 4i
PASS: 8b, 0x0012 16xs 4d 4i
FAIL: 8b, 0x0012 1xv 4d 4i
1xv 4d 4i: Got FFEF vs FFEE: FAIL
FAIL: 8b, 0x0012 16xv 4d 4i
16xv 4d 4i: Got FFEF vs FFEE: FAIL
Timer count-up test: 8b, 0x0013
PASS: 8b, 0x0013 1xs 1d 1i
PASS: 8b, 0x0013 16xs 1d 1i
FAIL: 8b, 0x0013 1xv 1d 1i
1xv 1d 1i: Got FFEE vs FFED: FAIL
FAIL: 8b, 0x0013 16xv 1d 1i
16xv 1d 1i: Got FFEE vs FFED: FAIL
FAIL: 8b, 0x0013 1xs 2d 1i
1xs 2d 1i: Got 0000024A vs 0000024B: FAIL
PASS: 8b, 0x0013 16xs 2d 1i
FAIL: 8b, 0x0013 1xv 2d 1i
1xv 2d 1i: Got FFEE vs FFED: FAIL
FAIL: 8b, 0x0013 16xv 2d 1i
16xv 2d 1i: Got FFEE vs FFED: FAIL
PASS: 8b, 0x0013 1xs 4d 1i
PASS: 8b, 0x0013 16xs 4d 1i
FAIL: 8b, 0x0013 1xv 4d 1i
1xv 4d 1i: Got FFEE vs FFED: FAIL
FAIL: 8b, 0x0013 16xv 4d 1i
16xv 4d 1i: Got FFEE vs FFED: FAIL
PASS: 8b, 0x0013 1xs 1d 2i
PASS: 8b, 0x0013 16xs 1d 2i
FAIL: 8b, 0x0013 1xv 1d 2i
1xv 1d 2i: Got FFEE vs FFED: FAIL
FAIL: 8b, 0x0013 16xv 1d 2i
16xv 1d 2i: Got FFEE vs FFED: FAIL
PASS: 8b, 0x0013 1xs 2d 2i
PASS: 8b, 0x0013 16xs 2d 2i
FAIL: 8b, 0x0013 1xv 2d 2i
1xv 2d 2i: Got FFEE vs FFED: FAIL
FAIL: 8b, 0x0013 16xv 2d 2i
16xv 2d 2i: Got FFEE vs FFED: FAIL
PASS: 8b, 0x0013 1xs 4d 2i
PASS: 8b, 0x0013 16xs 4d 2i
FAIL: 8b, 0x0013 1xv 4d 2i
1xv 4d 2i: Got FFEE vs FFED: FAIL
FAIL: 8b, 0x0013 16xv 4d 2i
16xv 4d 2i: Got FFEE vs FFED: FAIL
PASS: 8b, 0x0013 1xs 1d 4i
PASS: 8b, 0x0013 16xs 1d 4i
FAIL: 8b, 0x0013 1xv 1d 4i
1xv 1d 4i: Got FFEE vs FFED: FAIL
FAIL: 8b, 0x0013 16xv 1d 4i
16xv 1d 4i: Got FFEE vs FFED: FAIL
PASS: 8b, 0x0013 1xs 2d 4i
PASS: 8b, 0x0013 16xs 2d 4i
FAIL: 8b, 0x0013 1xv 2d 4i
1xv 2d 4i: Got FFEE vs FFED: FAIL
FAIL: 8b, 0x0013 16xv 2d 4i
16xv 2d 4i: Got FFEE vs FFED: FAIL
PASS: 8b, 0x0013 1xs 4d 4i
PASS: 8b, 0x0013 16xs 4d 4i
FAIL: 8b, 0x0013 1xv 4d 4i
1xv 4d 4i: Got FFEE vs FFED: FAIL
FAIL: 8b, 0x0013 16xv 4d 4i
16xv 4d 4i: Got FFEE vs FFED: FAIL
Timer count-up test: 10b, 0x0010
PASS: 10b, 0x0010 1xs 1d 1i
PASS: 10b, 0x0010 16xs 1d 1i
FAIL: 10b, 0x0010 1xv 1d 1i
1xv 1d 1i: Got FFF1 vs FFF0: FAIL
FAIL: 10b, 0x0010 16xv 1d 1i
16xv 1d 1i: Got FFF1 vs FFF0: FAIL
FAIL: 10b, 0x0010 1xs 2d 1i
1xs 2d 1i: Got 000007EA vs 000007EB: FAIL
PASS: 10b, 0x0010 16xs 2d 1i
FAIL: 10b, 0x0010 1xv 2d 1i
1xv 2d 1i: Got FFF1 vs FFF0: FAIL
FAIL: 10b, 0x0010 16xv 2d 1i
16xv 2d 1i: Got FFF1 vs FFF0: FAIL
PASS: 10b, 0x0010 1xs 4d 1i
PASS: 10b, 0x0010 16xs 4d 1i
FAIL: 10b, 0x0010 1xv 4d 1i
1xv 4d 1i: Got FFF1 vs FFF0: FAIL
FAIL: 10b, 0x0010 16xv 4d 1i
16xv 4d 1i: Got FFF1 vs FFF0: FAIL
PASS: 10b, 0x0010 1xs 1d 2i
PASS: 10b, 0x0010 16xs 1d 2i
FAIL: 10b, 0x0010 1xv 1d 2i
1xv 1d 2i: Got FFF1 vs FFF0: FAIL
FAIL: 10b, 0x0010 16xv 1d 2i
16xv 1d 2i: Got FFF1 vs FFF0: FAIL
PASS: 10b, 0x0010 1xs 2d 2i
PASS: 10b, 0x0010 16xs 2d 2i
FAIL: 10b, 0x0010 1xv 2d 2i
1xv 2d 2i: Got FFF1 vs FFF0: FAIL
FAIL: 10b, 0x0010 16xv 2d 2i
16xv 2d 2i: Got FFF1 vs FFF0: FAIL
PASS: 10b, 0x0010 1xs 4d 2i
PASS: 10b, 0x0010 16xs 4d 2i
FAIL: 10b, 0x0010 1xv 4d 2i
1xv 4d 2i: Got FFF1 vs FFF0: FAIL
FAIL: 10b, 0x0010 16xv 4d 2i
16xv 4d 2i: Got FFF1 vs FFF0: FAIL
PASS: 10b, 0x0010 1xs 1d 4i
PASS: 10b, 0x0010 16xs 1d 4i
FAIL: 10b, 0x0010 1xv 1d 4i
1xv 1d 4i: Got FFF1 vs FFF0: FAIL
FAIL: 10b, 0x0010 16xv 1d 4i
16xv 1d 4i: Got FFF1 vs FFF0: FAIL
PASS: 10b, 0x0010 1xs 2d 4i
FAIL: 10b, 0x0010 16xs 2d 4i
16xs 2d 4i: Got 0000B0B0 vs 0000B0A0: FAIL
FAIL: 10b, 0x0010 1xv 2d 4i
1xv 2d 4i: Got FFF1 vs FFF0: FAIL
FAIL: 10b, 0x0010 16xv 2d 4i
16xv 2d 4i: Got FFF1 vs FFF0: FAIL
PASS: 10b, 0x0010 1xs 4d 4i
PASS: 10b, 0x0010 16xs 4d 4i
FAIL: 10b, 0x0010 1xv 4d 4i
1xv 4d 4i: Got FFF1 vs FFF0: FAIL
FAIL: 10b, 0x0010 16xv 4d 4i
16xv 4d 4i: Got FFF1 vs FFF0: FAIL
Timer count-up test: 10b, 0x0011
PASS: 10b, 0x0011 1xs 1d 1i
PASS: 10b, 0x0011 16xs 1d 1i
FAIL: 10b, 0x0011 1xv 1d 1i
1xv 1d 1i: Got FFF0 vs FFEF: FAIL
FAIL: 10b, 0x0011 16xv 1d 1i
16xv 1d 1i: Got FFF0 vs FFEF: FAIL
FAIL: 10b, 0x0011 1xs 2d 1i
1xs 2d 1i: Got 0000086A vs 0000086B: FAIL
PASS: 10b, 0x0011 16xs 2d 1i
FAIL: 10b, 0x0011 1xv 2d 1i
1xv 2d 1i: Got FFF0 vs FFEF: FAIL
FAIL: 10b, 0x0011 16xv 2d 1i
16xv 2d 1i: Got FFF0 vs FFEF: FAIL
PASS: 10b, 0x0011 1xs 4d 1i
PASS: 10b, 0x0011 16xs 4d 1i
FAIL: 10b, 0x0011 1xv 4d 1i
1xv 4d 1i: Got FFF0 vs FFEF: FAIL
FAIL: 10b, 0x0011 16xv 4d 1i
16xv 4d 1i: Got FFF0 vs FFEF: FAIL
PASS: 10b, 0x0011 1xs 1d 2i
PASS: 10b, 0x0011 16xs 1d 2i
FAIL: 10b, 0x0011 1xv 1d 2i
1xv 1d 2i: Got FFF0 vs FFEF: FAIL
FAIL: 10b, 0x0011 16xv 1d 2i
16xv 1d 2i: Got FFF0 vs FFEF: FAIL
PASS: 10b, 0x0011 1xs 2d 2i
PASS: 10b, 0x0011 16xs 2d 2i
FAIL: 10b, 0x0011 1xv 2d 2i
1xv 2d 2i: Got FFF0 vs FFEF: FAIL
FAIL: 10b, 0x0011 16xv 2d 2i
16xv 2d 2i: Got FFF0 vs FFEF: FAIL
PASS: 10b, 0x0011 1xs 4d 2i
PASS: 10b, 0x0011 16xs 4d 2i
FAIL: 10b, 0x0011 1xv 4d 2i
1xv 4d 2i: Got FFF0 vs FFEF: FAIL
FAIL: 10b, 0x0011 16xv 4d 2i
16xv 4d 2i: Got FFF0 vs FFEF: FAIL
PASS: 10b, 0x0011 1xs 1d 4i
PASS: 10b, 0x0011 16xs 1d 4i
FAIL: 10b, 0x0011 1xv 1d 4i
1xv 1d 4i: Got FFF0 vs FFEF: FAIL
FAIL: 10b, 0x0011 16xv 1d 4i
16xv 1d 4i: Got FFF0 vs FFEF: FAIL
PASS: 10b, 0x0011 1xs 2d 4i
PASS: 10b, 0x0011 16xs 2d 4i
FAIL: 10b, 0x0011 1xv 2d 4i
1xv 2d 4i: Got FFF0 vs FFEF: FAIL
FAIL: 10b, 0x0011 16xv 2d 4i
16xv 2d 4i: Got FFF0 vs FFEF: FAIL
PASS: 10b, 0x0011 1xs 4d 4i
PASS: 10b, 0x0011 16xs 4d 4i
FAIL: 10b, 0x0011 1xv 4d 4i
1xv 4d 4i: Got FFF0 vs FFEF: FAIL
FAIL: 10b, 0x0011 16xv 4d 4i
16xv 4d 4i: Got FFF0 vs FFEF: FAIL
Timer count-up test: 10b, 0x0012
PASS: 10b, 0x0012 1xs 1d 1i
PASS: 10b, 0x0012 16xs 1d 1i
FAIL: 10b, 0x0012 1xv 1d 1i
1xv 1d 1i: Got FFEF vs FFEE: FAIL
FAIL: 10b, 0x0012 16xv 1d 1i
16xv 1d 1i: Got FFEF vs FFEE: FAIL
FAIL: 10b, 0x0012 1xs 2d 1i
1xs 2d 1i: Got 000008EA vs 000008EB: FAIL
PASS: 10b, 0x0012 16xs 2d 1i
FAIL: 10b, 0x0012 1xv 2d 1i
1xv 2d 1i: Got FFEF vs FFEE: FAIL
FAIL: 10b, 0x0012 16xv 2d 1i
16xv 2d 1i: Got FFEF vs FFEE: FAIL
PASS: 10b, 0x0012 1xs 4d 1i
PASS: 10b, 0x0012 16xs 4d 1i
FAIL: 10b, 0x0012 1xv 4d 1i
1xv 4d 1i: Got FFEF vs FFEE: FAIL
FAIL: 10b, 0x0012 16xv 4d 1i
16xv 4d 1i: Got FFEF vs FFEE: FAIL
PASS: 10b, 0x0012 1xs 1d 2i
PASS: 10b, 0x0012 16xs 1d 2i
FAIL: 10b, 0x0012 1xv 1d 2i
1xv 1d 2i: Got FFEF vs FFEE: FAIL
FAIL: 10b, 0x0012 16xv 1d 2i
16xv 1d 2i: Got FFEF vs FFEE: FAIL
PASS: 10b, 0x0012 1xs 2d 2i
PASS: 10b, 0x0012 16xs 2d 2i
FAIL: 10b, 0x0012 1xv 2d 2i
1xv 2d 2i: Got FFEF vs FFEE: FAIL
FAIL: 10b, 0x0012 16xv 2d 2i
16xv 2d 2i: Got FFEF vs FFEE: FAIL
PASS: 10b, 0x0012 1xs 4d 2i
PASS: 10b, 0x0012 16xs 4d 2i
FAIL: 10b, 0x0012 1xv 4d 2i
1xv 4d 2i: Got FFEF vs FFEE: FAIL
FAIL: 10b, 0x0012 16xv 4d 2i
16xv 4d 2i: Got FFEF vs FFEE: FAIL
PASS: 10b, 0x0012 1xs 1d 4i
PASS: 10b, 0x0012 16xs 1d 4i
FAIL: 10b, 0x0012 1xv 1d 4i
1xv 1d 4i: Got FFEF vs FFEE: FAIL
FAIL: 10b, 0x0012 16xv 1d 4i
16xv 1d 4i: Got FFEF vs FFEE: FAIL
PASS: 10b, 0x0012 1xs 2d 4i
PASS: 10b, 0x0012 16xs 2d 4i
FAIL: 10b, 0x0012 1xv 2d 4i
1xv 2d 4i: Got FFEF vs FFEE: FAIL
FAIL: 10b, 0x0012 16xv 2d 4i
16xv 2d 4i: Got FFEF vs FFEE: FAIL
PASS: 10b, 0x0012 1xs 4d 4i
PASS: 10b, 0x0012 16xs 4d 4i
FAIL: 10b, 0x0012 1xv 4d 4i
1xv 4d 4i: Got FFEF vs FFEE: FAIL
FAIL: 10b, 0x0012 16xv 4d 4i
16xv 4d 4i: Got FFEF vs FFEE: FAIL
Timer count-up test: 10b, 0x0013
PASS: 10b, 0x0013 1xs 1d 1i
PASS: 10b, 0x0013 16xs 1d 1i
FAIL: 10b, 0x0013 1xv 1d 1i
1xv 1d 1i: Got FFEE vs FFED: FAIL
FAIL: 10b, 0x0013 16xv 1d 1i
16xv 1d 1i: Got FFEE vs FFED: FAIL
FAIL: 10b, 0x0013 1xs 2d 1i
1xs 2d 1i: Got 0000096A vs 0000096B: FAIL
PASS: 10b, 0x0013 16xs 2d 1i
FAIL: 10b, 0x0013 1xv 2d 1i
1xv 2d 1i: Got FFEE vs FFED: FAIL
FAIL: 10b, 0x0013 16xv 2d 1i
16xv 2d 1i: Got FFEE vs FFED: FAIL
PASS: 10b, 0x0013 1xs 4d 1i
PASS: 10b, 0x0013 16xs 4d 1i
FAIL: 10b, 0x0013 1xv 4d 1i
1xv 4d 1i: Got FFEE vs FFED: FAIL
FAIL: 10b, 0x0013 16xv 4d 1i
16xv 4d 1i: Got FFEE vs FFED: FAIL
PASS: 10b, 0x0013 1xs 1d 2i
PASS: 10b, 0x0013 16xs 1d 2i
FAIL: 10b, 0x0013 1xv 1d 2i
1xv 1d 2i: Got FFEE vs FFED: FAIL
FAIL: 10b, 0x0013 16xv 1d 2i
16xv 1d 2i: Got FFEE vs FFED: FAIL
PASS: 10b, 0x0013 1xs 2d 2i
PASS: 10b, 0x0013 16xs 2d 2i
FAIL: 10b, 0x0013 1xv 2d 2i
1xv 2d 2i: Got FFEE vs FFED: FAIL
FAIL: 10b, 0x0013 16xv 2d 2i
16xv 2d 2i: Got FFEE vs FFED: FAIL
PASS: 10b, 0x0013 1xs 4d 2i
PASS: 10b, 0x0013 16xs 4d 2i
FAIL: 10b, 0x0013 1xv 4d 2i
1xv 4d 2i: Got FFEE vs FFED: FAIL
FAIL: 10b, 0x0013 16xv 4d 2i
16xv 4d 2i: Got FFEE vs FFED: FAIL
PASS: 10b, 0x0013 1xs 1d 4i
PASS: 10b, 0x0013 16xs 1d 4i
FAIL: 10b, 0x0013 1xv 1d 4i
1xv 1d 4i: Got FFEE vs FFED: FAIL
FAIL: 10b, 0x0013 16xv 1d 4i
16xv 1d 4i: Got FFEE vs FFED: FAIL
PASS: 10b, 0x0013 1xs 2d 4i
PASS: 10b, 0x0013 16xs 2d 4i
FAIL: 10b, 0x0013 1xv 2d 4i
1xv 2d 4i: Got FFEE vs FFED: FAIL
FAIL: 10b, 0x0013 16xv 2d 4i
16xv 2d 4i: Got FFEE vs FFED: FAIL
PASS: 10b, 0x0013 1xs 4d 4i
PASS: 10b, 0x0013 16xs 4d 4i
FAIL: 10b, 0x0013 1xv 4d 4i
1xv 4d 4i: Got FFEE vs FFED: FAIL
FAIL: 10b, 0x0013 16xv 4d 4i
16xv 4d 4i: Got FFEE vs FFED: FAIL
[sram]
Game Boy Advance Test Suite
===
Timer count-up test: 0b, 0x0001
1xv 1d 1i: Got 0000 vs FFFF: FAIL
16xv 1d 1i: Got 0000 vs FFFF: FAIL
1xv 2d 1i: Got 0000 vs FFFF: FAIL
16xv 2d 1i: Got 0000 vs FFFF: FAIL
1xv 4d 1i: Got 0000 vs FFFF: FAIL
16xv 4d 1i: Got 0000 vs FFFF: FAIL
1xv 1d 2i: Got 0000 vs FFFF: FAIL
16xv 1d 2i: Got 0000 vs FFFF: FAIL
1xv 2d 2i: Got 0000 vs FFFF: FAIL
16xv 2d 2i: Got 0000 vs FFFF: FAIL
1xv 4d 2i: Got 0000 vs FFFF: FAIL
16xv 4d 2i: Got 0000 vs FFFF: FAIL
1xv 1d 4i: Got 0000 vs FFFF: FAIL
16xv 1d 4i: Got 0000 vs FFFF: FAIL
1xv 2d 4i: Got 0000 vs FFFF: FAIL
16xv 2d 4i: Got 0000 vs FFFF: FAIL
1xv 4d 4i: Got 0000 vs FFFF: FAIL
16xv 4d 4i: Got 0000 vs FFFF: FAIL
Timer count-up test: 0b, 0x0005
1xv 1d 1i: Got FFFC vs FFFF: FAIL
16xv 1d 1i: Got FFFE vs FFFD: FAIL
1xv 2d 1i: Got FFFC vs FFFF: FAIL
16xv 2d 1i: Got FFFE vs FFFD: FAIL
1xv 4d 1i: Got FFFC vs FFFF: FAIL
16xv 4d 1i: Got FFFE vs FFFD: FAIL
1xv 1d 2i: Got FFFC vs FFFB: FAIL
1xv 2d 2i: Got FFFC vs FFFB: FAIL
1xv 4d 2i: Got FFFC vs FFFB: FAIL
1xv 1d 4i: Got FFFC vs FFFD: FAIL
16xv 1d 4i: Got FFFE vs FFFB: FAIL
1xv 2d 4i: Got FFFC vs FFFD: FAIL
16xv 2d 4i: Got FFFE vs FFFB: FAIL
1xv 4d 4i: Got FFFC vs FFFD: FAIL
16xv 4d 4i: Got FFFE vs FFFB: FAIL
Timer count-up test: 0b, 0x000C
1xv 1d 1i: Got FFFD vs FFFC: FAIL
16xv 1d 1i: Got FFFF vs FFFE: FAIL
1xv 2d 1i: Got FFFD vs FFFC: FAIL
16xv 2d 1i: Got FFFF vs FFFE: FAIL
1xv 4d 1i: Got FFFD vs FFFC: FAIL
16xv 4d 1i: Got FFFF vs FFFE: FAIL
1xv 1d 4i: Got FFFD vs FFFF: FAIL
16xv 1d 4i: Got FFFF vs FFF5: FAIL
1xv 2d 4i: Got FFFD vs FFFF: FAIL
16xv 2d 4i: Got FFFF vs FFF5: FAIL
1xv 4d 4i: Got FFFD vs FFFF: FAIL
16xv 4d 4i: Got FFFF vs FFF5: FAIL
Timer count-up test: 0b, 0x000D
1xv 1d 1i: Got FFF7 vs FFF6: FAIL
16xv 1d 1i: Got FFF6 vs FFF5: FAIL
1xv 2d 1i: Got FFF7 vs FFF6: FAIL
16xv 2d 1i: Got FFF6 vs FFF5: FAIL
1xv 4d 1i: Got FFF7 vs FFF6: FAIL
16xv 4d 1i: Got FFF6 vs FFF5: FAIL
1xv 1d 4i: Got FFF4 vs FFF5: FAIL
16xv 1d 4i: Got FFFF vs FFF4: FAIL
1xv 2d 4i: Got FFF4 vs FFF5: FAIL
16xv 2d 4i: Got FFFF vs FFF4: FAIL
1xv 4d 4i: Got FFF4 vs FFF5: FAIL
16xv 4d 4i: Got FFFF vs FFF4: FAIL
Timer count-up test: 0b, 0x0010
1xv 1d 1i: Got FFFD vs FFFC: FAIL
16xv 1d 1i: Got FFFF vs FFFE: FAIL
1xv 2d 1i: Got FFFD vs FFFC: FAIL
16xv 2d 1i: Got FFFF vs FFFE: FAIL
1xv 4d 1i: Got FFFD vs FFFC: FAIL
16xv 4d 1i: Got FFFF vs FFFE: FAIL
1xv 1d 4i: Got FFF5 vs FFF7: FAIL
16xv 1d 4i: Got FFF7 vs FFF9: FAIL
1xv 2d 4i: Got FFF5 vs FFF7: FAIL
16xv 2d 4i: Got FFF7 vs FFF9: FAIL
1xv 4d 4i: Got FFF5 vs FFF7: FAIL
16xv 4d 4i: Got FFF7 vs FFF9: FAIL
Timer count-up test: 0b, 0x0014
1xv 1d 1i: Got FFF9 vs FFF8: FAIL
16xv 1d 1i: Got FFF9 vs FFF8: FAIL
1xv 2d 1i: Got FFF9 vs FFF8: FAIL
16xv 2d 1i: Got FFF9 vs FFF8: FAIL
1xv 4d 1i: Got FFF9 vs FFF8: FAIL
16xv 4d 1i: Got FFF9 vs FFF8: FAIL
1xv 1d 4i: Got FFF9 vs FFFB: FAIL
16xv 1d 4i: Got FFF9 vs FFFB: FAIL
1xv 2d 4i: Got FFF9 vs FFFB: FAIL
16xv 2d 4i: Got FFF9 vs FFFB: FAIL
1xv 4d 4i: Got FFF9 vs FFFB: FAIL
16xv 4d 4i: Got FFF9 vs FFFB: FAIL
Timer count-up test: 0b, 0x0015
1xv 1d 1i: Got FFF6 vs FFF5: FAIL
16xv 1d 1i: Got FFF4 vs FFF3: FAIL
1xv 2d 1i: Got FFF6 vs FFF5: FAIL
16xv 2d 1i: Got FFF4 vs FFF3: FAIL
1xv 4d 1i: Got FFF6 vs FFF5: FAIL
16xv 4d 1i: Got FFF4 vs FFF3: FAIL
1xv 1d 4i: Got FFF9 vs FFFB: FAIL
16xv 1d 4i: Got FFF7 vs FFF9: FAIL
1xv 2d 4i: Got FFF9 vs FFFB: FAIL
16xv 2d 4i: Got FFF7 vs FFF9: FAIL
1xv 4d 4i: Got FFF9 vs FFFB: FAIL
16xv 4d 4i: Got FFF7 vs FFF9: FAIL
Timer count-up test: 0b, 0x0020
1xv 1d 1i: Got FFFD vs FFFC: FAIL
16xv 1d 1i: Got FFFD vs FFFC: FAIL
1xv 2d 1i: Got FFFD vs FFFC: FAIL
16xv 2d 1i: Got FFFD vs FFFC: FAIL
1xv 4d 1i: Got FFFD vs FFFC: FAIL
16xv 4d 1i: Got FFFD vs FFFC: FAIL
1xv 1d 4i: Got FFE5 vs FFE7: FAIL
16xv 1d 4i: Got FFE5 vs FFE7: FAIL
1xv 2d 4i: Got FFE5 vs FFE7: FAIL
16xv 2d 4i: Got FFE5 vs FFE7: FAIL
1xv 4d 4i: Got FFE5 vs FFE7: FAIL
16xv 4d 4i: Got FFE5 vs FFE7: FAIL
Timer count-up test: 0b, 0x0024
1xv 1d 1i: Got FFF1 vs FFF0: FAIL
16xv 1d 1i: Got FFF2 vs FFF1: FAIL
1xv 2d 1i: Got FFF1 vs FFF0: FAIL
16xv 2d 1i: Got FFF2 vs FFF1: FAIL
1xv 4d 1i: Got FFF1 vs FFF0: FAIL
16xv 4d 1i: Got FFF2 vs FFF1: FAIL
1xv 1d 4i: Got FFF1 vs FFF3: FAIL
16xv 1d 4i: Got FFF2 vs FFF4: FAIL
1xv 2d 4i: Got FFF1 vs FFF3: FAIL
16xv 2d 4i: Got FFF2 vs FFF4: FAIL
1xv 4d 4i: Got FFF1 vs FFF3: FAIL
16xv 4d 4i: Got FFF2 vs FFF4: FAIL
Timer count-up test: 0b, 0x0025
1xv 1d 1i: Got FFF0 vs FFEF: FAIL
16xv 1d 1i: Got FFEE vs FFED: FAIL
1xv 2d 1i: Got FFF0 vs FFEF: FAIL
16xv 2d 1i: Got FFEE vs FFED: FAIL
1xv 4d 1i: Got FFF0 vs FFEF: FAIL
16xv 4d 1i: Got FFEE vs FFED: FAIL
1xv 1d 4i: Got FFE6 vs FFE8: FAIL
16xv 1d 4i: Got FFE4 vs FFE6: FAIL
1xv 2d 4i: Got FFE6 vs FFE8: FAIL
16xv 2d 4i: Got FFE4 vs FFE6: FAIL
1xv 4d 4i: Got FFE6 vs FFE8: FAIL
16xv 4d 4i: Got FFE4 vs FFE6: FAIL
Timer count-up test: 0b, 0x0040
1xv 1d 1i: Got FFDD vs FFDC: FAIL
16xv 1d 1i: Got FFDD vs FFDC: FAIL
1xv 2d 1i: Got FFDD vs FFDC: FAIL
16xv 2d 1i: Got FFDD vs FFDC: FAIL
1xv 4d 1i: Got FFDD vs FFDC: FAIL
16xv 4d 1i: Got FFDD vs FFDC: FAIL
1xv 1d 2i: Got FFDD vs FFDC: FAIL
16xv 1d 2i: Got FFDD vs FFDC: FAIL
1xv 2d 2i: Got FFDD vs FFDC: FAIL
16xv 2d 2i: Got FFDD vs FFDC: FAIL
1xv 4d 2i: Got FFDD vs FFDC: FAIL
16xv 4d 2i: Got FFDD vs FFDC: FAIL
1xv 1d 4i: Got FFDD vs FFDE: FAIL
16xv 1d 4i: Got FFDD vs FFDE: FAIL
1xv 2d 4i: Got FFDD vs FFDE: FAIL
16xv 2d 4i: Got FFDD vs FFDE: FAIL
1xv 4d 4i: Got FFDD vs FFDE: FAIL
16xv 4d 4i: Got FFDD vs FFDE: FAIL
Timer count-up test: 0b, 0x0080
1xv 1d 1i: Got FFDD vs FFDC: FAIL
16xv 1d 1i: Got FFDE vs FFDD: FAIL
1xv 2d 1i: Got FFDD vs FFDC: FAIL
16xv 2d 1i: Got FFDE vs FFDD: FAIL
1xv 4d 1i: Got FFDD vs FFDC: FAIL
16xv 4d 1i: Got FFDE vs FFDD: FAIL
1xv 1d 2i: Got FFDD vs FFDC: FAIL
16xv 1d 2i: Got FFDD vs FFDC: FAIL
1xv 2d 2i: Got FFDD vs FFDC: FAIL
16xv 2d 2i: Got FFDD vs FFDC: FAIL
1xv 4d 2i: Got FFDD vs FFDC: FAIL
16xv 4d 2i: Got FFDD vs FFDC: FAIL
16xs 1d 4i: Got 00000080 vs 00000070: FAIL
1xv 1d 4i: Got FFDD vs FFDE: FAIL
16xv 1d 4i: Got FFDD vs FFDC: FAIL
16xs 2d 4i: Got 00000080 vs 00000070: FAIL
1xv 2d 4i: Got FFDD vs FFDE: FAIL
16xv 2d 4i: Got FFDD vs FFDC: FAIL
16xs 4d 4i: Got 00000080 vs 00000070: FAIL
1xv 4d 4i: Got FFDD vs FFDE: FAIL
16xv 4d 4i: Got FFDD vs FFDC: FAIL
Timer count-up test: 0b, 0x0800
1xv 1d 1i: Got F85D vs F85C: FAIL
16xv 1d 1i: Got F85D vs F85C: FAIL
1xv 2d 1i: Got F85D vs F85C: FAIL
16xv 2d 1i: Got F85D vs F85C: FAIL
1xv 4d 1i: Got F85D vs F85C: FAIL
16xv 4d 1i: Got F85D vs F85C: FAIL
1xv 1d 2i: Got F85D vs F85C: FAIL
16xv 1d 2i: Got F85D vs F85C: FAIL
1xv 2d 2i: Got F85D vs F85C: FAIL
16xv 2d 2i: Got F85D vs F85C: FAIL
1xv 4d 2i: Got F85D vs F85C: FAIL
16xv 4d 2i: Got F85D vs F85C: FAIL
16xs 1d 4i: Got 00001560 vs 00001550: FAIL
1xv 1d 4i: Got F85D vs F85E: FAIL
16xv 1d 4i: Got F85F vs F85C: FAIL
16xs 2d 4i: Got 00001560 vs 00001550: FAIL
1xv 2d 4i: Got F85D vs F85E: FAIL
16xv 2d 4i: Got F85F vs F85C: FAIL
16xs 4d 4i: Got 00001560 vs 00001550: FAIL
1xv 4d 4i: Got F85D vs F85E: FAIL
16xv 4d 4i: Got F85F vs F85C: FAIL
Timer count-up test: 0b, 0x8000
1xv 1d 1i: Got 805D vs 805C: FAIL
16xv 1d 1i: Got 805F vs 805E: FAIL
1xv 2d 1i: Got 805D vs 805C: FAIL
16xv 2d 1i: Got 805F vs 805E: FAIL
1xv 4d 1i: Got 805D vs 805C: FAIL
16xv 4d 1i: Got 805F vs 805E: FAIL
1xv 1d 2i: Got 805D vs 805C: FAIL
16xv 1d 2i: Got 805D vs 805C: FAIL
1xv 2d 2i: Got 805D vs 805C: FAIL
16xv 2d 2i: Got 805D vs 805C: FAIL
1xv 4d 2i: Got 805D vs 805C: FAIL
16xv 4d 2i: Got 805D vs 805C: FAIL
1xv 1d 4i: Got 805D vs 805E: FAIL
16xv 1d 4i: Got 805D vs 805C: FAIL
1xv 2d 4i: Got 805D vs 805E: FAIL
16xv 2d 4i: Got 805D vs 805C: FAIL
1xv 4d 4i: Got 805D vs 805E: FAIL
16xv 4d 4i: Got 805D vs 805C: FAIL
Timer count-up test: 6b, 0x0010
1xv 1d 1i: Got FFF2 vs FFF1: FAIL
16xv 1d 1i: Got FFF2 vs FFF1: FAIL
1xs 2d 1i: Got 0000007A vs 0000007B: FAIL
1xv 2d 1i: Got FFF2 vs FFF1: FAIL
16xv 2d 1i: Got FFF2 vs FFF1: FAIL
1xv 4d 1i: Got FFF2 vs FFF1: FAIL
16xv 4d 1i: Got FFF2 vs FFF1: FAIL
1xv 1d 2i: Got FFF2 vs FFF1: FAIL
16xv 1d 2i: Got FFF2 vs FFF1: FAIL
1xv 2d 2i: Got FFF2 vs FFF1: FAIL
16xv 2d 2i: Got FFF2 vs FFF1: FAIL
1xv 4d 2i: Got FFF2 vs FFF1: FAIL
16xv 4d 2i: Got FFF2 vs FFF1: FAIL
1xv 1d 4i: Got FFF2 vs FFF1: FAIL
16xv 1d 4i: Got FFF2 vs FFF1: FAIL
1xv 2d 4i: Got FFF2 vs FFF1: FAIL
16xv 2d 4i: Got FFF2 vs FFF1: FAIL
1xv 4d 4i: Got FFF2 vs FFF1: FAIL
16xv 4d 4i: Got FFF2 vs FFF1: FAIL
Timer count-up test: 6b, 0x0011
1xv 1d 1i: Got FFF1 vs FFF0: FAIL
16xv 1d 1i: Got FFF1 vs FFF0: FAIL
1xs 2d 1i: Got 00000082 vs 00000083: FAIL
1xv 2d 1i: Got FFF1 vs FFF0: FAIL
16xv 2d 1i: Got FFF1 vs FFF0: FAIL
1xv 4d 1i: Got FFF1 vs FFF0: FAIL
16xv 4d 1i: Got FFF1 vs FFF0: FAIL
1xv 1d 2i: Got FFF1 vs FFF0: FAIL
16xv 1d 2i: Got FFF1 vs FFF0: FAIL
1xv 2d 2i: Got FFF1 vs FFF0: FAIL
16xv 2d 2i: Got FFF1 vs FFF0: FAIL
1xv 4d 2i: Got FFF1 vs FFF0: FAIL
16xv 4d 2i: Got FFF1 vs FFF0: FAIL
1xv 1d 4i: Got FFF1 vs FFF0: FAIL
16xv 1d 4i: Got FFF1 vs FFF0: FAIL
1xv 2d 4i: Got FFF1 vs FFF0: FAIL
16xv 2d 4i: Got FFF1 vs FFF0: FAIL
1xv 4d 4i: Got FFF1 vs FFF0: FAIL
16xv 4d 4i: Got FFF1 vs FFF0: FAIL
Timer count-up test: 6b, 0x0012
1xv 1d 1i: Got FFF0 vs FFEF: FAIL
16xv 1d 1i: Got FFF0 vs FFEF: FAIL
1xs 2d 1i: Got 0000008A vs 0000008B: FAIL
16xs 2d 1i: Got 00000300 vs 00000310: FAIL
1xv 2d 1i: Got FFF0 vs FFEF: FAIL
16xv 2d 1i: Got FFF0 vs FFEF: FAIL
1xv 4d 1i: Got FFF0 vs FFEF: FAIL
16xv 4d 1i: Got FFF0 vs FFEF: FAIL
1xv 1d 2i: Got FFF0 vs FFEF: FAIL
16xv 1d 2i: Got FFF0 vs FFEF: FAIL
1xv 2d 2i: Got FFF0 vs FFEF: FAIL
16xv 2d 2i: Got FFF0 vs FFEF: FAIL
1xv 4d 2i: Got FFF0 vs FFEF: FAIL
16xv 4d 2i: Got FFF0 vs FFEF: FAIL
1xv 1d 4i: Got FFF0 vs FFEF: FAIL
16xv 1d 4i: Got FFF0 vs FFEF: FAIL
1xv 2d 4i: Got FFF0 vs FFEF: FAIL
16xv 2d 4i: Got FFF0 vs FFEF: FAIL
1xv 4d 4i: Got FFF0 vs FFEF: FAIL
16xv 4d 4i: Got FFF0 vs FFEF: FAIL
Timer count-up test: 6b, 0x0013
16xs 1d 1i: Got 00000330 vs 00000340: FAIL
1xv 1d 1i: Got FFEF vs FFEE: FAIL
16xv 1d 1i: Got FFEF vs FFEE: FAIL
1xs 2d 1i: Got 00000092 vs 00000093: FAIL
1xv 2d 1i: Got FFEF vs FFEE: FAIL
16xv 2d 1i: Got FFEF vs FFEE: FAIL
1xv 4d 1i: Got FFEF vs FFEE: FAIL
16xv 4d 1i: Got FFEF vs FFEE: FAIL
1xv 1d 2i: Got FFEF vs FFEE: FAIL
16xv 1d 2i: Got FFEF vs FFEE: FAIL
1xv 2d 2i: Got FFEF vs FFEE: FAIL
16xv 2d 2i: Got FFEF vs FFEE: FAIL
1xv 4d 2i: Got FFEF vs FFEE: FAIL
16xv 4d 2i: Got FFEF vs FFEE: FAIL
1xv 1d 4i: Got FFEF vs FFEE: FAIL
16xv 1d 4i: Got FFEF vs FFEE: FAIL
1xv 2d 4i: Got FFEF vs FFEE: FAIL
16xv 2d 4i: Got FFEF vs FFEE: FAIL
16xs 4d 4i: Got 00000C50 vs 00000C40: FAIL
1xv 4d 4i: Got FFEF vs FFEE: FAIL
16xv 4d 4i: Got FFEF vs FFEE: FAIL
Timer count-up test: 8b, 0x0010
1xv 1d 1i: Got FFF1 vs FFF0: FAIL
16xv 1d 1i: Got FFF1 vs FFF0: FAIL
1xs 2d 1i: Got 000001EA vs 000001EB: FAIL
1xv 2d 1i: Got FFF1 vs FFF0: FAIL
16xv 2d 1i: Got FFF1 vs FFF0: FAIL
16xs 4d 1i: Got 00000AA0 vs 00000AB0: FAIL
1xv 4d 1i: Got FFF1 vs FFF0: FAIL
16xv 4d 1i: Got FFF1 vs FFF0: FAIL
1xv 1d 2i: Got FFF1 vs FFF0: FAIL
16xv 1d 2i: Got FFF1 vs FFF0: FAIL
1xv 2d 2i: Got FFF1 vs FFF0: FAIL
16xv 2d 2i: Got FFF1 vs FFF0: FAIL
1xv 4d 2i: Got FFF1 vs FFF0: FAIL
16xv 4d 2i: Got FFF1 vs FFF0: FAIL
1xv 1d 4i: Got FFF1 vs FFF0: FAIL
16xv 1d 4i: Got FFF1 vs FFF0: FAIL
16xs 2d 4i: Got 00002B20 vs 00002B10: FAIL
1xv 2d 4i: Got FFF1 vs FFF0: FAIL
16xv 2d 4i: Got FFF1 vs FFF0: FAIL
1xv 4d 4i: Got FFF1 vs FFF0: FAIL
16xv 4d 4i: Got FFF1 vs FFF0: FAIL
Timer count-up test: 8b, 0x0011
1xv 1d 1i: Got FFF0 vs FFEF: FAIL
16xv 1d 1i: Got FFF0 vs FFEF: FAIL
1xs 2d 1i: Got 0000020A vs 0000020B: FAIL
1xv 2d 1i: Got FFF0 vs FFEF: FAIL
16xv 2d 1i: Got FFF0 vs FFEF: FAIL
1xv 4d 1i: Got FFF0 vs FFEF: FAIL
16xv 4d 1i: Got FFF0 vs FFEF: FAIL
1xv 1d 2i: Got FFF0 vs FFEF: FAIL
16xv 1d 2i: Got FFF0 vs FFEF: FAIL
1xv 2d 2i: Got FFF0 vs FFEF: FAIL
16xv 2d 2i: Got FFF0 vs FFEF: FAIL
1xv 4d 2i: Got FFF0 vs FFEF: FAIL
16xv 4d 2i: Got FFF0 vs FFEF: FAIL
1xv 1d 4i: Got FFF0 vs FFEF: FAIL
16xv 1d 4i: Got FFF0 vs FFEF: FAIL
1xv 2d 4i: Got FFF0 vs FFEF: FAIL
16xv 2d 4i: Got FFF0 vs FFEF: FAIL
1xv 4d 4i: Got FFF0 vs FFEF: FAIL
16xv 4d 4i: Got FFF0 vs FFEF: FAIL
Timer count-up test: 8b, 0x0012
1xv 1d 1i: Got FFEF vs FFEE: FAIL
16xv 1d 1i: Got FFEF vs FFEE: FAIL
1xs 2d 1i: Got 0000022A vs 0000022B: FAIL
1xv 2d 1i: Got FFEF vs FFEE: FAIL
16xv 2d 1i: Got FFEF vs FFEE: FAIL
1xv 4d 1i: Got FFEF vs FFEE: FAIL
16xv 4d 1i: Got FFEF vs FFEE: FAIL
1xv 1d 2i: Got FFEF vs FFEE: FAIL
16xv 1d 2i: Got FFEF vs FFEE: FAIL
1xv 2d 2i: Got FFEF vs FFEE: FAIL
16xv 2d 2i: Got FFEF vs FFEE: FAIL
1xv 4d 2i: Got FFEF vs FFEE: FAIL
16xv 4d 2i: Got FFEF vs FFEE: FAIL
1xv 1d 4i: Got FFEF vs FFEE: FAIL
16xv 1d 4i: Got FFEF vs FFEE: FAIL
16xs 2d 4i: Got 000030B0 vs 000030A0: FAIL
1xv 2d 4i: Got FFEF vs FFEE: FAIL
16xv 2d 4i: Got FFEF vs FFEE: FAIL
1xv 4d 4i: Got FFEF vs FFEE: FAIL
16xv 4d 4i: Got FFEF vs FFEE: FAIL
Timer count-up test: 8b, 0x0013
1xv 1d 1i: Got FFEE vs FFED: FAIL
16xv 1d 1i: Got FFEE vs FFED: FAIL
1xs 2d 1i: Got 0000024A vs 0000024B: FAIL
1xv 2d 1i: Got FFEE vs FFED: FAIL
16xv 2d 1i: Got FFEE vs FFED: FAIL
1xv 4d 1i: Got FFEE vs FFED: FAIL
16xv 4d 1i: Got FFEE vs FFED: FAIL
1xv 1d 2i: Got FFEE vs FFED: FAIL
16xv 1d 2i: Got FFEE vs FFED: FAIL
1xv 2d 2i: Got FFEE vs FFED: FAIL
16xv 2d 2i: Got FFEE vs FFED: FAIL
1xv 4d 2i: Got FFEE vs FFED: FAIL
16xv 4d 2i: Got FFEE vs FFED: FAIL
1xv 1d 4i: Got FFEE vs FFED: FAIL
16xv 1d 4i: Got FFEE vs FFED: FAIL
1xv 2d 4i: Got FFEE vs FFED: FAIL
16xv 2d 4i: Got FFEE vs FFED: FAIL
1xv 4d 4i: Got FFEE vs FFED: FAIL
16xv 4d 4i: Got FFEE vs FFED: FAIL
Timer count-up test: 10b, 0x0010
1xv 1d 1i: Got FFF1 vs FFF0: FAIL
16xv 1d 1i: Got FFF1 vs FFF0: FAIL
1xs 2d 1i: Got 000007EA vs 000007EB: FAIL
1xv 2d 1i: Got FFF1 vs FFF0: FAIL
16xv 2d 1i: Got FFF1 vs FFF0: FAIL
1xv 4d 1i: Got FFF1 vs FFF0: FAIL
16xv 4d 1i: Got FFF1 vs FFF0: FAIL
1xv 1d 2i: Got FFF1 vs FFF0: FAIL
16xv 1d 2i: Got FFF1 vs FFF0: FAIL
1xv 2d 2i: Got FFF1 vs FFF0: FAIL
16xv 2d 2i: Got FFF1 vs FFF0: FAIL
1xv 4d 2i: Got FFF1 vs FFF0: FAIL
16xv 4d 2i: Got FFF1 vs FFF0: FAIL
1xv 1d 4i: Got FFF1 vs FFF0: FAIL
16xv 1d 4i: Got FFF1 vs FFF0: FAIL
16xs 2d 4i: Got 0000B0B0 vs 0000B0A0: FAIL
1xv 2d 4i: Got FFF1 vs FFF0: FAIL
16xv 2d 4i: Got FFF1 vs FFF0: FAIL
1xv 4d 4i: Got FFF1 vs FFF0: FAIL
16xv 4d 4i: Got FFF1 vs FFF0: FAIL
Timer count-up test: 10b, 0x0011
1xv 1d 1i: Got FFF0 vs FFEF: FAIL
16xv 1d 1i: Got FFF0 vs FFEF: FAIL
1xs 2d 1i: Got 0000086A vs 0000086B: FAIL
1xv 2d 1i: Got FFF0 vs FFEF: FAIL
16xv 2d 1i: Got FFF0 vs FFEF: FAIL
1xv 4d 1i: Got FFF0 vs FFEF: FAIL
16xv 4d 1i: Got FFF0 vs FFEF: FAIL
1xv 1d 2i: Got FFF0 vs FFEF: FAIL
16xv 1d 2i: Got FFF0 vs FFEF: FAIL
1xv 2d 2i: Got FFF0 vs FFEF: FAIL
16xv 2d 2i: Got FFF0 vs FFEF: FAIL
1xv 4d 2i: Got FFF0 vs FFEF: FAIL
16xv 4d 2i: Got FFF0 vs FFEF: FAIL
1xv 1d 4i: Got FFF0 vs FFEF: FAIL
16xv 1d 4i: Got FFF0 vs FFEF: FAIL
1xv 2d 4i: Got FFF0 vs FFEF: FAIL
16xv 2d 4i: Got FFF0 vs FFEF: FAIL
1xv 4d 4i: Got FFF0 vs FFEF: FAIL
16xv 4d 4i: Got FFF0 vs FFEF: FAIL
Timer count-up test: 10b, 0x0012
1xv 1d 1i: Got FFEF vs FFEE: FAIL
16xv 1d 1i: Got FFEF vs FFEE: FAIL
1xs 2d 1i: Got 000008EA vs 000008EB: FAIL
1xv 2d 1i: Got FFEF vs FFEE: FAIL
16xv 2d 1i: Got FFEF vs FFEE: FAIL
1xv 4d 1i: Got FFEF vs FFEE: FAIL
16xv 4d 1i: Got FFEF vs FFEE: FAIL
1xv 1d 2i: Got FFEF vs FFEE: FAIL
16xv 1d 2i: Got FFEF vs FFEE: FAIL
1xv 2d 2i: Got FFEF vs FFEE: FAIL
16xv 2d 2i: Got FFEF vs FFEE: FAIL
1xv 4d 2i: Got FFEF vs FFEE: FAIL
16xv 4d 2i: Got FFEF vs FFEE: FAIL
1xv 1d 4i: Got FFEF vs FFEE: FAIL
16xv 1d 4i: Got FFEF vs FFEE: FAIL
1xv 2d 4i: Got FFEF vs FFEE: FAIL
16xv 2d 4i: Got FFEF vs FFEE: FAIL
1xv 4d 4i: Got FFEF vs FFEE: FAIL
16xv 4d 4i: Got FFEF vs FFEE: FAIL
Timer count-up test: 10b, 0x0013
1xv 1d 1i: Got FFEE vs FFED: FAIL
16xv 1d 1i: Got FFEE vs FFED: FAIL
1xs 2d 1i: Got 0000096A vs 0000096B: FAIL
1xv 2d 1i: Got FFEE vs FFED: FAIL
16xv 2d 1i: Got FFEE vs FFED: FAIL
1xv 4d 1i: Got FFEE vs FFED: FAIL
16xv 4d 1i: Got FFEE vs FFED: FAIL
1xv 1d 2i: Got FFEE vs FFED: FAIL
16xv 1d 2i: Got FFEE vs FFED: FAIL
1xv 2d 2i: Got FFEE vs FFED: FAIL
16xv 2d 2i: Got FFEE vs FFED: FAIL
1xv 4d 2i: Got FFEE vs FFED: FAIL
16xv 4d 2i: Got FFEE vs FFED: FAIL
1xv 1d 4i: Got FFEE vs FFED: FAIL
16xv 1d 4i: Got FFEE vs FFED: FAIL
1xv 2d 4i: Got FFEE vs FFED: FAIL
16xv 2d 4i: Got FFEE vs FFED: FAIL
1xv 4d 4i: Got FFEE vs FFED: FAIL
16xv 4d 4i: Got FFEE vs FFED: FAIL
[DBG] Game Boy Advance Test Suite
===
[DBG] BEGIN: Timer IRQ tests
[DBG] Timer IRQ test: FFFF
[DBG] PASS: FFFF 0 nops
[DBG] PASS: FFFF 1 nop 
[DBG] PASS: FFFF 2 nops
[DBG] PASS: FFFF 3 nops
[DBG] PASS: FFFF 4 nops
[DBG] PASS: FFFF 5 nops
[DBG] PASS: FFFF 6 nops
[DBG] PASS: FFFF 7 nops
[DBG] PASS: FFFF 8 nops
[DBG] PASS: FFFF 9 nops
[DBG] Timer IRQ test: FFFE
[DBG] PASS: FFFE 0 nops
[DBG] PASS: FFFE 1 nop 
[DBG] PASS: FFFE 2 nops
[DBG] PASS: FFFE 3 nops
[DBG] PASS: FFFE 4 nops
[DBG] PASS: FFFE 5 nops
[DBG] PASS: FFFE 6 nops
[DBG] PASS: FFFE 7 nops
[DBG] PASS: FFFE 8 nops
[DBG] PASS: FFFE 9 nops
[DBG] Timer IRQ test: FFFD
[DBG] PASS: FFFD 0 nops
[DBG] PASS: FFFD 1 nop 
[DBG] PASS: FFFD 2 nops
[DBG] PASS: FFFD 3 nops
[DBG] PASS: FFFD 4 nops
[DBG] PASS: FFFD 5 nops
[DBG] PASS: FFFD 6 nops
[DBG] PASS: FFFD 7 nops
[DBG] PASS: FFFD 8 nops
[DBG] PASS: FFFD 9 nops
[DBG] Timer IRQ test: FFFC
[DBG] PASS: FFFC 0 nops
[DBG] PASS: FFFC 1 nop 
[DBG] PASS: FFFC 2 nops
[DBG] PASS: FFFC 3 nops
[DBG] PASS: FFFC 4 nops
[DBG] PASS: FFFC 5 nops
[DBG] PASS: FFFC 6 nops
[DBG] PASS: FFFC 7 nops
[DBG] PASS: FFFC 8 nops
[DBG] PASS: FFFC 9 nops
[DBG] Timer IRQ test: FFFB
[DBG] PASS: FFFB 0 nops
[DBG] PASS: FFFB 1 nop 
[DBG] PASS: FFFB 2 nops
[DBG] PASS: FFFB 3 nops
[DBG] PASS: FFFB 4 nops
[DBG] PASS: FFFB 5 nops
[DBG] PASS: FFFB 6 nops
[DBG] PASS: FFFB 7 nops
[DBG] PASS: FFFB 8 nops
[DBG] PASS: FFFB 9 nops
[DBG] Timer IRQ test: FFFA
[DBG] PASS: FFFA 0 nops
[DBG] PASS: FFFA 1 nop 
[DBG] PASS: FFFA 2 nops
[DBG] PASS: FFFA 3 nops
[DBG] PASS: FFFA 4 nops
[DBG] PASS: FFFA 5 nops
[DBG] PASS: FFFA 6 nops
[DBG] PASS: FFFA 7 nops
[DBG] PASS: FFFA 8 nops
[DBG] PASS: FFFA 9 nops
[DBG] Timer IRQ test: FFF9
[DBG] PASS: FFF9 0 nops
[DBG] PASS: FFF9 1 nop 
[DBG] PASS: FFF9 2 nops
[DBG] PASS: FFF9 3 nops
[DBG] PASS: FFF9 4 nops
[DBG] PASS: FFF9 5 nops
[DBG] PASS: FFF9 6 nops
[DBG] PASS: FFF9 7 nops
[DBG] PASS: FFF9 8 nops
[DBG] PASS: FFF9 9 nops
[DBG] Timer IRQ test: FFF8
[DBG] PASS: FFF8 0 nops
[DBG] PASS: FFF8 1 nop 
[DBG] PASS: FFF8 2 nops
[DBG] PASS: FFF8 3 nops
[DBG] PASS: FFF8 4 nops
[DBG] PASS: FFF8 5 nops
[DBG] PASS: FFF8 6 nops
[DBG] PASS: FFF8 7 nops
[DBG] PASS: FFF8 8 nops
[DBG] PASS: FFF8 9 nops
[DBG] Timer IRQ test: FFF7
[DBG] PASS: FFF7 0 nops
[DBG] PASS: FFF7 1 nop 
[DBG] PASS: FFF7 2 nops
[DBG] PASS: FFF7 3 nops
[DBG] PASS: FFF7 4 nops
[DBG] PASS: FFF7 5 nops
[DBG] PASS: FFF7 6 nops
[DBG] PASS: FFF7 7 nops
[DBG] PASS: FFF7 8 nops
[DBG] PASS: FFF7 9 nops

--- Suite 05: Timer IRQ ---
Frames: 91  PC=0x0802BABA  CPSR=0x0000003F  halted=0  cycle=155251712
[debug]
Game Boy Advance Test Suite
===
BEGIN: Timer IRQ tests
Timer IRQ test: FFFF
PASS: FFFF 0 nops
PASS: FFFF 1 nop 
PASS: FFFF 2 nops
PASS: FFFF 3 nops
PASS: FFFF 4 nops
PASS: FFFF 5 nops
PASS: FFFF 6 nops
PASS: FFFF 7 nops
PASS: FFFF 8 nops
PASS: FFFF 9 nops
Timer IRQ test: FFFE
PASS: FFFE 0 nops
PASS: FFFE 1 nop 
PASS: FFFE 2 nops
PASS: FFFE 3 nops
PASS: FFFE 4 nops
PASS: FFFE 5 nops
PASS: FFFE 6 nops
PASS: FFFE 7 nops
PASS: FFFE 8 nops
PASS: FFFE 9 nops
Timer IRQ test: FFFD
PASS: FFFD 0 nops
PASS: FFFD 1 nop 
PASS: FFFD 2 nops
PASS: FFFD 3 nops
PASS: FFFD 4 nops
PASS: FFFD 5 nops
PASS: FFFD 6 nops
PASS: FFFD 7 nops
PASS: FFFD 8 nops
PASS: FFFD 9 nops
Timer IRQ test: FFFC
PASS: FFFC 0 nops
PASS: FFFC 1 nop 
PASS: FFFC 2 nops
PASS: FFFC 3 nops
PASS: FFFC 4 nops
PASS: FFFC 5 nops
PASS: FFFC 6 nops
PASS: FFFC 7 nops
PASS: FFFC 8 nops
PASS: FFFC 9 nops
Timer IRQ test: FFFB
PASS: FFFB 0 nops
PASS: FFFB 1 nop 
PASS: FFFB 2 nops
PASS: FFFB 3 nops
PASS: FFFB 4 nops
PASS: FFFB 5 nops
PASS: FFFB 6 nops
PASS: FFFB 7 nops
PASS: FFFB 8 nops
PASS: FFFB 9 nops
Timer IRQ test: FFFA
PASS: FFFA 0 nops
PASS: FFFA 1 nop 
PASS: FFFA 2 nops
PASS: FFFA 3 nops
PASS: FFFA 4 nops
PASS: FFFA 5 nops
PASS: FFFA 6 nops
PASS: FFFA 7 nops
PASS: FFFA 8 nops
PASS: FFFA 9 nops
Timer IRQ test: FFF9
PASS: FFF9 0 nops
PASS: FFF9 1 nop 
PASS: FFF9 2 nops
PASS: FFF9 3 nops
PASS: FFF9 4 nops
PASS: FFF9 5 nops
PASS: FFF9 6 nops
PASS: FFF9 7 nops
PASS: FFF9 8 nops
PASS: FFF9 9 nops
Timer IRQ test: FFF8
PASS: FFF8 0 nops
PASS: FFF8 1 nop 
PASS: FFF8 2 nops
PASS: FFF8 3 nops
PASS: FFF8 4 nops
PASS: FFF8 5 nops
PASS: FFF8 6 nops
PASS: FFF8 7 nops
PASS: FFF8 8 nops
PASS: FFF8 9 nops
Timer IRQ test: FFF7
PASS: FFF7 0 nops
PASS: FFF7 1 nop 
PASS: FFF7 2 nops
PASS: FFF7 3 nops
PASS: FFF7 4 nops
PASS: FFF7 5 nops
PASS: FFF7 6 nops
PASS: FFF7 7 nops
PASS: FFF7 8 nops
PASS: FFF7 9 nops
[sram]
Game Boy Advance Test Suite
===
Timer IRQ test: FFFF
Timer IRQ test: FFFE
Timer IRQ test: FFFD
Timer IRQ test: FFFC
Timer IRQ test: FFFB
Timer IRQ test: FFFA
Timer IRQ test: FFF9
Timer IRQ test: FFF8
Timer IRQ test: FFF7
[DBG] Game Boy Advance Test Suite
===
[DBG] BEGIN: Shifter tests
[DBG] Shifter test: #0
[DBG] PASS: #0 r0
[DBG] PASS: #0 cpsr
[DBG] Shifter test: #FF
[DBG] PASS: #FF r0
[DBG] PASS: #FF cpsr
[DBG] Shifter test: #FF000000
[DBG] PASS: #FF000000 r0
[DBG] PASS: #FF000000 cpsr
[DBG] Shifter test: #F000000F
[DBG] PASS: #F000000F r0
[DBG] PASS: #F000000F cpsr
[DBG] Shifter test: r1
[DBG] PASS: r1 r0
[DBG] PASS: r1 cpsr
[DBG] Shifter test: r1, lsl #0
[DBG] PASS: r1, lsl #0 r0
[DBG] PASS: r1, lsl #0 cpsr
[DBG] Shifter test: r1, lsl #1
[DBG] PASS: r1, lsl #1 r0
[DBG] PASS: r1, lsl #1 cpsr
[DBG] Shifter test: r1, lsl #31
[DBG] PASS: r1, lsl #31 r0
[DBG] PASS: r1, lsl #31 cpsr
[DBG] Shifter test: r1, lsl r0 (0)
[DBG] PASS: r1, lsl r0 (0) r0
[DBG] PASS: r1, lsl r0 (0) cpsr
[DBG] Shifter test: r1, lsl r0 (1)
[DBG] PASS: r1, lsl r0 (1) r0
[DBG] PASS: r1, lsl r0 (1) cpsr
[DBG] Shifter test: r1, lsl r0 (31)
[DBG] PASS: r1, lsl r0 (31) r0
[DBG] PASS: r1, lsl r0 (31) cpsr
[DBG] Shifter test: r1, lsl r0 (32)
[DBG] PASS: r1, lsl r0 (32) r0
[DBG] PASS: r1, lsl r0 (32) cpsr
[DBG] Shifter test: r1, lsl r0 (33)
[DBG] PASS: r1, lsl r0 (33) r0
[DBG] PASS: r1, lsl r0 (33) cpsr
[DBG] Shifter test: r1, lsl r0 (-1)
[DBG] PASS: r1, lsl r0 (-1) r0
[DBG] PASS: r1, lsl r0 (-1) cpsr
[DBG] Shifter test: r1, lsr #1
[DBG] PASS: r1, lsr #1 r0
[DBG] PASS: r1, lsr #1 cpsr
[DBG] Shifter test: r1, lsr #31
[DBG] PASS: r1, lsr #31 r0
[DBG] PASS: r1, lsr #31 cpsr
[DBG] Shifter test: r1, lsr #32
[DBG] PASS: r1, lsr #32 r0
[DBG] PASS: r1, lsr #32 cpsr
[DBG] Shifter test: r1, lsr r0 (0)
[DBG] PASS: r1, lsr r0 (0) r0
[DBG] PASS: r1, lsr r0 (0) cpsr
[DBG] Shifter test: r1, lsr r0 (1)
[DBG] PASS: r1, lsr r0 (1) r0
[DBG] PASS: r1, lsr r0 (1) cpsr
[DBG] Shifter test: r1, lsr r0 (31)
[DBG] PASS: r1, lsr r0 (31) r0
[DBG] PASS: r1, lsr r0 (31) cpsr
[DBG] Shifter test: r1, lsr r0 (32)
[DBG] PASS: r1, lsr r0 (32) r0
[DBG] PASS: r1, lsr r0 (32) cpsr
[DBG] Shifter test: r1, lsr r0 (33)
[DBG] PASS: r1, lsr r0 (33) r0
[DBG] PASS: r1, lsr r0 (33) cpsr
[DBG] Shifter test: r1, lsr r0 (-1)
[DBG] PASS: r1, lsr r0 (-1) r0
[DBG] PASS: r1, lsr r0 (-1) cpsr
[DBG] Shifter test: r1, asr #1
[DBG] PASS: r1, asr #1 r0
[DBG] PASS: r1, asr #1 cpsr
[DBG] Shifter test: r1, asr #31
[DBG] PASS: r1, asr #31 r0
[DBG] PASS: r1, asr #31 cpsr
[DBG] Shifter test: r1, asr #32
[DBG] PASS: r1, asr #32 r0
[DBG] PASS: r1, asr #32 cpsr
[DBG] Shifter test: r1, asr r0 (0)
[DBG] PASS: r1, asr r0 (0) r0
[DBG] PASS: r1, asr r0 (0) cpsr
[DBG] Shifter test: r1, asr r0 (1)
[DBG] PASS: r1, asr r0 (1) r0
[DBG] PASS: r1, asr r0 (1) cpsr
[DBG] Shifter test: r1, asr r0 (31)
[DBG] PASS: r1, asr r0 (31) r0
[DBG] PASS: r1, asr r0 (31) cpsr
[DBG] Shifter test: r1, asr r0 (32)
[DBG] PASS: r1, asr r0 (32) r0
[DBG] PASS: r1, asr r0 (32) cpsr
[DBG] Shifter test: r1, asr r0 (33)
[DBG] PASS: r1, asr r0 (33) r0
[DBG] PASS: r1, asr r0 (33) cpsr
[DBG] Shifter test: r1, asr r0 (-1)
[DBG] PASS: r1, asr r0 (-1) r0
[DBG] PASS: r1, asr r0 (-1) cpsr
[DBG] Shifter test: r1, ror #1
[DBG] PASS: r1, ror #1 r0
[DBG] PASS: r1, ror #1 cpsr
[DBG] Shifter test: r1, ror #31
[DBG] PASS: r1, ror #31 r0
[DBG] PASS: r1, ror #31 cpsr
[DBG] Shifter test: r1, ror r0 (0)
[DBG] PASS: r1, ror r0 (0) r0
[DBG] PASS: r1, ror r0 (0) cpsr
[DBG] Shifter test: r1, ror r0 (1)
[DBG] PASS: r1, ror r0 (1) r0
[DBG] PASS: r1, ror r0 (1) cpsr
[DBG] Shifter test: r1, ror r0 (31)
[DBG] PASS: r1, ror r0 (31) r0
[DBG] PASS: r1, ror r0 (31) cpsr
[DBG] Shifter test: r1, ror r0 (32)
[DBG] PASS: r1, ror r0 (32) r0
[DBG] PASS: r1, ror r0 (32) cpsr
[DBG] Shifter test: r1, ror r0 (33)
[DBG] PASS: r1, ror r0 (33) r0
[DBG] PASS: r1, ror r0 (33) cpsr
[DBG] Shifter test: r1, ror r0 (-1)
[DBG] PASS: r1, ror r0 (-1) r0
[DBG] PASS: r1, ror r0 (-1) cpsr
[DBG] Shifter test: r1, rrx (+)
[DBG] PASS: r1, rrx (+) r0
[DBG] PASS: r1, rrx (+) cpsr
[DBG] Shifter test: r1, rrx (-)
[DBG] PASS: r1, rrx (-) r0
[DBG] PASS: r1, rrx (-) cpsr
[DBG] Shifter test: pc
[DBG] PASS: pc r0
[DBG] PASS: pc cpsr
[DBG] Shifter test: pc, lsl #0
[DBG] PASS: pc, lsl #0 r0
[DBG] PASS: pc, lsl #0 cpsr
[DBG] Shifter test: pc, lsl #31
[DBG] PASS: pc, lsl #31 r0
[DBG] PASS: pc, lsl #31 cpsr
[DBG] Shifter test: pc, lsl r0 (0)
[DBG] PASS: pc, lsl r0 (0) r0
[DBG] PASS: pc, lsl r0 (0) cpsr
[DBG] Shifter test: pc, lsr #31
[DBG] PASS: pc, lsr #31 r0
[DBG] PASS: pc, lsr #31 cpsr
[DBG] Shifter test: pc, lsr #32
[DBG] PASS: pc, lsr #32 r0
[DBG] PASS: pc, lsr #32 cpsr
[DBG] Shifter test: pc, lsr r0 (0)
[DBG] PASS: pc, lsr r0 (0) r0
[DBG] PASS: pc, lsr r0 (0) cpsr
[DBG] Shifter test: pc, lsr r0 (24)
[DBG] PASS: pc, lsr r0 (24) r0
[DBG] PASS: pc, lsr r0 (24) cpsr
[DBG] Shifter test: pc, asr #31
[DBG] PASS: pc, asr #31 r0
[DBG] PASS: pc, asr #31 cpsr
[DBG] Shifter test: pc, asr #32
[DBG] PASS: pc, asr #32 r0
[DBG] PASS: pc, asr #32 cpsr
[DBG] Shifter test: pc, asr r0 (0)
[DBG] PASS: pc, asr r0 (0) r0
[DBG] PASS: pc, asr r0 (0) cpsr
[DBG] Shifter test: pc, asr r0 (24)
[DBG] PASS: pc, asr r0 (24) r0
[DBG] PASS: pc, asr r0 (24) cpsr
[DBG] Shifter test: add r0, pc, r1
[DBG] PASS: add r0, pc, r1 r0
[DBG] PASS: add r0, pc, r1 cpsr
[DBG] Shifter test: add r0, pc, r1, lsl #0
[DBG] PASS: add r0, pc, r1, lsl #0 r0
[DBG] PASS: add r0, pc, r1, lsl #0 cpsr
[DBG] Shifter test: add r0, pc, r1, lsl #1
[DBG] PASS: add r0, pc, r1, lsl #1 r0
[DBG] PASS: add r0, pc, r1, lsl #1 cpsr
[DBG] Shifter test: add r0, pc, r1, lsl r0 (0)
[DBG] PASS: add r0, pc, r1, lsl r0 (0) r0
[DBG] PASS: add r0, pc, r1, lsl r0 (0) cpsr
[DBG] Shifter test: add r0, pc, r1, lsl r0 (1)
[DBG] PASS: add r0, pc, r1, lsl r0 (1) r0
[DBG] PASS: add r0, pc, r1, lsl r0 (1) cpsr
[DBG] Shifter test: add r0, pc, r1, lsr #1
[DBG] PASS: add r0, pc, r1, lsr #1 r0
[DBG] PASS: add r0, pc, r1, lsr #1 cpsr
[DBG] Shifter test: add r0, pc, r1, lsr #32
[DBG] PASS: add r0, pc, r1, lsr #32 r0
[DBG] PASS: add r0, pc, r1, lsr #32 cpsr
[DBG] Shifter test: add r0, pc, r1, lsr r0 (0)
[DBG] PASS: add r0, pc, r1, lsr r0 (0) r0
[DBG] PASS: add r0, pc, r1, lsr r0 (0) cpsr
[DBG] Shifter test: add r0, pc, r1, lsr r0 (1)
[DBG] PASS: add r0, pc, r1, lsr r0 (1) r0
[DBG] PASS: add r0, pc, r1, lsr r0 (1) cpsr
[DBG] Shifter test: add r0, pc, r1, asr #1
[DBG] PASS: add r0, pc, r1, asr #1 r0
[DBG] PASS: add r0, pc, r1, asr #1 cpsr
[DBG] Shifter test: add r0, pc, r1, asr #32
[DBG] PASS: add r0, pc, r1, asr #32 r0
[DBG] PASS: add r0, pc, r1, asr #32 cpsr
[DBG] Shifter test: add r0, pc, r1, asr r0 (0)
[DBG] PASS: add r0, pc, r1, asr r0 (0) r0
[DBG] PASS: add r0, pc, r1, asr r0 (0) cpsr
[DBG] Shifter test: add r0, pc, r1, asr r0 (1)
[DBG] PASS: add r0, pc, r1, asr r0 (1) r0
[DBG] PASS: add r0, pc, r1, asr r0 (1) cpsr
[DBG] Shifter test: add r0, pc, r1, ror #1
[DBG] PASS: add r0, pc, r1, ror #1 r0
[DBG] PASS: add r0, pc, r1, ror #1 cpsr
[DBG] Shifter test: add r0, pc, r1, ror r0 (0)
[DBG] PASS: add r0, pc, r1, ror r0 (0) r0
[DBG] PASS: add r0, pc, r1, ror r0 (0) cpsr
[DBG] Shifter test: add r0, pc, r1, ror r0 (1)
[DBG] PASS: add r0, pc, r1, ror r0 (1) r0
[DBG] PASS: add r0, pc, r1, ror r0 (1) cpsr

--- Suite 06: Shifter ---
Frames: 98  PC=0x0802BAA4  CPSR=0x8000003F  halted=0  cycle=167330243
[debug]
Game Boy Advance Test Suite
===
BEGIN: Shifter tests
Shifter test: #0
PASS: #0 r0
PASS: #0 cpsr
Shifter test: #FF
PASS: #FF r0
PASS: #FF cpsr
Shifter test: #FF000000
PASS: #FF000000 r0
PASS: #FF000000 cpsr
Shifter test: #F000000F
PASS: #F000000F r0
PASS: #F000000F cpsr
Shifter test: r1
PASS: r1 r0
PASS: r1 cpsr
Shifter test: r1, lsl #0
PASS: r1, lsl #0 r0
PASS: r1, lsl #0 cpsr
Shifter test: r1, lsl #1
PASS: r1, lsl #1 r0
PASS: r1, lsl #1 cpsr
Shifter test: r1, lsl #31
PASS: r1, lsl #31 r0
PASS: r1, lsl #31 cpsr
Shifter test: r1, lsl r0 (0)
PASS: r1, lsl r0 (0) r0
PASS: r1, lsl r0 (0) cpsr
Shifter test: r1, lsl r0 (1)
PASS: r1, lsl r0 (1) r0
PASS: r1, lsl r0 (1) cpsr
Shifter test: r1, lsl r0 (31)
PASS: r1, lsl r0 (31) r0
PASS: r1, lsl r0 (31) cpsr
Shifter test: r1, lsl r0 (32)
PASS: r1, lsl r0 (32) r0
PASS: r1, lsl r0 (32) cpsr
Shifter test: r1, lsl r0 (33)
PASS: r1, lsl r0 (33) r0
PASS: r1, lsl r0 (33) cpsr
Shifter test: r1, lsl r0 (-1)
PASS: r1, lsl r0 (-1) r0
PASS: r1, lsl r0 (-1) cpsr
Shifter test: r1, lsr #1
PASS: r1, lsr #1 r0
PASS: r1, lsr #1 cpsr
Shifter test: r1, lsr #31
PASS: r1, lsr #31 r0
PASS: r1, lsr #31 cpsr
Shifter test: r1, lsr #32
PASS: r1, lsr #32 r0
PASS: r1, lsr #32 cpsr
Shifter test: r1, lsr r0 (0)
PASS: r1, lsr r0 (0) r0
PASS: r1, lsr r0 (0) cpsr
Shifter test: r1, lsr r0 (1)
PASS: r1, lsr r0 (1) r0
PASS: r1, lsr r0 (1) cpsr
Shifter test: r1, lsr r0 (31)
PASS: r1, lsr r0 (31) r0
PASS: r1, lsr r0 (31) cpsr
Shifter test: r1, lsr r0 (32)
PASS: r1, lsr r0 (32) r0
PASS: r1, lsr r0 (32) cpsr
Shifter test: r1, lsr r0 (33)
PASS: r1, lsr r0 (33) r0
PASS: r1, lsr r0 (33) cpsr
Shifter test: r1, lsr r0 (-1)
PASS: r1, lsr r0 (-1) r0
PASS: r1, lsr r0 (-1) cpsr
Shifter test: r1, asr #1
PASS: r1, asr #1 r0
PASS: r1, asr #1 cpsr
Shifter test: r1, asr #31
PASS: r1, asr #31 r0
PASS: r1, asr #31 cpsr
Shifter test: r1, asr #32
PASS: r1, asr #32 r0
PASS: r1, asr #32 cpsr
Shifter test: r1, asr r0 (0)
PASS: r1, asr r0 (0) r0
PASS: r1, asr r0 (0) cpsr
Shifter test: r1, asr r0 (1)
PASS: r1, asr r0 (1) r0
PASS: r1, asr r0 (1) cpsr
Shifter test: r1, asr r0 (31)
PASS: r1, asr r0 (31) r0
PASS: r1, asr r0 (31) cpsr
Shifter test: r1, asr r0 (32)
PASS: r1, asr r0 (32) r0
PASS: r1, asr r0 (32) cpsr
Shifter test: r1, asr r0 (33)
PASS: r1, asr r0 (33) r0
PASS: r1, asr r0 (33) cpsr
Shifter test: r1, asr r0 (-1)
PASS: r1, asr r0 (-1) r0
PASS: r1, asr r0 (-1) cpsr
Shifter test: r1, ror #1
PASS: r1, ror #1 r0
PASS: r1, ror #1 cpsr
Shifter test: r1, ror #31
PASS: r1, ror #31 r0
PASS: r1, ror #31 cpsr
Shifter test: r1, ror r0 (0)
PASS: r1, ror r0 (0) r0
PASS: r1, ror r0 (0) cpsr
Shifter test: r1, ror r0 (1)
PASS: r1, ror r0 (1) r0
PASS: r1, ror r0 (1) cpsr
Shifter test: r1, ror r0 (31)
PASS: r1, ror r0 (31) r0
PASS: r1, ror r0 (31) cpsr
Shifter test: r1, ror r0 (32)
PASS: r1, ror r0 (32) r0
PASS: r1, ror r0 (32) cpsr
Shifter test: r1, ror r0 (33)
PASS: r1, ror r0 (33) r0
PASS: r1, ror r0 (33) cpsr
Shifter test: r1, ror r0 (-1)
PASS: r1, ror r0 (-1) r0
PASS: r1, ror r0 (-1) cpsr
Shifter test: r1, rrx (+)
PASS: r1, rrx (+) r0
PASS: r1, rrx (+) cpsr
Shifter test: r1, rrx (-)
PASS: r1, rrx (-) r0
PASS: r1, rrx (-) cpsr
Shifter test: pc
PASS: pc r0
PASS: pc cpsr
Shifter test: pc, lsl #0
PASS: pc, lsl #0 r0
PASS: pc, lsl #0 cpsr
Shifter test: pc, lsl #31
PASS: pc, lsl #31 r0
PASS: pc, lsl #31 cpsr
Shifter test: pc, lsl r0 (0)
PASS: pc, lsl r0 (0) r0
PASS: pc, lsl r0 (0) cpsr
Shifter test: pc, lsr #31
PASS: pc, lsr #31 r0
PASS: pc, lsr #31 cpsr
Shifter test: pc, lsr #32
PASS: pc, lsr #32 r0
PASS: pc, lsr #32 cpsr
Shifter test: pc, lsr r0 (0)
PASS: pc, lsr r0 (0) r0
PASS: pc, lsr r0 (0) cpsr
Shifter test: pc, lsr r0 (24)
PASS: pc, lsr r0 (24) r0
PASS: pc, lsr r0 (24) cpsr
Shifter test: pc, asr #31
PASS: pc, asr #31 r0
PASS: pc, asr #31 cpsr
Shifter test: pc, asr #32
PASS: pc, asr #32 r0
PASS: pc, asr #32 cpsr
Shifter test: pc, asr r0 (0)
PASS: pc, asr r0 (0) r0
PASS: pc, asr r0 (0) cpsr
Shifter test: pc, asr r0 (24)
PASS: pc, asr r0 (24) r0
PASS: pc, asr r0 (24) cpsr
Shifter test: add r0, pc, r1
PASS: add r0, pc, r1 r0
PASS: add r0, pc, r1 cpsr
Shifter test: add r0, pc, r1, lsl #0
PASS: add r0, pc, r1, lsl #0 r0
PASS: add r0, pc, r1, lsl #0 cpsr
Shifter test: add r0, pc, r1, lsl #1
PASS: add r0, pc, r1, lsl #1 r0
PASS: add r0, pc, r1, lsl #1 cpsr
Shifter test: add r0, pc, r1, lsl r0 (0)
PASS: add r0, pc, r1, lsl r0 (0) r0
PASS: add r0, pc, r1, lsl r0 (0) cpsr
Shifter test: add r0, pc, r1, lsl r0 (1)
PASS: add r0, pc, r1, lsl r0 (1) r0
PASS: add r0, pc, r1, lsl r0 (1) cpsr
Shifter test: add r0, pc, r1, lsr #1
PASS: add r0, pc, r1, lsr #1 r0
PASS: add r0, pc, r1, lsr #1 cpsr
Shifter test: add r0, pc, r1, lsr #32
PASS: add r0, pc, r1, lsr #32 r0
PASS: add r0, pc, r1, lsr #32 cpsr
Shifter test: add r0, pc, r1, lsr r0 (0)
PASS: add r0, pc, r1, lsr r0 (0) r0
PASS: add r0, pc, r1, lsr r0 (0) cpsr
Shifter test: add r0, pc, r1, lsr r0 (1)
PASS: add r0, pc, r1, lsr r0 (1) r0
PASS: add r0, pc, r1, lsr r0 (1) cpsr
Shifter test: add r0, pc, r1, asr #1
PASS: add r0, pc, r1, asr #1 r0
PASS: add r0, pc, r1, asr #1 cpsr
Shifter test: add r0, pc, r1, asr #32
PASS: add r0, pc, r1, asr #32 r0
PASS: add r0, pc, r1, asr #32 cpsr
Shifter test: add r0, pc, r1, asr r0 (0)
PASS: add r0, pc, r1, asr r0 (0) r0
PASS: add r0, pc, r1, asr r0 (0) cpsr
Shifter test: add r0, pc, r1, asr r0 (1)
PASS: add r0, pc, r1, asr r0 (1) r0
PASS: add r0, pc, r1, asr r0 (1) cpsr
Shifter test: add r0, pc, r1, ror #1
PASS: add r0, pc, r1, ror #1 r0
PASS: add r0, pc, r1, ror #1 cpsr
Shifter test: add r0, pc, r1, ror r0 (0)
PASS: add r0, pc, r1, ror r0 (0) r0
PASS: add r0, pc, r1, ror r0 (0) cpsr
Shifter test: add r0, pc, r1, ror r0 (1)
PASS: add r0, pc, r1, ror r0 (1) r0
PASS: add r0, pc, r1, ror r0 (1) cpsr
[sram]
Game Boy Advance Test Suite
===
Shifter test: #0
Shifter test: #FF
Shifter test: #FF000000
Shifter test: #F000000F
Shifter test: r1
Shifter test: r1, lsl #0
Shifter test: r1, lsl #1
Shifter test: r1, lsl #31
Shifter test: r1, lsl r0 (0)
Shifter test: r1, lsl r0 (1)
Shifter test: r1, lsl r0 (31)
Shifter test: r1, lsl r0 (32)
Shifter test: r1, lsl r0 (33)
Shifter test: r1, lsl r0 (-1)
Shifter test: r1, lsr #1
Shifter test: r1, lsr #31
Shifter test: r1, lsr #32
Shifter test: r1, lsr r0 (0)
Shifter test: r1, lsr r0 (1)
Shifter test: r1, lsr r0 (31)
Shifter test: r1, lsr r0 (32)
Shifter test: r1, lsr r0 (33)
Shifter test: r1, lsr r0 (-1)
Shifter test: r1, asr #1
Shifter test: r1, asr #31
Shifter test: r1, asr #32
Shifter test: r1, asr r0 (0)
Shifter test: r1, asr r0 (1)
Shifter test: r1, asr r0 (31)
Shifter test: r1, asr r0 (32)
Shifter test: r1, asr r0 (33)
Shifter test: r1, asr r0 (-1)
Shifter test: r1, ror #1
Shifter test: r1, ror #31
Shifter test: r1, ror r0 (0)
Shifter test: r1, ror r0 (1)
Shifter test: r1, ror r0 (31)
Shifter test: r1, ror r0 (32)
Shifter test: r1, ror r0 (33)
Shifter test: r1, ror r0 (-1)
Shifter test: r1, rrx (+)
Shifter test: r1, rrx (-)
Shifter test: pc
Shifter test: pc, lsl #0
Shifter test: pc, lsl #31
Shifter test: pc, lsl r0 (0)
Shifter test: pc, lsr #31
Shifter test: pc, lsr #32
Shifter test: pc, lsr r0 (0)
Shifter test: pc, lsr r0 (24)
Shifter test: pc, asr #31
Shifter test: pc, asr #32
Shifter test: pc, asr r0 (0)
Shifter test: pc, asr r0 (24)
Shifter test: add r0, pc, r1
Shifter test: add r0, pc, r1, lsl #0
Shifter test: add r0, pc, r1, lsl #1
Shifter test: add r0, pc, r1, lsl r0 (0)
Shifter test: add r0, pc, r1, lsl r0 (1)
Shifter test: add r0, pc, r1, lsr #1
Shifter test: add r0, pc, r1, lsr #32
Shifter test: add r0, pc, r1, lsr r0 (0)
Shifter test: add r0, pc, r1, lsr r0 (1)
Shifter test: add r0, pc, r1, asr #1
Shifter test: add r0, pc, r1, asr #32
Shifter test: add r0, pc, r1, asr r0 (0)
Shifter test: add r0, pc, r1, asr r0 (1)
Shifter test: add r0, pc, r1, ror #1
Shifter test: add r0, pc, r1, ror r0 (0)
Shifter test: add r0, pc, r1, ror r0 (1)
[DBG] Game Boy Advance Test Suite
===
[DBG] BEGIN: Carry tests
[DBG] Carry test: 0, 0 (.)
[DBG] PASS: 0, 0 (.) adcs
[DBG] PASS: 0, 0 (.) sbcs
[DBG] PASS: 0, 0 (.) rscs
[DBG] Carry test: 0, 0 (C)
[DBG] PASS: 0, 0 (C) adcs
[DBG] PASS: 0, 0 (C) sbcs
[DBG] PASS: 0, 0 (C) rscs
[DBG] Carry test: 0, 0x7FFFFFFF (.)
[DBG] PASS: 0, 0x7FFFFFFF (.) adcs
[DBG] PASS: 0, 0x7FFFFFFF (.) sbcs
[DBG] PASS: 0, 0x7FFFFFFF (.) rscs
[DBG] Carry test: 0, 0x7FFFFFFF (C)
[DBG] PASS: 0, 0x7FFFFFFF (C) adcs
[DBG] PASS: 0, 0x7FFFFFFF (C) sbcs
[DBG] PASS: 0, 0x7FFFFFFF (C) rscs
[DBG] Carry test: 0, 0x80000000 (.)
[DBG] PASS: 0, 0x80000000 (.) adcs
[DBG] PASS: 0, 0x80000000 (.) sbcs
[DBG] PASS: 0, 0x80000000 (.) rscs
[DBG] Carry test: 0, 0x80000000 (C)
[DBG] PASS: 0, 0x80000000 (C) adcs
[DBG] PASS: 0, 0x80000000 (C) sbcs
[DBG] PASS: 0, 0x80000000 (C) rscs
[DBG] Carry test: 0, 0xFFFFFFFF (.)
[DBG] PASS: 0, 0xFFFFFFFF (.) adcs
[DBG] PASS: 0, 0xFFFFFFFF (.) sbcs
[DBG] PASS: 0, 0xFFFFFFFF (.) rscs
[DBG] Carry test: 0, 0xFFFFFFFF (C)
[DBG] PASS: 0, 0xFFFFFFFF (C) adcs
[DBG] PASS: 0, 0xFFFFFFFF (C) sbcs
[DBG] PASS: 0, 0xFFFFFFFF (C) rscs
[DBG] Carry test: 0x7FFFFFFF, 0 (.)
[DBG] PASS: 0x7FFFFFFF, 0 (.) adcs
[DBG] PASS: 0x7FFFFFFF, 0 (.) sbcs
[DBG] PASS: 0x7FFFFFFF, 0 (.) rscs
[DBG] Carry test: 0x7FFFFFFF, 0 (C)
[DBG] PASS: 0x7FFFFFFF, 0 (C) adcs
[DBG] PASS: 0x7FFFFFFF, 0 (C) sbcs
[DBG] PASS: 0x7FFFFFFF, 0 (C) rscs
[DBG] Carry test: 0x7FFFFFFF, 0x7FFFFFFF (.)
[DBG] PASS: 0x7FFFFFFF, 0x7FFFFFFF (.) adcs
[DBG] PASS: 0x7FFFFFFF, 0x7FFFFFFF (.) sbcs
[DBG] PASS: 0x7FFFFFFF, 0x7FFFFFFF (.) rscs
[DBG] Carry test: 0x7FFFFFFF, 0x7FFFFFFF (C)
[DBG] PASS: 0x7FFFFFFF, 0x7FFFFFFF (C) adcs
[DBG] PASS: 0x7FFFFFFF, 0x7FFFFFFF (C) sbcs
[DBG] PASS: 0x7FFFFFFF, 0x7FFFFFFF (C) rscs
[DBG] Carry test: 0x7FFFFFFF, 0x80000000 (.)
[DBG] PASS: 0x7FFFFFFF, 0x80000000 (.) adcs
[DBG] PASS: 0x7FFFFFFF, 0x80000000 (.) sbcs
[DBG] PASS: 0x7FFFFFFF, 0x80000000 (.) rscs
[DBG] Carry test: 0x7FFFFFFF, 0x80000000 (C)
[DBG] PASS: 0x7FFFFFFF, 0x80000000 (C) adcs
[DBG] PASS: 0x7FFFFFFF, 0x80000000 (C) sbcs
[DBG] PASS: 0x7FFFFFFF, 0x80000000 (C) rscs
[DBG] Carry test: 0x7FFFFFFF, 0xFFFFFFFF (.)
[DBG] PASS: 0x7FFFFFFF, 0xFFFFFFFF (.) adcs
[DBG] PASS: 0x7FFFFFFF, 0xFFFFFFFF (.) sbcs
[DBG] PASS: 0x7FFFFFFF, 0xFFFFFFFF (.) rscs
[DBG] Carry test: 0x80000000, 0 (.)
[DBG] PASS: 0x80000000, 0 (.) adcs
[DBG] PASS: 0x80000000, 0 (.) sbcs
[DBG] PASS: 0x80000000, 0 (.) rscs
[DBG] Carry test: 0x80000000, 0 (C)
[DBG] PASS: 0x80000000, 0 (C) adcs
[DBG] PASS: 0x80000000, 0 (C) sbcs
[DBG] PASS: 0x80000000, 0 (C) rscs
[DBG] Carry test: 0x80000000, 0x7FFFFFFF (.)
[DBG] PASS: 0x80000000, 0x7FFFFFFF (.) adcs
[DBG] PASS: 0x80000000, 0x7FFFFFFF (.) sbcs
[DBG] PASS: 0x80000000, 0x7FFFFFFF (.) rscs
[DBG] Carry test: 0x80000000, 0x7FFFFFFF (C)
[DBG] PASS: 0x80000000, 0x7FFFFFFF (C) adcs
[DBG] PASS: 0x80000000, 0x7FFFFFFF (C) sbcs
[DBG] PASS: 0x80000000, 0x7FFFFFFF (C) rscs
[DBG] Carry test: 0x80000000, 0x80000000 (.)
[DBG] PASS: 0x80000000, 0x80000000 (.) adcs
[DBG] PASS: 0x80000000, 0x80000000 (.) sbcs
[DBG] PASS: 0x80000000, 0x80000000 (.) rscs
[DBG] Carry test: 0x80000000, 0x80000000 (C)
[DBG] PASS: 0x80000000, 0x80000000 (C) adcs
[DBG] PASS: 0x80000000, 0x80000000 (C) sbcs
[DBG] PASS: 0x80000000, 0x80000000 (C) rscs
[DBG] Carry test: 0x80000000, 0xFFFFFFFF (.)
[DBG] PASS: 0x80000000, 0xFFFFFFFF (.) adcs
[DBG] PASS: 0x80000000, 0xFFFFFFFF (.) sbcs
[DBG] PASS: 0x80000000, 0xFFFFFFFF (.) rscs
[DBG] Carry test: 0x80000000, 0xFFFFFFFF (C)
[DBG] PASS: 0x80000000, 0xFFFFFFFF (C) adcs
[DBG] PASS: 0x80000000, 0xFFFFFFFF (C) sbcs
[DBG] PASS: 0x80000000, 0xFFFFFFFF (C) rscs
[DBG] Carry test: 0xFFFFFFFF, 0 (.)
[DBG] PASS: 0xFFFFFFFF, 0 (.) adcs
[DBG] PASS: 0xFFFFFFFF, 0 (.) sbcs
[DBG] PASS: 0xFFFFFFFF, 0 (.) rscs
[DBG] Carry test: 0xFFFFFFFF, 0 (C)
[DBG] PASS: 0xFFFFFFFF, 0 (C) adcs
[DBG] PASS: 0xFFFFFFFF, 0 (C) sbcs
[DBG] PASS: 0xFFFFFFFF, 0 (C) rscs
[DBG] Carry test: 0xFFFFFFFF, 0x7FFFFFFF (.)
[DBG] PASS: 0xFFFFFFFF, 0x7FFFFFFF (.) adcs
[DBG] PASS: 0xFFFFFFFF, 0x7FFFFFFF (.) sbcs
[DBG] PASS: 0xFFFFFFFF, 0x7FFFFFFF (.) rscs
[DBG] Carry test: 0xFFFFFFFF, 0x7FFFFFFF (C)
[DBG] PASS: 0xFFFFFFFF, 0x7FFFFFFF (C) adcs
[DBG] PASS: 0xFFFFFFFF, 0x7FFFFFFF (C) sbcs
[DBG] PASS: 0xFFFFFFFF, 0x7FFFFFFF (C) rscs
[DBG] Carry test: 0xFFFFFFFF, 0x80000000 (.)
[DBG] PASS: 0xFFFFFFFF, 0x80000000 (.) adcs
[DBG] PASS: 0xFFFFFFFF, 0x80000000 (.) sbcs
[DBG] PASS: 0xFFFFFFFF, 0x80000000 (.) rscs
[DBG] Carry test: 0xFFFFFFFF, 0x80000000 (C)
[DBG] PASS: 0xFFFFFFFF, 0x80000000 (C) adcs
[DBG] PASS: 0xFFFFFFFF, 0x80000000 (C) sbcs
[DBG] PASS: 0xFFFFFFFF, 0x80000000 (C) rscs
[DBG] Carry test: 0xFFFFFFFF, 0xFFFFFFFF (.)
[DBG] PASS: 0xFFFFFFFF, 0xFFFFFFFF (.) adcs
[DBG] PASS: 0xFFFFFFFF, 0xFFFFFFFF (.) sbcs
[DBG] PASS: 0xFFFFFFFF, 0xFFFFFFFF (.) rscs
[DBG] Carry test: 0xFFFFFFFF, 0xFFFFFFFF (C)
[DBG] PASS: 0xFFFFFFFF, 0xFFFFFFFF (C) adcs
[DBG] PASS: 0xFFFFFFFF, 0xFFFFFFFF (C) sbcs
[DBG] PASS: 0xFFFFFFFF, 0xFFFFFFFF (C) rscs

--- Suite 07: Carry ---
Frames: 93  PC=0x0802BAC8  CPSR=0x2000003F  halted=0  cycle=176038016
[debug]
Game Boy Advance Test Suite
===
BEGIN: Carry tests
Carry test: 0, 0 (.)
PASS: 0, 0 (.) adcs
PASS: 0, 0 (.) sbcs
PASS: 0, 0 (.) rscs
Carry test: 0, 0 (C)
PASS: 0, 0 (C) adcs
PASS: 0, 0 (C) sbcs
PASS: 0, 0 (C) rscs
Carry test: 0, 0x7FFFFFFF (.)
PASS: 0, 0x7FFFFFFF (.) adcs
PASS: 0, 0x7FFFFFFF (.) sbcs
PASS: 0, 0x7FFFFFFF (.) rscs
Carry test: 0, 0x7FFFFFFF (C)
PASS: 0, 0x7FFFFFFF (C) adcs
PASS: 0, 0x7FFFFFFF (C) sbcs
PASS: 0, 0x7FFFFFFF (C) rscs
Carry test: 0, 0x80000000 (.)
PASS: 0, 0x80000000 (.) adcs
PASS: 0, 0x80000000 (.) sbcs
PASS: 0, 0x80000000 (.) rscs
Carry test: 0, 0x80000000 (C)
PASS: 0, 0x80000000 (C) adcs
PASS: 0, 0x80000000 (C) sbcs
PASS: 0, 0x80000000 (C) rscs
Carry test: 0, 0xFFFFFFFF (.)
PASS: 0, 0xFFFFFFFF (.) adcs
PASS: 0, 0xFFFFFFFF (.) sbcs
PASS: 0, 0xFFFFFFFF (.) rscs
Carry test: 0, 0xFFFFFFFF (C)
PASS: 0, 0xFFFFFFFF (C) adcs
PASS: 0, 0xFFFFFFFF (C) sbcs
PASS: 0, 0xFFFFFFFF (C) rscs
Carry test: 0x7FFFFFFF, 0 (.)
PASS: 0x7FFFFFFF, 0 (.) adcs
PASS: 0x7FFFFFFF, 0 (.) sbcs
PASS: 0x7FFFFFFF, 0 (.) rscs
Carry test: 0x7FFFFFFF, 0 (C)
PASS: 0x7FFFFFFF, 0 (C) adcs
PASS: 0x7FFFFFFF, 0 (C) sbcs
PASS: 0x7FFFFFFF, 0 (C) rscs
Carry test: 0x7FFFFFFF, 0x7FFFFFFF (.)
PASS: 0x7FFFFFFF, 0x7FFFFFFF (.) adcs
PASS: 0x7FFFFFFF, 0x7FFFFFFF (.) sbcs
PASS: 0x7FFFFFFF, 0x7FFFFFFF (.) rscs
Carry test: 0x7FFFFFFF, 0x7FFFFFFF (C)
PASS: 0x7FFFFFFF, 0x7FFFFFFF (C) adcs
PASS: 0x7FFFFFFF, 0x7FFFFFFF (C) sbcs
PASS: 0x7FFFFFFF, 0x7FFFFFFF (C) rscs
Carry test: 0x7FFFFFFF, 0x80000000 (.)
PASS: 0x7FFFFFFF, 0x80000000 (.) adcs
PASS: 0x7FFFFFFF, 0x80000000 (.) sbcs
PASS: 0x7FFFFFFF, 0x80000000 (.) rscs
Carry test: 0x7FFFFFFF, 0x80000000 (C)
PASS: 0x7FFFFFFF, 0x80000000 (C) adcs
PASS: 0x7FFFFFFF, 0x80000000 (C) sbcs
PASS: 0x7FFFFFFF, 0x80000000 (C) rscs
Carry test: 0x7FFFFFFF, 0xFFFFFFFF (.)
PASS: 0x7FFFFFFF, 0xFFFFFFFF (.) adcs
PASS: 0x7FFFFFFF, 0xFFFFFFFF (.) sbcs
PASS: 0x7FFFFFFF, 0xFFFFFFFF (.) rscs
Carry test: 0x80000000, 0 (.)
PASS: 0x80000000, 0 (.) adcs
PASS: 0x80000000, 0 (.) sbcs
PASS: 0x80000000, 0 (.) rscs
Carry test: 0x80000000, 0 (C)
PASS: 0x80000000, 0 (C) adcs
PASS: 0x80000000, 0 (C) sbcs
PASS: 0x80000000, 0 (C) rscs
Carry test: 0x80000000, 0x7FFFFFFF (.)
PASS: 0x80000000, 0x7FFFFFFF (.) adcs
PASS: 0x80000000, 0x7FFFFFFF (.) sbcs
PASS: 0x80000000, 0x7FFFFFFF (.) rscs
Carry test: 0x80000000, 0x7FFFFFFF (C)
PASS: 0x80000000, 0x7FFFFFFF (C) adcs
PASS: 0x80000000, 0x7FFFFFFF (C) sbcs
PASS: 0x80000000, 0x7FFFFFFF (C) rscs
Carry test: 0x80000000, 0x80000000 (.)
PASS: 0x80000000, 0x80000000 (.) adcs
PASS: 0x80000000, 0x80000000 (.) sbcs
PASS: 0x80000000, 0x80000000 (.) rscs
Carry test: 0x80000000, 0x80000000 (C)
PASS: 0x80000000, 0x80000000 (C) adcs
PASS: 0x80000000, 0x80000000 (C) sbcs
PASS: 0x80000000, 0x80000000 (C) rscs
Carry test: 0x80000000, 0xFFFFFFFF (.)
PASS: 0x80000000, 0xFFFFFFFF (.) adcs
PASS: 0x80000000, 0xFFFFFFFF (.) sbcs
PASS: 0x80000000, 0xFFFFFFFF (.) rscs
Carry test: 0x80000000, 0xFFFFFFFF (C)
PASS: 0x80000000, 0xFFFFFFFF (C) adcs
PASS: 0x80000000, 0xFFFFFFFF (C) sbcs
PASS: 0x80000000, 0xFFFFFFFF (C) rscs
Carry test: 0xFFFFFFFF, 0 (.)
PASS: 0xFFFFFFFF, 0 (.) adcs
PASS: 0xFFFFFFFF, 0 (.) sbcs
PASS: 0xFFFFFFFF, 0 (.) rscs
Carry test: 0xFFFFFFFF, 0 (C)
PASS: 0xFFFFFFFF, 0 (C) adcs
PASS: 0xFFFFFFFF, 0 (C) sbcs
PASS: 0xFFFFFFFF, 0 (C) rscs
Carry test: 0xFFFFFFFF, 0x7FFFFFFF (.)
PASS: 0xFFFFFFFF, 0x7FFFFFFF (.) adcs
PASS: 0xFFFFFFFF, 0x7FFFFFFF (.) sbcs
PASS: 0xFFFFFFFF, 0x7FFFFFFF (.) rscs
Carry test: 0xFFFFFFFF, 0x7FFFFFFF (C)
PASS: 0xFFFFFFFF, 0x7FFFFFFF (C) adcs
PASS: 0xFFFFFFFF, 0x7FFFFFFF (C) sbcs
PASS: 0xFFFFFFFF, 0x7FFFFFFF (C) rscs
Carry test: 0xFFFFFFFF, 0x80000000 (.)
PASS: 0xFFFFFFFF, 0x80000000 (.) adcs
PASS: 0xFFFFFFFF, 0x80000000 (.) sbcs
PASS: 0xFFFFFFFF, 0x80000000 (.) rscs
Carry test: 0xFFFFFFFF, 0x80000000 (C)
PASS: 0xFFFFFFFF, 0x80000000 (C) adcs
PASS: 0xFFFFFFFF, 0x80000000 (C) sbcs
PASS: 0xFFFFFFFF, 0x80000000 (C) rscs
Carry test: 0xFFFFFFFF, 0xFFFFFFFF (.)
PASS: 0xFFFFFFFF, 0xFFFFFFFF (.) adcs
PASS: 0xFFFFFFFF, 0xFFFFFFFF (.) sbcs
PASS: 0xFFFFFFFF, 0xFFFFFFFF (.) rscs
Carry test: 0xFFFFFFFF, 0xFFFFFFFF (C)
PASS: 0xFFFFFFFF, 0xFFFFFFFF (C) adcs
PASS: 0xFFFFFFFF, 0xFFFFFFFF (C) sbcs
PASS: 0xFFFFFFFF, 0xFFFFFFFF (C) rscs
[sram]
Game Boy Advance Test Suite
===
Carry test: 0, 0 (.)
Carry test: 0, 0 (C)
Carry test: 0, 0x7FFFFFFF (.)
Carry test: 0, 0x7FFFFFFF (C)
Carry test: 0, 0x80000000 (.)
Carry test: 0, 0x80000000 (C)
Carry test: 0, 0xFFFFFFFF (.)
Carry test: 0, 0xFFFFFFFF (C)
Carry test: 0x7FFFFFFF, 0 (.)
Carry test: 0x7FFFFFFF, 0 (C)
Carry test: 0x7FFFFFFF, 0x7FFFFFFF (.)
Carry test: 0x7FFFFFFF, 0x7FFFFFFF (C)
Carry test: 0x7FFFFFFF, 0x80000000 (.)
Carry test: 0x7FFFFFFF, 0x80000000 (C)
Carry test: 0x7FFFFFFF, 0xFFFFFFFF (.)
Carry test: 0x80000000, 0 (.)
Carry test: 0x80000000, 0 (C)
Carry test: 0x80000000, 0x7FFFFFFF (.)
Carry test: 0x80000000, 0x7FFFFFFF (C)
Carry test: 0x80000000, 0x80000000 (.)
Carry test: 0x80000000, 0x80000000 (C)
Carry test: 0x80000000, 0xFFFFFFFF (.)
Carry test: 0x80000000, 0xFFFFFFFF (C)
Carry test: 0xFFFFFFFF, 0 (.)
Carry test: 0xFFFFFFFF, 0 (C)
Carry test: 0xFFFFFFFF, 0x7FFFFFFF (.)
Carry test: 0xFFFFFFFF, 0x7FFFFFFF (C)
Carry test: 0xFFFFFFFF, 0x80000000 (.)
Carry test: 0xFFFFFFFF, 0x80000000 (C)
Carry test: 0xFFFFFFFF, 0xFFFFFFFF (.)
Carry test: 0xFFFFFFFF, 0xFFFFFFFF (C)
[DBG] Game Boy Advance Test Suite
===
[DBG] BEGIN: Multiply long tests
[DBG] Multiply Long test:   0 *   0
[DBG] PASS:   0 *   0 smulls
[DBG] PASS:   0 *   0 umulls
[DBG] Multiply Long test:   1 *   0
[DBG] PASS:   1 *   0 smulls
[DBG] PASS:   1 *   0 umulls
[DBG] Multiply Long test:  -1 *   0
[DBG] PASS:  -1 *   0 smulls
[DBG] PASS:  -1 *   0 umulls
[DBG] Multiply Long test: $7F *   0
[DBG] PASS: $7F *   0 smulls
[DBG] PASS: $7F *   0 umulls
[DBG] Multiply Long test: $80 *   0
[DBG] PASS: $80 *   0 smulls
[DBG] PASS: $80 *   0 umulls
[DBG] Multiply Long test: $81 *   0
[DBG] PASS: $81 *   0 smulls
[DBG] PASS: $81 *   0 umulls
[DBG] Multiply Long test:   0 *   1
[DBG] PASS:   0 *   1 smulls
[DBG] PASS:   0 *   1 umulls
[DBG] Multiply Long test:   1 *   1
[DBG] PASS:   1 *   1 smulls
[DBG] PASS:   1 *   1 umulls
[DBG] Multiply Long test:  -1 *   1
[DBG] PASS:  -1 *   1 smulls
[DBG] PASS:  -1 *   1 umulls
[DBG] Multiply Long test: $7F *   1
[DBG] PASS: $7F *   1 smulls
[DBG] PASS: $7F *   1 umulls
[DBG] Multiply Long test: $80 *   1
[DBG] PASS: $80 *   1 smulls
[DBG] PASS: $80 *   1 umulls
[DBG] Multiply Long test: $81 *   1
[DBG] PASS: $81 *   1 smulls
[DBG] PASS: $81 *   1 umulls
[DBG] Multiply Long test:   0 *  -1
[DBG] PASS:   0 *  -1 smulls
[DBG] PASS:   0 *  -1 umulls
[DBG] Multiply Long test:   1 *  -1
[DBG] PASS:   1 *  -1 smulls
[DBG] PASS:   1 *  -1 umulls
[DBG] Multiply Long test:  -1 *  -1
[DBG] PASS:  -1 *  -1 smulls
[DBG] PASS:  -1 *  -1 umulls
[DBG] Multiply Long test: $7F *  -1
[DBG] PASS: $7F *  -1 smulls
[DBG] PASS: $7F *  -1 umulls
[DBG] Multiply Long test: $80 *  -1
[DBG] PASS: $80 *  -1 smulls
[DBG] PASS: $80 *  -1 umulls
[DBG] Multiply Long test: $81 *  -1
[DBG] PASS: $81 *  -1 smulls
[DBG] PASS: $81 *  -1 umulls
[DBG] Multiply Long test:   0 * $7F
[DBG] PASS:   0 * $7F smulls
[DBG] PASS:   0 * $7F umulls
[DBG] Multiply Long test:   1 * $7F
[DBG] PASS:   1 * $7F smulls
[DBG] PASS:   1 * $7F umulls
[DBG] Multiply Long test:  -1 * $7F
[DBG] PASS:  -1 * $7F smulls
[DBG] PASS:  -1 * $7F umulls
[DBG] Multiply Long test: $7F * $7F
[DBG] PASS: $7F * $7F smulls
[DBG] PASS: $7F * $7F umulls
[DBG] Multiply Long test: $80 * $7F
[DBG] PASS: $80 * $7F smulls
[DBG] PASS: $80 * $7F umulls
[DBG] Multiply Long test: $81 * $7F
[DBG] PASS: $81 * $7F smulls
[DBG] PASS: $81 * $7F umulls
[DBG] Multiply Long test:   0 * $80
[DBG] PASS:   0 * $80 smulls
[DBG] PASS:   0 * $80 umulls
[DBG] Multiply Long test:   1 * $80
[DBG] PASS:   1 * $80 smulls
[DBG] PASS:   1 * $80 umulls
[DBG] Multiply Long test:  -1 * $80
[DBG] PASS:  -1 * $80 smulls
[DBG] PASS:  -1 * $80 umulls
[DBG] Multiply Long test: $7F * $80
[DBG] PASS: $7F * $80 smulls
[DBG] PASS: $7F * $80 umulls
[DBG] Multiply Long test: $80 * $80
[DBG] PASS: $80 * $80 smulls
[DBG] PASS: $80 * $80 umulls
[DBG] Multiply Long test: $81 * $80
[DBG] PASS: $81 * $80 smulls
[DBG] PASS: $81 * $80 umulls
[DBG] Multiply Long test:   0 * $81
[DBG] PASS:   0 * $81 smulls
[DBG] PASS:   0 * $81 umulls
[DBG] Multiply Long test:   1 * $81
[DBG] PASS:   1 * $81 smulls
[DBG] PASS:   1 * $81 umulls
[DBG] Multiply Long test:  -1 * $81
[DBG] PASS:  -1 * $81 smulls
[DBG] PASS:  -1 * $81 umulls
[DBG] Multiply Long test: $7F * $81
[DBG] PASS: $7F * $81 smulls
[DBG] PASS: $7F * $81 umulls
[DBG] Multiply Long test: $80 * $81
[DBG] PASS: $80 * $81 smulls
[DBG] PASS: $80 * $81 umulls
[DBG] Multiply Long test: $81 * $81
[DBG] PASS: $81 * $81 smulls
[DBG] PASS: $81 * $81 umulls

--- Suite 08: Multiply long ---
Frames: 92  PC=0x0802BABE  CPSR=0x2000003F  halted=0  cycle=185869378
[debug]
Game Boy Advance Test Suite
===
BEGIN: Multiply long tests
Multiply Long test:   0 *   0
PASS:   0 *   0 smulls
PASS:   0 *   0 umulls
Multiply Long test:   1 *   0
PASS:   1 *   0 smulls
PASS:   1 *   0 umulls
Multiply Long test:  -1 *   0
PASS:  -1 *   0 smulls
PASS:  -1 *   0 umulls
Multiply Long test: $7F *   0
PASS: $7F *   0 smulls
PASS: $7F *   0 umulls
Multiply Long test: $80 *   0
PASS: $80 *   0 smulls
PASS: $80 *   0 umulls
Multiply Long test: $81 *   0
PASS: $81 *   0 smulls
PASS: $81 *   0 umulls
Multiply Long test:   0 *   1
PASS:   0 *   1 smulls
PASS:   0 *   1 umulls
Multiply Long test:   1 *   1
PASS:   1 *   1 smulls
PASS:   1 *   1 umulls
Multiply Long test:  -1 *   1
PASS:  -1 *   1 smulls
PASS:  -1 *   1 umulls
Multiply Long test: $7F *   1
PASS: $7F *   1 smulls
PASS: $7F *   1 umulls
Multiply Long test: $80 *   1
PASS: $80 *   1 smulls
PASS: $80 *   1 umulls
Multiply Long test: $81 *   1
PASS: $81 *   1 smulls
PASS: $81 *   1 umulls
Multiply Long test:   0 *  -1
PASS:   0 *  -1 smulls
PASS:   0 *  -1 umulls
Multiply Long test:   1 *  -1
PASS:   1 *  -1 smulls
PASS:   1 *  -1 umulls
Multiply Long test:  -1 *  -1
PASS:  -1 *  -1 smulls
PASS:  -1 *  -1 umulls
Multiply Long test: $7F *  -1
PASS: $7F *  -1 smulls
PASS: $7F *  -1 umulls
Multiply Long test: $80 *  -1
PASS: $80 *  -1 smulls
PASS: $80 *  -1 umulls
Multiply Long test: $81 *  -1
PASS: $81 *  -1 smulls
PASS: $81 *  -1 umulls
Multiply Long test:   0 * $7F
PASS:   0 * $7F smulls
PASS:   0 * $7F umulls
Multiply Long test:   1 * $7F
PASS:   1 * $7F smulls
PASS:   1 * $7F umulls
Multiply Long test:  -1 * $7F
PASS:  -1 * $7F smulls
PASS:  -1 * $7F umulls
Multiply Long test: $7F * $7F
PASS: $7F * $7F smulls
PASS: $7F * $7F umulls
Multiply Long test: $80 * $7F
PASS: $80 * $7F smulls
PASS: $80 * $7F umulls
Multiply Long test: $81 * $7F
PASS: $81 * $7F smulls
PASS: $81 * $7F umulls
Multiply Long test:   0 * $80
PASS:   0 * $80 smulls
PASS:   0 * $80 umulls
Multiply Long test:   1 * $80
PASS:   1 * $80 smulls
PASS:   1 * $80 umulls
Multiply Long test:  -1 * $80
PASS:  -1 * $80 smulls
PASS:  -1 * $80 umulls
Multiply Long test: $7F * $80
PASS: $7F * $80 smulls
PASS: $7F * $80 umulls
Multiply Long test: $80 * $80
PASS: $80 * $80 smulls
PASS: $80 * $80 umulls
Multiply Long test: $81 * $80
PASS: $81 * $80 smulls
PASS: $81 * $80 umulls
Multiply Long test:   0 * $81
PASS:   0 * $81 smulls
PASS:   0 * $81 umulls
Multiply Long test:   1 * $81
PASS:   1 * $81 smulls
PASS:   1 * $81 umulls
Multiply Long test:  -1 * $81
PASS:  -1 * $81 smulls
PASS:  -1 * $81 umulls
Multiply Long test: $7F * $81
PASS: $7F * $81 smulls
PASS: $7F * $81 umulls
Multiply Long test: $80 * $81
PASS: $80 * $81 smulls
PASS: $80 * $81 umulls
Multiply Long test: $81 * $81
PASS: $81 * $81 smulls
PASS: $81 * $81 umulls
[sram]
Game Boy Advance Test Suite
===
Multiply Long test:   0 *   0
Multiply Long test:   1 *   0
Multiply Long test:  -1 *   0
Multiply Long test: $7F *   0
Multiply Long test: $80 *   0
Multiply Long test: $81 *   0
Multiply Long test:   0 *   1
Multiply Long test:   1 *   1
Multiply Long test:  -1 *   1
Multiply Long test: $7F *   1
Multiply Long test: $80 *   1
Multiply Long test: $81 *   1
Multiply Long test:   0 *  -1
Multiply Long test:   1 *  -1
Multiply Long test:  -1 *  -1
Multiply Long test: $7F *  -1
Multiply Long test: $80 *  -1
Multiply Long test: $81 *  -1
Multiply Long test:   0 * $7F
Multiply Long test:   1 * $7F
Multiply Long test:  -1 * $7F
Multiply Long test: $7F * $7F
Multiply Long test: $80 * $7F
Multiply Long test: $81 * $7F
Multiply Long test:   0 * $80
Multiply Long test:   1 * $80
Multiply Long test:  -1 * $80
Multiply Long test: $7F * $80
Multiply Long test: $80 * $80
Multiply Long test: $81 * $80
Multiply Long test:   0 * $81
Multiply Long test:   1 * $81
Multiply Long test:  -1 * $81
Multiply Long test: $7F * $81
Multiply Long test: $80 * $81
Multiply Long test: $81 * $81
[DBG] Game Boy Advance Test Suite
===
[DBG] BEGIN: BIOS math tests
[DBG] Math test: ArcTan 00000000
[DBG] PASS: ArcTan 00000000 r0
[DBG] PASS: ArcTan 00000000 r1
[DBG] PASS: ArcTan 00000000 r2
[DBG] PASS: ArcTan 00000000 r3
[DBG] PASS: ArcTan 00000000 cpsr
[DBG] Math test: ArcTan 00000001
[DBG] PASS: ArcTan 00000001 r0
[DBG] PASS: ArcTan 00000001 r1
[DBG] PASS: ArcTan 00000001 r2
[DBG] PASS: ArcTan 00000001 r3
[DBG] PASS: ArcTan 00000001 cpsr
[DBG] Math test: ArcTan 00003FFF
[DBG] PASS: ArcTan 00003FFF r0
[DBG] PASS: ArcTan 00003FFF r1
[DBG] PASS: ArcTan 00003FFF r2
[DBG] PASS: ArcTan 00003FFF r3
[DBG] PASS: ArcTan 00003FFF cpsr
[DBG] Math test: ArcTan 00004000
[DBG] PASS: ArcTan 00004000 r0
[DBG] PASS: ArcTan 00004000 r1
[DBG] PASS: ArcTan 00004000 r2
[DBG] PASS: ArcTan 00004000 r3
[DBG] PASS: ArcTan 00004000 cpsr
[DBG] Math test: ArcTan 00004001
[DBG] PASS: ArcTan 00004001 r0
[DBG] PASS: ArcTan 00004001 r1
[DBG] PASS: ArcTan 00004001 r2
[DBG] PASS: ArcTan 00004001 r3
[DBG] PASS: ArcTan 00004001 cpsr
[DBG] Math test: ArcTan 00007FFF
[DBG] PASS: ArcTan 00007FFF r0
[DBG] PASS: ArcTan 00007FFF r1
[DBG] PASS: ArcTan 00007FFF r2
[DBG] PASS: ArcTan 00007FFF r3
[DBG] PASS: ArcTan 00007FFF cpsr
[DBG] Math test: ArcTan 00008000
[DBG] PASS: ArcTan 00008000 r0
[DBG] PASS: ArcTan 00008000 r1
[DBG] PASS: ArcTan 00008000 r2
[DBG] PASS: ArcTan 00008000 r3
[DBG] PASS: ArcTan 00008000 cpsr
[DBG] Math test: ArcTan 00008001
[DBG] PASS: ArcTan 00008001 r0
[DBG] PASS: ArcTan 00008001 r1
[DBG] PASS: ArcTan 00008001 r2
[DBG] PASS: ArcTan 00008001 r3
[DBG] PASS: ArcTan 00008001 cpsr
[DBG] Math test: ArcTan 0000BFFF
[DBG] PASS: ArcTan 0000BFFF r0
[DBG] PASS: ArcTan 0000BFFF r1
[DBG] PASS: ArcTan 0000BFFF r2
[DBG] PASS: ArcTan 0000BFFF r3
[DBG] PASS: ArcTan 0000BFFF cpsr
[DBG] Math test: ArcTan 0000C000
[DBG] PASS: ArcTan 0000C000 r0
[DBG] PASS: ArcTan 0000C000 r1
[DBG] PASS: ArcTan 0000C000 r2
[DBG] PASS: ArcTan 0000C000 r3
[DBG] PASS: ArcTan 0000C000 cpsr
[DBG] Math test: ArcTan 0000C001
[DBG] PASS: ArcTan 0000C001 r0
[DBG] PASS: ArcTan 0000C001 r1
[DBG] PASS: ArcTan 0000C001 r2
[DBG] PASS: ArcTan 0000C001 r3
[DBG] PASS: ArcTan 0000C001 cpsr
[DBG] Math test: ArcTan 0000FFFF
[DBG] PASS: ArcTan 0000FFFF r0
[DBG] PASS: ArcTan 0000FFFF r1
[DBG] PASS: ArcTan 0000FFFF r2
[DBG] PASS: ArcTan 0000FFFF r3
[DBG] PASS: ArcTan 0000FFFF cpsr
[DBG] Math test: ArcTan FFFF0000
[DBG] PASS: ArcTan FFFF0000 r0
[DBG] PASS: ArcTan FFFF0000 r1
[DBG] PASS: ArcTan FFFF0000 r2
[DBG] PASS: ArcTan FFFF0000 r3
[DBG] PASS: ArcTan FFFF0000 cpsr
[DBG] Math test: ArcTan FFFF0001
[DBG] PASS: ArcTan FFFF0001 r0
[DBG] PASS: ArcTan FFFF0001 r1
[DBG] PASS: ArcTan FFFF0001 r2
[DBG] PASS: ArcTan FFFF0001 r3
[DBG] PASS: ArcTan FFFF0001 cpsr
[DBG] Math test: ArcTan FFFF3FFF
[DBG] PASS: ArcTan FFFF3FFF r0
[DBG] PASS: ArcTan FFFF3FFF r1
[DBG] PASS: ArcTan FFFF3FFF r2
[DBG] PASS: ArcTan FFFF3FFF r3
[DBG] PASS: ArcTan FFFF3FFF cpsr
[DBG] Math test: ArcTan FFFF4000
[DBG] PASS: ArcTan FFFF4000 r0
[DBG] PASS: ArcTan FFFF4000 r1
[DBG] PASS: ArcTan FFFF4000 r2
[DBG] PASS: ArcTan FFFF4000 r3
[DBG] PASS: ArcTan FFFF4000 cpsr
[DBG] Math test: ArcTan FFFF4001
[DBG] PASS: ArcTan FFFF4001 r0
[DBG] PASS: ArcTan FFFF4001 r1
[DBG] PASS: ArcTan FFFF4001 r2
[DBG] PASS: ArcTan FFFF4001 r3
[DBG] PASS: ArcTan FFFF4001 cpsr
[DBG] Math test: ArcTan FFFF7FFF
[DBG] PASS: ArcTan FFFF7FFF r0
[DBG] PASS: ArcTan FFFF7FFF r1
[DBG] PASS: ArcTan FFFF7FFF r2
[DBG] PASS: ArcTan FFFF7FFF r3
[DBG] PASS: ArcTan FFFF7FFF cpsr
[DBG] Math test: ArcTan FFFF8000
[DBG] PASS: ArcTan FFFF8000 r0
[DBG] PASS: ArcTan FFFF8000 r1
[DBG] PASS: ArcTan FFFF8000 r2
[DBG] PASS: ArcTan FFFF8000 r3
[DBG] PASS: ArcTan FFFF8000 cpsr
[DBG] Math test: ArcTan FFFF8001
[DBG] PASS: ArcTan FFFF8001 r0
[DBG] PASS: ArcTan FFFF8001 r1
[DBG] PASS: ArcTan FFFF8001 r2
[DBG] PASS: ArcTan FFFF8001 r3
[DBG] PASS: ArcTan FFFF8001 cpsr
[DBG] Math test: ArcTan FFFFBFFF
[DBG] PASS: ArcTan FFFFBFFF r0
[DBG] PASS: ArcTan FFFFBFFF r1
[DBG] PASS: ArcTan FFFFBFFF r2
[DBG] PASS: ArcTan FFFFBFFF r3
[DBG] PASS: ArcTan FFFFBFFF cpsr
[DBG] Math test: ArcTan FFFFC000
[DBG] PASS: ArcTan FFFFC000 r0
[DBG] PASS: ArcTan FFFFC000 r1
[DBG] PASS: ArcTan FFFFC000 r2
[DBG] PASS: ArcTan FFFFC000 r3
[DBG] PASS: ArcTan FFFFC000 cpsr
[DBG] Math test: ArcTan FFFFC001
[DBG] PASS: ArcTan FFFFC001 r0
[DBG] PASS: ArcTan FFFFC001 r1
[DBG] PASS: ArcTan FFFFC001 r2
[DBG] PASS: ArcTan FFFFC001 r3
[DBG] PASS: ArcTan FFFFC001 cpsr
[DBG] Math test: ArcTan FFFFFFFF
[DBG] PASS: ArcTan FFFFFFFF r0
[DBG] PASS: ArcTan FFFFFFFF r1
[DBG] PASS: ArcTan FFFFFFFF r2
[DBG] PASS: ArcTan FFFFFFFF r3
[DBG] PASS: ArcTan FFFFFFFF cpsr
[DBG] Math test: ArcTan2 00000000,00000000
[DBG] PASS: ArcTan2 00000000,00000000 r0
[DBG] PASS: ArcTan2 00000000,00000000 r1
[DBG] PASS: ArcTan2 00000000,00000000 r2
[DBG] PASS: ArcTan2 00000000,00000000 r3
[DBG] PASS: ArcTan2 00000000,00000000 cpsr
[DBG] Math test: ArcTan2 00000001,00000000
[DBG] PASS: ArcTan2 00000001,00000000 r0
[DBG] PASS: ArcTan2 00000001,00000000 r1
[DBG] PASS: ArcTan2 00000001,00000000 r2
[DBG] PASS: ArcTan2 00000001,00000000 r3
[DBG] PASS: ArcTan2 00000001,00000000 cpsr
[DBG] Math test: ArcTan2 00003FFF,00000000
[DBG] PASS: ArcTan2 00003FFF,00000000 r0
[DBG] PASS: ArcTan2 00003FFF,00000000 r1
[DBG] PASS: ArcTan2 00003FFF,00000000 r2
[DBG] PASS: ArcTan2 00003FFF,00000000 r3
[DBG] PASS: ArcTan2 00003FFF,00000000 cpsr
[DBG] Math test: ArcTan2 00004000,00000000
[DBG] PASS: ArcTan2 00004000,00000000 r0
[DBG] PASS: ArcTan2 00004000,00000000 r1
[DBG] PASS: ArcTan2 00004000,00000000 r2
[DBG] PASS: ArcTan2 00004000,00000000 r3
[DBG] PASS: ArcTan2 00004000,00000000 cpsr
[DBG] Math test: ArcTan2 00004001,00000000
[DBG] PASS: ArcTan2 00004001,00000000 r0
[DBG] PASS: ArcTan2 00004001,00000000 r1
[DBG] PASS: ArcTan2 00004001,00000000 r2
[DBG] PASS: ArcTan2 00004001,00000000 r3
[DBG] PASS: ArcTan2 00004001,00000000 cpsr
[DBG] Math test: ArcTan2 00007FFF,00000000
[DBG] PASS: ArcTan2 00007FFF,00000000 r0
[DBG] PASS: ArcTan2 00007FFF,00000000 r1
[DBG] PASS: ArcTan2 00007FFF,00000000 r2
[DBG] PASS: ArcTan2 00007FFF,00000000 r3
[DBG] PASS: ArcTan2 00007FFF,00000000 cpsr
[DBG] Math test: ArcTan2 00008000,00000000
[DBG] PASS: ArcTan2 00008000,00000000 r0
[DBG] PASS: ArcTan2 00008000,00000000 r1
[DBG] PASS: ArcTan2 00008000,00000000 r2
[DBG] PASS: ArcTan2 00008000,00000000 r3
[DBG] PASS: ArcTan2 00008000,00000000 cpsr
[DBG] Math test: ArcTan2 00008001,00000000
[DBG] PASS: ArcTan2 00008001,00000000 r0
[DBG] PASS: ArcTan2 00008001,00000000 r1
[DBG] PASS: ArcTan2 00008001,00000000 r2
[DBG] PASS: ArcTan2 00008001,00000000 r3
[DBG] PASS: ArcTan2 00008001,00000000 cpsr
[DBG] Math test: ArcTan2 0000BFFF,00000000
[DBG] PASS: ArcTan2 0000BFFF,00000000 r0
[DBG] PASS: ArcTan2 0000BFFF,00000000 r1
[DBG] PASS: ArcTan2 0000BFFF,00000000 r2
[DBG] PASS: ArcTan2 0000BFFF,00000000 r3
[DBG] PASS: ArcTan2 0000BFFF,00000000 cpsr
[DBG] Math test: ArcTan2 0000C000,00000000
[DBG] PASS: ArcTan2 0000C000,00000000 r0
[DBG] PASS: ArcTan2 0000C000,00000000 r1
[DBG] PASS: ArcTan2 0000C000,00000000 r2
[DBG] PASS: ArcTan2 0000C000,00000000 r3
[DBG] PASS: ArcTan2 0000C000,00000000 cpsr
[DBG] Math test: ArcTan2 0000C001,00000000
[DBG] PASS: ArcTan2 0000C001,00000000 r0
[DBG] PASS: ArcTan2 0000C001,00000000 r1
[DBG] PASS: ArcTan2 0000C001,00000000 r2
[DBG] PASS: ArcTan2 0000C001,00000000 r3
[DBG] PASS: ArcTan2 0000C001,00000000 cpsr
[DBG] Math test: ArcTan2 0000FFFF,00000000
[DBG] PASS: ArcTan2 0000FFFF,00000000 r0
[DBG] PASS: ArcTan2 0000FFFF,00000000 r1
[DBG] PASS: ArcTan2 0000FFFF,00000000 r2
[DBG] PASS: ArcTan2 0000FFFF,00000000 r3
[DBG] PASS: ArcTan2 0000FFFF,00000000 cpsr
[DBG] Math test: ArcTan2 FFFF0000,00000000
[DBG] PASS: ArcTan2 FFFF0000,00000000 r0
[DBG] PASS: ArcTan2 FFFF0000,00000000 r1
[DBG] PASS: ArcTan2 FFFF0000,00000000 r2
[DBG] PASS: ArcTan2 FFFF0000,00000000 r3
[DBG] PASS: ArcTan2 FFFF0000,00000000 cpsr
[DBG] Math test: ArcTan2 FFFF0001,00000000
[DBG] PASS: ArcTan2 FFFF0001,00000000 r0
[DBG] PASS: ArcTan2 FFFF0001,00000000 r1
[DBG] PASS: ArcTan2 FFFF0001,00000000 r2
[DBG] PASS: ArcTan2 FFFF0001,00000000 r3
[DBG] PASS: ArcTan2 FFFF0001,00000000 cpsr
[DBG] Math test: ArcTan2 FFFF3FFF,00000000
[DBG] PASS: ArcTan2 FFFF3FFF,00000000 r0
[DBG] PASS: ArcTan2 FFFF3FFF,00000000 r1
[DBG] PASS: ArcTan2 FFFF3FFF,00000000 r2
[DBG] PASS: ArcTan2 FFFF3FFF,00000000 r3
[DBG] PASS: ArcTan2 FFFF3FFF,00000000 cpsr
[DBG] Math test: ArcTan2 FFFF4000,00000000
[DBG] PASS: ArcTan2 FFFF4000,00000000 r0
[DBG] PASS: ArcTan2 FFFF4000,00000000 r1
[DBG] PASS: ArcTan2 FFFF4000,00000000 r2
[DBG] PASS: ArcTan2 FFFF4000,00000000 r3
[DBG] PASS: ArcTan2 FFFF4000,00000000 cpsr
[DBG] Math test: ArcTan2 FFFF4001,00000000
[DBG] PASS: ArcTan2 FFFF4001,00000000 r0
[DBG] PASS: ArcTan2 FFFF4001,00000000 r1
[DBG] PASS: ArcTan2 FFFF4001,00000000 r2
[DBG] PASS: ArcTan2 FFFF4001,00000000 r3
[DBG] PASS: ArcTan2 FFFF4001,00000000 cpsr
[DBG] Math test: ArcTan2 FFFF7FFF,00000000
[DBG] PASS: ArcTan2 FFFF7FFF,00000000 r0
[DBG] PASS: ArcTan2 FFFF7FFF,00000000 r1
[DBG] PASS: ArcTan2 FFFF7FFF,00000000 r2
[DBG] PASS: ArcTan2 FFFF7FFF,00000000 r3
[DBG] PASS: ArcTan2 FFFF7FFF,00000000 cpsr
[DBG] Math test: ArcTan2 FFFF8000,00000000
[DBG] PASS: ArcTan2 FFFF8000,00000000 r0
[DBG] PASS: ArcTan2 FFFF8000,00000000 r1
[DBG] PASS: ArcTan2 FFFF8000,00000000 r2
[DBG] PASS: ArcTan2 FFFF8000,00000000 r3
[DBG] PASS: ArcTan2 FFFF8000,00000000 cpsr
[DBG] Math test: ArcTan2 FFFF8001,00000000
[DBG] PASS: ArcTan2 FFFF8001,00000000 r0
[DBG] PASS: ArcTan2 FFFF8001,00000000 r1
[DBG] PASS: ArcTan2 FFFF8001,00000000 r2
[DBG] PASS: ArcTan2 FFFF8001,00000000 r3
[DBG] PASS: ArcTan2 FFFF8001,00000000 cpsr
[DBG] Math test: ArcTan2 FFFFBFFF,00000000
[DBG] PASS: ArcTan2 FFFFBFFF,00000000 r0
[DBG] PASS: ArcTan2 FFFFBFFF,00000000 r1
[DBG] PASS: ArcTan2 FFFFBFFF,00000000 r2
[DBG] PASS: ArcTan2 FFFFBFFF,00000000 r3
[DBG] PASS: ArcTan2 FFFFBFFF,00000000 cpsr
[DBG] Math test: ArcTan2 FFFFC000,00000000
[DBG] PASS: ArcTan2 FFFFC000,00000000 r0
[DBG] PASS: ArcTan2 FFFFC000,00000000 r1
[DBG] PASS: ArcTan2 FFFFC000,00000000 r2
[DBG] PASS: ArcTan2 FFFFC000,00000000 r3
[DBG] PASS: ArcTan2 FFFFC000,00000000 cpsr
[DBG] Math test: ArcTan2 FFFFC001,00000000
[DBG] PASS: ArcTan2 FFFFC001,00000000 r0
[DBG] PASS: ArcTan2 FFFFC001,00000000 r1
[DBG] PASS: ArcTan2 FFFFC001,00000000 r2
[DBG] PASS: ArcTan2 FFFFC001,00000000 r3
[DBG] PASS: ArcTan2 FFFFC001,00000000 cpsr
[DBG] Math test: ArcTan2 FFFFFFFF,00000000
[DBG] PASS: ArcTan2 FFFFFFFF,00000000 r0
[DBG] PASS: ArcTan2 FFFFFFFF,00000000 r1
[DBG] PASS: ArcTan2 FFFFFFFF,00000000 r2
[DBG] PASS: ArcTan2 FFFFFFFF,00000000 r3
[DBG] PASS: ArcTan2 FFFFFFFF,00000000 cpsr
[DBG] Math test: ArcTan2 00000000,00000001
[DBG] PASS: ArcTan2 00000000,00000001 r0
[DBG] PASS: ArcTan2 00000000,00000001 r1
[DBG] PASS: ArcTan2 00000000,00000001 r2
[DBG] PASS: ArcTan2 00000000,00000001 r3
[DBG] PASS: ArcTan2 00000000,00000001 cpsr
[DBG] Math test: ArcTan2 00000001,00000001
[DBG] PASS: ArcTan2 00000001,00000001 r0
[DBG] PASS: ArcTan2 00000001,00000001 r1
[DBG] PASS: ArcTan2 00000001,00000001 r2
[DBG] PASS: ArcTan2 00000001,00000001 r3
[DBG] PASS: ArcTan2 00000001,00000001 cpsr
[DBG] Math test: ArcTan2 00004000,00000001
[DBG] PASS: ArcTan2 00004000,00000001 r0
[DBG] PASS: ArcTan2 00004000,00000001 r1
[DBG] PASS: ArcTan2 00004000,00000001 r2
[DBG] PASS: ArcTan2 00004000,00000001 r3
[DBG] PASS: ArcTan2 00004000,00000001 cpsr
[DBG] Math test: ArcTan2 00008000,00000001
[DBG] PASS: ArcTan2 00008000,00000001 r0
[DBG] PASS: ArcTan2 00008000,00000001 r1
[DBG] PASS: ArcTan2 00008000,00000001 r2
[DBG] PASS: ArcTan2 00008000,00000001 r3
[DBG] PASS: ArcTan2 00008000,00000001 cpsr
[DBG] Math test: ArcTan2 0000C000,00000001
[DBG] PASS: ArcTan2 0000C000,00000001 r0
[DBG] PASS: ArcTan2 0000C000,00000001 r1
[DBG] PASS: ArcTan2 0000C000,00000001 r2
[DBG] PASS: ArcTan2 0000C000,00000001 r3
[DBG] PASS: ArcTan2 0000C000,00000001 cpsr
[DBG] Math test: ArcTan2 0000FFFF,00000001
[DBG] PASS: ArcTan2 0000FFFF,00000001 r0
[DBG] PASS: ArcTan2 0000FFFF,00000001 r1
[DBG] PASS: ArcTan2 0000FFFF,00000001 r2
[DBG] PASS: ArcTan2 0000FFFF,00000001 r3
[DBG] PASS: ArcTan2 0000FFFF,00000001 cpsr
[DBG] Math test: ArcTan2 FFFF0000,00000001
[DBG] PASS: ArcTan2 FFFF0000,00000001 r0
[DBG] PASS: ArcTan2 FFFF0000,00000001 r1
[DBG] PASS: ArcTan2 FFFF0000,00000001 r2
[DBG] PASS: ArcTan2 FFFF0000,00000001 r3
[DBG] PASS: ArcTan2 FFFF0000,00000001 cpsr
[DBG] Math test: ArcTan2 FFFF4000,00000001
[DBG] PASS: ArcTan2 FFFF4000,00000001 r0
[DBG] PASS: ArcTan2 FFFF4000,00000001 r1
[DBG] PASS: ArcTan2 FFFF4000,00000001 r2
[DBG] PASS: ArcTan2 FFFF4000,00000001 r3
[DBG] PASS: ArcTan2 FFFF4000,00000001 cpsr
[DBG] Math test: ArcTan2 FFFF8000,00000001
[DBG] PASS: ArcTan2 FFFF8000,00000001 r0
[DBG] PASS: ArcTan2 FFFF8000,00000001 r1
[DBG] PASS: ArcTan2 FFFF8000,00000001 r2
[DBG] PASS: ArcTan2 FFFF8000,00000001 r3
[DBG] PASS: ArcTan2 FFFF8000,00000001 cpsr
[DBG] Math test: ArcTan2 FFFFC000,00000001
[DBG] PASS: ArcTan2 FFFFC000,00000001 r0
[DBG] PASS: ArcTan2 FFFFC000,00000001 r1
[DBG] PASS: ArcTan2 FFFFC000,00000001 r2
[DBG] PASS: ArcTan2 FFFFC000,00000001 r3
[DBG] PASS: ArcTan2 FFFFC000,00000001 cpsr
[DBG] Math test: ArcTan2 FFFFFFFF,00000001
[DBG] PASS: ArcTan2 FFFFFFFF,00000001 r0
[DBG] PASS: ArcTan2 FFFFFFFF,00000001 r1
[DBG] PASS: ArcTan2 FFFFFFFF,00000001 r2
[DBG] PASS: ArcTan2 FFFFFFFF,00000001 r3
[DBG] PASS: ArcTan2 FFFFFFFF,00000001 cpsr
[DBG] Math test: ArcTan2 00000000,00004000
[DBG] PASS: ArcTan2 00000000,00004000 r0
[DBG] PASS: ArcTan2 00000000,00004000 r1
[DBG] PASS: ArcTan2 00000000,00004000 r2
[DBG] PASS: ArcTan2 00000000,00004000 r3
[DBG] PASS: ArcTan2 00000000,00004000 cpsr
[DBG] Math test: ArcTan2 00000001,00004000
[DBG] PASS: ArcTan2 00000001,00004000 r0
[DBG] PASS: ArcTan2 00000001,00004000 r1
[DBG] PASS: ArcTan2 00000001,00004000 r2
[DBG] PASS: ArcTan2 00000001,00004000 r3
[DBG] PASS: ArcTan2 00000001,00004000 cpsr
[DBG] Math test: ArcTan2 00004000,00004000
[DBG] PASS: ArcTan2 00004000,00004000 r0
[DBG] PASS: ArcTan2 00004000,00004000 r1
[DBG] PASS: ArcTan2 00004000,00004000 r2
[DBG] PASS: ArcTan2 00004000,00004000 r3
[DBG] PASS: ArcTan2 00004000,00004000 cpsr
[DBG] Math test: ArcTan2 00008000,00004000
[DBG] PASS: ArcTan2 00008000,00004000 r0
[DBG] PASS: ArcTan2 00008000,00004000 r1
[DBG] PASS: ArcTan2 00008000,00004000 r2
[DBG] PASS: ArcTan2 00008000,00004000 r3
[DBG] PASS: ArcTan2 00008000,00004000 cpsr
[DBG] Math test: ArcTan2 0000C000,00004000
[DBG] PASS: ArcTan2 0000C000,00004000 r0
[DBG] PASS: ArcTan2 0000C000,00004000 r1
[DBG] PASS: ArcTan2 0000C000,00004000 r2
[DBG] PASS: ArcTan2 0000C000,00004000 r3
[DBG] PASS: ArcTan2 0000C000,00004000 cpsr
[DBG] Math test: ArcTan2 0000FFFF,00004000
[DBG] PASS: ArcTan2 0000FFFF,00004000 r0
[DBG] PASS: ArcTan2 0000FFFF,00004000 r1
[DBG] PASS: ArcTan2 0000FFFF,00004000 r2
[DBG] PASS: ArcTan2 0000FFFF,00004000 r3
[DBG] PASS: ArcTan2 0000FFFF,00004000 cpsr
[DBG] Math test: ArcTan2 FFFF0000,00004000
[DBG] PASS: ArcTan2 FFFF0000,00004000 r0
[DBG] PASS: ArcTan2 FFFF0000,00004000 r1
[DBG] PASS: ArcTan2 FFFF0000,00004000 r2
[DBG] PASS: ArcTan2 FFFF0000,00004000 r3
[DBG] PASS: ArcTan2 FFFF0000,00004000 cpsr
[DBG] Math test: ArcTan2 FFFF0001,00004000
[DBG] PASS: ArcTan2 FFFF0001,00004000 r0
[DBG] PASS: ArcTan2 FFFF0001,00004000 r1
[DBG] PASS: ArcTan2 FFFF0001,00004000 r2
[DBG] PASS: ArcTan2 FFFF0001,00004000 r3
[DBG] PASS: ArcTan2 FFFF0001,00004000 cpsr
[DBG] Math test: ArcTan2 FFFF4000,00004000
[DBG] PASS: ArcTan2 FFFF4000,00004000 r0
[DBG] PASS: ArcTan2 FFFF4000,00004000 r1
[DBG] PASS: ArcTan2 FFFF4000,00004000 r2
[DBG] PASS: ArcTan2 FFFF4000,00004000 r3
[DBG] PASS: ArcTan2 FFFF4000,00004000 cpsr
[DBG] Math test: ArcTan2 FFFF8000,00004000
[DBG] PASS: ArcTan2 FFFF8000,00004000 r0
[DBG] PASS: ArcTan2 FFFF8000,00004000 r1
[DBG] PASS: ArcTan2 FFFF8000,00004000 r2
[DBG] PASS: ArcTan2 FFFF8000,00004000 r3
[DBG] PASS: ArcTan2 FFFF8000,00004000 cpsr
[DBG] Math test: ArcTan2 FFFFC000,00004000
[DBG] PASS: ArcTan2 FFFFC000,00004000 r0
[DBG] PASS: ArcTan2 FFFFC000,00004000 r1
[DBG] PASS: ArcTan2 FFFFC000,00004000 r2
[DBG] PASS: ArcTan2 FFFFC000,00004000 r3
[DBG] PASS: ArcTan2 FFFFC000,00004000 cpsr
[DBG] Math test: ArcTan2 FFFFFFFF,00004000
[DBG] PASS: ArcTan2 FFFFFFFF,00004000 r0
[DBG] PASS: ArcTan2 FFFFFFFF,00004000 r1
[DBG] PASS: ArcTan2 FFFFFFFF,00004000 r2
[DBG] PASS: ArcTan2 FFFFFFFF,00004000 r3
[DBG] PASS: ArcTan2 FFFFFFFF,00004000 cpsr
[DBG] Math test: ArcTan2 00000000,00008000
[DBG] PASS: ArcTan2 00000000,00008000 r0
[DBG] PASS: ArcTan2 00000000,00008000 r1
[DBG] PASS: ArcTan2 00000000,00008000 r2
[DBG] PASS: ArcTan2 00000000,00008000 r3
[DBG] PASS: ArcTan2 00000000,00008000 cpsr
[DBG] Math test: ArcTan2 00000001,00008000
[DBG] PASS: ArcTan2 00000001,00008000 r0
[DBG] PASS: ArcTan2 00000001,00008000 r1
[DBG] PASS: ArcTan2 00000001,00008000 r2
[DBG] PASS: ArcTan2 00000001,00008000 r3
[DBG] PASS: ArcTan2 00000001,00008000 cpsr
[DBG] Math test: ArcTan2 00004000,00008000
[DBG] PASS: ArcTan2 00004000,00008000 r0
[DBG] PASS: ArcTan2 00004000,00008000 r1
[DBG] PASS: ArcTan2 00004000,00008000 r2
[DBG] PASS: ArcTan2 00004000,00008000 r3
[DBG] PASS: ArcTan2 00004000,00008000 cpsr
[DBG] Math test: ArcTan2 00008000,00008000
[DBG] PASS: ArcTan2 00008000,00008000 r0
[DBG] PASS: ArcTan2 00008000,00008000 r1
[DBG] PASS: ArcTan2 00008000,00008000 r2
[DBG] PASS: ArcTan2 00008000,00008000 r3
[DBG] PASS: ArcTan2 00008000,00008000 cpsr
[DBG] Math test: ArcTan2 0000C000,00008000
[DBG] PASS: ArcTan2 0000C000,00008000 r0
[DBG] PASS: ArcTan2 0000C000,00008000 r1
[DBG] PASS: ArcTan2 0000C000,00008000 r2
[DBG] PASS: ArcTan2 0000C000,00008000 r3
[DBG] PASS: ArcTan2 0000C000,00008000 cpsr
[DBG] Math test: ArcTan2 0000FFFF,00008000
[DBG] PASS: ArcTan2 0000FFFF,00008000 r0
[DBG] PASS: ArcTan2 0000FFFF,00008000 r1
[DBG] PASS: ArcTan2 0000FFFF,00008000 r2
[DBG] PASS: ArcTan2 0000FFFF,00008000 r3
[DBG] PASS: ArcTan2 0000FFFF,00008000 cpsr
[DBG] Math test: ArcTan2 FFFF0000,00008000
[DBG] PASS: ArcTan2 FFFF0000,00008000 r0
[DBG] PASS: ArcTan2 FFFF0000,00008000 r1
[DBG] PASS: ArcTan2 FFFF0000,00008000 r2
[DBG] PASS: ArcTan2 FFFF0000,00008000 r3
[DBG] PASS: ArcTan2 FFFF0000,00008000 cpsr
[DBG] Math test: ArcTan2 FFFF0001,00008000
[DBG] PASS: ArcTan2 FFFF0001,00008000 r0
[DBG] PASS: ArcTan2 FFFF0001,00008000 r1
[DBG] PASS: ArcTan2 FFFF0001,00008000 r2
[DBG] PASS: ArcTan2 FFFF0001,00008000 r3
[DBG] PASS: ArcTan2 FFFF0001,00008000 cpsr
[DBG] Math test: ArcTan2 FFFF4000,00008000
[DBG] PASS: ArcTan2 FFFF4000,00008000 r0
[DBG] PASS: ArcTan2 FFFF4000,00008000 r1
[DBG] PASS: ArcTan2 FFFF4000,00008000 r2
[DBG] PASS: ArcTan2 FFFF4000,00008000 r3
[DBG] PASS: ArcTan2 FFFF4000,00008000 cpsr
[DBG] Math test: ArcTan2 FFFF8000,00008000
[DBG] PASS: ArcTan2 FFFF8000,00008000 r0
[DBG] PASS: ArcTan2 FFFF8000,00008000 r1
[DBG] PASS: ArcTan2 FFFF8000,00008000 r2
[DBG] PASS: ArcTan2 FFFF8000,00008000 r3
[DBG] PASS: ArcTan2 FFFF8000,00008000 cpsr
[DBG] Math test: ArcTan2 FFFFC000,00008000
[DBG] PASS: ArcTan2 FFFFC000,00008000 r0
[DBG] PASS: ArcTan2 FFFFC000,00008000 r1
[DBG] PASS: ArcTan2 FFFFC000,00008000 r2
[DBG] PASS: ArcTan2 FFFFC000,00008000 r3
[DBG] PASS: ArcTan2 FFFFC000,00008000 cpsr
[DBG] Math test: ArcTan2 FFFFFFFF,00008000
[DBG] PASS: ArcTan2 FFFFFFFF,00008000 r0
[DBG] PASS: ArcTan2 FFFFFFFF,00008000 r1
[DBG] PASS: ArcTan2 FFFFFFFF,00008000 r2
[DBG] PASS: ArcTan2 FFFFFFFF,00008000 r3
[DBG] PASS: ArcTan2 FFFFFFFF,00008000 cpsr
[DBG] Math test: ArcTan2 00000000,0000C000
[DBG] PASS: ArcTan2 00000000,0000C000 r0
[DBG] PASS: ArcTan2 00000000,0000C000 r1
[DBG] PASS: ArcTan2 00000000,0000C000 r2
[DBG] PASS: ArcTan2 00000000,0000C000 r3
[DBG] PASS: ArcTan2 00000000,0000C000 cpsr
[DBG] Math test: ArcTan2 00000001,0000C000
[DBG] PASS: ArcTan2 00000001,0000C000 r0
[DBG] PASS: ArcTan2 00000001,0000C000 r1
[DBG] PASS: ArcTan2 00000001,0000C000 r2
[DBG] PASS: ArcTan2 00000001,0000C000 r3
[DBG] PASS: ArcTan2 00000001,0000C000 cpsr
[DBG] Math test: ArcTan2 00004000,0000C000
[DBG] PASS: ArcTan2 00004000,0000C000 r0
[DBG] PASS: ArcTan2 00004000,0000C000 r1
[DBG] PASS: ArcTan2 00004000,0000C000 r2
[DBG] PASS: ArcTan2 00004000,0000C000 r3
[DBG] PASS: ArcTan2 00004000,0000C000 cpsr
[DBG] Math test: ArcTan2 00008000,0000C000
[DBG] PASS: ArcTan2 00008000,0000C000 r0
[DBG] PASS: ArcTan2 00008000,0000C000 r1
[DBG] PASS: ArcTan2 00008000,0000C000 r2
[DBG] PASS: ArcTan2 00008000,0000C000 r3
[DBG] PASS: ArcTan2 00008000,0000C000 cpsr
[DBG] Math test: ArcTan2 0000C000,0000C000
[DBG] PASS: ArcTan2 0000C000,0000C000 r0
[DBG] PASS: ArcTan2 0000C000,0000C000 r1
[DBG] PASS: ArcTan2 0000C000,0000C000 r2
[DBG] PASS: ArcTan2 0000C000,0000C000 r3
[DBG] PASS: ArcTan2 0000C000,0000C000 cpsr
[DBG] Math test: ArcTan2 0000FFFF,0000C000
[DBG] PASS: ArcTan2 0000FFFF,0000C000 r0
[DBG] PASS: ArcTan2 0000FFFF,0000C000 r1
[DBG] PASS: ArcTan2 0000FFFF,0000C000 r2
[DBG] PASS: ArcTan2 0000FFFF,0000C000 r3
[DBG] PASS: ArcTan2 0000FFFF,0000C000 cpsr
[DBG] Math test: ArcTan2 FFFF0000,0000C000
[DBG] PASS: ArcTan2 FFFF0000,0000C000 r0
[DBG] PASS: ArcTan2 FFFF0000,0000C000 r1
[DBG] PASS: ArcTan2 FFFF0000,0000C000 r2
[DBG] PASS: ArcTan2 FFFF0000,0000C000 r3
[DBG] PASS: ArcTan2 FFFF0000,0000C000 cpsr
[DBG] Math test: ArcTan2 FFFF0001,0000C000
[DBG] PASS: ArcTan2 FFFF0001,0000C000 r0
[DBG] PASS: ArcTan2 FFFF0001,0000C000 r1
[DBG] PASS: ArcTan2 FFFF0001,0000C000 r2
[DBG] PASS: ArcTan2 FFFF0001,0000C000 r3
[DBG] PASS: ArcTan2 FFFF0001,0000C000 cpsr
[DBG] Math test: ArcTan2 FFFF4000,0000C000
[DBG] PASS: ArcTan2 FFFF4000,0000C000 r0
[DBG] PASS: ArcTan2 FFFF4000,0000C000 r1
[DBG] PASS: ArcTan2 FFFF4000,0000C000 r2
[DBG] PASS: ArcTan2 FFFF4000,0000C000 r3
[DBG] PASS: ArcTan2 FFFF4000,0000C000 cpsr
[DBG] Math test: ArcTan2 FFFF8000,0000C000
[DBG] PASS: ArcTan2 FFFF8000,0000C000 r0
[DBG] PASS: ArcTan2 FFFF8000,0000C000 r1
[DBG] PASS: ArcTan2 FFFF8000,0000C000 r2
[DBG] PASS: ArcTan2 FFFF8000,0000C000 r3
[DBG] PASS: ArcTan2 FFFF8000,0000C000 cpsr
[DBG] Math test: ArcTan2 FFFFC000,0000C000
[DBG] PASS: ArcTan2 FFFFC000,0000C000 r0
[DBG] PASS: ArcTan2 FFFFC000,0000C000 r1
[DBG] PASS: ArcTan2 FFFFC000,0000C000 r2
[DBG] PASS: ArcTan2 FFFFC000,0000C000 r3
[DBG] PASS: ArcTan2 FFFFC000,0000C000 cpsr
[DBG] Math test: ArcTan2 FFFFFFFF,0000C000
[DBG] PASS: ArcTan2 FFFFFFFF,0000C000 r0
[DBG] PASS: ArcTan2 FFFFFFFF,0000C000 r1
[DBG] PASS: ArcTan2 FFFFFFFF,0000C000 r2
[DBG] PASS: ArcTan2 FFFFFFFF,0000C000 r3
[DBG] PASS: ArcTan2 FFFFFFFF,0000C000 cpsr
[DBG] Math test: ArcTan2 00000000,00010000
[DBG] PASS: ArcTan2 00000000,00010000 r0
[DBG] PASS: ArcTan2 00000000,00010000 r1
[DBG] PASS: ArcTan2 00000000,00010000 r2
[DBG] PASS: ArcTan2 00000000,00010000 r3
[DBG] PASS: ArcTan2 00000000,00010000 cpsr
[DBG] Math test: ArcTan2 00000001,00010000
[DBG] PASS: ArcTan2 00000001,00010000 r0
[DBG] PASS: ArcTan2 00000001,00010000 r1
[DBG] PASS: ArcTan2 00000001,00010000 r2
[DBG] PASS: ArcTan2 00000001,00010000 r3
[DBG] PASS: ArcTan2 00000001,00010000 cpsr
[DBG] Math test: ArcTan2 00004000,00010000
[DBG] PASS: ArcTan2 00004000,00010000 r0
[DBG] PASS: ArcTan2 00004000,00010000 r1
[DBG] PASS: ArcTan2 00004000,00010000 r2
[DBG] PASS: ArcTan2 00004000,00010000 r3
[DBG] PASS: ArcTan2 00004000,00010000 cpsr
[DBG] Math test: ArcTan2 00008000,00010000
[DBG] PASS: ArcTan2 00008000,00010000 r0
[DBG] PASS: ArcTan2 00008000,00010000 r1
[DBG] PASS: ArcTan2 00008000,00010000 r2
[DBG] PASS: ArcTan2 00008000,00010000 r3
[DBG] PASS: ArcTan2 00008000,00010000 cpsr
[DBG] Math test: ArcTan2 0000C000,00010000
[DBG] PASS: ArcTan2 0000C000,00010000 r0
[DBG] PASS: ArcTan2 0000C000,00010000 r1
[DBG] PASS: ArcTan2 0000C000,00010000 r2
[DBG] PASS: ArcTan2 0000C000,00010000 r3
[DBG] PASS: ArcTan2 0000C000,00010000 cpsr
[DBG] Math test: ArcTan2 0000FFFF,00010000
[DBG] PASS: ArcTan2 0000FFFF,00010000 r0
[DBG] PASS: ArcTan2 0000FFFF,00010000 r1
[DBG] PASS: ArcTan2 0000FFFF,00010000 r2
[DBG] PASS: ArcTan2 0000FFFF,00010000 r3
[DBG] PASS: ArcTan2 0000FFFF,00010000 cpsr
[DBG] Math test: ArcTan2 FFFF0000,00010000
[DBG] PASS: ArcTan2 FFFF0000,00010000 r0
[DBG] PASS: ArcTan2 FFFF0000,00010000 r1
[DBG] PASS: ArcTan2 FFFF0000,00010000 r2
[DBG] PASS: ArcTan2 FFFF0000,00010000 r3
[DBG] PASS: ArcTan2 FFFF0000,00010000 cpsr
[DBG] Math test: ArcTan2 FFFF0001,00010000
[DBG] PASS: ArcTan2 FFFF0001,00010000 r0
[DBG] PASS: ArcTan2 FFFF0001,00010000 r1
[DBG] PASS: ArcTan2 FFFF0001,00010000 r2
[DBG] PASS: ArcTan2 FFFF0001,00010000 r3
[DBG] PASS: ArcTan2 FFFF0001,00010000 cpsr
[DBG] Math test: ArcTan2 FFFF4000,00010000
[DBG] PASS: ArcTan2 FFFF4000,00010000 r0
[DBG] PASS: ArcTan2 FFFF4000,00010000 r1
[DBG] PASS: ArcTan2 FFFF4000,00010000 r2
[DBG] PASS: ArcTan2 FFFF4000,00010000 r3
[DBG] PASS: ArcTan2 FFFF4000,00010000 cpsr
[DBG] Math test: ArcTan2 FFFF8000,00010000
[DBG] PASS: ArcTan2 FFFF8000,00010000 r0
[DBG] PASS: ArcTan2 FFFF8000,00010000 r1
[DBG] PASS: ArcTan2 FFFF8000,00010000 r2
[DBG] PASS: ArcTan2 FFFF8000,00010000 r3
[DBG] PASS: ArcTan2 FFFF8000,00010000 cpsr
[DBG] Math test: ArcTan2 FFFFC000,00010000
[DBG] PASS: ArcTan2 FFFFC000,00010000 r0
[DBG] PASS: ArcTan2 FFFFC000,00010000 r1
[DBG] PASS: ArcTan2 FFFFC000,00010000 r2
[DBG] PASS: ArcTan2 FFFFC000,00010000 r3
[DBG] PASS: ArcTan2 FFFFC000,00010000 cpsr
[DBG] Math test: ArcTan2 FFFFFFFF,00010000
[DBG] PASS: ArcTan2 FFFFFFFF,00010000 r0
[DBG] PASS: ArcTan2 FFFFFFFF,00010000 r1
[DBG] PASS: ArcTan2 FFFFFFFF,00010000 r2
[DBG] PASS: ArcTan2 FFFFFFFF,00010000 r3
[DBG] PASS: ArcTan2 FFFFFFFF,00010000 cpsr
[DBG] Math test: ArcTan2 00000000,FFFF0000
[DBG] PASS: ArcTan2 00000000,FFFF0000 r0
[DBG] PASS: ArcTan2 00000000,FFFF0000 r1
[DBG] PASS: ArcTan2 00000000,FFFF0000 r2
[DBG] PASS: ArcTan2 00000000,FFFF0000 r3
[DBG] PASS: ArcTan2 00000000,FFFF0000 cpsr
[DBG] Math test: ArcTan2 00000001,FFFF0000
[DBG] PASS: ArcTan2 00000001,FFFF0000 r0
[DBG] PASS: ArcTan2 00000001,FFFF0000 r1
[DBG] PASS: ArcTan2 00000001,FFFF0000 r2
[DBG] PASS: ArcTan2 00000001,FFFF0000 r3
[DBG] PASS: ArcTan2 00000001,FFFF0000 cpsr
[DBG] Math test: ArcTan2 00004000,FFFF0000
[DBG] PASS: ArcTan2 00004000,FFFF0000 r0
[DBG] PASS: ArcTan2 00004000,FFFF0000 r1
[DBG] PASS: ArcTan2 00004000,FFFF0000 r2
[DBG] PASS: ArcTan2 00004000,FFFF0000 r3
[DBG] PASS: ArcTan2 00004000,FFFF0000 cpsr
[DBG] Math test: ArcTan2 00008000,FFFF0000
[DBG] PASS: ArcTan2 00008000,FFFF0000 r0
[DBG] PASS: ArcTan2 00008000,FFFF0000 r1
[DBG] PASS: ArcTan2 00008000,FFFF0000 r2
[DBG] PASS: ArcTan2 00008000,FFFF0000 r3
[DBG] PASS: ArcTan2 00008000,FFFF0000 cpsr
[DBG] Math test: ArcTan2 0000C000,FFFF0000
[DBG] PASS: ArcTan2 0000C000,FFFF0000 r0
[DBG] PASS: ArcTan2 0000C000,FFFF0000 r1
[DBG] PASS: ArcTan2 0000C000,FFFF0000 r2
[DBG] PASS: ArcTan2 0000C000,FFFF0000 r3
[DBG] PASS: ArcTan2 0000C000,FFFF0000 cpsr
[DBG] Math test: ArcTan2 0000FFFF,FFFF0000
[DBG] PASS: ArcTan2 0000FFFF,FFFF0000 r0
[DBG] PASS: ArcTan2 0000FFFF,FFFF0000 r1
[DBG] PASS: ArcTan2 0000FFFF,FFFF0000 r2
[DBG] PASS: ArcTan2 0000FFFF,FFFF0000 r3
[DBG] PASS: ArcTan2 0000FFFF,FFFF0000 cpsr
[DBG] Math test: ArcTan2 FFFF0000,FFFF0000
[DBG] PASS: ArcTan2 FFFF0000,FFFF0000 r0
[DBG] PASS: ArcTan2 FFFF0000,FFFF0000 r1
[DBG] PASS: ArcTan2 FFFF0000,FFFF0000 r2
[DBG] PASS: ArcTan2 FFFF0000,FFFF0000 r3
[DBG] PASS: ArcTan2 FFFF0000,FFFF0000 cpsr
[DBG] Math test: ArcTan2 FFFF0001,FFFF0000
[DBG] PASS: ArcTan2 FFFF0001,FFFF0000 r0
[DBG] PASS: ArcTan2 FFFF0001,FFFF0000 r1
[DBG] PASS: ArcTan2 FFFF0001,FFFF0000 r2
[DBG] PASS: ArcTan2 FFFF0001,FFFF0000 r3
[DBG] PASS: ArcTan2 FFFF0001,FFFF0000 cpsr
[DBG] Math test: ArcTan2 FFFF4000,FFFF0000
[DBG] PASS: ArcTan2 FFFF4000,FFFF0000 r0
[DBG] PASS: ArcTan2 FFFF4000,FFFF0000 r1
[DBG] PASS: ArcTan2 FFFF4000,FFFF0000 r2
[DBG] PASS: ArcTan2 FFFF4000,FFFF0000 r3
[DBG] PASS: ArcTan2 FFFF4000,FFFF0000 cpsr
[DBG] Math test: ArcTan2 FFFF8000,FFFF0000
[DBG] PASS: ArcTan2 FFFF8000,FFFF0000 r0
[DBG] PASS: ArcTan2 FFFF8000,FFFF0000 r1
[DBG] PASS: ArcTan2 FFFF8000,FFFF0000 r2
[DBG] PASS: ArcTan2 FFFF8000,FFFF0000 r3
[DBG] PASS: ArcTan2 FFFF8000,FFFF0000 cpsr
[DBG] Math test: ArcTan2 FFFFC000,FFFF0000
[DBG] PASS: ArcTan2 FFFFC000,FFFF0000 r0
[DBG] PASS: ArcTan2 FFFFC000,FFFF0000 r1
[DBG] PASS: ArcTan2 FFFFC000,FFFF0000 r2
[DBG] PASS: ArcTan2 FFFFC000,FFFF0000 r3
[DBG] PASS: ArcTan2 FFFFC000,FFFF0000 cpsr
[DBG] Math test: ArcTan2 FFFFFFFF,FFFF0000
[DBG] PASS: ArcTan2 FFFFFFFF,FFFF0000 r0
[DBG] PASS: ArcTan2 FFFFFFFF,FFFF0000 r1
[DBG] PASS: ArcTan2 FFFFFFFF,FFFF0000 r2
[DBG] PASS: ArcTan2 FFFFFFFF,FFFF0000 r3
[DBG] PASS: ArcTan2 FFFFFFFF,FFFF0000 cpsr
[DBG] Math test: Div 00000000/00000000
[DBG] PASS: Div 00000000/00000000 r0
[DBG] PASS: Div 00000000/00000000 r1
[DBG] PASS: Div 00000000/00000000 r2
[DBG] PASS: Div 00000000/00000000 r3
[DBG] PASS: Div 00000000/00000000 cpsr
[DBG] Math test: Div 00000001/00000000
[DBG] PASS: Div 00000001/00000000 r0
[DBG] PASS: Div 00000001/00000000 r1
[DBG] PASS: Div 00000001/00000000 r2
[DBG] PASS: Div 00000001/00000000 r3
[DBG] PASS: Div 00000001/00000000 cpsr
[DBG] Math test: Div FFFFFFFF/00000000
[DBG] PASS: Div FFFFFFFF/00000000 r0
[DBG] PASS: Div FFFFFFFF/00000000 r1
[DBG] PASS: Div FFFFFFFF/00000000 r2
[DBG] PASS: Div FFFFFFFF/00000000 r3
[DBG] PASS: Div FFFFFFFF/00000000 cpsr
[DBG] Math test: Div 80000000/FFFFFFFF
[DBG] PASS: Div 80000000/FFFFFFFF r0
[DBG] PASS: Div 80000000/FFFFFFFF r1
[DBG] PASS: Div 80000000/FFFFFFFF r2
[DBG] PASS: Div 80000000/FFFFFFFF r3
[DBG] PASS: Div 80000000/FFFFFFFF cpsr

--- Suite 09: BIOS math ---
Frames: 131  PC=0x0802BAAA  CPSR=0x8000003F  halted=0  cycle=206936580
[debug]
Game Boy Advance Test Suite
===
BEGIN: BIOS math tests
Math test: ArcTan 00000000
PASS: ArcTan 00000000 r0
PASS: ArcTan 00000000 r1
PASS: ArcTan 00000000 r2
PASS: ArcTan 00000000 r3
PASS: ArcTan 00000000 cpsr
Math test: ArcTan 00000001
PASS: ArcTan 00000001 r0
PASS: ArcTan 00000001 r1
PASS: ArcTan 00000001 r2
PASS: ArcTan 00000001 r3
PASS: ArcTan 00000001 cpsr
Math test: ArcTan 00003FFF
PASS: ArcTan 00003FFF r0
PASS: ArcTan 00003FFF r1
PASS: ArcTan 00003FFF r2
PASS: ArcTan 00003FFF r3
PASS: ArcTan 00003FFF cpsr
Math test: ArcTan 00004000
PASS: ArcTan 00004000 r0
PASS: ArcTan 00004000 r1
PASS: ArcTan 00004000 r2
PASS: ArcTan 00004000 r3
PASS: ArcTan 00004000 cpsr
Math test: ArcTan 00004001
PASS: ArcTan 00004001 r0
PASS: ArcTan 00004001 r1
PASS: ArcTan 00004001 r2
PASS: ArcTan 00004001 r3
PASS: ArcTan 00004001 cpsr
Math test: ArcTan 00007FFF
PASS: ArcTan 00007FFF r0
PASS: ArcTan 00007FFF r1
PASS: ArcTan 00007FFF r2
PASS: ArcTan 00007FFF r3
PASS: ArcTan 00007FFF cpsr
Math test: ArcTan 00008000
PASS: ArcTan 00008000 r0
PASS: ArcTan 00008000 r1
PASS: ArcTan 00008000 r2
PASS: ArcTan 00008000 r3
PASS: ArcTan 00008000 cpsr
Math test: ArcTan 00008001
PASS: ArcTan 00008001 r0
PASS: ArcTan 00008001 r1
PASS: ArcTan 00008001 r2
PASS: ArcTan 00008001 r3
PASS: ArcTan 00008001 cpsr
Math test: ArcTan 0000BFFF
PASS: ArcTan 0000BFFF r0
PASS: ArcTan 0000BFFF r1
PASS: ArcTan 0000BFFF r2
PASS: ArcTan 0000BFFF r3
PASS: ArcTan 0000BFFF cpsr
Math test: ArcTan 0000C000
PASS: ArcTan 0000C000 r0
PASS: ArcTan 0000C000 r1
PASS: ArcTan 0000C000 r2
PASS: ArcTan 0000C000 r3
PASS: ArcTan 0000C000 cpsr
Math test: ArcTan 0000C001
PASS: ArcTan 0000C001 r0
PASS: ArcTan 0000C001 r1
PASS: ArcTan 0000C001 r2
PASS: ArcTan 0000C001 r3
PASS: ArcTan 0000C001 cpsr
Math test: ArcTan 0000FFFF
PASS: ArcTan 0000FFFF r0
PASS: ArcTan 0000FFFF r1
PASS: ArcTan 0000FFFF r2
PASS: ArcTan 0000FFFF r3
PASS: ArcTan 0000FFFF cpsr
Math test: ArcTan FFFF0000
PASS: ArcTan FFFF0000 r0
PASS: ArcTan FFFF0000 r1
PASS: ArcTan FFFF0000 r2
PASS: ArcTan FFFF0000 r3
PASS: ArcTan FFFF0000 cpsr
Math test: ArcTan FFFF0001
PASS: ArcTan FFFF0001 r0
PASS: ArcTan FFFF0001 r1
PASS: ArcTan FFFF0001 r2
PASS: ArcTan FFFF0001 r3
PASS: ArcTan FFFF0001 cpsr
Math test: ArcTan FFFF3FFF
PASS: ArcTan FFFF3FFF r0
PASS: ArcTan FFFF3FFF r1
PASS: ArcTan FFFF3FFF r2
PASS: ArcTan FFFF3FFF r3
PASS: ArcTan FFFF3FFF cpsr
Math test: ArcTan FFFF4000
PASS: ArcTan FFFF4000 r0
PASS: ArcTan FFFF4000 r1
PASS: ArcTan FFFF4000 r2
PASS: ArcTan FFFF4000 r3
PASS: ArcTan FFFF4000 cpsr
Math test: ArcTan FFFF4001
PASS: ArcTan FFFF4001 r0
PASS: ArcTan FFFF4001 r1
PASS: ArcTan FFFF4001 r2
PASS: ArcTan FFFF4001 r3
PASS: ArcTan FFFF4001 cpsr
Math test: ArcTan FFFF7FFF
PASS: ArcTan FFFF7FFF r0
PASS: ArcTan FFFF7FFF r1
PASS: ArcTan FFFF7FFF r2
PASS: ArcTan FFFF7FFF r3
PASS: ArcTan FFFF7FFF cpsr
Math test: ArcTan FFFF8000
PASS: ArcTan FFFF8000 r0
PASS: ArcTan FFFF8000 r1
PASS: ArcTan FFFF8000 r2
PASS: ArcTan FFFF8000 r3
PASS: ArcTan FFFF8000 cpsr
Math test: ArcTan FFFF8001
PASS: ArcTan FFFF8001 r0
PASS: ArcTan FFFF8001 r1
PASS: ArcTan FFFF8001 r2
PASS: ArcTan FFFF8001 r3
PASS: ArcTan FFFF8001 cpsr
Math test: ArcTan FFFFBFFF
PASS: ArcTan FFFFBFFF r0
PASS: ArcTan FFFFBFFF r1
PASS: ArcTan FFFFBFFF r2
PASS: ArcTan FFFFBFFF r3
PASS: ArcTan FFFFBFFF cpsr
Math test: ArcTan FFFFC000
PASS: ArcTan FFFFC000 r0
PASS: ArcTan FFFFC000 r1
PASS: ArcTan FFFFC000 r2
PASS: ArcTan FFFFC000 r3
PASS: ArcTan FFFFC000 cpsr
Math test: ArcTan FFFFC001
PASS: ArcTan FFFFC001 r0
PASS: ArcTan FFFFC001 r1
PASS: ArcTan FFFFC001 r2
PASS: ArcTan FFFFC001 r3
PASS: ArcTan FFFFC001 cpsr
Math test: ArcTan FFFFFFFF
PASS: ArcTan FFFFFFFF r0
PASS: ArcTan FFFFFFFF r1
PASS: ArcTan FFFFFFFF r2
PASS: ArcTan FFFFFFFF r3
PASS: ArcTan FFFFFFFF cpsr
Math test: ArcTan2 00000000,00000000
PASS: ArcTan2 00000000,00000000 r0
PASS: ArcTan2 00000000,00000000 r1
PASS: ArcTan2 00000000,00000000 r2
PASS: ArcTan2 00000000,00000000 r3
PASS: ArcTan2 00000000,00000000 cpsr
Math test: ArcTan2 00000001,00000000
PASS: ArcTan2 00000001,00000000 r0
PASS: ArcTan2 00000001,00000000 r1
PASS: ArcTan2 00000001,00000000 r2
PASS: ArcTan2 00000001,00000000 r3
PASS: ArcTan2 00000001,00000000 cpsr
Math test: ArcTan2 00003FFF,00000000
PASS: ArcTan2 00003FFF,00000000 r0
PASS: ArcTan2 00003FFF,00000000 r1
PASS: ArcTan2 00003FFF,00000000 r2
PASS: ArcTan2 00003FFF,00000000 r3
PASS: ArcTan2 00003FFF,00000000 cpsr
Math test: ArcTan2 00004000,00000000
PASS: ArcTan2 00004000,00000000 r0
PASS: ArcTan2 00004000,00000000 r1
PASS: ArcTan2 00004000,00000000 r2
PASS: ArcTan2 00004000,00000000 r3
PASS: ArcTan2 00004000,00000000 cpsr
Math test: ArcTan2 00004001,00000000
PASS: ArcTan2 00004001,00000000 r0
PASS: ArcTan2 00004001,00000000 r1
PASS: ArcTan2 00004001,00000000 r2
PASS: ArcTan2 00004001,00000000 r3
PASS: ArcTan2 00004001,00000000 cpsr
Math test: ArcTan2 00007FFF,00000000
PASS: ArcTan2 00007FFF,00000000 r0
PASS: ArcTan2 00007FFF,00000000 r1
PASS: ArcTan2 00007FFF,00000000 r2
PASS: ArcTan2 00007FFF,00000000 r3
PASS: ArcTan2 00007FFF,00000000 cpsr
Math test: ArcTan2 00008000,00000000
PASS: ArcTan2 00008000,00000000 r0
PASS: ArcTan2 00008000,00000000 r1
PASS: ArcTan2 00008000,00000000 r2
PASS: ArcTan2 00008000,00000000 r3
PASS: ArcTan2 00008000,00000000 cpsr
Math test: ArcTan2 00008001,00000000
PASS: ArcTan2 00008001,00000000 r0
PASS: ArcTan2 00008001,00000000 r1
PASS: ArcTan2 00008001,00000000 r2
PASS: ArcTan2 00008001,00000000 r3
PASS: ArcTan2 00008001,00000000 cpsr
Math test: ArcTan2 0000BFFF,00000000
PASS: ArcTan2 0000BFFF,00000000 r0
PASS: ArcTan2 0000BFFF,00000000 r1
PASS: ArcTan2 0000BFFF,00000000 r2
PASS: ArcTan2 0000BFFF,00000000 r3
PASS: ArcTan2 0000BFFF,00000000 cpsr
Math test: ArcTan2 0000C000,00000000
PASS: ArcTan2 0000C000,00000000 r0
PASS: ArcTan2 0000C000,00000000 r1
PASS: ArcTan2 0000C000,00000000 r2
PASS: ArcTan2 0000C000,00000000 r3
PASS: ArcTan2 0000C000,00000000 cpsr
Math test: ArcTan2 0000C001,00000000
PASS: ArcTan2 0000C001,00000000 r0
PASS: ArcTan2 0000C001,00000000 r1
PASS: ArcTan2 0000C001,00000000 r2
PASS: ArcTan2 0000C001,00000000 r3
PASS: ArcTan2 0000C001,00000000 cpsr
Math test: ArcTan2 0000FFFF,00000000
PASS: ArcTan2 0000FFFF,00000000 r0
PASS: ArcTan2 0000FFFF,00000000 r1
PASS: ArcTan2 0000FFFF,00000000 r2
PASS: ArcTan2 0000FFFF,00000000 r3
PASS: ArcTan2 0000FFFF,00000000 cpsr
Math test: ArcTan2 FFFF0000,00000000
PASS: ArcTan2 FFFF0000,00000000 r0
PASS: ArcTan2 FFFF0000,00000000 r1
PASS: ArcTan2 FFFF0000,00000000 r2
PASS: ArcTan2 FFFF0000,00000000 r3
PASS: ArcTan2 FFFF0000,00000000 cpsr
Math test: ArcTan2 FFFF0001,00000000
PASS: ArcTan2 FFFF0001,00000000 r0
PASS: ArcTan2 FFFF0001,00000000 r1
PASS: ArcTan2 FFFF0001,00000000 r2
PASS: ArcTan2 FFFF0001,00000000 r3
PASS: ArcTan2 FFFF0001,00000000 cpsr
Math test: ArcTan2 FFFF3FFF,00000000
PASS: ArcTan2 FFFF3FFF,00000000 r0
PASS: ArcTan2 FFFF3FFF,00000000 r1
PASS: ArcTan2 FFFF3FFF,00000000 r2
PASS: ArcTan2 FFFF3FFF,00000000 r3
PASS: ArcTan2 FFFF3FFF,00000000 cpsr
Math test: ArcTan2 FFFF4000,00000000
PASS: ArcTan2 FFFF4000,00000000 r0
PASS: ArcTan2 FFFF4000,00000000 r1
PASS: ArcTan2 FFFF4000,00000000 r2
PASS: ArcTan2 FFFF4000,00000000 r3
PASS: ArcTan2 FFFF4000,00000000 cpsr
Math test: ArcTan2 FFFF4001,00000000
PASS: ArcTan2 FFFF4001,00000000 r0
PASS: ArcTan2 FFFF4001,00000000 r1
PASS: ArcTan2 FFFF4001,00000000 r2
PASS: ArcTan2 FFFF4001,00000000 r3
PASS: ArcTan2 FFFF4001,00000000 cpsr
Math test: ArcTan2 FFFF7FFF,00000000
PASS: ArcTan2 FFFF7FFF,00000000 r0
PASS: ArcTan2 FFFF7FFF,00000000 r1
PASS: ArcTan2 FFFF7FFF,00000000 r2
PASS: ArcTan2 FFFF7FFF,00000000 r3
PASS: ArcTan2 FFFF7FFF,00000000 cpsr
Math test: ArcTan2 FFFF8000,00000000
PASS: ArcTan2 FFFF8000,00000000 r0
PASS: ArcTan2 FFFF8000,00000000 r1
PASS: ArcTan2 FFFF8000,00000000 r2
PASS: ArcTan2 FFFF8000,00000000 r3
PASS: ArcTan2 FFFF8000,00000000 cpsr
Math test: ArcTan2 FFFF8001,00000000
PASS: ArcTan2 FFFF8001,00000000 r0
PASS: ArcTan2 FFFF8001,00000000 r1
PASS: ArcTan2 FFFF8001,00000000 r2
PASS: ArcTan2 FFFF8001,00000000 r3
PASS: ArcTan2 FFFF8001,00000000 cpsr
Math test: ArcTan2 FFFFBFFF,00000000
PASS: ArcTan2 FFFFBFFF,00000000 r0
PASS: ArcTan2 FFFFBFFF,00000000 r1
PASS: ArcTan2 FFFFBFFF,00000000 r2
PASS: ArcTan2 FFFFBFFF,00000000 r3
PASS: ArcTan2 FFFFBFFF,00000000 cpsr
Math test: ArcTan2 FFFFC000,00000000
PASS: ArcTan2 FFFFC000,00000000 r0
PASS: ArcTan2 FFFFC000,00000000 r1
PASS: ArcTan2 FFFFC000,00000000 r2
PASS: ArcTan2 FFFFC000,00000000 r3
PASS: ArcTan2 FFFFC000,00000000 cpsr
Math test: ArcTan2 FFFFC001,00000000
PASS: ArcTan2 FFFFC001,00000000 r0
PASS: ArcTan2 FFFFC001,00000000 r1
PASS: ArcTan2 FFFFC001,00000000 r2
PASS: ArcTan2 FFFFC001,00000000 r3
PASS: ArcTan2 FFFFC001,00000000 cpsr
Math test: ArcTan2 FFFFFFFF,00000000
PASS: ArcTan2 FFFFFFFF,00000000 r0
PASS: ArcTan2 FFFFFFFF,00000000 r1
PASS: ArcTan2 FFFFFFFF,00000000 r2
PASS: ArcTan2 FFFFFFFF,00000000 r3
PASS: ArcTan2 FFFFFFFF,00000000 cpsr
Math test: ArcTan2 00000000,00000001
PASS: ArcTan2 00000000,00000001 r0
PASS: ArcTan2 00000000,00000001 r1
PASS: ArcTan2 00000000,00000001 r2
PASS: ArcTan2 00000000,00000001 r3
PASS: ArcTan2 00000000,00000001 cpsr
Math test: ArcTan2 00000001,00000001
PASS: ArcTan2 00000001,00000001 r0
PASS: ArcTan2 00000001,00000001 r1
PASS: ArcTan2 00000001,00000001 r2
PASS: ArcTan2 00000001,00000001 r3
PASS: ArcTan2 00000001,00000001 cpsr
Math test: ArcTan2 00004000,00000001
PASS: ArcTan2 00004000,00000001 r0
PASS: ArcTan2 00004000,00000001 r1
PASS: ArcTan2 00004000,00000001 r2
PASS: ArcTan2 00004000,00000001 r3
PASS: ArcTan2 00004000,00000001 cpsr
Math test: ArcTan2 00008000,00000001
PASS: ArcTan2 00008000,00000001 r0
PASS: ArcTan2 00008000,00000001 r1
PASS: ArcTan2 00008000,00000001 r2
PASS: ArcTan2 00008000,00000001 r3
PASS: ArcTan2 00008000,00000001 cpsr
Math test: ArcTan2 0000C000,00000001
PASS: ArcTan2 0000C000,00000001 r0
PASS: ArcTan2 0000C000,00000001 r1
PASS: ArcTan2 0000C000,00000001 r2
PASS: ArcTan2 0000C000,00000001 r3
PASS: ArcTan2 0000C000,00000001 cpsr
Math test: ArcTan2 0000FFFF,00000001
PASS: ArcTan2 0000FFFF,00000001 r0
PASS: ArcTan2 0000FFFF,00000001 r1
PASS: ArcTan2 0000FFFF,00000001 r2
PASS: ArcTan2 0000FFFF,00000001 r3
PASS: ArcTan2 0000FFFF,00000001 cpsr
Math test: ArcTan2 FFFF0000,00000001
PASS: ArcTan2 FFFF0000,00000001 r0
PASS: ArcTan2 FFFF0000,00000001 r1
PASS: ArcTan2 FFFF0000,00000001 r2
PASS: ArcTan2 FFFF0000,00000001 r3
PASS: ArcTan2 FFFF0000,00000001 cpsr
Math test: ArcTan2 FFFF4000,00000001
PASS: ArcTan2 FFFF4000,00000001 r0
PASS: ArcTan2 FFFF4000,00000001 r1
PASS: ArcTan2 FFFF4000,00000001 r2
PASS: ArcTan2 FFFF4000,00000001 r3
PASS: ArcTan2 FFFF4000,00000001 cpsr
Math test: ArcTan2 FFFF8000,00000001
PASS: ArcTan2 FFFF8000,00000001 r0
PASS: ArcTan2 FFFF8000,00000001 r1
PASS: ArcTan2 FFFF8000,00000001 r2
PASS: ArcTan2 FFFF8000,00000001 r3
PASS: ArcTan2 FFFF8000,00000001 cpsr
Math test: ArcTan2 FFFFC000,00000001
PASS: ArcTan2 FFFFC000,00000001 r0
PASS: ArcTan2 FFFFC000,00000001 r1
PASS: ArcTan2 FFFFC000,00000001 r2
PASS: ArcTan2 FFFFC000,00000001 r3
PASS: ArcTan2 FFFFC000,00000001 cpsr
Math test: ArcTan2 FFFFFFFF,00000001
PASS: ArcTan2 FFFFFFFF,00000001 r0
PASS: ArcTan2 FFFFFFFF,00000001 r1
PASS: ArcTan2 FFFFFFFF,00000001 r2
PASS: ArcTan2 FFFFFFFF,00000001 r3
PASS: ArcTan2 FFFFFFFF,00000001 cpsr
Math test: ArcTan2 00000000,00004000
PASS: ArcTan2 00000000,00004000 r0
PASS: ArcTan2 00000000,00004000 r1
PASS: ArcTan2 00000000,00004000 r2
PASS: ArcTan2 00000000,00004000 r3
PASS: ArcTan2 00000000,00004000 cpsr
Math test: ArcTan2 00000001,00004000
PASS: ArcTan2 00000001,00004000 r0
PASS: ArcTan2 00000001,00004000 r1
PASS: ArcTan2 00000001,00004000 r2
PASS: ArcTan2 00000001,00004000 r3
PASS: ArcTan2 00000001,00004000 cpsr
Math test: ArcTan2 00004000,00004000
PASS: ArcTan2 00004000,00004000 r0
PASS: ArcTan2 00004000,00004000 r1
PASS: ArcTan2 00004000,00004000 r2
PASS: ArcTan2 00004000,00004000 r3
PASS: ArcTan2 00004000,00004000 cpsr
Math test: ArcTan2 00008000,00004000
PASS: ArcTan2 00008000,00004000 r0
PASS: ArcTan2 00008000,00004000 r1
PASS: ArcTan2 00008000,00004000 r2
PASS: ArcTan2 00008000,00004000 r3
PASS: ArcTan2 00008000,00004000 cpsr
Math test: ArcTan2 0000C000,00004000
PASS: ArcTan2 0000C000,00004000 r0
PASS: ArcTan2 0000C000,00004000 r1
PASS: ArcTan2 0000C000,00004000 r2
PASS: ArcTan2 0000C000,00004000 r3
PASS: ArcTan2 0000C000,00004000 cpsr
Math test: ArcTan2 0000FFFF,00004000
PASS: ArcTan2 0000FFFF,00004000 r0
PASS: ArcTan2 0000FFFF,00004000 r1
PASS: ArcTan2 0000FFFF,00004000 r2
PASS: ArcTan2 0000FFFF,00004000 r3
PASS: ArcTan2 0000FFFF,00004000 cpsr
Math test: ArcTan2 FFFF0000,00004000
PASS: ArcTan2 FFFF0000,00004000 r0
PASS: ArcTan2 FFFF0000,00004000 r1
PASS: ArcTan2 FFFF0000,00004000 r2
PASS: ArcTan2 FFFF0000,00004000 r3
PASS: ArcTan2 FFFF0000,00004000 cpsr
Math test: ArcTan2 FFFF0001,00004000
PASS: ArcTan2 FFFF0001,00004000 r0
PASS: ArcTan2 FFFF0001,00004000 r1
PASS: ArcTan2 FFFF0001,00004000 r2
PASS: ArcTan2 FFFF0001,00004000 r3
PASS: ArcTan2 FFFF0001,00004000 cpsr
Math test: ArcTan2 FFFF4000,00004000
PASS: ArcTan2 FFFF4000,00004000 r0
PASS: ArcTan2 FFFF4000,00004000 r1
PASS: ArcTan2 FFFF4000,00004000 r2
PASS: ArcTan2 FFFF4000,00004000 r3
PASS: ArcTan2 FFFF4000,00004000 cpsr
Math test: ArcTan2 FFFF8000,00004000
PASS: ArcTan2 FFFF8000,00004000 r0
PASS: ArcTan2 FFFF8000,00004000 r1
PASS: ArcTan2 FFFF8000,00004000 r2
PASS: ArcTan2 FFFF8000,00004000 r3
PASS: ArcTan2 FFFF8000,00004000 cpsr
Math test: ArcTan2 FFFFC000,00004000
PASS: ArcTan2 FFFFC000,00004000 r0
PASS: ArcTan2 FFFFC000,00004000 r1
PASS: ArcTan2 FFFFC000,00004000 r2
PASS: ArcTan2 FFFFC000,00004000 r3
PASS: ArcTan2 FFFFC000,00004000 cpsr
Math test: ArcTan2 FFFFFFFF,00004000
PASS: ArcTan2 FFFFFFFF,00004000 r0
PASS: ArcTan2 FFFFFFFF,00004000 r1
PASS: ArcTan2 FFFFFFFF,00004000 r2
PASS: ArcTan2 FFFFFFFF,00004000 r3
PASS: ArcTan2 FFFFFFFF,00004000 cpsr
Math test: ArcTan2 00000000,00008000
PASS: ArcTan2 00000000,00008000 r0
PASS: ArcTan2 00000000,00008000 r1
PASS: ArcTan2 00000000,00008000 r2
PASS: ArcTan2 00000000,00008000 r3
PASS: ArcTan2 00000000,00008000 cpsr
Math test: ArcTan2 00000001,00008000
PASS: ArcTan2 00000001,00008000 r0
PASS: ArcTan2 00000001,00008000 r1
PASS: ArcTan2 00000001,00008000 r2
PASS: ArcTan2 00000001,00008000 r3
PASS: ArcTan2 00000001,00008000 cpsr
Math test: ArcTan2 00004000,00008000
PASS: ArcTan2 00004000,00008000 r0
PASS: ArcTan2 00004000,00008000 r1
PASS: ArcTan2 00004000,00008000 r2
PASS: ArcTan2 00004000,00008000 r3
PASS: ArcTan2 00004000,00008000 cpsr
Math test: ArcTan2 00008000,00008000
PASS: ArcTan2 00008000,00008000 r0
PASS: ArcTan2 00008000,00008000 r1
PASS: ArcTan2 00008000,00008000 r2
PASS: ArcTan2 00008000,00008000 r3
PASS: ArcTan2 00008000,00008000 cpsr
Math test: ArcTan2 0000C000,00008000
PASS: ArcTan2 0000C000,00008000 r0
PASS: ArcTan2 0000C000,00008000 r1
PASS: ArcTan2 0000C000,00008000 r2
PASS: ArcTan2 0000C000,00008000 r3
PASS: ArcTan2 0000C000,00008000 cpsr
Math test: ArcTan2 0000FFFF,00008000
PASS: ArcTan2 0000FFFF,00008000 r0
PASS: ArcTan2 0000FFFF,00008000 r1
PASS: ArcTan2 0000FFFF,00008000 r2
PASS: ArcTan2 0000FFFF,00008000 r3
PASS: ArcTan2 0000FFFF,00008000 cpsr
Math test: ArcTan2 FFFF0000,00008000
PASS: ArcTan2 FFFF0000,00008000 r0
PASS: ArcTan2 FFFF0000,00008000 r1
PASS: ArcTan2 FFFF0000,00008000 r2
PASS: ArcTan2 FFFF0000,00008000 r3
PASS: ArcTan2 FFFF0000,00008000 cpsr
Math test: ArcTan2 FFFF0001,00008000
PASS: ArcTan2 FFFF0001,00008000 r0
PASS: ArcTan2 FFFF0001,00008000 r1
PASS: ArcTan2 FFFF0001,00008000 r2
PASS: ArcTan2 FFFF0001,00008000 r3
PASS: ArcTan2 FFFF0001,00008000 cpsr
Math test: ArcTan2 FFFF4000,00008000
PASS: ArcTan2 FFFF4000,00008000 r0
PASS: ArcTan2 FFFF4000,00008000 r1
PASS: ArcTan2 FFFF4000,00008000 r2
PASS: ArcTan2 FFFF4000,00008000 r3
PASS: ArcTan2 FFFF4000,00008000 cpsr
Math test: ArcTan2 FFFF8000,00008000
PASS: ArcTan2 FFFF8000,00008000 r0
PASS: ArcTan2 FFFF8000,00008000 r1
PASS: ArcTan2 FFFF8000,00008000 r2
PASS: ArcTan2 FFFF8000,00008000 r3
PASS: ArcTan2 FFFF8000,00008000 cpsr
Math test: ArcTan2 FFFFC000,00008000
PASS: ArcTan2 FFFFC000,00008000 r0
PASS: ArcTan2 FFFFC000,00008000 r1
PASS: ArcTan2 FFFFC000,00008000 r2
PASS: ArcTan2 FFFFC000,00008000 r3
PASS: ArcTan2 FFFFC000,00008000 cpsr
Math test: ArcTan2 FFFFFFFF,00008000
PASS: ArcTan2 FFFFFFFF,00008000 r0
PASS: ArcTan2 FFFFFFFF,00008000 r1
PASS: ArcTan2 FFFFFFFF,00008000 r2
PASS: ArcTan2 FFFFFFFF,00008000 r3
PASS: ArcTan2 FFFFFFFF,00008000 cpsr
Math test: ArcTan2 00000000,0000C000
PASS: ArcTan2 00000000,0000C000 r0
PASS: ArcTan2 00000000,0000C000 r1
PASS: ArcTan2 00000000,0000C000 r2
PASS: ArcTan2 00000000,0000C000 r3
PASS: ArcTan2 00000000,0000C000 cpsr
Math test: ArcTan2 00000001,0000C000
PASS: ArcTan2 00000001,0000C000 r0
PASS: ArcTan2 00000001,0000C000 r1
PASS: ArcTan2 00000001,0000C000 r2
PASS: ArcTan2 00000001,0000C000 r3
PASS: ArcTan2 00000001,0000C000 cpsr
Math test: ArcTan2 00004000,0000C000
PASS: ArcTan2 00004000,0000C000 r0
PASS: ArcTan2 00004000,0000C000 r1
PASS: ArcTan2 00004000,0000C000 r2
PASS: ArcTan2 00004000,0000C000 r3
PASS: ArcTan2 00004000,0000C000 cpsr
Math test: ArcTan2 00008000,0000C000
PASS: ArcTan2 00008000,0000C000 r0
PASS: ArcTan2 00008000,0000C000 r1
PASS: ArcTan2 00008000,0000C000 r2
PASS: ArcTan2 00008000,0000C000 r3
PASS: ArcTan2 00008000,0000C000 cpsr
Math test: ArcTan2 0000C000,0000C000
PASS: ArcTan2 0000C000,0000C000 r0
PASS: ArcTan2 0000C000,0000C000 r1
PASS: ArcTan2 0000C000,0000C000 r2
PASS: ArcTan2 0000C000,0000C000 r3
PASS: ArcTan2 0000C000,0000C000 cpsr
Math test: ArcTan2 0000FFFF,0000C000
PASS: ArcTan2 0000FFFF,0000C000 r0
PASS: ArcTan2 0000FFFF,0000C000 r1
PASS: ArcTan2 0000FFFF,0000C000 r2
PASS: ArcTan2 0000FFFF,0000C000 r3
PASS: ArcTan2 0000FFFF,0000C000 cpsr
Math test: ArcTan2 FFFF0000,0000C000
PASS: ArcTan2 FFFF0000,0000C000 r0
PASS: ArcTan2 FFFF0000,0000C000 r1
PASS: ArcTan2 FFFF0000,0000C000 r2
PASS: ArcTan2 FFFF0000,0000C000 r3
PASS: ArcTan2 FFFF0000,0000C000 cpsr
Math test: ArcTan2 FFFF0001,0000C000
PASS: ArcTan2 FFFF0001,0000C000 r0
PASS: ArcTan2 FFFF0001,0000C000 r1
PASS: ArcTan2 FFFF0001,0000C000 r2
PASS: ArcTan2 FFFF0001,0000C000 r3
PASS: ArcTan2 FFFF0001,0000C000 cpsr
Math test: ArcTan2 FFFF4000,0000C000
PASS: ArcTan2 FFFF4000,0000C000 r0
PASS: ArcTan2 FFFF4000,0000C000 r1
PASS: ArcTan2 FFFF4000,0000C000 r2
PASS: ArcTan2 FFFF4000,0000C000 r3
PASS: ArcTan2 FFFF4000,0000C000 cpsr
Math test: ArcTan2 FFFF8000,0000C000
PASS: ArcTan2 FFFF8000,0000C000 r0
PASS: ArcTan2 FFFF8000,0000C000 r1
PASS: ArcTan2 FFFF8000,0000C000 r2
PASS: ArcTan2 FFFF8000,0000C000 r3
PASS: ArcTan2 FFFF8000,0000C000 cpsr
Math test: ArcTan2 FFFFC000,0000C000
PASS: ArcTan2 FFFFC000,0000C000 r0
PASS: ArcTan2 FFFFC000,0000C000 r1
PASS: ArcTan2 FFFFC000,0000C000 r2
PASS: ArcTan2 FFFFC000,0000C000 r3
PASS: ArcTan2 FFFFC000,0000C000 cpsr
Math test: ArcTan2 FFFFFFFF,0000C000
PASS: ArcTan2 FFFFFFFF,0000C000 r0
PASS: ArcTan2 FFFFFFFF,0000C000 r1
PASS: ArcTan2 FFFFFFFF,0000C000 r2
PASS: ArcTan2 FFFFFFFF,0000C000 r3
PASS: ArcTan2 FFFFFFFF,0000C000 cpsr
Math test: ArcTan2 00000000,00010000
PASS: ArcTan2 00000000,00010000 r0
PASS: ArcTan2 00000000,00010000 r1
PASS: ArcTan2 00000000,00010000 r2
PASS: ArcTan2 00000000,00010000 r3
PASS: ArcTan2 00000000,00010000 cpsr
Math test: ArcTan2 00000001,00010000
PASS: ArcTan2 00000001,00010000 r0
PASS: ArcTan2 00000001,00010000 r1
PASS: ArcTan2 00000001,00010000 r2
PASS: ArcTan2 00000001,00010000 r3
PASS: ArcTan2 00000001,00010000 cpsr
Math test: ArcTan2 00004000,00010000
PASS: ArcTan2 00004000,00010000 r0
PASS: ArcTan2 00004000,00010000 r1
PASS: ArcTan2 00004000,00010000 r2
PASS: ArcTan2 00004000,00010000 r3
PASS: ArcTan2 00004000,00010000 cpsr
Math test: ArcTan2 00008000,00010000
PASS: ArcTan2 00008000,00010000 r0
PASS: ArcTan2 00008000,00010000 r1
PASS: ArcTan2 00008000,00010000 r2
PASS: ArcTan2 00008000,00010000 r3
PASS: ArcTan2 00008000,00010000 cpsr
Math test: ArcTan2 0000C000,00010000
PASS: ArcTan2 0000C000,00010000 r0
PASS: ArcTan2 0000C000,00010000 r1
PASS: ArcTan2 0000C000,00010000 r2
PASS: ArcTan2 0000C000,00010000 r3
PASS: ArcTan2 0000C000,00010000 cpsr
Math test: ArcTan2 0000FFFF,00010000
PASS: ArcTan2 0000FFFF,00010000 r0
PASS: ArcTan2 0000FFFF,00010000 r1
PASS: ArcTan2 0000FFFF,00010000 r2
PASS: ArcTan2 0000FFFF,00010000 r3
PASS: ArcTan2 0000FFFF,00010000 cpsr
Math test: ArcTan2 FFFF0000,00010000
PASS: ArcTan2 FFFF0000,00010000 r0
PASS: ArcTan2 FFFF0000,00010000 r1
PASS: ArcTan2 FFFF0000,00010000 r2
PASS: ArcTan2 FFFF0000,00010000 r3
PASS: ArcTan2 FFFF0000,00010000 cpsr
Math test: ArcTan2 FFFF0001,00010000
PASS: ArcTan2 FFFF0001,00010000 r0
PASS: ArcTan2 FFFF0001,00010000 r1
PASS: ArcTan2 FFFF0001,00010000 r2
PASS: ArcTan2 FFFF0001,00010000 r3
PASS: ArcTan2 FFFF0001,00010000 cpsr
Math test: ArcTan2 FFFF4000,00010000
PASS: ArcTan2 FFFF4000,00010000 r0
PASS: ArcTan2 FFFF4000,00010000 r1
PASS: ArcTan2 FFFF4000,00010000 r2
PASS: ArcTan2 FFFF4000,00010000 r3
PASS: ArcTan2 FFFF4000,00010000 cpsr
Math test: ArcTan2 FFFF8000,00010000
PASS: ArcTan2 FFFF8000,00010000 r0
PASS: ArcTan2 FFFF8000,00010000 r1
PASS: ArcTan2 FFFF8000,00010000 r2
PASS: ArcTan2 FFFF8000,00010000 r3
PASS: ArcTan2 FFFF8000,00010000 cpsr
Math test: ArcTan2 FFFFC000,00010000
PASS: ArcTan2 FFFFC000,00010000 r0
PASS: ArcTan2 FFFFC000,00010000 r1
PASS: ArcTan2 FFFFC000,00010000 r2
PASS: ArcTan2 FFFFC000,00010000 r3
PASS: ArcTan2 FFFFC000,00010000 cpsr
Math test: ArcTan2 FFFFFFFF,00010000
PASS: ArcTan2 FFFFFFFF,00010000 r0
PASS: ArcTan2 FFFFFFFF,00010000 r1
PASS: ArcTan2 FFFFFFFF,00010000 r2
PASS: ArcTan2 FFFFFFFF,00010000 r3
PASS: ArcTan2 FFFFFFFF,00010000 cpsr
Math test: ArcTan2 00000000,FFFF0000
PASS: ArcTan2 00000000,FFFF0000 r0
PASS: ArcTan2 00000000,FFFF0000 r1
PASS: ArcTan2 00000000,FFFF0000 r2
PASS: ArcTan2 00000000,FFFF0000 r3
PASS: ArcTan2 00000000,FFFF0000 cpsr
Math test: ArcTan2 00000001,FFFF0000
PASS: ArcTan2 00000001,FFFF0000 r0
PASS: ArcTan2 00000001,FFFF0000 r1
PASS: ArcTan2 00000001,FFFF0000 r2
PASS: ArcTan2 00000001,FFFF0000 r3
PASS: ArcTan2 00000001,FFFF0000 cpsr
Math test: ArcTan2 00004000,FFFF0000
PASS: ArcTan2 00004000,FFFF0000 r0
PASS: ArcTan2 00004000,FFFF0000 r1
PASS: ArcTan2 00004000,FFFF0000 r2
PASS: ArcTan2 00004000,FFFF0000 r3
PASS: ArcTan2 00004000,FFFF0000 cpsr
Math test: ArcTan2 00008000,FFFF0000
PASS: ArcTan2 00008000,FFFF0000 r0
PASS: ArcTan2 00008000,FFFF0000 r1
PASS: ArcTan2 00008000,FFFF0000 r2
PASS: ArcTan2 00008000,FFFF0000 r3
PASS: ArcTan2 00008000,FFFF0000 cpsr
Math test: ArcTan2 0000C000,FFFF0000
PASS: ArcTan2 0000C000,FFFF0000 r0
PASS: ArcTan2 0000C000,FFFF0000 r1
PASS: ArcTan2 0000C000,FFFF0000 r2
PASS: ArcTan2 0000C000,FFFF0000 r3
PASS: ArcTan2 0000C000,FFFF0000 cpsr
Math test: ArcTan2 0000FFFF,FFFF0000
PASS: ArcTan2 0000FFFF,FFFF0000 r0
PASS: ArcTan2 0000FFFF,FFFF0000 r1
PASS: ArcTan2 0000FFFF,FFFF0000 r2
PASS: ArcTan2 0000FFFF,FFFF0000 r3
PASS: ArcTan2 0000FFFF,FFFF0000 cpsr
Math test: ArcTan2 FFFF0000,FFFF0000
PASS: ArcTan2 FFFF0000,FFFF0000 r0
PASS: ArcTan2 FFFF0000,FFFF0000 r1
PASS: ArcTan2 FFFF0000,FFFF0000 r2
PASS: ArcTan2 FFFF0000,FFFF0000 r3
PASS: ArcTan2 FFFF0000,FFFF0000 cpsr
Math test: ArcTan2 FFFF0001,FFFF0000
PASS: ArcTan2 FFFF0001,FFFF0000 r0
PASS: ArcTan2 FFFF0001,FFFF0000 r1
PASS: ArcTan2 FFFF0001,FFFF0000 r2
PASS: ArcTan2 FFFF0001,FFFF0000 r3
PASS: ArcTan2 FFFF0001,FFFF0000 cpsr
Math test: ArcTan2 FFFF4000,FFFF0000
PASS: ArcTan2 FFFF4000,FFFF0000 r0
PASS: ArcTan2 FFFF4000,FFFF0000 r1
PASS: ArcTan2 FFFF4000,FFFF0000 r2
PASS: ArcTan2 FFFF4000,FFFF0000 r3
PASS: ArcTan2 FFFF4000,FFFF0000 cpsr
Math test: ArcTan2 FFFF8000,FFFF0000
PASS: ArcTan2 FFFF8000,FFFF0000 r0
PASS: ArcTan2 FFFF8000,FFFF0000 r1
PASS: ArcTan2 FFFF8000,FFFF0000 r2
PASS: ArcTan2 FFFF8000,FFFF0000 r3
PASS: ArcTan2 FFFF8000,FFFF0000 cpsr
Math test: ArcTan2 FFFFC000,FFFF0000
PASS: ArcTan2 FFFFC000,FFFF0000 r0
PASS: ArcTan2 FFFFC000,FFFF0000 r1
PASS: ArcTan2 FFFFC000,FFFF0000 r2
PASS: ArcTan2 FFFFC000,FFFF0000 r3
PASS: ArcTan2 FFFFC000,FFFF0000 cpsr
Math test: ArcTan2 FFFFFFFF,FFFF0000
PASS: ArcTan2 FFFFFFFF,FFFF0000 r0
PASS: ArcTan2 FFFFFFFF,FFFF0000 r1
PASS: ArcTan2 FFFFFFFF,FFFF0000 r2
PASS: ArcTan2 FFFFFFFF,FFFF0000 r3
PASS: ArcTan2 FFFFFFFF,FFFF0000 cpsr
Math test: Div 00000000/00000000
PASS: Div 00000000/00000000 r0
PASS: Div 00000000/00000000 r1
PASS: Div 00000000/00000000 r2
PASS: Div 00000000/00000000 r3
PASS: Div 00000000/00000000 cpsr
Math test: Div 00000001/00000000
PASS: Div 00000001/00000000 r0
PASS: Div 00000001/00000000 r1
PASS: Div 00000001/00000000 r2
PASS: Div 00000001/00000000 r3
PASS: Div 00000001/00000000 cpsr
Math test: Div FFFFFFFF/00000000
PASS: Div FFFFFFFF/00000000 r0
PASS: Div FFFFFFFF/00000000 r1
PASS: Div FFFFFFFF/00000000 r2
PASS: Div FFFFFFFF/00000000 r3
PASS: Div FFFFFFFF/00000000 cpsr
Math test: Div 80000000/FFFFFFFF
PASS: Div 80000000/FFFFFFFF r0
PASS: Div 80000000/FFFFFFFF r1
PASS: Div 80000000/FFFFFFFF r2
PASS: Div 80000000/FFFFFFFF r3
PASS: Div 80000000/FFFFFFFF cpsr
[sram]
Game Boy Advance Test Suite
===
Math test: ArcTan 00000000
Math test: ArcTan 00000001
Math test: ArcTan 00003FFF
Math test: ArcTan 00004000
Math test: ArcTan 00004001
Math test: ArcTan 00007FFF
Math test: ArcTan 00008000
Math test: ArcTan 00008001
Math test: ArcTan 0000BFFF
Math test: ArcTan 0000C000
Math test: ArcTan 0000C001
Math test: ArcTan 0000FFFF
Math test: ArcTan FFFF0000
Math test: ArcTan FFFF0001
Math test: ArcTan FFFF3FFF
Math test: ArcTan FFFF4000
Math test: ArcTan FFFF4001
Math test: ArcTan FFFF7FFF
Math test: ArcTan FFFF8000
Math test: ArcTan FFFF8001
Math test: ArcTan FFFFBFFF
Math test: ArcTan FFFFC000
Math test: ArcTan FFFFC001
Math test: ArcTan FFFFFFFF
Math test: ArcTan2 00000000,00000000
Math test: ArcTan2 00000001,00000000
Math test: ArcTan2 00003FFF,00000000
Math test: ArcTan2 00004000,00000000
Math test: ArcTan2 00004001,00000000
Math test: ArcTan2 00007FFF,00000000
Math test: ArcTan2 00008000,00000000
Math test: ArcTan2 00008001,00000000
Math test: ArcTan2 0000BFFF,00000000
Math test: ArcTan2 0000C000,00000000
Math test: ArcTan2 0000C001,00000000
Math test: ArcTan2 0000FFFF,00000000
Math test: ArcTan2 FFFF0000,00000000
Math test: ArcTan2 FFFF0001,00000000
Math test: ArcTan2 FFFF3FFF,00000000
Math test: ArcTan2 FFFF4000,00000000
Math test: ArcTan2 FFFF4001,00000000
Math test: ArcTan2 FFFF7FFF,00000000
Math test: ArcTan2 FFFF8000,00000000
Math test: ArcTan2 FFFF8001,00000000
Math test: ArcTan2 FFFFBFFF,00000000
Math test: ArcTan2 FFFFC000,00000000
Math test: ArcTan2 FFFFC001,00000000
Math test: ArcTan2 FFFFFFFF,00000000
Math test: ArcTan2 00000000,00000001
Math test: ArcTan2 00000001,00000001
Math test: ArcTan2 00004000,00000001
Math test: ArcTan2 00008000,00000001
Math test: ArcTan2 0000C000,00000001
Math test: ArcTan2 0000FFFF,00000001
Math test: ArcTan2 FFFF0000,00000001
Math test: ArcTan2 FFFF4000,00000001
Math test: ArcTan2 FFFF8000,00000001
Math test: ArcTan2 FFFFC000,00000001
Math test: ArcTan2 FFFFFFFF,00000001
Math test: ArcTan2 00000000,00004000
Math test: ArcTan2 00000001,00004000
Math test: ArcTan2 00004000,00004000
Math test: ArcTan2 00008000,00004000
Math test: ArcTan2 0000C000,00004000
Math test: ArcTan2 0000FFFF,00004000
Math test: ArcTan2 FFFF0000,00004000
Math test: ArcTan2 FFFF0001,00004000
Math test: ArcTan2 FFFF4000,00004000
Math test: ArcTan2 FFFF8000,00004000
Math test: ArcTan2 FFFFC000,00004000
Math test: ArcTan2 FFFFFFFF,00004000
Math test: ArcTan2 00000000,00008000
Math test: ArcTan2 00000001,00008000
Math test: ArcTan2 00004000,00008000
Math test: ArcTan2 00008000,00008000
Math test: ArcTan2 0000C000,00008000
Math test: ArcTan2 0000FFFF,00008000
Math test: ArcTan2 FFFF0000,00008000
Math test: ArcTan2 FFFF0001,00008000
Math test: ArcTan2 FFFF4000,00008000
Math test: ArcTan2 FFFF8000,00008000
Math test: ArcTan2 FFFFC000,00008000
Math test: ArcTan2 FFFFFFFF,00008000
Math test: ArcTan2 00000000,0000C000
Math test: ArcTan2 00000001,0000C000
Math test: ArcTan2 00004000,0000C000
Math test: ArcTan2 00008000,0000C000
Math test: ArcTan2 0000C000,0000C000
Math test: ArcTan2 0000FFFF,0000C000
Math test: ArcTan2 FFFF0000,0000C000
Math test: ArcTan2 FFFF0001,0000C000
Math test: ArcTan2 FFFF4000,0000C000
Math test: ArcTan2 FFFF8000,0000C000
Math test: ArcTan2 FFFFC000,0000C000
Math test: ArcTan2 FFFFFFFF,0000C000
Math test: ArcTan2 00000000,00010000
Math test: ArcTan2 00000001,00010000
Math test: ArcTan2 00004000,00010000
Math test: ArcTan2 00008000,00010000
Math test: ArcTan2 0000C000,00010000
Math test: ArcTan2 0000FFFF,00010000
Math test: ArcTan2 FFFF0000,00010000
Math test: ArcTan2 FFFF0001,00010000
Math test: ArcTan2 FFFF4000,00010000
Math test: ArcTan2 FFFF8000,00010000
Math test: ArcTan2 FFFFC000,00010000
Math test: ArcTan2 FFFFFFFF,00010000
Math test: ArcTan2 00000000,FFFF0000
Math test: ArcTan2 00000001,FFFF0000
Math test: ArcTan2 00004000,FFFF0000
Math test: ArcTan2 00008000,FFFF0000
Math test: ArcTan2 0000C000,FFFF0000
Math test: ArcTan2 0000FFFF,FFFF0000
Math test: ArcTan2 FFFF0000,FFFF0000
Math test: ArcTan2 FFFF0001,FFFF0000
Math test: ArcTan2 FFFF4000,FFFF0000
Math test: ArcTan2 FFFF8000,FFFF0000
Math test: ArcTan2 FFFFC000,FFFF0000
Math test: ArcTan2 FFFFFFFF,FFFF0000
Math test: Div 00000000/00000000
Math test: Div 00000001/00000000
Math test: Div FFFFFFFF/00000000
Math test: Div 80000000/FFFFFFFF
[DBG] Game Boy Advance Test Suite
===
[DBG] BEGIN: DMA tests
[DBG] DMA test: 0 Imm H =IWRAM/=IWRAM
[DBG] PASS: 0 Imm H =IWRAM/=IWRAM 3
[DBG] DMA test: 1 Imm H =IWRAM/=IWRAM
[DBG] PASS: 1 Imm H =IWRAM/=IWRAM 3
[DBG] DMA test: 2 Imm H =IWRAM/=IWRAM
[DBG] PASS: 2 Imm H =IWRAM/=IWRAM 3
[DBG] DMA test: 3 Imm H =IWRAM/=IWRAM
[DBG] PASS: 3 Imm H =IWRAM/=IWRAM 3
[DBG] DMA test: 0 Imm H =IWRAM/=EWRAM
[DBG] PASS: 0 Imm H =IWRAM/=EWRAM 3
[DBG] PASS: 0 Imm H =IWRAM/=EWRAM Old 3
[DBG] DMA test: 1 Imm H =IWRAM/=EWRAM
[DBG] PASS: 1 Imm H =IWRAM/=EWRAM 3
[DBG] PASS: 1 Imm H =IWRAM/=EWRAM Old 3
[DBG] DMA test: 2 Imm H =IWRAM/=EWRAM
[DBG] PASS: 2 Imm H =IWRAM/=EWRAM 3
[DBG] PASS: 2 Imm H =IWRAM/=EWRAM Old 3
[DBG] DMA test: 3 Imm H =IWRAM/=EWRAM
[DBG] PASS: 3 Imm H =IWRAM/=EWRAM 3
[DBG] PASS: 3 Imm H =IWRAM/=EWRAM Old 3
[DBG] DMA test: 0 Imm H =IWRAM/=ROM
[DBG] PASS: 0 Imm H =IWRAM/=ROM 3
[DBG] PASS: 0 Imm H =IWRAM/=ROM Old 3
[DBG] DMA test: 1 Imm H =IWRAM/=ROM
[DBG] PASS: 1 Imm H =IWRAM/=ROM 3
[DBG] PASS: 1 Imm H =IWRAM/=ROM Old 3
[DBG] DMA test: 2 Imm H =IWRAM/=ROM
[DBG] PASS: 2 Imm H =IWRAM/=ROM 3
[DBG] PASS: 2 Imm H =IWRAM/=ROM Old 3
[DBG] DMA test: 3 Imm H =IWRAM/=ROM
[DBG] PASS: 3 Imm H =IWRAM/=ROM 3
[DBG] PASS: 3 Imm H =IWRAM/=ROM Old 3
[DBG] DMA test: 0 Imm H =EWRAM/=IWRAM
[DBG] PASS: 0 Imm H =EWRAM/=IWRAM 3
[DBG] DMA test: 1 Imm H =EWRAM/=IWRAM
[DBG] PASS: 1 Imm H =EWRAM/=IWRAM 3
[DBG] DMA test: 2 Imm H =EWRAM/=IWRAM
[DBG] PASS: 2 Imm H =EWRAM/=IWRAM 3
[DBG] DMA test: 3 Imm H =EWRAM/=IWRAM
[DBG] PASS: 3 Imm H =EWRAM/=IWRAM 3
[DBG] DMA test: 0 Imm H =EWRAM/=EWRAM
[DBG] PASS: 0 Imm H =EWRAM/=EWRAM 3
[DBG] PASS: 0 Imm H =EWRAM/=EWRAM Old 3
[DBG] DMA test: 1 Imm H =EWRAM/=EWRAM
[DBG] PASS: 1 Imm H =EWRAM/=EWRAM 3
[DBG] PASS: 1 Imm H =EWRAM/=EWRAM Old 3
[DBG] DMA test: 2 Imm H =EWRAM/=EWRAM
[DBG] PASS: 2 Imm H =EWRAM/=EWRAM 3
[DBG] PASS: 2 Imm H =EWRAM/=EWRAM Old 3
[DBG] DMA test: 3 Imm H =EWRAM/=EWRAM
[DBG] PASS: 3 Imm H =EWRAM/=EWRAM 3
[DBG] PASS: 3 Imm H =EWRAM/=EWRAM Old 3
[DBG] DMA test: 0 Imm H =EWRAM/=ROM
[DBG] PASS: 0 Imm H =EWRAM/=ROM 3
[DBG] PASS: 0 Imm H =EWRAM/=ROM Old 3
[DBG] DMA test: 1 Imm H =EWRAM/=ROM
[DBG] PASS: 1 Imm H =EWRAM/=ROM 3
[DBG] PASS: 1 Imm H =EWRAM/=ROM Old 3
[DBG] DMA test: 2 Imm H =EWRAM/=ROM
[DBG] PASS: 2 Imm H =EWRAM/=ROM 3
[DBG] PASS: 2 Imm H =EWRAM/=ROM Old 3
[DBG] DMA test: 3 Imm H =EWRAM/=ROM
[DBG] PASS: 3 Imm H =EWRAM/=ROM 3
[DBG] PASS: 3 Imm H =EWRAM/=ROM Old 3
[DBG] DMA test: 0 Imm H =ROM/=IWRAM
[DBG] PASS: 0 Imm H =ROM/=IWRAM 3
[DBG] DMA test: 1 Imm H =ROM/=IWRAM
[DBG] FAIL: 1 Imm H =ROM/=IWRAM 3
[DBG] 3: Got CB0EBEEF vs CB0EDEAD: FAIL
[DBG] DMA test: 2 Imm H =ROM/=IWRAM
[DBG] FAIL: 2 Imm H =ROM/=IWRAM 3
[DBG] 3: Got CB0EBEEF vs CB0EDEAD: FAIL
[DBG] DMA test: 3 Imm H =ROM/=IWRAM
[DBG] FAIL: 3 Imm H =ROM/=IWRAM 3
[DBG] 3: Got CB0EBEEF vs CB0EDEAD: FAIL
[DBG] DMA test: 0 Imm H =ROM/=EWRAM
[DBG] PASS: 0 Imm H =ROM/=EWRAM 3
[DBG] PASS: 0 Imm H =ROM/=EWRAM Old 3
[DBG] DMA test: 1 Imm H =ROM/=EWRAM
[DBG] FAIL: 1 Imm H =ROM/=EWRAM 3
[DBG] 3: Got FEFDBEEF vs FEFDDEAD: FAIL
[DBG] PASS: 1 Imm H =ROM/=EWRAM Old 3
[DBG] DMA test: 2 Imm H =ROM/=EWRAM
[DBG] FAIL: 2 Imm H =ROM/=EWRAM 3
[DBG] 3: Got FEFDBEEF vs FEFDDEAD: FAIL
[DBG] PASS: 2 Imm H =ROM/=EWRAM Old 3
[DBG] DMA test: 3 Imm H =ROM/=EWRAM
[DBG] FAIL: 3 Imm H =ROM/=EWRAM 3
[DBG] 3: Got FEFDBEEF vs FEFDDEAD: FAIL
[DBG] PASS: 3 Imm H =ROM/=EWRAM Old 3
[DBG] DMA test: 0 Imm H =ROM/=ROM
[DBG] PASS: 0 Imm H =ROM/=ROM 3
[DBG] PASS: 0 Imm H =ROM/=ROM Old 3
[DBG] DMA test: 1 Imm H =ROM/=ROM
[DBG] PASS: 1 Imm H =ROM/=ROM 3
[DBG] PASS: 1 Imm H =ROM/=ROM Old 3
[DBG] DMA test: 2 Imm H =ROM/=ROM
[DBG] PASS: 2 Imm H =ROM/=ROM 3
[DBG] PASS: 2 Imm H =ROM/=ROM Old 3
[DBG] DMA test: 3 Imm H =ROM/=ROM
[DBG] PASS: 3 Imm H =ROM/=ROM 3
[DBG] PASS: 3 Imm H =ROM/=ROM Old 3
[DBG] DMA test: 0 Imm H =BIOS/=IWRAM
[DBG] PASS: 0 Imm H =BIOS/=IWRAM 3
[DBG] DMA test: 1 Imm H =BIOS/=IWRAM
[DBG] PASS: 1 Imm H =BIOS/=IWRAM 3
[DBG] DMA test: 2 Imm H =BIOS/=IWRAM
[DBG] PASS: 2 Imm H =BIOS/=IWRAM 3
[DBG] DMA test: 3 Imm H =BIOS/=IWRAM
[DBG] PASS: 3 Imm H =BIOS/=IWRAM 3
[DBG] DMA test: 0 Imm H =BIOS/=EWRAM
[DBG] PASS: 0 Imm H =BIOS/=EWRAM 3
[DBG] PASS: 0 Imm H =BIOS/=EWRAM Old 3
[DBG] DMA test: 1 Imm H =BIOS/=EWRAM
[DBG] PASS: 1 Imm H =BIOS/=EWRAM 3
[DBG] PASS: 1 Imm H =BIOS/=EWRAM Old 3
[DBG] DMA test: 2 Imm H =BIOS/=EWRAM
[DBG] PASS: 2 Imm H =BIOS/=EWRAM 3
[DBG] PASS: 2 Imm H =BIOS/=EWRAM Old 3
[DBG] DMA test: 3 Imm H =BIOS/=EWRAM
[DBG] PASS: 3 Imm H =BIOS/=EWRAM 3
[DBG] PASS: 3 Imm H =BIOS/=EWRAM Old 3
[DBG] DMA test: 0 Imm H =BIOS/=ROM
[DBG] PASS: 0 Imm H =BIOS/=ROM 3
[DBG] PASS: 0 Imm H =BIOS/=ROM Old 3
[DBG] DMA test: 1 Imm H =BIOS/=ROM
[DBG] PASS: 1 Imm H =BIOS/=ROM 3
[DBG] PASS: 1 Imm H =BIOS/=ROM Old 3
[DBG] DMA test: 2 Imm H =BIOS/=ROM
[DBG] PASS: 2 Imm H =BIOS/=ROM 3
[DBG] PASS: 2 Imm H =BIOS/=ROM Old 3
[DBG] DMA test: 3 Imm H =BIOS/=ROM
[DBG] PASS: 3 Imm H =BIOS/=ROM 3
[DBG] PASS: 3 Imm H =BIOS/=ROM Old 3
[DBG] DMA test: 0 Imm H =SRAM/=IWRAM
[DBG] PASS: 0 Imm H =SRAM/=IWRAM 3
[DBG] DMA test: 1 Imm H =SRAM/=IWRAM
[DBG] PASS: 1 Imm H =SRAM/=IWRAM 3
[DBG] DMA test: 2 Imm H =SRAM/=IWRAM
[DBG] PASS: 2 Imm H =SRAM/=IWRAM 3
[DBG] DMA test: 3 Imm H =SRAM/=IWRAM
[DBG] PASS: 3 Imm H =SRAM/=IWRAM 3
[DBG] DMA test: 0 Imm H =SRAM/=EWRAM
[DBG] PASS: 0 Imm H =SRAM/=EWRAM 3
[DBG] PASS: 0 Imm H =SRAM/=EWRAM Old 3
[DBG] DMA test: 1 Imm H =SRAM/=EWRAM
[DBG] PASS: 1 Imm H =SRAM/=EWRAM 3
[DBG] PASS: 1 Imm H =SRAM/=EWRAM Old 3
[DBG] DMA test: 2 Imm H =SRAM/=EWRAM
[DBG] PASS: 2 Imm H =SRAM/=EWRAM 3
[DBG] PASS: 2 Imm H =SRAM/=EWRAM Old 3
[DBG] DMA test: 3 Imm H =SRAM/=EWRAM
[DBG] PASS: 3 Imm H =SRAM/=EWRAM 3
[DBG] PASS: 3 Imm H =SRAM/=EWRAM Old 3
[DBG] DMA test: 0 Imm H =SRAM/=ROM
[DBG] PASS: 0 Imm H =SRAM/=ROM 3
[DBG] PASS: 0 Imm H =SRAM/=ROM Old 3
[DBG] DMA test: 1 Imm H =SRAM/=ROM
[DBG] PASS: 1 Imm H =SRAM/=ROM 3
[DBG] PASS: 1 Imm H =SRAM/=ROM Old 3
[DBG] DMA test: 2 Imm H =SRAM/=ROM
[DBG] PASS: 2 Imm H =SRAM/=ROM 3
[DBG] PASS: 2 Imm H =SRAM/=ROM Old 3
[DBG] DMA test: 0 Imm W =IWRAM/=IWRAM
[DBG] PASS: 0 Imm W =IWRAM/=IWRAM 3
[DBG] DMA test: 1 Imm W =IWRAM/=IWRAM
[DBG] PASS: 1 Imm W =IWRAM/=IWRAM 3
[DBG] DMA test: 2 Imm W =IWRAM/=IWRAM
[DBG] PASS: 2 Imm W =IWRAM/=IWRAM 3
[DBG] DMA test: 3 Imm W =IWRAM/=IWRAM
[DBG] PASS: 3 Imm W =IWRAM/=IWRAM 3
[DBG] DMA test: 0 Imm W =IWRAM/=EWRAM
[DBG] PASS: 0 Imm W =IWRAM/=EWRAM 3
[DBG] PASS: 0 Imm W =IWRAM/=EWRAM Old 3
[DBG] DMA test: 1 Imm W =IWRAM/=EWRAM
[DBG] PASS: 1 Imm W =IWRAM/=EWRAM 3
[DBG] PASS: 1 Imm W =IWRAM/=EWRAM Old 3
[DBG] DMA test: 2 Imm W =IWRAM/=EWRAM
[DBG] PASS: 2 Imm W =IWRAM/=EWRAM 3
[DBG] PASS: 2 Imm W =IWRAM/=EWRAM Old 3
[DBG] DMA test: 3 Imm W =IWRAM/=EWRAM
[DBG] PASS: 3 Imm W =IWRAM/=EWRAM 3
[DBG] PASS: 3 Imm W =IWRAM/=EWRAM Old 3
[DBG] DMA test: 0 Imm W =IWRAM/=ROM
[DBG] PASS: 0 Imm W =IWRAM/=ROM 3
[DBG] PASS: 0 Imm W =IWRAM/=ROM Old 3
[DBG] DMA test: 1 Imm W =IWRAM/=ROM
[DBG] PASS: 1 Imm W =IWRAM/=ROM 3
[DBG] PASS: 1 Imm W =IWRAM/=ROM Old 3
[DBG] DMA test: 2 Imm W =IWRAM/=ROM
[DBG] PASS: 2 Imm W =IWRAM/=ROM 3
[DBG] PASS: 2 Imm W =IWRAM/=ROM Old 3
[DBG] DMA test: 3 Imm W =IWRAM/=ROM
[DBG] PASS: 3 Imm W =IWRAM/=ROM 3
[DBG] PASS: 3 Imm W =IWRAM/=ROM Old 3
[DBG] DMA test: 0 Imm W =EWRAM/=IWRAM
[DBG] PASS: 0 Imm W =EWRAM/=IWRAM 3
[DBG] DMA test: 1 Imm W =EWRAM/=IWRAM
[DBG] PASS: 1 Imm W =EWRAM/=IWRAM 3
[DBG] DMA test: 2 Imm W =EWRAM/=IWRAM
[DBG] PASS: 2 Imm W =EWRAM/=IWRAM 3
[DBG] DMA test: 3 Imm W =EWRAM/=IWRAM
[DBG] PASS: 3 Imm W =EWRAM/=IWRAM 3
[DBG] DMA test: 0 Imm W =EWRAM/=EWRAM
[DBG] PASS: 0 Imm W =EWRAM/=EWRAM 3
[DBG] PASS: 0 Imm W =EWRAM/=EWRAM Old 3
[DBG] DMA test: 1 Imm W =EWRAM/=EWRAM
[DBG] PASS: 1 Imm W =EWRAM/=EWRAM 3
[DBG] PASS: 1 Imm W =EWRAM/=EWRAM Old 3
[DBG] DMA test: 2 Imm W =EWRAM/=EWRAM
[DBG] PASS: 2 Imm W =EWRAM/=EWRAM 3
[DBG] PASS: 2 Imm W =EWRAM/=EWRAM Old 3
[DBG] DMA test: 3 Imm W =EWRAM/=EWRAM
[DBG] PASS: 3 Imm W =EWRAM/=EWRAM 3
[DBG] PASS: 3 Imm W =EWRAM/=EWRAM Old 3
[DBG] DMA test: 0 Imm W =EWRAM/=ROM
[DBG] PASS: 0 Imm W =EWRAM/=ROM 3
[DBG] PASS: 0 Imm W =EWRAM/=ROM Old 3
[DBG] DMA test: 1 Imm W =EWRAM/=ROM
[DBG] PASS: 1 Imm W =EWRAM/=ROM 3
[DBG] PASS: 1 Imm W =EWRAM/=ROM Old 3
[DBG] DMA test: 2 Imm W =EWRAM/=ROM
[DBG] PASS: 2 Imm W =EWRAM/=ROM 3
[DBG] PASS: 2 Imm W =EWRAM/=ROM Old 3
[DBG] DMA test: 3 Imm W =EWRAM/=ROM
[DBG] PASS: 3 Imm W =EWRAM/=ROM 3
[DBG] PASS: 3 Imm W =EWRAM/=ROM Old 3
[DBG] DMA test: 0 Imm W =ROM/=IWRAM
[DBG] PASS: 0 Imm W =ROM/=IWRAM 3
[DBG] DMA test: 1 Imm W =ROM/=IWRAM
[DBG] FAIL: 1 Imm W =ROM/=IWRAM 3
[DBG] 3: Got DEADBEEF vs DEADBEF2: FAIL
[DBG] DMA test: 2 Imm W =ROM/=IWRAM
[DBG] FAIL: 2 Imm W =ROM/=IWRAM 3
[DBG] 3: Got DEADBEEF vs DEADBEF2: FAIL
[DBG] DMA test: 3 Imm W =ROM/=IWRAM
[DBG] FAIL: 3 Imm W =ROM/=IWRAM 3
[DBG] 3: Got DEADBEEF vs DEADBEF2: FAIL
[DBG] DMA test: 0 Imm W =ROM/=EWRAM
[DBG] PASS: 0 Imm W =ROM/=EWRAM 3
[DBG] PASS: 0 Imm W =ROM/=EWRAM Old 3
[DBG] DMA test: 1 Imm W =ROM/=EWRAM
[DBG] FAIL: 1 Imm W =ROM/=EWRAM 3
[DBG] 3: Got DEADBEEF vs DEADBEF2: FAIL
[DBG] PASS: 1 Imm W =ROM/=EWRAM Old 3
[DBG] DMA test: 2 Imm W =ROM/=EWRAM
[DBG] FAIL: 2 Imm W =ROM/=EWRAM 3
[DBG] 3: Got DEADBEEF vs DEADBEF2: FAIL
[DBG] PASS: 2 Imm W =ROM/=EWRAM Old 3
[DBG] DMA test: 3 Imm W =ROM/=EWRAM
[DBG] FAIL: 3 Imm W =ROM/=EWRAM 3
[DBG] 3: Got DEADBEEF vs DEADBEF2: FAIL
[DBG] PASS: 3 Imm W =ROM/=EWRAM Old 3
[DBG] DMA test: 0 Imm W =ROM/=ROM
[DBG] PASS: 0 Imm W =ROM/=ROM 3
[DBG] PASS: 0 Imm W =ROM/=ROM Old 3
[DBG] DMA test: 1 Imm W =ROM/=ROM
[DBG] PASS: 1 Imm W =ROM/=ROM 3
[DBG] PASS: 1 Imm W =ROM/=ROM Old 3
[DBG] DMA test: 2 Imm W =ROM/=ROM
[DBG] PASS: 2 Imm W =ROM/=ROM 3
[DBG] PASS: 2 Imm W =ROM/=ROM Old 3
[DBG] DMA test: 3 Imm W =ROM/=ROM
[DBG] PASS: 3 Imm W =ROM/=ROM 3
[DBG] PASS: 3 Imm W =ROM/=ROM Old 3
[DBG] DMA test: 0 Imm W =BIOS/=IWRAM
[DBG] PASS: 0 Imm W =BIOS/=IWRAM 3
[DBG] DMA test: 1 Imm W =BIOS/=IWRAM
[DBG] PASS: 1 Imm W =BIOS/=IWRAM 3
[DBG] DMA test: 2 Imm W =BIOS/=IWRAM
[DBG] PASS: 2 Imm W =BIOS/=IWRAM 3
[DBG] DMA test: 3 Imm W =BIOS/=IWRAM
[DBG] PASS: 3 Imm W =BIOS/=IWRAM 3
[DBG] DMA test: 0 Imm W =BIOS/=EWRAM
[DBG] PASS: 0 Imm W =BIOS/=EWRAM 3
[DBG] PASS: 0 Imm W =BIOS/=EWRAM Old 3
[DBG] DMA test: 1 Imm W =BIOS/=EWRAM
[DBG] PASS: 1 Imm W =BIOS/=EWRAM 3
[DBG] PASS: 1 Imm W =BIOS/=EWRAM Old 3
[DBG] DMA test: 2 Imm W =BIOS/=EWRAM
[DBG] PASS: 2 Imm W =BIOS/=EWRAM 3
[DBG] PASS: 2 Imm W =BIOS/=EWRAM Old 3
[DBG] DMA test: 3 Imm W =BIOS/=EWRAM
[DBG] PASS: 3 Imm W =BIOS/=EWRAM 3
[DBG] PASS: 3 Imm W =BIOS/=EWRAM Old 3
[DBG] DMA test: 0 Imm W =BIOS/=ROM
[DBG] PASS: 0 Imm W =BIOS/=ROM 3
[DBG] PASS: 0 Imm W =BIOS/=ROM Old 3
[DBG] DMA test: 1 Imm W =BIOS/=ROM
[DBG] PASS: 1 Imm W =BIOS/=ROM 3
[DBG] PASS: 1 Imm W =BIOS/=ROM Old 3
[DBG] DMA test: 2 Imm W =BIOS/=ROM
[DBG] PASS: 2 Imm W =BIOS/=ROM 3
[DBG] PASS: 2 Imm W =BIOS/=ROM Old 3
[DBG] DMA test: 3 Imm W =BIOS/=ROM
[DBG] PASS: 3 Imm W =BIOS/=ROM 3
[DBG] PASS: 3 Imm W =BIOS/=ROM Old 3
[DBG] DMA test: 0 Imm W =SRAM/=IWRAM
[DBG] PASS: 0 Imm W =SRAM/=IWRAM 3
[DBG] DMA test: 1 Imm W =SRAM/=IWRAM
[DBG] PASS: 1 Imm W =SRAM/=IWRAM 3
[DBG] DMA test: 2 Imm W =SRAM/=IWRAM
[DBG] PASS: 2 Imm W =SRAM/=IWRAM 3
[DBG] DMA test: 3 Imm W =SRAM/=IWRAM
[DBG] PASS: 3 Imm W =SRAM/=IWRAM 3
[DBG] DMA test: 0 Imm W =SRAM/=EWRAM
[DBG] PASS: 0 Imm W =SRAM/=EWRAM 3
[DBG] PASS: 0 Imm W =SRAM/=EWRAM Old 3
[DBG] DMA test: 1 Imm W =SRAM/=EWRAM
[DBG] PASS: 1 Imm W =SRAM/=EWRAM 3
[DBG] PASS: 1 Imm W =SRAM/=EWRAM Old 3
[DBG] DMA test: 2 Imm W =SRAM/=EWRAM
[DBG] PASS: 2 Imm W =SRAM/=EWRAM 3
[DBG] PASS: 2 Imm W =SRAM/=EWRAM Old 3
[DBG] DMA test: 3 Imm W =SRAM/=EWRAM
[DBG] PASS: 3 Imm W =SRAM/=EWRAM 3
[DBG] PASS: 3 Imm W =SRAM/=EWRAM Old 3
[DBG] DMA test: 0 Imm W =SRAM/=ROM
[DBG] PASS: 0 Imm W =SRAM/=ROM 3
[DBG] PASS: 0 Imm W =SRAM/=ROM Old 3
[DBG] DMA test: 1 Imm W =SRAM/=ROM
[DBG] PASS: 1 Imm W =SRAM/=ROM 3
[DBG] PASS: 1 Imm W =SRAM/=ROM Old 3
[DBG] DMA test: 2 Imm W =SRAM/=ROM
[DBG] PASS: 2 Imm W =SRAM/=ROM 3
[DBG] PASS: 2 Imm W =SRAM/=ROM Old 3
[DBG] DMA test: 0 Imm H +IWRAM/=IWRAM
[DBG] PASS: 0 Imm H +IWRAM/=IWRAM 3
[DBG] DMA test: 1 Imm H +IWRAM/=IWRAM
[DBG] PASS: 1 Imm H +IWRAM/=IWRAM 3
[DBG] DMA test: 2 Imm H +IWRAM/=IWRAM
[DBG] PASS: 2 Imm H +IWRAM/=IWRAM 3
[DBG] DMA test: 3 Imm H +IWRAM/=IWRAM
[DBG] PASS: 3 Imm H +IWRAM/=IWRAM 3
[DBG] DMA test: 0 Imm H +IWRAM/=EWRAM
[DBG] PASS: 0 Imm H +IWRAM/=EWRAM 3
[DBG] PASS: 0 Imm H +IWRAM/=EWRAM Old 3
[DBG] DMA test: 1 Imm H +IWRAM/=EWRAM
[DBG] PASS: 1 Imm H +IWRAM/=EWRAM 3
[DBG] PASS: 1 Imm H +IWRAM/=EWRAM Old 3
[DBG] DMA test: 2 Imm H +IWRAM/=EWRAM
[DBG] PASS: 2 Imm H +IWRAM/=EWRAM 3
[DBG] PASS: 2 Imm H +IWRAM/=EWRAM Old 3
[DBG] DMA test: 3 Imm H +IWRAM/=EWRAM
[DBG] PASS: 3 Imm H +IWRAM/=EWRAM 3
[DBG] PASS: 3 Imm H +IWRAM/=EWRAM Old 3
[DBG] DMA test: 0 Imm H +IWRAM/=ROM
[DBG] PASS: 0 Imm H +IWRAM/=ROM 3
[DBG] PASS: 0 Imm H +IWRAM/=ROM Old 3
[DBG] DMA test: 1 Imm H +IWRAM/=ROM
[DBG] PASS: 1 Imm H +IWRAM/=ROM 3
[DBG] PASS: 1 Imm H +IWRAM/=ROM Old 3
[DBG] DMA test: 2 Imm H +IWRAM/=ROM
[DBG] PASS: 2 Imm H +IWRAM/=ROM 3
[DBG] PASS: 2 Imm H +IWRAM/=ROM Old 3
[DBG] DMA test: 3 Imm H +IWRAM/=ROM
[DBG] PASS: 3 Imm H +IWRAM/=ROM 3
[DBG] PASS: 3 Imm H +IWRAM/=ROM Old 3
[DBG] DMA test: 0 Imm H +EWRAM/=IWRAM
[DBG] PASS: 0 Imm H +EWRAM/=IWRAM 3
[DBG] DMA test: 1 Imm H +EWRAM/=IWRAM
[DBG] PASS: 1 Imm H +EWRAM/=IWRAM 3
[DBG] DMA test: 2 Imm H +EWRAM/=IWRAM
[DBG] PASS: 2 Imm H +EWRAM/=IWRAM 3
[DBG] DMA test: 3 Imm H +EWRAM/=IWRAM
[DBG] PASS: 3 Imm H +EWRAM/=IWRAM 3
[DBG] DMA test: 0 Imm H +EWRAM/=EWRAM
[DBG] PASS: 0 Imm H +EWRAM/=EWRAM 3
[DBG] PASS: 0 Imm H +EWRAM/=EWRAM Old 3
[DBG] DMA test: 1 Imm H +EWRAM/=EWRAM
[DBG] PASS: 1 Imm H +EWRAM/=EWRAM 3
[DBG] PASS: 1 Imm H +EWRAM/=EWRAM Old 3
[DBG] DMA test: 2 Imm H +EWRAM/=EWRAM
[DBG] PASS: 2 Imm H +EWRAM/=EWRAM 3
[DBG] PASS: 2 Imm H +EWRAM/=EWRAM Old 3
[DBG] DMA test: 3 Imm H +EWRAM/=EWRAM
[DBG] PASS: 3 Imm H +EWRAM/=EWRAM 3
[DBG] PASS: 3 Imm H +EWRAM/=EWRAM Old 3
[DBG] DMA test: 0 Imm H +EWRAM/=ROM
[DBG] PASS: 0 Imm H +EWRAM/=ROM 3
[DBG] PASS: 0 Imm H +EWRAM/=ROM Old 3
[DBG] DMA test: 1 Imm H +EWRAM/=ROM
[DBG] PASS: 1 Imm H +EWRAM/=ROM 3
[DBG] PASS: 1 Imm H +EWRAM/=ROM Old 3
[DBG] DMA test: 2 Imm H +EWRAM/=ROM
[DBG] PASS: 2 Imm H +EWRAM/=ROM 3
[DBG] PASS: 2 Imm H +EWRAM/=ROM Old 3
[DBG] DMA test: 3 Imm H +EWRAM/=ROM
[DBG] PASS: 3 Imm H +EWRAM/=ROM 3
[DBG] PASS: 3 Imm H +EWRAM/=ROM Old 3
[DBG] DMA test: 0 Imm H +ROM/=IWRAM
[DBG] PASS: 0 Imm H +ROM/=IWRAM 3
[DBG] DMA test: 1 Imm H +ROM/=IWRAM
[DBG] PASS: 1 Imm H +ROM/=IWRAM 3
[DBG] DMA test: 2 Imm H +ROM/=IWRAM
[DBG] PASS: 2 Imm H +ROM/=IWRAM 3
[DBG] DMA test: 3 Imm H +ROM/=IWRAM
[DBG] PASS: 3 Imm H +ROM/=IWRAM 3
[DBG] DMA test: 0 Imm H +ROM/=EWRAM
[DBG] PASS: 0 Imm H +ROM/=EWRAM 3
[DBG] PASS: 0 Imm H +ROM/=EWRAM Old 3
[DBG] DMA test: 1 Imm H +ROM/=EWRAM
[DBG] PASS: 1 Imm H +ROM/=EWRAM 3
[DBG] PASS: 1 Imm H +ROM/=EWRAM Old 3
[DBG] DMA test: 2 Imm H +ROM/=EWRAM
[DBG] PASS: 2 Imm H +ROM/=EWRAM 3
[DBG] PASS: 2 Imm H +ROM/=EWRAM Old 3
[DBG] DMA test: 3 Imm H +ROM/=EWRAM
[DBG] PASS: 3 Imm H +ROM/=EWRAM 3
[DBG] PASS: 3 Imm H +ROM/=EWRAM Old 3
[DBG] DMA test: 0 Imm H +ROM/=ROM
[DBG] PASS: 0 Imm H +ROM/=ROM 3
[DBG] PASS: 0 Imm H +ROM/=ROM Old 3
[DBG] DMA test: 1 Imm H +ROM/=ROM
[DBG] PASS: 1 Imm H +ROM/=ROM 3
[DBG] PASS: 1 Imm H +ROM/=ROM Old 3
[DBG] DMA test: 2 Imm H +ROM/=ROM
[DBG] PASS: 2 Imm H +ROM/=ROM 3
[DBG] PASS: 2 Imm H +ROM/=ROM Old 3
[DBG] DMA test: 3 Imm H +ROM/=ROM
[DBG] PASS: 3 Imm H +ROM/=ROM 3
[DBG] PASS: 3 Imm H +ROM/=ROM Old 3
[DBG] DMA test: 0 Imm H +BIOS/=IWRAM
[DBG] PASS: 0 Imm H +BIOS/=IWRAM 3
[DBG] DMA test: 1 Imm H +BIOS/=IWRAM
[DBG] PASS: 1 Imm H +BIOS/=IWRAM 3
[DBG] DMA test: 2 Imm H +BIOS/=IWRAM
[DBG] PASS: 2 Imm H +BIOS/=IWRAM 3
[DBG] DMA test: 3 Imm H +BIOS/=IWRAM
[DBG] PASS: 3 Imm H +BIOS/=IWRAM 3
[DBG] DMA test: 0 Imm H +BIOS/=EWRAM
[DBG] PASS: 0 Imm H +BIOS/=EWRAM 3
[DBG] PASS: 0 Imm H +BIOS/=EWRAM Old 3
[DBG] DMA test: 1 Imm H +BIOS/=EWRAM
[DBG] PASS: 1 Imm H +BIOS/=EWRAM 3
[DBG] PASS: 1 Imm H +BIOS/=EWRAM Old 3
[DBG] DMA test: 2 Imm H +BIOS/=EWRAM
[DBG] PASS: 2 Imm H +BIOS/=EWRAM 3
[DBG] PASS: 2 Imm H +BIOS/=EWRAM Old 3
[DBG] DMA test: 3 Imm H +BIOS/=EWRAM
[DBG] PASS: 3 Imm H +BIOS/=EWRAM 3
[DBG] PASS: 3 Imm H +BIOS/=EWRAM Old 3
[DBG] DMA test: 0 Imm H +BIOS/=ROM
[DBG] PASS: 0 Imm H +BIOS/=ROM 3
[DBG] PASS: 0 Imm H +BIOS/=ROM Old 3
[DBG] DMA test: 1 Imm H +BIOS/=ROM
[DBG] PASS: 1 Imm H +BIOS/=ROM 3
[DBG] PASS: 1 Imm H +BIOS/=ROM Old 3
[DBG] DMA test: 2 Imm H +BIOS/=ROM
[DBG] PASS: 2 Imm H +BIOS/=ROM 3
[DBG] PASS: 2 Imm H +BIOS/=ROM Old 3
[DBG] DMA test: 3 Imm H +BIOS/=ROM
[DBG] PASS: 3 Imm H +BIOS/=ROM 3
[DBG] PASS: 3 Imm H +BIOS/=ROM Old 3
[DBG] DMA test: 0 Imm H +SRAM/=IWRAM
[DBG] PASS: 0 Imm H +SRAM/=IWRAM 3
[DBG] DMA test: 1 Imm H +SRAM/=IWRAM
[DBG] PASS: 1 Imm H +SRAM/=IWRAM 3
[DBG] DMA test: 2 Imm H +SRAM/=IWRAM
[DBG] PASS: 2 Imm H +SRAM/=IWRAM 3
[DBG] DMA test: 3 Imm H +SRAM/=IWRAM
[DBG] PASS: 3 Imm H +SRAM/=IWRAM 3
[DBG] DMA test: 0 Imm H +SRAM/=EWRAM
[DBG] PASS: 0 Imm H +SRAM/=EWRAM 3
[DBG] PASS: 0 Imm H +SRAM/=EWRAM Old 3
[DBG] DMA test: 1 Imm H +SRAM/=EWRAM
[DBG] PASS: 1 Imm H +SRAM/=EWRAM 3
[DBG] PASS: 1 Imm H +SRAM/=EWRAM Old 3
[DBG] DMA test: 2 Imm H +SRAM/=EWRAM
[DBG] PASS: 2 Imm H +SRAM/=EWRAM 3
[DBG] PASS: 2 Imm H +SRAM/=EWRAM Old 3
[DBG] DMA test: 3 Imm H +SRAM/=EWRAM
[DBG] PASS: 3 Imm H +SRAM/=EWRAM 3
[DBG] PASS: 3 Imm H +SRAM/=EWRAM Old 3
[DBG] DMA test: 0 Imm H +SRAM/=ROM
[DBG] PASS: 0 Imm H +SRAM/=ROM 3
[DBG] PASS: 0 Imm H +SRAM/=ROM Old 3
[DBG] DMA test: 1 Imm H +SRAM/=ROM
[DBG] PASS: 1 Imm H +SRAM/=ROM 3
[DBG] PASS: 1 Imm H +SRAM/=ROM Old 3
[DBG] DMA test: 2 Imm H +SRAM/=ROM
[DBG] PASS: 2 Imm H +SRAM/=ROM 3
[DBG] PASS: 2 Imm H +SRAM/=ROM Old 3
[DBG] DMA test: 0 Imm W +IWRAM/=IWRAM
[DBG] PASS: 0 Imm W +IWRAM/=IWRAM 3
[DBG] DMA test: 1 Imm W +IWRAM/=IWRAM
[DBG] PASS: 1 Imm W +IWRAM/=IWRAM 3
[DBG] DMA test: 2 Imm W +IWRAM/=IWRAM
[DBG] PASS: 2 Imm W +IWRAM/=IWRAM 3
[DBG] DMA test: 3 Imm W +IWRAM/=IWRAM
[DBG] PASS: 3 Imm W +IWRAM/=IWRAM 3
[DBG] DMA test: 0 Imm W +IWRAM/=EWRAM
[DBG] PASS: 0 Imm W +IWRAM/=EWRAM 3
[DBG] PASS: 0 Imm W +IWRAM/=EWRAM Old 3
[DBG] DMA test: 1 Imm W +IWRAM/=EWRAM
[DBG] PASS: 1 Imm W +IWRAM/=EWRAM 3
[DBG] PASS: 1 Imm W +IWRAM/=EWRAM Old 3
[DBG] DMA test: 2 Imm W +IWRAM/=EWRAM
[DBG] PASS: 2 Imm W +IWRAM/=EWRAM 3
[DBG] PASS: 2 Imm W +IWRAM/=EWRAM Old 3
[DBG] DMA test: 3 Imm W +IWRAM/=EWRAM
[DBG] PASS: 3 Imm W +IWRAM/=EWRAM 3
[DBG] PASS: 3 Imm W +IWRAM/=EWRAM Old 3
[DBG] DMA test: 0 Imm W +IWRAM/=ROM
[DBG] PASS: 0 Imm W +IWRAM/=ROM 3
[DBG] PASS: 0 Imm W +IWRAM/=ROM Old 3
[DBG] DMA test: 1 Imm W +IWRAM/=ROM
[DBG] PASS: 1 Imm W +IWRAM/=ROM 3
[DBG] PASS: 1 Imm W +IWRAM/=ROM Old 3
[DBG] DMA test: 2 Imm W +IWRAM/=ROM
[DBG] PASS: 2 Imm W +IWRAM/=ROM 3
[DBG] PASS: 2 Imm W +IWRAM/=ROM Old 3
[DBG] DMA test: 3 Imm W +IWRAM/=ROM
[DBG] PASS: 3 Imm W +IWRAM/=ROM 3
[DBG] PASS: 3 Imm W +IWRAM/=ROM Old 3
[DBG] DMA test: 0 Imm W +EWRAM/=IWRAM
[DBG] PASS: 0 Imm W +EWRAM/=IWRAM 3
[DBG] DMA test: 1 Imm W +EWRAM/=IWRAM
[DBG] PASS: 1 Imm W +EWRAM/=IWRAM 3
[DBG] DMA test: 2 Imm W +EWRAM/=IWRAM
[DBG] PASS: 2 Imm W +EWRAM/=IWRAM 3
[DBG] DMA test: 3 Imm W +EWRAM/=IWRAM
[DBG] PASS: 3 Imm W +EWRAM/=IWRAM 3
[DBG] DMA test: 0 Imm W +EWRAM/=EWRAM
[DBG] PASS: 0 Imm W +EWRAM/=EWRAM 3
[DBG] PASS: 0 Imm W +EWRAM/=EWRAM Old 3
[DBG] DMA test: 1 Imm W +EWRAM/=EWRAM
[DBG] PASS: 1 Imm W +EWRAM/=EWRAM 3
[DBG] PASS: 1 Imm W +EWRAM/=EWRAM Old 3
[DBG] DMA test: 2 Imm W +EWRAM/=EWRAM
[DBG] PASS: 2 Imm W +EWRAM/=EWRAM 3
[DBG] PASS: 2 Imm W +EWRAM/=EWRAM Old 3
[DBG] DMA test: 3 Imm W +EWRAM/=EWRAM
[DBG] PASS: 3 Imm W +EWRAM/=EWRAM 3
[DBG] PASS: 3 Imm W +EWRAM/=EWRAM Old 3
[DBG] DMA test: 0 Imm W +EWRAM/=ROM
[DBG] PASS: 0 Imm W +EWRAM/=ROM 3
[DBG] PASS: 0 Imm W +EWRAM/=ROM Old 3
[DBG] DMA test: 1 Imm W +EWRAM/=ROM
[DBG] PASS: 1 Imm W +EWRAM/=ROM 3
[DBG] PASS: 1 Imm W +EWRAM/=ROM Old 3
[DBG] DMA test: 2 Imm W +EWRAM/=ROM
[DBG] PASS: 2 Imm W +EWRAM/=ROM 3
[DBG] PASS: 2 Imm W +EWRAM/=ROM Old 3
[DBG] DMA test: 3 Imm W +EWRAM/=ROM
[DBG] PASS: 3 Imm W +EWRAM/=ROM 3
[DBG] PASS: 3 Imm W +EWRAM/=ROM Old 3
[DBG] DMA test: 0 Imm W +ROM/=IWRAM
[DBG] PASS: 0 Imm W +ROM/=IWRAM 3
[DBG] DMA test: 1 Imm W +ROM/=IWRAM
[DBG] PASS: 1 Imm W +ROM/=IWRAM 3
[DBG] DMA test: 2 Imm W +ROM/=IWRAM
[DBG] PASS: 2 Imm W +ROM/=IWRAM 3
[DBG] DMA test: 3 Imm W +ROM/=IWRAM
[DBG] PASS: 3 Imm W +ROM/=IWRAM 3
[DBG] DMA test: 0 Imm W +ROM/=EWRAM
[DBG] PASS: 0 Imm W +ROM/=EWRAM 3
[DBG] PASS: 0 Imm W +ROM/=EWRAM Old 3
[DBG] DMA test: 1 Imm W +ROM/=EWRAM
[DBG] PASS: 1 Imm W +ROM/=EWRAM 3
[DBG] PASS: 1 Imm W +ROM/=EWRAM Old 3
[DBG] DMA test: 2 Imm W +ROM/=EWRAM
[DBG] PASS: 2 Imm W +ROM/=EWRAM 3
[DBG] PASS: 2 Imm W +ROM/=EWRAM Old 3
[DBG] DMA test: 3 Imm W +ROM/=EWRAM
[DBG] PASS: 3 Imm W +ROM/=EWRAM 3
[DBG] PASS: 3 Imm W +ROM/=EWRAM Old 3
[DBG] DMA test: 0 Imm W +ROM/=ROM
[DBG] PASS: 0 Imm W +ROM/=ROM 3
[DBG] PASS: 0 Imm W +ROM/=ROM Old 3
[DBG] DMA test: 1 Imm W +ROM/=ROM
[DBG] PASS: 1 Imm W +ROM/=ROM 3
[DBG] PASS: 1 Imm W +ROM/=ROM Old 3
[DBG] DMA test: 2 Imm W +ROM/=ROM
[DBG] PASS: 2 Imm W +ROM/=ROM 3
[DBG] PASS: 2 Imm W +ROM/=ROM Old 3
[DBG] DMA test: 3 Imm W +ROM/=ROM
[DBG] PASS: 3 Imm W +ROM/=ROM 3
[DBG] PASS: 3 Imm W +ROM/=ROM Old 3
[DBG] DMA test: 0 Imm W +BIOS/=IWRAM
[DBG] PASS: 0 Imm W +BIOS/=IWRAM 3
[DBG] DMA test: 1 Imm W +BIOS/=IWRAM
[DBG] PASS: 1 Imm W +BIOS/=IWRAM 3
[DBG] DMA test: 2 Imm W +BIOS/=IWRAM
[DBG] PASS: 2 Imm W +BIOS/=IWRAM 3
[DBG] DMA test: 3 Imm W +BIOS/=IWRAM
[DBG] PASS: 3 Imm W +BIOS/=IWRAM 3
[DBG] DMA test: 0 Imm W +BIOS/=EWRAM
[DBG] PASS: 0 Imm W +BIOS/=EWRAM 3
[DBG] PASS: 0 Imm W +BIOS/=EWRAM Old 3
[DBG] DMA test: 1 Imm W +BIOS/=EWRAM
[DBG] PASS: 1 Imm W +BIOS/=EWRAM 3
[DBG] PASS: 1 Imm W +BIOS/=EWRAM Old 3
[DBG] DMA test: 2 Imm W +BIOS/=EWRAM
[DBG] PASS: 2 Imm W +BIOS/=EWRAM 3
[DBG] PASS: 2 Imm W +BIOS/=EWRAM Old 3
[DBG] DMA test: 3 Imm W +BIOS/=EWRAM
[DBG] PASS: 3 Imm W +BIOS/=EWRAM 3
[DBG] PASS: 3 Imm W +BIOS/=EWRAM Old 3
[DBG] DMA test: 0 Imm W +BIOS/=ROM
[DBG] PASS: 0 Imm W +BIOS/=ROM 3
[DBG] PASS: 0 Imm W +BIOS/=ROM Old 3
[DBG] DMA test: 1 Imm W +BIOS/=ROM
[DBG] PASS: 1 Imm W +BIOS/=ROM 3
[DBG] PASS: 1 Imm W +BIOS/=ROM Old 3
[DBG] DMA test: 2 Imm W +BIOS/=ROM
[DBG] PASS: 2 Imm W +BIOS/=ROM 3
[DBG] PASS: 2 Imm W +BIOS/=ROM Old 3
[DBG] DMA test: 3 Imm W +BIOS/=ROM
[DBG] PASS: 3 Imm W +BIOS/=ROM 3
[DBG] PASS: 3 Imm W +BIOS/=ROM Old 3
[DBG] DMA test: 0 Imm W +SRAM/=IWRAM
[DBG] PASS: 0 Imm W +SRAM/=IWRAM 3
[DBG] DMA test: 1 Imm W +SRAM/=IWRAM
[DBG] PASS: 1 Imm W +SRAM/=IWRAM 3
[DBG] DMA test: 2 Imm W +SRAM/=IWRAM
[DBG] PASS: 2 Imm W +SRAM/=IWRAM 3
[DBG] DMA test: 3 Imm W +SRAM/=IWRAM
[DBG] PASS: 3 Imm W +SRAM/=IWRAM 3
[DBG] DMA test: 0 Imm W +SRAM/=EWRAM
[DBG] PASS: 0 Imm W +SRAM/=EWRAM 3
[DBG] PASS: 0 Imm W +SRAM/=EWRAM Old 3
[DBG] DMA test: 1 Imm W +SRAM/=EWRAM
[DBG] PASS: 1 Imm W +SRAM/=EWRAM 3
[DBG] PASS: 1 Imm W +SRAM/=EWRAM Old 3
[DBG] DMA test: 2 Imm W +SRAM/=EWRAM
[DBG] PASS: 2 Imm W +SRAM/=EWRAM 3
[DBG] PASS: 2 Imm W +SRAM/=EWRAM Old 3
[DBG] DMA test: 3 Imm W +SRAM/=EWRAM
[DBG] PASS: 3 Imm W +SRAM/=EWRAM 3
[DBG] PASS: 3 Imm W +SRAM/=EWRAM Old 3
[DBG] DMA test: 0 Imm W +SRAM/=ROM
[DBG] PASS: 0 Imm W +SRAM/=ROM 3
[DBG] PASS: 0 Imm W +SRAM/=ROM Old 3
[DBG] DMA test: 1 Imm W +SRAM/=ROM
[DBG] PASS: 1 Imm W +SRAM/=ROM 3
[DBG] PASS: 1 Imm W +SRAM/=ROM Old 3
[DBG] DMA test: 2 Imm W +SRAM/=ROM
[DBG] PASS: 2 Imm W +SRAM/=ROM 3
[DBG] PASS: 2 Imm W +SRAM/=ROM Old 3
[DBG] DMA test: 0 Imm H -IWRAM/=IWRAM
[DBG] PASS: 0 Imm H -IWRAM/=IWRAM 3
[DBG] DMA test: 1 Imm H -IWRAM/=IWRAM
[DBG] PASS: 1 Imm H -IWRAM/=IWRAM 3
[DBG] DMA test: 2 Imm H -IWRAM/=IWRAM
[DBG] PASS: 2 Imm H -IWRAM/=IWRAM 3
[DBG] DMA test: 3 Imm H -IWRAM/=IWRAM
[DBG] PASS: 3 Imm H -IWRAM/=IWRAM 3
[DBG] DMA test: 0 Imm H -IWRAM/=EWRAM
[DBG] PASS: 0 Imm H -IWRAM/=EWRAM 3
[DBG] PASS: 0 Imm H -IWRAM/=EWRAM Old 3
[DBG] DMA test: 1 Imm H -IWRAM/=EWRAM
[DBG] PASS: 1 Imm H -IWRAM/=EWRAM 3
[DBG] PASS: 1 Imm H -IWRAM/=EWRAM Old 3
[DBG] DMA test: 2 Imm H -IWRAM/=EWRAM
[DBG] PASS: 2 Imm H -IWRAM/=EWRAM 3
[DBG] PASS: 2 Imm H -IWRAM/=EWRAM Old 3
[DBG] DMA test: 3 Imm H -IWRAM/=EWRAM
[DBG] PASS: 3 Imm H -IWRAM/=EWRAM 3
[DBG] PASS: 3 Imm H -IWRAM/=EWRAM Old 3
[DBG] DMA test: 0 Imm H -IWRAM/=ROM
[DBG] PASS: 0 Imm H -IWRAM/=ROM 3
[DBG] PASS: 0 Imm H -IWRAM/=ROM Old 3
[DBG] DMA test: 1 Imm H -IWRAM/=ROM
[DBG] PASS: 1 Imm H -IWRAM/=ROM 3
[DBG] PASS: 1 Imm H -IWRAM/=ROM Old 3
[DBG] DMA test: 2 Imm H -IWRAM/=ROM
[DBG] PASS: 2 Imm H -IWRAM/=ROM 3
[DBG] PASS: 2 Imm H -IWRAM/=ROM Old 3
[DBG] DMA test: 3 Imm H -IWRAM/=ROM
[DBG] PASS: 3 Imm H -IWRAM/=ROM 3
[DBG] PASS: 3 Imm H -IWRAM/=ROM Old 3
[DBG] DMA test: 0 Imm H -EWRAM/=IWRAM
[DBG] PASS: 0 Imm H -EWRAM/=IWRAM 3
[DBG] DMA test: 1 Imm H -EWRAM/=IWRAM
[DBG] PASS: 1 Imm H -EWRAM/=IWRAM 3
[DBG] DMA test: 2 Imm H -EWRAM/=IWRAM
[DBG] PASS: 2 Imm H -EWRAM/=IWRAM 3
[DBG] DMA test: 3 Imm H -EWRAM/=IWRAM
[DBG] PASS: 3 Imm H -EWRAM/=IWRAM 3
[DBG] DMA test: 0 Imm H -EWRAM/=EWRAM
[DBG] PASS: 0 Imm H -EWRAM/=EWRAM 3
[DBG] PASS: 0 Imm H -EWRAM/=EWRAM Old 3
[DBG] DMA test: 1 Imm H -EWRAM/=EWRAM
[DBG] PASS: 1 Imm H -EWRAM/=EWRAM 3
[DBG] PASS: 1 Imm H -EWRAM/=EWRAM Old 3
[DBG] DMA test: 2 Imm H -EWRAM/=EWRAM
[DBG] PASS: 2 Imm H -EWRAM/=EWRAM 3
[DBG] PASS: 2 Imm H -EWRAM/=EWRAM Old 3
[DBG] DMA test: 3 Imm H -EWRAM/=EWRAM
[DBG] PASS: 3 Imm H -EWRAM/=EWRAM 3
[DBG] PASS: 3 Imm H -EWRAM/=EWRAM Old 3
[DBG] DMA test: 0 Imm H -EWRAM/=ROM
[DBG] PASS: 0 Imm H -EWRAM/=ROM 3
[DBG] PASS: 0 Imm H -EWRAM/=ROM Old 3
[DBG] DMA test: 1 Imm H -EWRAM/=ROM
[DBG] PASS: 1 Imm H -EWRAM/=ROM 3
[DBG] PASS: 1 Imm H -EWRAM/=ROM Old 3
[DBG] DMA test: 2 Imm H -EWRAM/=ROM
[DBG] PASS: 2 Imm H -EWRAM/=ROM 3
[DBG] PASS: 2 Imm H -EWRAM/=ROM Old 3
[DBG] DMA test: 3 Imm H -EWRAM/=ROM
[DBG] PASS: 3 Imm H -EWRAM/=ROM 3
[DBG] PASS: 3 Imm H -EWRAM/=ROM Old 3
[DBG] DMA test: 0 Imm H -ROM/=IWRAM
[DBG] PASS: 0 Imm H -ROM/=IWRAM 3
[DBG] DMA test: 1 Imm H -ROM/=IWRAM
[DBG] PASS: 1 Imm H -ROM/=IWRAM 3
[DBG] DMA test: 2 Imm H -ROM/=IWRAM
[DBG] PASS: 2 Imm H -ROM/=IWRAM 3
[DBG] DMA test: 3 Imm H -ROM/=IWRAM
[DBG] PASS: 3 Imm H -ROM/=IWRAM 3
[DBG] DMA test: 0 Imm H -ROM/=EWRAM
[DBG] PASS: 0 Imm H -ROM/=EWRAM 3
[DBG] PASS: 0 Imm H -ROM/=EWRAM Old 3
[DBG] DMA test: 1 Imm H -ROM/=EWRAM
[DBG] PASS: 1 Imm H -ROM/=EWRAM 3
[DBG] PASS: 1 Imm H -ROM/=EWRAM Old 3
[DBG] DMA test: 2 Imm H -ROM/=EWRAM
[DBG] PASS: 2 Imm H -ROM/=EWRAM 3
[DBG] PASS: 2 Imm H -ROM/=EWRAM Old 3
[DBG] DMA test: 3 Imm H -ROM/=EWRAM
[DBG] PASS: 3 Imm H -ROM/=EWRAM 3
[DBG] PASS: 3 Imm H -ROM/=EWRAM Old 3
[DBG] DMA test: 0 Imm H -ROM/=ROM
[DBG] PASS: 0 Imm H -ROM/=ROM 3
[DBG] PASS: 0 Imm H -ROM/=ROM Old 3
[DBG] DMA test: 1 Imm H -ROM/=ROM
[DBG] PASS: 1 Imm H -ROM/=ROM 3
[DBG] PASS: 1 Imm H -ROM/=ROM Old 3
[DBG] DMA test: 2 Imm H -ROM/=ROM
[DBG] PASS: 2 Imm H -ROM/=ROM 3
[DBG] PASS: 2 Imm H -ROM/=ROM Old 3
[DBG] DMA test: 3 Imm H -ROM/=ROM
[DBG] PASS: 3 Imm H -ROM/=ROM 3
[DBG] PASS: 3 Imm H -ROM/=ROM Old 3
[DBG] DMA test: 0 Imm H -BIOS/=IWRAM
[DBG] PASS: 0 Imm H -BIOS/=IWRAM 3
[DBG] DMA test: 1 Imm H -BIOS/=IWRAM
[DBG] PASS: 1 Imm H -BIOS/=IWRAM 3
[DBG] DMA test: 2 Imm H -BIOS/=IWRAM
[DBG] PASS: 2 Imm H -BIOS/=IWRAM 3
[DBG] DMA test: 3 Imm H -BIOS/=IWRAM
[DBG] PASS: 3 Imm H -BIOS/=IWRAM 3
[DBG] DMA test: 0 Imm H -BIOS/=EWRAM
[DBG] PASS: 0 Imm H -BIOS/=EWRAM 3
[DBG] PASS: 0 Imm H -BIOS/=EWRAM Old 3
[DBG] DMA test: 1 Imm H -BIOS/=EWRAM
[DBG] PASS: 1 Imm H -BIOS/=EWRAM 3
[DBG] PASS: 1 Imm H -BIOS/=EWRAM Old 3
[DBG] DMA test: 2 Imm H -BIOS/=EWRAM
[DBG] PASS: 2 Imm H -BIOS/=EWRAM 3
[DBG] PASS: 2 Imm H -BIOS/=EWRAM Old 3
[DBG] DMA test: 3 Imm H -BIOS/=EWRAM
[DBG] PASS: 3 Imm H -BIOS/=EWRAM 3
[DBG] PASS: 3 Imm H -BIOS/=EWRAM Old 3
[DBG] DMA test: 0 Imm H -BIOS/=ROM
[DBG] PASS: 0 Imm H -BIOS/=ROM 3
[DBG] PASS: 0 Imm H -BIOS/=ROM Old 3
[DBG] DMA test: 1 Imm H -BIOS/=ROM
[DBG] PASS: 1 Imm H -BIOS/=ROM 3
[DBG] PASS: 1 Imm H -BIOS/=ROM Old 3
[DBG] DMA test: 2 Imm H -BIOS/=ROM
[DBG] PASS: 2 Imm H -BIOS/=ROM 3
[DBG] PASS: 2 Imm H -BIOS/=ROM Old 3
[DBG] DMA test: 3 Imm H -BIOS/=ROM
[DBG] PASS: 3 Imm H -BIOS/=ROM 3
[DBG] PASS: 3 Imm H -BIOS/=ROM Old 3
[DBG] DMA test: 0 Imm H -SRAM/=IWRAM
[DBG] PASS: 0 Imm H -SRAM/=IWRAM 3
[DBG] DMA test: 1 Imm H -SRAM/=IWRAM
[DBG] PASS: 1 Imm H -SRAM/=IWRAM 3
[DBG] DMA test: 2 Imm H -SRAM/=IWRAM
[DBG] PASS: 2 Imm H -SRAM/=IWRAM 3
[DBG] DMA test: 3 Imm H -SRAM/=IWRAM
[DBG] PASS: 3 Imm H -SRAM/=IWRAM 3
[DBG] DMA test: 0 Imm H -SRAM/=EWRAM
[DBG] PASS: 0 Imm H -SRAM/=EWRAM 3
[DBG] PASS: 0 Imm H -SRAM/=EWRAM Old 3
[DBG] DMA test: 1 Imm H -SRAM/=EWRAM
[DBG] PASS: 1 Imm H -SRAM/=EWRAM 3
[DBG] PASS: 1 Imm H -SRAM/=EWRAM Old 3
[DBG] DMA test: 2 Imm H -SRAM/=EWRAM
[DBG] PASS: 2 Imm H -SRAM/=EWRAM 3
[DBG] PASS: 2 Imm H -SRAM/=EWRAM Old 3
[DBG] DMA test: 3 Imm H -SRAM/=EWRAM
[DBG] PASS: 3 Imm H -SRAM/=EWRAM 3
[DBG] PASS: 3 Imm H -SRAM/=EWRAM Old 3
[DBG] DMA test: 0 Imm H -SRAM/=ROM
[DBG] PASS: 0 Imm H -SRAM/=ROM 3
[DBG] PASS: 0 Imm H -SRAM/=ROM Old 3
[DBG] DMA test: 1 Imm H -SRAM/=ROM
[DBG] PASS: 1 Imm H -SRAM/=ROM 3
[DBG] PASS: 1 Imm H -SRAM/=ROM Old 3
[DBG] DMA test: 2 Imm H -SRAM/=ROM
[DBG] PASS: 2 Imm H -SRAM/=ROM 3
[DBG] PASS: 2 Imm H -SRAM/=ROM Old 3
[DBG] DMA test: 0 Imm W -IWRAM/=IWRAM
[DBG] PASS: 0 Imm W -IWRAM/=IWRAM 3
[DBG] DMA test: 1 Imm W -IWRAM/=IWRAM
[DBG] PASS: 1 Imm W -IWRAM/=IWRAM 3
[DBG] DMA test: 2 Imm W -IWRAM/=IWRAM
[DBG] PASS: 2 Imm W -IWRAM/=IWRAM 3
[DBG] DMA test: 3 Imm W -IWRAM/=IWRAM
[DBG] PASS: 3 Imm W -IWRAM/=IWRAM 3
[DBG] DMA test: 0 Imm W -IWRAM/=EWRAM
[DBG] PASS: 0 Imm W -IWRAM/=EWRAM 3
[DBG] PASS: 0 Imm W -IWRAM/=EWRAM Old 3
[DBG] DMA test: 1 Imm W -IWRAM/=EWRAM
[DBG] PASS: 1 Imm W -IWRAM/=EWRAM 3
[DBG] PASS: 1 Imm W -IWRAM/=EWRAM Old 3
[DBG] DMA test: 2 Imm W -IWRAM/=EWRAM
[DBG] PASS: 2 Imm W -IWRAM/=EWRAM 3
[DBG] PASS: 2 Imm W -IWRAM/=EWRAM Old 3
[DBG] DMA test: 3 Imm W -IWRAM/=EWRAM
[DBG] PASS: 3 Imm W -IWRAM/=EWRAM 3
[DBG] PASS: 3 Imm W -IWRAM/=EWRAM Old 3
[DBG] DMA test: 0 Imm W -IWRAM/=ROM
[DBG] PASS: 0 Imm W -IWRAM/=ROM 3
[DBG] PASS: 0 Imm W -IWRAM/=ROM Old 3
[DBG] DMA test: 1 Imm W -IWRAM/=ROM
[DBG] PASS: 1 Imm W -IWRAM/=ROM 3
[DBG] PASS: 1 Imm W -IWRAM/=ROM Old 3
[DBG] DMA test: 2 Imm W -IWRAM/=ROM
[DBG] PASS: 2 Imm W -IWRAM/=ROM 3
[DBG] PASS: 2 Imm W -IWRAM/=ROM Old 3
[DBG] DMA test: 3 Imm W -IWRAM/=ROM
[DBG] PASS: 3 Imm W -IWRAM/=ROM 3
[DBG] PASS: 3 Imm W -IWRAM/=ROM Old 3
[DBG] DMA test: 0 Imm W -EWRAM/=IWRAM
[DBG] PASS: 0 Imm W -EWRAM/=IWRAM 3
[DBG] DMA test: 1 Imm W -EWRAM/=IWRAM
[DBG] PASS: 1 Imm W -EWRAM/=IWRAM 3
[DBG] DMA test: 2 Imm W -EWRAM/=IWRAM
[DBG] PASS: 2 Imm W -EWRAM/=IWRAM 3
[DBG] DMA test: 3 Imm W -EWRAM/=IWRAM
[DBG] PASS: 3 Imm W -EWRAM/=IWRAM 3
[DBG] DMA test: 0 Imm W -EWRAM/=EWRAM
[DBG] PASS: 0 Imm W -EWRAM/=EWRAM 3
[DBG] PASS: 0 Imm W -EWRAM/=EWRAM Old 3
[DBG] DMA test: 1 Imm W -EWRAM/=EWRAM
[DBG] PASS: 1 Imm W -EWRAM/=EWRAM 3
[DBG] PASS: 1 Imm W -EWRAM/=EWRAM Old 3
[DBG] DMA test: 2 Imm W -EWRAM/=EWRAM
[DBG] PASS: 2 Imm W -EWRAM/=EWRAM 3
[DBG] PASS: 2 Imm W -EWRAM/=EWRAM Old 3
[DBG] DMA test: 3 Imm W -EWRAM/=EWRAM
[DBG] PASS: 3 Imm W -EWRAM/=EWRAM 3
[DBG] PASS: 3 Imm W -EWRAM/=EWRAM Old 3
[DBG] DMA test: 0 Imm W -EWRAM/=ROM
[DBG] PASS: 0 Imm W -EWRAM/=ROM 3
[DBG] PASS: 0 Imm W -EWRAM/=ROM Old 3
[DBG] DMA test: 1 Imm W -EWRAM/=ROM
[DBG] PASS: 1 Imm W -EWRAM/=ROM 3
[DBG] PASS: 1 Imm W -EWRAM/=ROM Old 3
[DBG] DMA test: 2 Imm W -EWRAM/=ROM
[DBG] PASS: 2 Imm W -EWRAM/=ROM 3
[DBG] PASS: 2 Imm W -EWRAM/=ROM Old 3
[DBG] DMA test: 3 Imm W -EWRAM/=ROM
[DBG] PASS: 3 Imm W -EWRAM/=ROM 3
[DBG] PASS: 3 Imm W -EWRAM/=ROM Old 3
[DBG] DMA test: 0 Imm W -ROM/=IWRAM
[DBG] PASS: 0 Imm W -ROM/=IWRAM 3
[DBG] DMA test: 1 Imm W -ROM/=IWRAM
[DBG] FAIL: 1 Imm W -ROM/=IWRAM 3
[DBG] 3: Got DEADBEEC vs DEADBEF2: FAIL
[DBG] DMA test: 2 Imm W -ROM/=IWRAM
[DBG] FAIL: 2 Imm W -ROM/=IWRAM 3
[DBG] 3: Got DEADBEEC vs DEADBEF2: FAIL
[DBG] DMA test: 3 Imm W -ROM/=IWRAM
[DBG] FAIL: 3 Imm W -ROM/=IWRAM 3
[DBG] 3: Got DEADBEEC vs DEADBEF2: FAIL
[DBG] DMA test: 0 Imm W -ROM/=EWRAM
[DBG] PASS: 0 Imm W -ROM/=EWRAM 3
[DBG] PASS: 0 Imm W -ROM/=EWRAM Old 3
[DBG] DMA test: 1 Imm W -ROM/=EWRAM
[DBG] FAIL: 1 Imm W -ROM/=EWRAM 3
[DBG] 3: Got DEADBEEC vs DEADBEF2: FAIL
[DBG] PASS: 1 Imm W -ROM/=EWRAM Old 3
[DBG] DMA test: 2 Imm W -ROM/=EWRAM
[DBG] FAIL: 2 Imm W -ROM/=EWRAM 3
[DBG] 3: Got DEADBEEC vs DEADBEF2: FAIL
[DBG] PASS: 2 Imm W -ROM/=EWRAM Old 3
[DBG] DMA test: 3 Imm W -ROM/=EWRAM
[DBG] FAIL: 3 Imm W -ROM/=EWRAM 3
[DBG] 3: Got DEADBEEC vs DEADBEF2: FAIL
[DBG] PASS: 3 Imm W -ROM/=EWRAM Old 3
[DBG] DMA test: 0 Imm W -ROM/=ROM
[DBG] PASS: 0 Imm W -ROM/=ROM 3
[DBG] PASS: 0 Imm W -ROM/=ROM Old 3
[DBG] DMA test: 1 Imm W -ROM/=ROM
[DBG] PASS: 1 Imm W -ROM/=ROM 3
[DBG] PASS: 1 Imm W -ROM/=ROM Old 3
[DBG] DMA test: 2 Imm W -ROM/=ROM
[DBG] PASS: 2 Imm W -ROM/=ROM 3
[DBG] PASS: 2 Imm W -ROM/=ROM Old 3
[DBG] DMA test: 3 Imm W -ROM/=ROM
[DBG] PASS: 3 Imm W -ROM/=ROM 3
[DBG] PASS: 3 Imm W -ROM/=ROM Old 3
[DBG] DMA test: 0 Imm W -BIOS/=IWRAM
[DBG] PASS: 0 Imm W -BIOS/=IWRAM 3
[DBG] DMA test: 1 Imm W -BIOS/=IWRAM
[DBG] PASS: 1 Imm W -BIOS/=IWRAM 3
[DBG] DMA test: 2 Imm W -BIOS/=IWRAM
[DBG] PASS: 2 Imm W -BIOS/=IWRAM 3
[DBG] DMA test: 3 Imm W -BIOS/=IWRAM
[DBG] PASS: 3 Imm W -BIOS/=IWRAM 3
[DBG] DMA test: 0 Imm W -BIOS/=EWRAM
[DBG] PASS: 0 Imm W -BIOS/=EWRAM 3
[DBG] PASS: 0 Imm W -BIOS/=EWRAM Old 3
[DBG] DMA test: 1 Imm W -BIOS/=EWRAM
[DBG] PASS: 1 Imm W -BIOS/=EWRAM 3
[DBG] PASS: 1 Imm W -BIOS/=EWRAM Old 3
[DBG] DMA test: 2 Imm W -BIOS/=EWRAM
[DBG] PASS: 2 Imm W -BIOS/=EWRAM 3
[DBG] PASS: 2 Imm W -BIOS/=EWRAM Old 3
[DBG] DMA test: 3 Imm W -BIOS/=EWRAM
[DBG] PASS: 3 Imm W -BIOS/=EWRAM 3
[DBG] PASS: 3 Imm W -BIOS/=EWRAM Old 3
[DBG] DMA test: 0 Imm W -BIOS/=ROM
[DBG] PASS: 0 Imm W -BIOS/=ROM 3
[DBG] PASS: 0 Imm W -BIOS/=ROM Old 3
[DBG] DMA test: 1 Imm W -BIOS/=ROM
[DBG] PASS: 1 Imm W -BIOS/=ROM 3
[DBG] PASS: 1 Imm W -BIOS/=ROM Old 3
[DBG] DMA test: 2 Imm W -BIOS/=ROM
[DBG] PASS: 2 Imm W -BIOS/=ROM 3
[DBG] PASS: 2 Imm W -BIOS/=ROM Old 3
[DBG] DMA test: 3 Imm W -BIOS/=ROM
[DBG] PASS: 3 Imm W -BIOS/=ROM 3
[DBG] PASS: 3 Imm W -BIOS/=ROM Old 3
[DBG] DMA test: 0 Imm W -SRAM/=IWRAM
[DBG] PASS: 0 Imm W -SRAM/=IWRAM 3
[DBG] DMA test: 1 Imm W -SRAM/=IWRAM
[DBG] PASS: 1 Imm W -SRAM/=IWRAM 3
[DBG] DMA test: 2 Imm W -SRAM/=IWRAM
[DBG] PASS: 2 Imm W -SRAM/=IWRAM 3
[DBG] DMA test: 3 Imm W -SRAM/=IWRAM
[DBG] PASS: 3 Imm W -SRAM/=IWRAM 3
[DBG] DMA test: 0 Imm W -SRAM/=EWRAM
[DBG] PASS: 0 Imm W -SRAM/=EWRAM 3
[DBG] PASS: 0 Imm W -SRAM/=EWRAM Old 3
[DBG] DMA test: 1 Imm W -SRAM/=EWRAM
[DBG] PASS: 1 Imm W -SRAM/=EWRAM 3
[DBG] PASS: 1 Imm W -SRAM/=EWRAM Old 3
[DBG] DMA test: 2 Imm W -SRAM/=EWRAM
[DBG] PASS: 2 Imm W -SRAM/=EWRAM 3
[DBG] PASS: 2 Imm W -SRAM/=EWRAM Old 3
[DBG] DMA test: 3 Imm W -SRAM/=EWRAM
[DBG] PASS: 3 Imm W -SRAM/=EWRAM 3
[DBG] PASS: 3 Imm W -SRAM/=EWRAM Old 3
[DBG] DMA test: 0 Imm W -SRAM/=ROM
[DBG] PASS: 0 Imm W -SRAM/=ROM 3
[DBG] PASS: 0 Imm W -SRAM/=ROM Old 3
[DBG] DMA test: 1 Imm W -SRAM/=ROM
[DBG] PASS: 1 Imm W -SRAM/=ROM 3
[DBG] PASS: 1 Imm W -SRAM/=ROM Old 3
[DBG] DMA test: 2 Imm W -SRAM/=ROM
[DBG] PASS: 2 Imm W -SRAM/=ROM 3
[DBG] PASS: 2 Imm W -SRAM/=ROM Old 3
[DBG] DMA test: 0 HBl H =IWRAM/=IWRAM
[DBG] PASS: 0 HBl H =IWRAM/=IWRAM 3
[DBG] DMA test: 1 HBl H =IWRAM/=IWRAM
[DBG] PASS: 1 HBl H =IWRAM/=IWRAM 3
[DBG] DMA test: 2 HBl H =IWRAM/=IWRAM
[DBG] PASS: 2 HBl H =IWRAM/=IWRAM 3
[DBG] DMA test: 3 HBl H =IWRAM/=IWRAM
[DBG] PASS: 3 HBl H =IWRAM/=IWRAM 3
[DBG] DMA test: 0 HBl H =IWRAM/=EWRAM
[DBG] PASS: 0 HBl H =IWRAM/=EWRAM 3
[DBG] PASS: 0 HBl H =IWRAM/=EWRAM Old 3
[DBG] DMA test: 1 HBl H =IWRAM/=EWRAM
[DBG] PASS: 1 HBl H =IWRAM/=EWRAM 3
[DBG] PASS: 1 HBl H =IWRAM/=EWRAM Old 3
[DBG] DMA test: 2 HBl H =IWRAM/=EWRAM
[DBG] PASS: 2 HBl H =IWRAM/=EWRAM 3
[DBG] PASS: 2 HBl H =IWRAM/=EWRAM Old 3
[DBG] DMA test: 3 HBl H =IWRAM/=EWRAM
[DBG] PASS: 3 HBl H =IWRAM/=EWRAM 3
[DBG] PASS: 3 HBl H =IWRAM/=EWRAM Old 3
[DBG] DMA test: 0 HBl H =IWRAM/=ROM
[DBG] PASS: 0 HBl H =IWRAM/=ROM 3
[DBG] PASS: 0 HBl H =IWRAM/=ROM Old 3
[DBG] DMA test: 1 HBl H =IWRAM/=ROM
[DBG] PASS: 1 HBl H =IWRAM/=ROM 3
[DBG] PASS: 1 HBl H =IWRAM/=ROM Old 3
[DBG] DMA test: 2 HBl H =IWRAM/=ROM
[DBG] PASS: 2 HBl H =IWRAM/=ROM 3
[DBG] PASS: 2 HBl H =IWRAM/=ROM Old 3
[DBG] DMA test: 3 HBl H =IWRAM/=ROM
[DBG] PASS: 3 HBl H =IWRAM/=ROM 3
[DBG] PASS: 3 HBl H =IWRAM/=ROM Old 3
[DBG] DMA test: 0 HBl H =EWRAM/=IWRAM
[DBG] PASS: 0 HBl H =EWRAM/=IWRAM 3
[DBG] DMA test: 1 HBl H =EWRAM/=IWRAM
[DBG] PASS: 1 HBl H =EWRAM/=IWRAM 3
[DBG] DMA test: 2 HBl H =EWRAM/=IWRAM
[DBG] PASS: 2 HBl H =EWRAM/=IWRAM 3
[DBG] DMA test: 3 HBl H =EWRAM/=IWRAM
[DBG] PASS: 3 HBl H =EWRAM/=IWRAM 3
[DBG] DMA test: 0 HBl H =EWRAM/=EWRAM
[DBG] PASS: 0 HBl H =EWRAM/=EWRAM 3
[DBG] PASS: 0 HBl H =EWRAM/=EWRAM Old 3
[DBG] DMA test: 1 HBl H =EWRAM/=EWRAM
[DBG] PASS: 1 HBl H =EWRAM/=EWRAM 3
[DBG] PASS: 1 HBl H =EWRAM/=EWRAM Old 3
[DBG] DMA test: 2 HBl H =EWRAM/=EWRAM
[DBG] PASS: 2 HBl H =EWRAM/=EWRAM 3
[DBG] PASS: 2 HBl H =EWRAM/=EWRAM Old 3
[DBG] DMA test: 3 HBl H =EWRAM/=EWRAM
[DBG] PASS: 3 HBl H =EWRAM/=EWRAM 3
[DBG] PASS: 3 HBl H =EWRAM/=EWRAM Old 3
[DBG] DMA test: 0 HBl H =EWRAM/=ROM
[DBG] PASS: 0 HBl H =EWRAM/=ROM 3
[DBG] PASS: 0 HBl H =EWRAM/=ROM Old 3
[DBG] DMA test: 1 HBl H =EWRAM/=ROM
[DBG] PASS: 1 HBl H =EWRAM/=ROM 3
[DBG] PASS: 1 HBl H =EWRAM/=ROM Old 3
[DBG] DMA test: 2 HBl H =EWRAM/=ROM
[DBG] PASS: 2 HBl H =EWRAM/=ROM 3
[DBG] PASS: 2 HBl H =EWRAM/=ROM Old 3
[DBG] DMA test: 3 HBl H =EWRAM/=ROM
[DBG] PASS: 3 HBl H =EWRAM/=ROM 3
[DBG] PASS: 3 HBl H =EWRAM/=ROM Old 3
[DBG] DMA test: 0 HBl H =ROM/=IWRAM
[DBG] PASS: 0 HBl H =ROM/=IWRAM 3
[DBG] DMA test: 1 HBl H =ROM/=IWRAM
[DBG] FAIL: 1 HBl H =ROM/=IWRAM 3
[DBG] 3: Got CB0EBEEF vs CB0EDEAD: FAIL
[DBG] DMA test: 2 HBl H =ROM/=IWRAM
[DBG] FAIL: 2 HBl H =ROM/=IWRAM 3
[DBG] 3: Got CB0EBEEF vs CB0EDEAD: FAIL
[DBG] DMA test: 3 HBl H =ROM/=IWRAM
[DBG] FAIL: 3 HBl H =ROM/=IWRAM 3
[DBG] 3: Got CB0EBEEF vs CB0EDEAD: FAIL
[DBG] DMA test: 0 HBl H =ROM/=EWRAM
[DBG] PASS: 0 HBl H =ROM/=EWRAM 3
[DBG] PASS: 0 HBl H =ROM/=EWRAM Old 3
[DBG] DMA test: 1 HBl H =ROM/=EWRAM
[DBG] FAIL: 1 HBl H =ROM/=EWRAM 3
[DBG] 3: Got FEFDBEEF vs FEFDDEAD: FAIL
[DBG] PASS: 1 HBl H =ROM/=EWRAM Old 3
[DBG] DMA test: 2 HBl H =ROM/=EWRAM
[DBG] FAIL: 2 HBl H =ROM/=EWRAM 3
[DBG] 3: Got FEFDBEEF vs FEFDDEAD: FAIL
[DBG] PASS: 2 HBl H =ROM/=EWRAM Old 3
[DBG] DMA test: 3 HBl H =ROM/=EWRAM
[DBG] FAIL: 3 HBl H =ROM/=EWRAM 3
[DBG] 3: Got FEFDBEEF vs FEFDDEAD: FAIL
[DBG] PASS: 3 HBl H =ROM/=EWRAM Old 3
[DBG] DMA test: 0 HBl H =ROM/=ROM
[DBG] PASS: 0 HBl H =ROM/=ROM 3
[DBG] PASS: 0 HBl H =ROM/=ROM Old 3
[DBG] DMA test: 1 HBl H =ROM/=ROM
[DBG] PASS: 1 HBl H =ROM/=ROM 3
[DBG] PASS: 1 HBl H =ROM/=ROM Old 3
[DBG] DMA test: 2 HBl H =ROM/=ROM
[DBG] PASS: 2 HBl H =ROM/=ROM 3
[DBG] PASS: 2 HBl H =ROM/=ROM Old 3
[DBG] DMA test: 3 HBl H =ROM/=ROM
[DBG] PASS: 3 HBl H =ROM/=ROM 3
[DBG] PASS: 3 HBl H =ROM/=ROM Old 3
[DBG] DMA test: 0 HBl H =BIOS/=IWRAM
[DBG] PASS: 0 HBl H =BIOS/=IWRAM 3
[DBG] DMA test: 1 HBl H =BIOS/=IWRAM
[DBG] PASS: 1 HBl H =BIOS/=IWRAM 3
[DBG] DMA test: 2 HBl H =BIOS/=IWRAM
[DBG] PASS: 2 HBl H =BIOS/=IWRAM 3
[DBG] DMA test: 3 HBl H =BIOS/=IWRAM
[DBG] PASS: 3 HBl H =BIOS/=IWRAM 3
[DBG] DMA test: 0 HBl H =BIOS/=EWRAM
[DBG] PASS: 0 HBl H =BIOS/=EWRAM 3
[DBG] PASS: 0 HBl H =BIOS/=EWRAM Old 3
[DBG] DMA test: 1 HBl H =BIOS/=EWRAM
[DBG] PASS: 1 HBl H =BIOS/=EWRAM 3
[DBG] PASS: 1 HBl H =BIOS/=EWRAM Old 3
[DBG] DMA test: 2 HBl H =BIOS/=EWRAM
[DBG] PASS: 2 HBl H =BIOS/=EWRAM 3
[DBG] PASS: 2 HBl H =BIOS/=EWRAM Old 3
[DBG] DMA test: 3 HBl H =BIOS/=EWRAM
[DBG] PASS: 3 HBl H =BIOS/=EWRAM 3
[DBG] PASS: 3 HBl H =BIOS/=EWRAM Old 3
[DBG] DMA test: 0 HBl H =BIOS/=ROM
[DBG] PASS: 0 HBl H =BIOS/=ROM 3
[DBG] PASS: 0 HBl H =BIOS/=ROM Old 3
[DBG] DMA test: 1 HBl H =BIOS/=ROM
[DBG] PASS: 1 HBl H =BIOS/=ROM 3
[DBG] PASS: 1 HBl H =BIOS/=ROM Old 3
[DBG] DMA test: 2 HBl H =BIOS/=ROM
[DBG] PASS: 2 HBl H =BIOS/=ROM 3
[DBG] PASS: 2 HBl H =BIOS/=ROM Old 3
[DBG] DMA test: 3 HBl H =BIOS/=ROM
[DBG] PASS: 3 HBl H =BIOS/=ROM 3
[DBG] PASS: 3 HBl H =BIOS/=ROM Old 3
[DBG] DMA test: 0 HBl H =SRAM/=IWRAM
[DBG] PASS: 0 HBl H =SRAM/=IWRAM 3
[DBG] DMA test: 1 HBl H =SRAM/=IWRAM
[DBG] PASS: 1 HBl H =SRAM/=IWRAM 3
[DBG] DMA test: 2 HBl H =SRAM/=IWRAM
[DBG] PASS: 2 HBl H =SRAM/=IWRAM 3
[DBG] DMA test: 3 HBl H =SRAM/=IWRAM
[DBG] PASS: 3 HBl H =SRAM/=IWRAM 3
[DBG] DMA test: 0 HBl H =SRAM/=EWRAM
[DBG] PASS: 0 HBl H =SRAM/=EWRAM 3
[DBG] PASS: 0 HBl H =SRAM/=EWRAM Old 3
[DBG] DMA test: 1 HBl H =SRAM/=EWRAM
[DBG] PASS: 1 HBl H =SRAM/=EWRAM 3
[DBG] PASS: 1 HBl H =SRAM/=EWRAM Old 3
[DBG] DMA test: 2 HBl H =SRAM/=EWRAM
[DBG] PASS: 2 HBl H =SRAM/=EWRAM 3
[DBG] PASS: 2 HBl H =SRAM/=EWRAM Old 3
[DBG] DMA test: 3 HBl H =SRAM/=EWRAM
[DBG] PASS: 3 HBl H =SRAM/=EWRAM 3
[DBG] PASS: 3 HBl H =SRAM/=EWRAM Old 3
[DBG] DMA test: 0 HBl H =SRAM/=ROM
[DBG] PASS: 0 HBl H =SRAM/=ROM 3
[DBG] PASS: 0 HBl H =SRAM/=ROM Old 3
[DBG] DMA test: 1 HBl H =SRAM/=ROM
[DBG] PASS: 1 HBl H =SRAM/=ROM 3
[DBG] PASS: 1 HBl H =SRAM/=ROM Old 3
[DBG] DMA test: 2 HBl H =SRAM/=ROM
[DBG] PASS: 2 HBl H =SRAM/=ROM 3
[DBG] PASS: 2 HBl H =SRAM/=ROM Old 3
[DBG] DMA test: 0 HBl W =IWRAM/=IWRAM
[DBG] PASS: 0 HBl W =IWRAM/=IWRAM 3
[DBG] DMA test: 1 HBl W =IWRAM/=IWRAM
[DBG] PASS: 1 HBl W =IWRAM/=IWRAM 3
[DBG] DMA test: 2 HBl W =IWRAM/=IWRAM
[DBG] PASS: 2 HBl W =IWRAM/=IWRAM 3
[DBG] DMA test: 3 HBl W =IWRAM/=IWRAM
[DBG] PASS: 3 HBl W =IWRAM/=IWRAM 3
[DBG] DMA test: 0 HBl W =IWRAM/=EWRAM
[DBG] PASS: 0 HBl W =IWRAM/=EWRAM 3
[DBG] PASS: 0 HBl W =IWRAM/=EWRAM Old 3
[DBG] DMA test: 1 HBl W =IWRAM/=EWRAM
[DBG] PASS: 1 HBl W =IWRAM/=EWRAM 3
[DBG] PASS: 1 HBl W =IWRAM/=EWRAM Old 3
[DBG] DMA test: 2 HBl W =IWRAM/=EWRAM
[DBG] PASS: 2 HBl W =IWRAM/=EWRAM 3
[DBG] PASS: 2 HBl W =IWRAM/=EWRAM Old 3
[DBG] DMA test: 3 HBl W =IWRAM/=EWRAM
[DBG] PASS: 3 HBl W =IWRAM/=EWRAM 3
[DBG] PASS: 3 HBl W =IWRAM/=EWRAM Old 3
[DBG] DMA test: 0 HBl W =IWRAM/=ROM
[DBG] PASS: 0 HBl W =IWRAM/=ROM 3
[DBG] PASS: 0 HBl W =IWRAM/=ROM Old 3
[DBG] DMA test: 1 HBl W =IWRAM/=ROM
[DBG] PASS: 1 HBl W =IWRAM/=ROM 3
[DBG] PASS: 1 HBl W =IWRAM/=ROM Old 3
[DBG] DMA test: 2 HBl W =IWRAM/=ROM
[DBG] PASS: 2 HBl W =IWRAM/=ROM 3
[DBG] PASS: 2 HBl W =IWRAM/=ROM Old 3
[DBG] DMA test: 3 HBl W =IWRAM/=ROM
[DBG] PASS: 3 HBl W =IWRAM/=ROM 3
[DBG] PASS: 3 HBl W =IWRAM/=ROM Old 3
[DBG] DMA test: 0 HBl W =EWRAM/=IWRAM
[DBG] PASS: 0 HBl W =EWRAM/=IWRAM 3
[DBG] DMA test: 1 HBl W =EWRAM/=IWRAM
[DBG] PASS: 1 HBl W =EWRAM/=IWRAM 3
[DBG] DMA test: 2 HBl W =EWRAM/=IWRAM
[DBG] PASS: 2 HBl W =EWRAM/=IWRAM 3
[DBG] DMA test: 3 HBl W =EWRAM/=IWRAM
[DBG] PASS: 3 HBl W =EWRAM/=IWRAM 3
[DBG] DMA test: 0 HBl W =EWRAM/=EWRAM
[DBG] PASS: 0 HBl W =EWRAM/=EWRAM 3
[DBG] PASS: 0 HBl W =EWRAM/=EWRAM Old 3
[DBG] DMA test: 1 HBl W =EWRAM/=EWRAM
[DBG] PASS: 1 HBl W =EWRAM/=EWRAM 3
[DBG] PASS: 1 HBl W =EWRAM/=EWRAM Old 3
[DBG] DMA test: 2 HBl W =EWRAM/=EWRAM
[DBG] PASS: 2 HBl W =EWRAM/=EWRAM 3
[DBG] PASS: 2 HBl W =EWRAM/=EWRAM Old 3
[DBG] DMA test: 3 HBl W =EWRAM/=EWRAM
[DBG] PASS: 3 HBl W =EWRAM/=EWRAM 3
[DBG] PASS: 3 HBl W =EWRAM/=EWRAM Old 3
[DBG] DMA test: 0 HBl W =EWRAM/=ROM
[DBG] PASS: 0 HBl W =EWRAM/=ROM 3
[DBG] PASS: 0 HBl W =EWRAM/=ROM Old 3
[DBG] DMA test: 1 HBl W =EWRAM/=ROM
[DBG] PASS: 1 HBl W =EWRAM/=ROM 3
[DBG] PASS: 1 HBl W =EWRAM/=ROM Old 3
[DBG] DMA test: 2 HBl W =EWRAM/=ROM
[DBG] PASS: 2 HBl W =EWRAM/=ROM 3
[DBG] PASS: 2 HBl W =EWRAM/=ROM Old 3
[DBG] DMA test: 3 HBl W =EWRAM/=ROM
[DBG] PASS: 3 HBl W =EWRAM/=ROM 3
[DBG] PASS: 3 HBl W =EWRAM/=ROM Old 3
[DBG] DMA test: 0 HBl W =ROM/=IWRAM
[DBG] PASS: 0 HBl W =ROM/=IWRAM 3
[DBG] DMA test: 1 HBl W =ROM/=IWRAM
[DBG] FAIL: 1 HBl W =ROM/=IWRAM 3
[DBG] 3: Got DEADBEEF vs DEADBEF2: FAIL
[DBG] DMA test: 2 HBl W =ROM/=IWRAM
[DBG] FAIL: 2 HBl W =ROM/=IWRAM 3
[DBG] 3: Got DEADBEEF vs DEADBEF2: FAIL
[DBG] DMA test: 3 HBl W =ROM/=IWRAM
[DBG] FAIL: 3 HBl W =ROM/=IWRAM 3
[DBG] 3: Got DEADBEEF vs DEADBEF2: FAIL
[DBG] DMA test: 0 HBl W =ROM/=EWRAM
[DBG] PASS: 0 HBl W =ROM/=EWRAM 3
[DBG] PASS: 0 HBl W =ROM/=EWRAM Old 3
[DBG] DMA test: 1 HBl W =ROM/=EWRAM
[DBG] FAIL: 1 HBl W =ROM/=EWRAM 3
[DBG] 3: Got DEADBEEF vs DEADBEF2: FAIL
[DBG] PASS: 1 HBl W =ROM/=EWRAM Old 3
[DBG] DMA test: 2 HBl W =ROM/=EWRAM
[DBG] FAIL: 2 HBl W =ROM/=EWRAM 3
[DBG] 3: Got DEADBEEF vs DEADBEF2: FAIL
[DBG] PASS: 2 HBl W =ROM/=EWRAM Old 3
[DBG] DMA test: 3 HBl W =ROM/=EWRAM
[DBG] FAIL: 3 HBl W =ROM/=EWRAM 3
[DBG] 3: Got DEADBEEF vs DEADBEF2: FAIL
[DBG] PASS: 3 HBl W =ROM/=EWRAM Old 3
[DBG] DMA test: 0 HBl W =ROM/=ROM
[DBG] PASS: 0 HBl W =ROM/=ROM 3
[DBG] PASS: 0 HBl W =ROM/=ROM Old 3
[DBG] DMA test: 1 HBl W =ROM/=ROM
[DBG] PASS: 1 HBl W =ROM/=ROM 3
[DBG] PASS: 1 HBl W =ROM/=ROM Old 3
[DBG] DMA test: 2 HBl W =ROM/=ROM
[DBG] PASS: 2 HBl W =ROM/=ROM 3
[DBG] PASS: 2 HBl W =ROM/=ROM Old 3
[DBG] DMA test: 3 HBl W =ROM/=ROM
[DBG] PASS: 3 HBl W =ROM/=ROM 3
[DBG] PASS: 3 HBl W =ROM/=ROM Old 3
[DBG] DMA test: 0 HBl W =BIOS/=IWRAM
[DBG] PASS: 0 HBl W =BIOS/=IWRAM 3
[DBG] DMA test: 1 HBl W =BIOS/=IWRAM
[DBG] PASS: 1 HBl W =BIOS/=IWRAM 3
[DBG] DMA test: 2 HBl W =BIOS/=IWRAM
[DBG] PASS: 2 HBl W =BIOS/=IWRAM 3
[DBG] DMA test: 3 HBl W =BIOS/=IWRAM
[DBG] PASS: 3 HBl W =BIOS/=IWRAM 3
[DBG] DMA test: 0 HBl W =BIOS/=EWRAM
[DBG] PASS: 0 HBl W =BIOS/=EWRAM 3
[DBG] PASS: 0 HBl W =BIOS/=EWRAM Old 3
[DBG] DMA test: 1 HBl W =BIOS/=EWRAM
[DBG] PASS: 1 HBl W =BIOS/=EWRAM 3
[DBG] PASS: 1 HBl W =BIOS/=EWRAM Old 3
[DBG] DMA test: 2 HBl W =BIOS/=EWRAM
[DBG] PASS: 2 HBl W =BIOS/=EWRAM 3
[DBG] PASS: 2 HBl W =BIOS/=EWRAM Old 3
[DBG] DMA test: 3 HBl W =BIOS/=EWRAM
[DBG] PASS: 3 HBl W =BIOS/=EWRAM 3
[DBG] PASS: 3 HBl W =BIOS/=EWRAM Old 3
[DBG] DMA test: 0 HBl W =BIOS/=ROM
[DBG] PASS: 0 HBl W =BIOS/=ROM 3
[DBG] PASS: 0 HBl W =BIOS/=ROM Old 3
[DBG] DMA test: 1 HBl W =BIOS/=ROM
[DBG] PASS: 1 HBl W =BIOS/=ROM 3
[DBG] PASS: 1 HBl W =BIOS/=ROM Old 3
[DBG] DMA test: 2 HBl W =BIOS/=ROM
[DBG] PASS: 2 HBl W =BIOS/=ROM 3
[DBG] PASS: 2 HBl W =BIOS/=ROM Old 3
[DBG] DMA test: 3 HBl W =BIOS/=ROM
[DBG] PASS: 3 HBl W =BIOS/=ROM 3
[DBG] PASS: 3 HBl W =BIOS/=ROM Old 3
[DBG] DMA test: 0 HBl W =SRAM/=IWRAM
[DBG] PASS: 0 HBl W =SRAM/=IWRAM 3
[DBG] DMA test: 1 HBl W =SRAM/=IWRAM
[DBG] PASS: 1 HBl W =SRAM/=IWRAM 3
[DBG] DMA test: 2 HBl W =SRAM/=IWRAM
[DBG] PASS: 2 HBl W =SRAM/=IWRAM 3
[DBG] DMA test: 3 HBl W =SRAM/=IWRAM
[DBG] PASS: 3 HBl W =SRAM/=IWRAM 3
[DBG] DMA test: 0 HBl W =SRAM/=EWRAM
[DBG] PASS: 0 HBl W =SRAM/=EWRAM 3
[DBG] PASS: 0 HBl W =SRAM/=EWRAM Old 3
[DBG] DMA test: 1 HBl W =SRAM/=EWRAM
[DBG] PASS: 1 HBl W =SRAM/=EWRAM 3
[DBG] PASS: 1 HBl W =SRAM/=EWRAM Old 3
[DBG] DMA test: 2 HBl W =SRAM/=EWRAM
[DBG] PASS: 2 HBl W =SRAM/=EWRAM 3
[DBG] PASS: 2 HBl W =SRAM/=EWRAM Old 3
[DBG] DMA test: 3 HBl W =SRAM/=EWRAM
[DBG] PASS: 3 HBl W =SRAM/=EWRAM 3
[DBG] PASS: 3 HBl W =SRAM/=EWRAM Old 3
[DBG] DMA test: 0 HBl W =SRAM/=ROM
[DBG] PASS: 0 HBl W =SRAM/=ROM 3
[DBG] PASS: 0 HBl W =SRAM/=ROM Old 3
[DBG] DMA test: 1 HBl W =SRAM/=ROM
[DBG] PASS: 1 HBl W =SRAM/=ROM 3
[DBG] PASS: 1 HBl W =SRAM/=ROM Old 3
[DBG] DMA test: 2 HBl W =SRAM/=ROM
[DBG] PASS: 2 HBl W =SRAM/=ROM 3
[DBG] PASS: 2 HBl W =SRAM/=ROM Old 3
[DBG] DMA test: 0 HBl H +IWRAM/=IWRAM
[DBG] PASS: 0 HBl H +IWRAM/=IWRAM 3
[DBG] DMA test: 1 HBl H +IWRAM/=IWRAM
[DBG] PASS: 1 HBl H +IWRAM/=IWRAM 3
[DBG] DMA test: 2 HBl H +IWRAM/=IWRAM
[DBG] PASS: 2 HBl H +IWRAM/=IWRAM 3
[DBG] DMA test: 3 HBl H +IWRAM/=IWRAM
[DBG] PASS: 3 HBl H +IWRAM/=IWRAM 3
[DBG] DMA test: 0 HBl H +IWRAM/=EWRAM
[DBG] PASS: 0 HBl H +IWRAM/=EWRAM 3
[DBG] PASS: 0 HBl H +IWRAM/=EWRAM Old 3
[DBG] DMA test: 1 HBl H +IWRAM/=EWRAM
[DBG] PASS: 1 HBl H +IWRAM/=EWRAM 3
[DBG] PASS: 1 HBl H +IWRAM/=EWRAM Old 3
[DBG] DMA test: 2 HBl H +IWRAM/=EWRAM
[DBG] PASS: 2 HBl H +IWRAM/=EWRAM 3
[DBG] PASS: 2 HBl H +IWRAM/=EWRAM Old 3
[DBG] DMA test: 3 HBl H +IWRAM/=EWRAM
[DBG] PASS: 3 HBl H +IWRAM/=EWRAM 3
[DBG] PASS: 3 HBl H +IWRAM/=EWRAM Old 3
[DBG] DMA test: 0 HBl H +IWRAM/=ROM
[DBG] PASS: 0 HBl H +IWRAM/=ROM 3
[DBG] PASS: 0 HBl H +IWRAM/=ROM Old 3
[DBG] DMA test: 1 HBl H +IWRAM/=ROM
[DBG] PASS: 1 HBl H +IWRAM/=ROM 3
[DBG] PASS: 1 HBl H +IWRAM/=ROM Old 3
[DBG] DMA test: 2 HBl H +IWRAM/=ROM
[DBG] PASS: 2 HBl H +IWRAM/=ROM 3
[DBG] PASS: 2 HBl H +IWRAM/=ROM Old 3
[DBG] DMA test: 3 HBl H +IWRAM/=ROM
[DBG] PASS: 3 HBl H +IWRAM/=ROM 3
[DBG] PASS: 3 HBl H +IWRAM/=ROM Old 3
[DBG] DMA test: 0 HBl H +EWRAM/=IWRAM
[DBG] PASS: 0 HBl H +EWRAM/=IWRAM 3
[DBG] DMA test: 1 HBl H +EWRAM/=IWRAM
[DBG] PASS: 1 HBl H +EWRAM/=IWRAM 3
[DBG] DMA test: 2 HBl H +EWRAM/=IWRAM
[DBG] PASS: 2 HBl H +EWRAM/=IWRAM 3
[DBG] DMA test: 3 HBl H +EWRAM/=IWRAM
[DBG] PASS: 3 HBl H +EWRAM/=IWRAM 3
[DBG] DMA test: 0 HBl H +EWRAM/=EWRAM
[DBG] PASS: 0 HBl H +EWRAM/=EWRAM 3
[DBG] PASS: 0 HBl H +EWRAM/=EWRAM Old 3
[DBG] DMA test: 1 HBl H +EWRAM/=EWRAM
[DBG] PASS: 1 HBl H +EWRAM/=EWRAM 3
[DBG] PASS: 1 HBl H +EWRAM/=EWRAM Old 3
[DBG] DMA test: 2 HBl H +EWRAM/=EWRAM
[DBG] PASS: 2 HBl H +EWRAM/=EWRAM 3
[DBG] PASS: 2 HBl H +EWRAM/=EWRAM Old 3
[DBG] DMA test: 3 HBl H +EWRAM/=EWRAM
[DBG] PASS: 3 HBl H +EWRAM/=EWRAM 3
[DBG] PASS: 3 HBl H +EWRAM/=EWRAM Old 3
[DBG] DMA test: 0 HBl H +EWRAM/=ROM
[DBG] PASS: 0 HBl H +EWRAM/=ROM 3
[DBG] PASS: 0 HBl H +EWRAM/=ROM Old 3
[DBG] DMA test: 1 HBl H +EWRAM/=ROM
[DBG] PASS: 1 HBl H +EWRAM/=ROM 3
[DBG] PASS: 1 HBl H +EWRAM/=ROM Old 3
[DBG] DMA test: 2 HBl H +EWRAM/=ROM
[DBG] PASS: 2 HBl H +EWRAM/=ROM 3
[DBG] PASS: 2 HBl H +EWRAM/=ROM Old 3
[DBG] DMA test: 3 HBl H +EWRAM/=ROM
[DBG] PASS: 3 HBl H +EWRAM/=ROM 3
[DBG] PASS: 3 HBl H +EWRAM/=ROM Old 3
[DBG] DMA test: 0 HBl H +ROM/=IWRAM
[DBG] PASS: 0 HBl H +ROM/=IWRAM 3
[DBG] DMA test: 1 HBl H +ROM/=IWRAM
[DBG] PASS: 1 HBl H +ROM/=IWRAM 3
[DBG] DMA test: 2 HBl H +ROM/=IWRAM
[DBG] PASS: 2 HBl H +ROM/=IWRAM 3
[DBG] DMA test: 3 HBl H +ROM/=IWRAM
[DBG] PASS: 3 HBl H +ROM/=IWRAM 3
[DBG] DMA test: 0 HBl H +ROM/=EWRAM
[DBG] PASS: 0 HBl H +ROM/=EWRAM 3
[DBG] PASS: 0 HBl H +ROM/=EWRAM Old 3
[DBG] DMA test: 1 HBl H +ROM/=EWRAM
[DBG] PASS: 1 HBl H +ROM/=EWRAM 3
[DBG] PASS: 1 HBl H +ROM/=EWRAM Old 3
[DBG] DMA test: 2 HBl H +ROM/=EWRAM
[DBG] PASS: 2 HBl H +ROM/=EWRAM 3
[DBG] PASS: 2 HBl H +ROM/=EWRAM Old 3
[DBG] DMA test: 3 HBl H +ROM/=EWRAM
[DBG] PASS: 3 HBl H +ROM/=EWRAM 3
[DBG] PASS: 3 HBl H +ROM/=EWRAM Old 3
[DBG] DMA test: 0 HBl H +ROM/=ROM
[DBG] PASS: 0 HBl H +ROM/=ROM 3
[DBG] PASS: 0 HBl H +ROM/=ROM Old 3
[DBG] DMA test: 1 HBl H +ROM/=ROM
[DBG] PASS: 1 HBl H +ROM/=ROM 3
[DBG] PASS: 1 HBl H +ROM/=ROM Old 3
[DBG] DMA test: 2 HBl H +ROM/=ROM
[DBG] PASS: 2 HBl H +ROM/=ROM 3
[DBG] PASS: 2 HBl H +ROM/=ROM Old 3
[DBG] DMA test: 3 HBl H +ROM/=ROM
[DBG] PASS: 3 HBl H +ROM/=ROM 3
[DBG] PASS: 3 HBl H +ROM/=ROM Old 3
[DBG] DMA test: 0 HBl H +BIOS/=IWRAM
[DBG] PASS: 0 HBl H +BIOS/=IWRAM 3
[DBG] DMA test: 1 HBl H +BIOS/=IWRAM
[DBG] PASS: 1 HBl H +BIOS/=IWRAM 3
[DBG] DMA test: 2 HBl H +BIOS/=IWRAM
[DBG] PASS: 2 HBl H +BIOS/=IWRAM 3
[DBG] DMA test: 3 HBl H +BIOS/=IWRAM
[DBG] PASS: 3 HBl H +BIOS/=IWRAM 3
[DBG] DMA test: 0 HBl H +BIOS/=EWRAM
[DBG] PASS: 0 HBl H +BIOS/=EWRAM 3
[DBG] PASS: 0 HBl H +BIOS/=EWRAM Old 3
[DBG] DMA test: 1 HBl H +BIOS/=EWRAM
[DBG] PASS: 1 HBl H +BIOS/=EWRAM 3
[DBG] PASS: 1 HBl H +BIOS/=EWRAM Old 3
[DBG] DMA test: 2 HBl H +BIOS/=EWRAM
[DBG] PASS: 2 HBl H +BIOS/=EWRAM 3
[DBG] PASS: 2 HBl H +BIOS/=EWRAM Old 3
[DBG] DMA test: 3 HBl H +BIOS/=EWRAM
[DBG] PASS: 3 HBl H +BIOS/=EWRAM 3
[DBG] PASS: 3 HBl H +BIOS/=EWRAM Old 3
[DBG] DMA test: 0 HBl H +BIOS/=ROM
[DBG] PASS: 0 HBl H +BIOS/=ROM 3
[DBG] PASS: 0 HBl H +BIOS/=ROM Old 3
[DBG] DMA test: 1 HBl H +BIOS/=ROM
[DBG] PASS: 1 HBl H +BIOS/=ROM 3
[DBG] PASS: 1 HBl H +BIOS/=ROM Old 3
[DBG] DMA test: 2 HBl H +BIOS/=ROM
[DBG] PASS: 2 HBl H +BIOS/=ROM 3
[DBG] PASS: 2 HBl H +BIOS/=ROM Old 3
[DBG] DMA test: 3 HBl H +BIOS/=ROM
[DBG] PASS: 3 HBl H +BIOS/=ROM 3
[DBG] PASS: 3 HBl H +BIOS/=ROM Old 3
[DBG] DMA test: 0 HBl H +SRAM/=IWRAM
[DBG] PASS: 0 HBl H +SRAM/=IWRAM 3
[DBG] DMA test: 1 HBl H +SRAM/=IWRAM
[DBG] PASS: 1 HBl H +SRAM/=IWRAM 3
[DBG] DMA test: 2 HBl H +SRAM/=IWRAM
[DBG] PASS: 2 HBl H +SRAM/=IWRAM 3
[DBG] DMA test: 3 HBl H +SRAM/=IWRAM
[DBG] PASS: 3 HBl H +SRAM/=IWRAM 3
[DBG] DMA test: 0 HBl H +SRAM/=EWRAM
[DBG] PASS: 0 HBl H +SRAM/=EWRAM 3
[DBG] PASS: 0 HBl H +SRAM/=EWRAM Old 3
[DBG] DMA test: 1 HBl H +SRAM/=EWRAM
[DBG] PASS: 1 HBl H +SRAM/=EWRAM 3
[DBG] PASS: 1 HBl H +SRAM/=EWRAM Old 3
[DBG] DMA test: 2 HBl H +SRAM/=EWRAM
[DBG] PASS: 2 HBl H +SRAM/=EWRAM 3
[DBG] PASS: 2 HBl H +SRAM/=EWRAM Old 3
[DBG] DMA test: 3 HBl H +SRAM/=EWRAM
[DBG] PASS: 3 HBl H +SRAM/=EWRAM 3
[DBG] PASS: 3 HBl H +SRAM/=EWRAM Old 3
[DBG] DMA test: 0 HBl H +SRAM/=ROM
[DBG] PASS: 0 HBl H +SRAM/=ROM 3
[DBG] PASS: 0 HBl H +SRAM/=ROM Old 3
[DBG] DMA test: 1 HBl H +SRAM/=ROM
[DBG] PASS: 1 HBl H +SRAM/=ROM 3
[DBG] PASS: 1 HBl H +SRAM/=ROM Old 3
[DBG] DMA test: 2 HBl H +SRAM/=ROM
[DBG] PASS: 2 HBl H +SRAM/=ROM 3
[DBG] PASS: 2 HBl H +SRAM/=ROM Old 3
[DBG] DMA test: 0 HBl W +IWRAM/=IWRAM
[DBG] PASS: 0 HBl W +IWRAM/=IWRAM 3
[DBG] DMA test: 1 HBl W +IWRAM/=IWRAM
[DBG] PASS: 1 HBl W +IWRAM/=IWRAM 3
[DBG] DMA test: 2 HBl W +IWRAM/=IWRAM
[DBG] PASS: 2 HBl W +IWRAM/=IWRAM 3
[DBG] DMA test: 3 HBl W +IWRAM/=IWRAM
[DBG] PASS: 3 HBl W +IWRAM/=IWRAM 3
[DBG] DMA test: 0 HBl W +IWRAM/=EWRAM
[DBG] PASS: 0 HBl W +IWRAM/=EWRAM 3
[DBG] PASS: 0 HBl W +IWRAM/=EWRAM Old 3
[DBG] DMA test: 1 HBl W +IWRAM/=EWRAM
[DBG] PASS: 1 HBl W +IWRAM/=EWRAM 3
[DBG] PASS: 1 HBl W +IWRAM/=EWRAM Old 3
[DBG] DMA test: 2 HBl W +IWRAM/=EWRAM
[DBG] PASS: 2 HBl W +IWRAM/=EWRAM 3
[DBG] PASS: 2 HBl W +IWRAM/=EWRAM Old 3
[DBG] DMA test: 3 HBl W +IWRAM/=EWRAM
[DBG] PASS: 3 HBl W +IWRAM/=EWRAM 3
[DBG] PASS: 3 HBl W +IWRAM/=EWRAM Old 3
[DBG] DMA test: 0 HBl W +IWRAM/=ROM
[DBG] PASS: 0 HBl W +IWRAM/=ROM 3
[DBG] PASS: 0 HBl W +IWRAM/=ROM Old 3
[DBG] DMA test: 1 HBl W +IWRAM/=ROM
[DBG] PASS: 1 HBl W +IWRAM/=ROM 3
[DBG] PASS: 1 HBl W +IWRAM/=ROM Old 3
[DBG] DMA test: 2 HBl W +IWRAM/=ROM
[DBG] PASS: 2 HBl W +IWRAM/=ROM 3
[DBG] PASS: 2 HBl W +IWRAM/=ROM Old 3
[DBG] DMA test: 3 HBl W +IWRAM/=ROM
[DBG] PASS: 3 HBl W +IWRAM/=ROM 3
[DBG] PASS: 3 HBl W +IWRAM/=ROM Old 3
[DBG] DMA test: 0 HBl W +EWRAM/=IWRAM
[DBG] PASS: 0 HBl W +EWRAM/=IWRAM 3
[DBG] DMA test: 1 HBl W +EWRAM/=IWRAM
[DBG] PASS: 1 HBl W +EWRAM/=IWRAM 3
[DBG] DMA test: 2 HBl W +EWRAM/=IWRAM
[DBG] PASS: 2 HBl W +EWRAM/=IWRAM 3
[DBG] DMA test: 3 HBl W +EWRAM/=IWRAM
[DBG] PASS: 3 HBl W +EWRAM/=IWRAM 3
[DBG] DMA test: 0 HBl W +EWRAM/=EWRAM
[DBG] PASS: 0 HBl W +EWRAM/=EWRAM 3
[DBG] PASS: 0 HBl W +EWRAM/=EWRAM Old 3
[DBG] DMA test: 1 HBl W +EWRAM/=EWRAM
[DBG] PASS: 1 HBl W +EWRAM/=EWRAM 3
[DBG] PASS: 1 HBl W +EWRAM/=EWRAM Old 3
[DBG] DMA test: 2 HBl W +EWRAM/=EWRAM
[DBG] PASS: 2 HBl W +EWRAM/=EWRAM 3
[DBG] PASS: 2 HBl W +EWRAM/=EWRAM Old 3
[DBG] DMA test: 3 HBl W +EWRAM/=EWRAM
[DBG] PASS: 3 HBl W +EWRAM/=EWRAM 3
[DBG] PASS: 3 HBl W +EWRAM/=EWRAM Old 3
[DBG] DMA test: 0 HBl W +EWRAM/=ROM
[DBG] PASS: 0 HBl W +EWRAM/=ROM 3
[DBG] PASS: 0 HBl W +EWRAM/=ROM Old 3
[DBG] DMA test: 1 HBl W +EWRAM/=ROM
[DBG] PASS: 1 HBl W +EWRAM/=ROM 3
[DBG] PASS: 1 HBl W +EWRAM/=ROM Old 3
[DBG] DMA test: 2 HBl W +EWRAM/=ROM
[DBG] PASS: 2 HBl W +EWRAM/=ROM 3
[DBG] PASS: 2 HBl W +EWRAM/=ROM Old 3
[DBG] DMA test: 3 HBl W +EWRAM/=ROM
[DBG] PASS: 3 HBl W +EWRAM/=ROM 3
[DBG] PASS: 3 HBl W +EWRAM/=ROM Old 3
[DBG] DMA test: 0 HBl W +ROM/=IWRAM
[DBG] PASS: 0 HBl W +ROM/=IWRAM 3
[DBG] DMA test: 1 HBl W +ROM/=IWRAM
[DBG] PASS: 1 HBl W +ROM/=IWRAM 3
[DBG] DMA test: 2 HBl W +ROM/=IWRAM
[DBG] PASS: 2 HBl W +ROM/=IWRAM 3
[DBG] DMA test: 3 HBl W +ROM/=IWRAM
[DBG] PASS: 3 HBl W +ROM/=IWRAM 3
[DBG] DMA test: 0 HBl W +ROM/=EWRAM
[DBG] PASS: 0 HBl W +ROM/=EWRAM 3
[DBG] PASS: 0 HBl W +ROM/=EWRAM Old 3
[DBG] DMA test: 1 HBl W +ROM/=EWRAM
[DBG] PASS: 1 HBl W +ROM/=EWRAM 3
[DBG] PASS: 1 HBl W +ROM/=EWRAM Old 3
[DBG] DMA test: 2 HBl W +ROM/=EWRAM
[DBG] PASS: 2 HBl W +ROM/=EWRAM 3
[DBG] PASS: 2 HBl W +ROM/=EWRAM Old 3
[DBG] DMA test: 3 HBl W +ROM/=EWRAM
[DBG] PASS: 3 HBl W +ROM/=EWRAM 3
[DBG] PASS: 3 HBl W +ROM/=EWRAM Old 3
[DBG] DMA test: 0 HBl W +ROM/=ROM
[DBG] PASS: 0 HBl W +ROM/=ROM 3
[DBG] PASS: 0 HBl W +ROM/=ROM Old 3
[DBG] DMA test: 1 HBl W +ROM/=ROM
[DBG] PASS: 1 HBl W +ROM/=ROM 3
[DBG] PASS: 1 HBl W +ROM/=ROM Old 3
[DBG] DMA test: 2 HBl W +ROM/=ROM
[DBG] PASS: 2 HBl W +ROM/=ROM 3
[DBG] PASS: 2 HBl W +ROM/=ROM Old 3
[DBG] DMA test: 3 HBl W +ROM/=ROM
[DBG] PASS: 3 HBl W +ROM/=ROM 3
[DBG] PASS: 3 HBl W +ROM/=ROM Old 3
[DBG] DMA test: 0 HBl W +BIOS/=IWRAM
[DBG] PASS: 0 HBl W +BIOS/=IWRAM 3
[DBG] DMA test: 1 HBl W +BIOS/=IWRAM
[DBG] PASS: 1 HBl W +BIOS/=IWRAM 3
[DBG] DMA test: 2 HBl W +BIOS/=IWRAM
[DBG] PASS: 2 HBl W +BIOS/=IWRAM 3
[DBG] DMA test: 3 HBl W +BIOS/=IWRAM
[DBG] PASS: 3 HBl W +BIOS/=IWRAM 3
[DBG] DMA test: 0 HBl W +BIOS/=EWRAM
[DBG] PASS: 0 HBl W +BIOS/=EWRAM 3
[DBG] PASS: 0 HBl W +BIOS/=EWRAM Old 3
[DBG] DMA test: 1 HBl W +BIOS/=EWRAM
[DBG] PASS: 1 HBl W +BIOS/=EWRAM 3
[DBG] PASS: 1 HBl W +BIOS/=EWRAM Old 3
[DBG] DMA test: 2 HBl W +BIOS/=EWRAM
[DBG] PASS: 2 HBl W +BIOS/=EWRAM 3
[DBG] PASS: 2 HBl W +BIOS/=EWRAM Old 3
[DBG] DMA test: 3 HBl W +BIOS/=EWRAM
[DBG] PASS: 3 HBl W +BIOS/=EWRAM 3
[DBG] PASS: 3 HBl W +BIOS/=EWRAM Old 3
[DBG] DMA test: 0 HBl W +BIOS/=ROM
[DBG] PASS: 0 HBl W +BIOS/=ROM 3
[DBG] PASS: 0 HBl W +BIOS/=ROM Old 3
[DBG] DMA test: 1 HBl W +BIOS/=ROM
[DBG] PASS: 1 HBl W +BIOS/=ROM 3
[DBG] PASS: 1 HBl W +BIOS/=ROM Old 3
[DBG] DMA test: 2 HBl W +BIOS/=ROM
[DBG] PASS: 2 HBl W +BIOS/=ROM 3
[DBG] PASS: 2 HBl W +BIOS/=ROM Old 3
[DBG] DMA test: 3 HBl W +BIOS/=ROM
[DBG] PASS: 3 HBl W +BIOS/=ROM 3
[DBG] PASS: 3 HBl W +BIOS/=ROM Old 3
[DBG] DMA test: 0 HBl W +SRAM/=IWRAM
[DBG] PASS: 0 HBl W +SRAM/=IWRAM 3
[DBG] DMA test: 1 HBl W +SRAM/=IWRAM
[DBG] PASS: 1 HBl W +SRAM/=IWRAM 3
[DBG] DMA test: 2 HBl W +SRAM/=IWRAM
[DBG] PASS: 2 HBl W +SRAM/=IWRAM 3
[DBG] DMA test: 3 HBl W +SRAM/=IWRAM
[DBG] PASS: 3 HBl W +SRAM/=IWRAM 3
[DBG] DMA test: 0 HBl W +SRAM/=EWRAM
[DBG] PASS: 0 HBl W +SRAM/=EWRAM 3
[DBG] PASS: 0 HBl W +SRAM/=EWRAM Old 3
[DBG] DMA test: 1 HBl W +SRAM/=EWRAM
[DBG] PASS: 1 HBl W +SRAM/=EWRAM 3
[DBG] PASS: 1 HBl W +SRAM/=EWRAM Old 3
[DBG] DMA test: 2 HBl W +SRAM/=EWRAM
[DBG] PASS: 2 HBl W +SRAM/=EWRAM 3
[DBG] PASS: 2 HBl W +SRAM/=EWRAM Old 3
[DBG] DMA test: 3 HBl W +SRAM/=EWRAM
[DBG] PASS: 3 HBl W +SRAM/=EWRAM 3
[DBG] PASS: 3 HBl W +SRAM/=EWRAM Old 3
[DBG] DMA test: 0 HBl W +SRAM/=ROM
[DBG] PASS: 0 HBl W +SRAM/=ROM 3
[DBG] PASS: 0 HBl W +SRAM/=ROM Old 3
[DBG] DMA test: 1 HBl W +SRAM/=ROM
[DBG] PASS: 1 HBl W +SRAM/=ROM 3
[DBG] PASS: 1 HBl W +SRAM/=ROM Old 3
[DBG] DMA test: 2 HBl W +SRAM/=ROM
[DBG] PASS: 2 HBl W +SRAM/=ROM 3
[DBG] PASS: 2 HBl W +SRAM/=ROM Old 3
[DBG] DMA test: 0 HBl H -IWRAM/=IWRAM
[DBG] PASS: 0 HBl H -IWRAM/=IWRAM 3
[DBG] DMA test: 1 HBl H -IWRAM/=IWRAM
[DBG] PASS: 1 HBl H -IWRAM/=IWRAM 3
[DBG] DMA test: 2 HBl H -IWRAM/=IWRAM
[DBG] PASS: 2 HBl H -IWRAM/=IWRAM 3
[DBG] DMA test: 3 HBl H -IWRAM/=IWRAM
[DBG] PASS: 3 HBl H -IWRAM/=IWRAM 3
[DBG] DMA test: 0 HBl H -IWRAM/=EWRAM
[DBG] PASS: 0 HBl H -IWRAM/=EWRAM 3
[DBG] PASS: 0 HBl H -IWRAM/=EWRAM Old 3
[DBG] DMA test: 1 HBl H -IWRAM/=EWRAM
[DBG] PASS: 1 HBl H -IWRAM/=EWRAM 3
[DBG] PASS: 1 HBl H -IWRAM/=EWRAM Old 3
[DBG] DMA test: 2 HBl H -IWRAM/=EWRAM
[DBG] PASS: 2 HBl H -IWRAM/=EWRAM 3
[DBG] PASS: 2 HBl H -IWRAM/=EWRAM Old 3
[DBG] DMA test: 3 HBl H -IWRAM/=EWRAM
[DBG] PASS: 3 HBl H -IWRAM/=EWRAM 3
[DBG] PASS: 3 HBl H -IWRAM/=EWRAM Old 3
[DBG] DMA test: 0 HBl H -IWRAM/=ROM
[DBG] PASS: 0 HBl H -IWRAM/=ROM 3
[DBG] PASS: 0 HBl H -IWRAM/=ROM Old 3
[DBG] DMA test: 1 HBl H -IWRAM/=ROM
[DBG] PASS: 1 HBl H -IWRAM/=ROM 3
[DBG] PASS: 1 HBl H -IWRAM/=ROM Old 3
[DBG] DMA test: 2 HBl H -IWRAM/=ROM
[DBG] PASS: 2 HBl H -IWRAM/=ROM 3
[DBG] PASS: 2 HBl H -IWRAM/=ROM Old 3
[DBG] DMA test: 3 HBl H -IWRAM/=ROM
[DBG] PASS: 3 HBl H -IWRAM/=ROM 3
[DBG] PASS: 3 HBl H -IWRAM/=ROM Old 3
[DBG] DMA test: 0 HBl H -EWRAM/=IWRAM
[DBG] PASS: 0 HBl H -EWRAM/=IWRAM 3
[DBG] DMA test: 1 HBl H -EWRAM/=IWRAM
[DBG] PASS: 1 HBl H -EWRAM/=IWRAM 3
[DBG] DMA test: 2 HBl H -EWRAM/=IWRAM
[DBG] PASS: 2 HBl H -EWRAM/=IWRAM 3
[DBG] DMA test: 3 HBl H -EWRAM/=IWRAM
[DBG] PASS: 3 HBl H -EWRAM/=IWRAM 3
[DBG] DMA test: 0 HBl H -EWRAM/=EWRAM
[DBG] PASS: 0 HBl H -EWRAM/=EWRAM 3
[DBG] PASS: 0 HBl H -EWRAM/=EWRAM Old 3
[DBG] DMA test: 1 HBl H -EWRAM/=EWRAM
[DBG] PASS: 1 HBl H -EWRAM/=EWRAM 3
[DBG] PASS: 1 HBl H -EWRAM/=EWRAM Old 3
[DBG] DMA test: 2 HBl H -EWRAM/=EWRAM
[DBG] PASS: 2 HBl H -EWRAM/=EWRAM 3
[DBG] PASS: 2 HBl H -EWRAM/=EWRAM Old 3
[DBG] DMA test: 3 HBl H -EWRAM/=EWRAM
[DBG] PASS: 3 HBl H -EWRAM/=EWRAM 3
[DBG] PASS: 3 HBl H -EWRAM/=EWRAM Old 3
[DBG] DMA test: 0 HBl H -EWRAM/=ROM
[DBG] PASS: 0 HBl H -EWRAM/=ROM 3
[DBG] PASS: 0 HBl H -EWRAM/=ROM Old 3
[DBG] DMA test: 1 HBl H -EWRAM/=ROM
[DBG] PASS: 1 HBl H -EWRAM/=ROM 3
[DBG] PASS: 1 HBl H -EWRAM/=ROM Old 3
[DBG] DMA test: 2 HBl H -EWRAM/=ROM
[DBG] PASS: 2 HBl H -EWRAM/=ROM 3
[DBG] PASS: 2 HBl H -EWRAM/=ROM Old 3
[DBG] DMA test: 3 HBl H -EWRAM/=ROM
[DBG] PASS: 3 HBl H -EWRAM/=ROM 3
[DBG] PASS: 3 HBl H -EWRAM/=ROM Old 3
[DBG] DMA test: 0 HBl H -ROM/=IWRAM
[DBG] PASS: 0 HBl H -ROM/=IWRAM 3
[DBG] DMA test: 1 HBl H -ROM/=IWRAM
[DBG] PASS: 1 HBl H -ROM/=IWRAM 3
[DBG] DMA test: 2 HBl H -ROM/=IWRAM
[DBG] PASS: 2 HBl H -ROM/=IWRAM 3
[DBG] DMA test: 3 HBl H -ROM/=IWRAM
[DBG] PASS: 3 HBl H -ROM/=IWRAM 3
[DBG] DMA test: 0 HBl H -ROM/=EWRAM
[DBG] PASS: 0 HBl H -ROM/=EWRAM 3
[DBG] PASS: 0 HBl H -ROM/=EWRAM Old 3
[DBG] DMA test: 1 HBl H -ROM/=EWRAM
[DBG] PASS: 1 HBl H -ROM/=EWRAM 3
[DBG] PASS: 1 HBl H -ROM/=EWRAM Old 3
[DBG] DMA test: 2 HBl H -ROM/=EWRAM
[DBG] PASS: 2 HBl H -ROM/=EWRAM 3
[DBG] PASS: 2 HBl H -ROM/=EWRAM Old 3
[DBG] DMA test: 3 HBl H -ROM/=EWRAM
[DBG] PASS: 3 HBl H -ROM/=EWRAM 3
[DBG] PASS: 3 HBl H -ROM/=EWRAM Old 3
[DBG] DMA test: 0 HBl H -ROM/=ROM
[DBG] PASS: 0 HBl H -ROM/=ROM 3
[DBG] PASS: 0 HBl H -ROM/=ROM Old 3
[DBG] DMA test: 1 HBl H -ROM/=ROM
[DBG] PASS: 1 HBl H -ROM/=ROM 3
[DBG] PASS: 1 HBl H -ROM/=ROM Old 3
[DBG] DMA test: 2 HBl H -ROM/=ROM
[DBG] PASS: 2 HBl H -ROM/=ROM 3
[DBG] PASS: 2 HBl H -ROM/=ROM Old 3
[DBG] DMA test: 3 HBl H -ROM/=ROM
[DBG] PASS: 3 HBl H -ROM/=ROM 3
[DBG] PASS: 3 HBl H -ROM/=ROM Old 3
[DBG] DMA test: 0 HBl H -BIOS/=IWRAM
[DBG] PASS: 0 HBl H -BIOS/=IWRAM 3
[DBG] DMA test: 1 HBl H -BIOS/=IWRAM
[DBG] PASS: 1 HBl H -BIOS/=IWRAM 3
[DBG] DMA test: 2 HBl H -BIOS/=IWRAM
[DBG] PASS: 2 HBl H -BIOS/=IWRAM 3
[DBG] DMA test: 3 HBl H -BIOS/=IWRAM
[DBG] PASS: 3 HBl H -BIOS/=IWRAM 3
[DBG] DMA test: 0 HBl H -BIOS/=EWRAM
[DBG] PASS: 0 HBl H -BIOS/=EWRAM 3
[DBG] PASS: 0 HBl H -BIOS/=EWRAM Old 3
[DBG] DMA test: 1 HBl H -BIOS/=EWRAM
[DBG] PASS: 1 HBl H -BIOS/=EWRAM 3
[DBG] PASS: 1 HBl H -BIOS/=EWRAM Old 3
[DBG] DMA test: 2 HBl H -BIOS/=EWRAM
[DBG] PASS: 2 HBl H -BIOS/=EWRAM 3
[DBG] PASS: 2 HBl H -BIOS/=EWRAM Old 3
[DBG] DMA test: 3 HBl H -BIOS/=EWRAM
[DBG] PASS: 3 HBl H -BIOS/=EWRAM 3
[DBG] PASS: 3 HBl H -BIOS/=EWRAM Old 3
[DBG] DMA test: 0 HBl H -BIOS/=ROM
[DBG] PASS: 0 HBl H -BIOS/=ROM 3
[DBG] PASS: 0 HBl H -BIOS/=ROM Old 3
[DBG] DMA test: 1 HBl H -BIOS/=ROM
[DBG] PASS: 1 HBl H -BIOS/=ROM 3
[DBG] PASS: 1 HBl H -BIOS/=ROM Old 3
[DBG] DMA test: 2 HBl H -BIOS/=ROM
[DBG] PASS: 2 HBl H -BIOS/=ROM 3
[DBG] PASS: 2 HBl H -BIOS/=ROM Old 3
[DBG] DMA test: 3 HBl H -BIOS/=ROM
[DBG] PASS: 3 HBl H -BIOS/=ROM 3
[DBG] PASS: 3 HBl H -BIOS/=ROM Old 3
[DBG] DMA test: 0 HBl H -SRAM/=IWRAM
[DBG] PASS: 0 HBl H -SRAM/=IWRAM 3
[DBG] DMA test: 1 HBl H -SRAM/=IWRAM
[DBG] PASS: 1 HBl H -SRAM/=IWRAM 3
[DBG] DMA test: 2 HBl H -SRAM/=IWRAM
[DBG] PASS: 2 HBl H -SRAM/=IWRAM 3
[DBG] DMA test: 3 HBl H -SRAM/=IWRAM
[DBG] PASS: 3 HBl H -SRAM/=IWRAM 3
[DBG] DMA test: 0 HBl H -SRAM/=EWRAM
[DBG] PASS: 0 HBl H -SRAM/=EWRAM 3
[DBG] PASS: 0 HBl H -SRAM/=EWRAM Old 3
[DBG] DMA test: 1 HBl H -SRAM/=EWRAM
[DBG] PASS: 1 HBl H -SRAM/=EWRAM 3
[DBG] PASS: 1 HBl H -SRAM/=EWRAM Old 3
[DBG] DMA test: 2 HBl H -SRAM/=EWRAM
[DBG] PASS: 2 HBl H -SRAM/=EWRAM 3
[DBG] PASS: 2 HBl H -SRAM/=EWRAM Old 3
[DBG] DMA test: 3 HBl H -SRAM/=EWRAM
[DBG] PASS: 3 HBl H -SRAM/=EWRAM 3
[DBG] PASS: 3 HBl H -SRAM/=EWRAM Old 3
[DBG] DMA test: 0 HBl H -SRAM/=ROM
[DBG] PASS: 0 HBl H -SRAM/=ROM 3
[DBG] PASS: 0 HBl H -SRAM/=ROM Old 3
[DBG] DMA test: 1 HBl H -SRAM/=ROM
[DBG] PASS: 1 HBl H -SRAM/=ROM 3
[DBG] PASS: 1 HBl H -SRAM/=ROM Old 3
[DBG] DMA test: 2 HBl H -SRAM/=ROM
[DBG] PASS: 2 HBl H -SRAM/=ROM 3
[DBG] PASS: 2 HBl H -SRAM/=ROM Old 3
[DBG] DMA test: 0 HBl W -IWRAM/=IWRAM
[DBG] PASS: 0 HBl W -IWRAM/=IWRAM 3
[DBG] DMA test: 1 HBl W -IWRAM/=IWRAM
[DBG] PASS: 1 HBl W -IWRAM/=IWRAM 3
[DBG] DMA test: 2 HBl W -IWRAM/=IWRAM
[DBG] PASS: 2 HBl W -IWRAM/=IWRAM 3
[DBG] DMA test: 3 HBl W -IWRAM/=IWRAM
[DBG] PASS: 3 HBl W -IWRAM/=IWRAM 3
[DBG] DMA test: 0 HBl W -IWRAM/=EWRAM
[DBG] PASS: 0 HBl W -IWRAM/=EWRAM 3
[DBG] PASS: 0 HBl W -IWRAM/=EWRAM Old 3
[DBG] DMA test: 1 HBl W -IWRAM/=EWRAM
[DBG] PASS: 1 HBl W -IWRAM/=EWRAM 3
[DBG] PASS: 1 HBl W -IWRAM/=EWRAM Old 3
[DBG] DMA test: 2 HBl W -IWRAM/=EWRAM
[DBG] PASS: 2 HBl W -IWRAM/=EWRAM 3
[DBG] PASS: 2 HBl W -IWRAM/=EWRAM Old 3
[DBG] DMA test: 3 HBl W -IWRAM/=EWRAM
[DBG] PASS: 3 HBl W -IWRAM/=EWRAM 3
[DBG] PASS: 3 HBl W -IWRAM/=EWRAM Old 3
[DBG] DMA test: 0 HBl W -IWRAM/=ROM
[DBG] PASS: 0 HBl W -IWRAM/=ROM 3
[DBG] PASS: 0 HBl W -IWRAM/=ROM Old 3
[DBG] DMA test: 1 HBl W -IWRAM/=ROM
[DBG] PASS: 1 HBl W -IWRAM/=ROM 3
[DBG] PASS: 1 HBl W -IWRAM/=ROM Old 3
[DBG] DMA test: 2 HBl W -IWRAM/=ROM
[DBG] PASS: 2 HBl W -IWRAM/=ROM 3
[DBG] PASS: 2 HBl W -IWRAM/=ROM Old 3
[DBG] DMA test: 3 HBl W -IWRAM/=ROM
[DBG] PASS: 3 HBl W -IWRAM/=ROM 3
[DBG] PASS: 3 HBl W -IWRAM/=ROM Old 3
[DBG] DMA test: 0 HBl W -EWRAM/=IWRAM
[DBG] PASS: 0 HBl W -EWRAM/=IWRAM 3
[DBG] DMA test: 1 HBl W -EWRAM/=IWRAM
[DBG] PASS: 1 HBl W -EWRAM/=IWRAM 3
[DBG] DMA test: 2 HBl W -EWRAM/=IWRAM
[DBG] PASS: 2 HBl W -EWRAM/=IWRAM 3
[DBG] DMA test: 3 HBl W -EWRAM/=IWRAM
[DBG] PASS: 3 HBl W -EWRAM/=IWRAM 3
[DBG] DMA test: 0 HBl W -EWRAM/=EWRAM
[DBG] PASS: 0 HBl W -EWRAM/=EWRAM 3
[DBG] PASS: 0 HBl W -EWRAM/=EWRAM Old 3
[DBG] DMA test: 1 HBl W -EWRAM/=EWRAM
[DBG] PASS: 1 HBl W -EWRAM/=EWRAM 3
[DBG] PASS: 1 HBl W -EWRAM/=EWRAM Old 3
[DBG] DMA test: 2 HBl W -EWRAM/=EWRAM
[DBG] PASS: 2 HBl W -EWRAM/=EWRAM 3
[DBG] PASS: 2 HBl W -EWRAM/=EWRAM Old 3
[DBG] DMA test: 3 HBl W -EWRAM/=EWRAM
[DBG] PASS: 3 HBl W -EWRAM/=EWRAM 3
[DBG] PASS: 3 HBl W -EWRAM/=EWRAM Old 3
[DBG] DMA test: 0 HBl W -EWRAM/=ROM
[DBG] PASS: 0 HBl W -EWRAM/=ROM 3
[DBG] PASS: 0 HBl W -EWRAM/=ROM Old 3
[DBG] DMA test: 1 HBl W -EWRAM/=ROM
[DBG] PASS: 1 HBl W -EWRAM/=ROM 3
[DBG] PASS: 1 HBl W -EWRAM/=ROM Old 3
[DBG] DMA test: 2 HBl W -EWRAM/=ROM
[DBG] PASS: 2 HBl W -EWRAM/=ROM 3
[DBG] PASS: 2 HBl W -EWRAM/=ROM Old 3
[DBG] DMA test: 3 HBl W -EWRAM/=ROM
[DBG] PASS: 3 HBl W -EWRAM/=ROM 3
[DBG] PASS: 3 HBl W -EWRAM/=ROM Old 3
[DBG] DMA test: 0 HBl W -ROM/=IWRAM
[DBG] PASS: 0 HBl W -ROM/=IWRAM 3
[DBG] DMA test: 1 HBl W -ROM/=IWRAM
[DBG] FAIL: 1 HBl W -ROM/=IWRAM 3
[DBG] 3: Got DEADBEEC vs DEADBEF2: FAIL
[DBG] DMA test: 2 HBl W -ROM/=IWRAM
[DBG] FAIL: 2 HBl W -ROM/=IWRAM 3
[DBG] 3: Got DEADBEEC vs DEADBEF2: FAIL
[DBG] DMA test: 3 HBl W -ROM/=IWRAM
[DBG] FAIL: 3 HBl W -ROM/=IWRAM 3
[DBG] 3: Got DEADBEEC vs DEADBEF2: FAIL
[DBG] DMA test: 0 HBl W -ROM/=EWRAM
[DBG] PASS: 0 HBl W -ROM/=EWRAM 3
[DBG] PASS: 0 HBl W -ROM/=EWRAM Old 3
[DBG] DMA test: 1 HBl W -ROM/=EWRAM
[DBG] FAIL: 1 HBl W -ROM/=EWRAM 3
[DBG] 3: Got DEADBEEC vs DEADBEF2: FAIL
[DBG] PASS: 1 HBl W -ROM/=EWRAM Old 3
[DBG] DMA test: 2 HBl W -ROM/=EWRAM
[DBG] FAIL: 2 HBl W -ROM/=EWRAM 3
[DBG] 3: Got DEADBEEC vs DEADBEF2: FAIL
[DBG] PASS: 2 HBl W -ROM/=EWRAM Old 3
[DBG] DMA test: 3 HBl W -ROM/=EWRAM
[DBG] FAIL: 3 HBl W -ROM/=EWRAM 3
[DBG] 3: Got DEADBEEC vs DEADBEF2: FAIL
[DBG] PASS: 3 HBl W -ROM/=EWRAM Old 3
[DBG] DMA test: 0 HBl W -ROM/=ROM
[DBG] PASS: 0 HBl W -ROM/=ROM 3
[DBG] PASS: 0 HBl W -ROM/=ROM Old 3
[DBG] DMA test: 1 HBl W -ROM/=ROM
[DBG] PASS: 1 HBl W -ROM/=ROM 3
[DBG] PASS: 1 HBl W -ROM/=ROM Old 3
[DBG] DMA test: 2 HBl W -ROM/=ROM
[DBG] PASS: 2 HBl W -ROM/=ROM 3
[DBG] PASS: 2 HBl W -ROM/=ROM Old 3
[DBG] DMA test: 3 HBl W -ROM/=ROM
[DBG] PASS: 3 HBl W -ROM/=ROM 3
[DBG] PASS: 3 HBl W -ROM/=ROM Old 3
[DBG] DMA test: 0 HBl W -BIOS/=IWRAM
[DBG] PASS: 0 HBl W -BIOS/=IWRAM 3
[DBG] DMA test: 1 HBl W -BIOS/=IWRAM
[DBG] PASS: 1 HBl W -BIOS/=IWRAM 3
[DBG] DMA test: 2 HBl W -BIOS/=IWRAM
[DBG] PASS: 2 HBl W -BIOS/=IWRAM 3
[DBG] DMA test: 3 HBl W -BIOS/=IWRAM
[DBG] PASS: 3 HBl W -BIOS/=IWRAM 3
[DBG] DMA test: 0 HBl W -BIOS/=EWRAM
[DBG] PASS: 0 HBl W -BIOS/=EWRAM 3
[DBG] PASS: 0 HBl W -BIOS/=EWRAM Old 3
[DBG] DMA test: 1 HBl W -BIOS/=EWRAM
[DBG] PASS: 1 HBl W -BIOS/=EWRAM 3
[DBG] PASS: 1 HBl W -BIOS/=EWRAM Old 3
[DBG] DMA test: 2 HBl W -BIOS/=EWRAM
[DBG] PASS: 2 HBl W -BIOS/=EWRAM 3
[DBG] PASS: 2 HBl W -BIOS/=EWRAM Old 3
[DBG] DMA test: 3 HBl W -BIOS/=EWRAM
[DBG] PASS: 3 HBl W -BIOS/=EWRAM 3
[DBG] PASS: 3 HBl W -BIOS/=EWRAM Old 3
[DBG] DMA test: 0 HBl W -BIOS/=ROM
[DBG] PASS: 0 HBl W -BIOS/=ROM 3
[DBG] PASS: 0 HBl W -BIOS/=ROM Old 3
[DBG] DMA test: 1 HBl W -BIOS/=ROM
[DBG] PASS: 1 HBl W -BIOS/=ROM 3
[DBG] PASS: 1 HBl W -BIOS/=ROM Old 3
[DBG] DMA test: 2 HBl W -BIOS/=ROM
[DBG] PASS: 2 HBl W -BIOS/=ROM 3
[DBG] PASS: 2 HBl W -BIOS/=ROM Old 3
[DBG] DMA test: 3 HBl W -BIOS/=ROM
[DBG] PASS: 3 HBl W -BIOS/=ROM 3
[DBG] PASS: 3 HBl W -BIOS/=ROM Old 3
[DBG] DMA test: 0 HBl W -SRAM/=IWRAM
[DBG] PASS: 0 HBl W -SRAM/=IWRAM 3
[DBG] DMA test: 1 HBl W -SRAM/=IWRAM
[DBG] PASS: 1 HBl W -SRAM/=IWRAM 3
[DBG] DMA test: 2 HBl W -SRAM/=IWRAM
[DBG] PASS: 2 HBl W -SRAM/=IWRAM 3
[DBG] DMA test: 3 HBl W -SRAM/=IWRAM
[DBG] PASS: 3 HBl W -SRAM/=IWRAM 3
[DBG] DMA test: 0 HBl W -SRAM/=EWRAM
[DBG] PASS: 0 HBl W -SRAM/=EWRAM 3
[DBG] PASS: 0 HBl W -SRAM/=EWRAM Old 3
[DBG] DMA test: 1 HBl W -SRAM/=EWRAM
[DBG] PASS: 1 HBl W -SRAM/=EWRAM 3
[DBG] PASS: 1 HBl W -SRAM/=EWRAM Old 3
[DBG] DMA test: 2 HBl W -SRAM/=EWRAM
[DBG] PASS: 2 HBl W -SRAM/=EWRAM 3
[DBG] PASS: 2 HBl W -SRAM/=EWRAM Old 3
[DBG] DMA test: 3 HBl W -SRAM/=EWRAM
[DBG] PASS: 3 HBl W -SRAM/=EWRAM 3
[DBG] PASS: 3 HBl W -SRAM/=EWRAM Old 3
[DBG] DMA test: 0 HBl W -SRAM/=ROM
[DBG] PASS: 0 HBl W -SRAM/=ROM 3
[DBG] PASS: 0 HBl W -SRAM/=ROM Old 3
[DBG] DMA test: 1 HBl W -SRAM/=ROM
[DBG] PASS: 1 HBl W -SRAM/=ROM 3
[DBG] PASS: 1 HBl W -SRAM/=ROM Old 3
[DBG] DMA test: 2 HBl W -SRAM/=ROM
[DBG] PASS: 2 HBl W -SRAM/=ROM 3
[DBG] PASS: 2 HBl W -SRAM/=ROM Old 3
[DBG] DMA test: 0 Imm W R+0x10/+IWRAM
[DBG] PASS: 0 Imm W R+0x10/+IWRAM 3
[DBG] PASS: 0 Imm W R+0x10/+IWRAM 4
[DBG] PASS: 0 Imm W R+0x10/+IWRAM 5
[DBG] PASS: 0 Imm W R+0x10/+IWRAM 6
[DBG] DMA test: 1 Imm W R+0x10/+IWRAM
[DBG] PASS: 1 Imm W R+0x10/+IWRAM 3
[DBG] PASS: 1 Imm W R+0x10/+IWRAM 4
[DBG] PASS: 1 Imm W R+0x10/+IWRAM 5
[DBG] PASS: 1 Imm W R+0x10/+IWRAM 6
[DBG] DMA test: 2 Imm W R+0x10/+IWRAM
[DBG] PASS: 2 Imm W R+0x10/+IWRAM 3
[DBG] PASS: 2 Imm W R+0x10/+IWRAM 4
[DBG] PASS: 2 Imm W R+0x10/+IWRAM 5
[DBG] PASS: 2 Imm W R+0x10/+IWRAM 6
[DBG] DMA test: 3 Imm W R+0x10/+IWRAM
[DBG] PASS: 3 Imm W R+0x10/+IWRAM 3
[DBG] PASS: 3 Imm W R+0x10/+IWRAM 4
[DBG] PASS: 3 Imm W R+0x10/+IWRAM 5
[DBG] PASS: 3 Imm W R+0x10/+IWRAM 6
[DBG] DMA test: 0 Imm W R+0x10/+EWRAM
[DBG] PASS: 0 Imm W R+0x10/+EWRAM 3
[DBG] PASS: 0 Imm W R+0x10/+EWRAM 4
[DBG] PASS: 0 Imm W R+0x10/+EWRAM 5
[DBG] PASS: 0 Imm W R+0x10/+EWRAM 6
[DBG] PASS: 0 Imm W R+0x10/+EWRAM Old 3
[DBG] PASS: 0 Imm W R+0x10/+EWRAM Old 4
[DBG] PASS: 0 Imm W R+0x10/+EWRAM Old 5
[DBG] PASS: 0 Imm W R+0x10/+EWRAM Old 6
[DBG] DMA test: 1 Imm W R+0x10/+EWRAM
[DBG] PASS: 1 Imm W R+0x10/+EWRAM 3
[DBG] PASS: 1 Imm W R+0x10/+EWRAM 4
[DBG] PASS: 1 Imm W R+0x10/+EWRAM 5
[DBG] PASS: 1 Imm W R+0x10/+EWRAM 6
[DBG] PASS: 1 Imm W R+0x10/+EWRAM Old 3
[DBG] PASS: 1 Imm W R+0x10/+EWRAM Old 4
[DBG] PASS: 1 Imm W R+0x10/+EWRAM Old 5
[DBG] PASS: 1 Imm W R+0x10/+EWRAM Old 6
[DBG] DMA test: 2 Imm W R+0x10/+EWRAM
[DBG] PASS: 2 Imm W R+0x10/+EWRAM 3
[DBG] PASS: 2 Imm W R+0x10/+EWRAM 4
[DBG] PASS: 2 Imm W R+0x10/+EWRAM 5
[DBG] PASS: 2 Imm W R+0x10/+EWRAM 6
[DBG] PASS: 2 Imm W R+0x10/+EWRAM Old 3
[DBG] PASS: 2 Imm W R+0x10/+EWRAM Old 4
[DBG] PASS: 2 Imm W R+0x10/+EWRAM Old 5
[DBG] PASS: 2 Imm W R+0x10/+EWRAM Old 6
[DBG] DMA test: 3 Imm W R+0x10/+EWRAM
[DBG] PASS: 3 Imm W R+0x10/+EWRAM 3
[DBG] PASS: 3 Imm W R+0x10/+EWRAM 4
[DBG] PASS: 3 Imm W R+0x10/+EWRAM 5
[DBG] PASS: 3 Imm W R+0x10/+EWRAM 6
[DBG] PASS: 3 Imm W R+0x10/+EWRAM Old 3
[DBG] PASS: 3 Imm W R+0x10/+EWRAM Old 4
[DBG] PASS: 3 Imm W R+0x10/+EWRAM Old 5
[DBG] PASS: 3 Imm W R+0x10/+EWRAM Old 6
[DBG] DMA test: 0 Imm H V+BIOS/+VRAM
[DBG] PASS: 0 Imm H V+BIOS/+VRAM 3
[DBG] PASS: 0 Imm H V+BIOS/+VRAM 4
[DBG] PASS: 0 Imm H V+BIOS/+VRAM 5
[DBG] PASS: 0 Imm H V+BIOS/+VRAM 6
[DBG] PASS: 0 Imm H V+BIOS/+VRAM Old 3
[DBG] PASS: 0 Imm H V+BIOS/+VRAM Old 4
[DBG] PASS: 0 Imm H V+BIOS/+VRAM Old 5
[DBG] PASS: 0 Imm H V+BIOS/+VRAM Old 6
[DBG] DMA test: 1 Imm H V+BIOS/+VRAM
[DBG] PASS: 1 Imm H V+BIOS/+VRAM 3
[DBG] PASS: 1 Imm H V+BIOS/+VRAM 4
[DBG] PASS: 1 Imm H V+BIOS/+VRAM 5
[DBG] PASS: 1 Imm H V+BIOS/+VRAM 6
[DBG] PASS: 1 Imm H V+BIOS/+VRAM Old 3
[DBG] PASS: 1 Imm H V+BIOS/+VRAM Old 4
[DBG] PASS: 1 Imm H V+BIOS/+VRAM Old 5
[DBG] PASS: 1 Imm H V+BIOS/+VRAM Old 6
[DBG] DMA test: 2 Imm H V+BIOS/+VRAM
[DBG] PASS: 2 Imm H V+BIOS/+VRAM 3
[DBG] PASS: 2 Imm H V+BIOS/+VRAM 4
[DBG] PASS: 2 Imm H V+BIOS/+VRAM 5
[DBG] PASS: 2 Imm H V+BIOS/+VRAM 6
[DBG] PASS: 2 Imm H V+BIOS/+VRAM Old 3
[DBG] PASS: 2 Imm H V+BIOS/+VRAM Old 4
[DBG] PASS: 2 Imm H V+BIOS/+VRAM Old 5
[DBG] PASS: 2 Imm H V+BIOS/+VRAM Old 6
[DBG] DMA test: 3 Imm H V+BIOS/+VRAM
[DBG] PASS: 3 Imm H V+BIOS/+VRAM 3
[DBG] PASS: 3 Imm H V+BIOS/+VRAM 4
[DBG] PASS: 3 Imm H V+BIOS/+VRAM 5
[DBG] PASS: 3 Imm H V+BIOS/+VRAM 6
[DBG] PASS: 3 Imm H V+BIOS/+VRAM Old 3
[DBG] PASS: 3 Imm H V+BIOS/+VRAM Old 4
[DBG] PASS: 3 Imm H V+BIOS/+VRAM Old 5
[DBG] PASS: 3 Imm H V+BIOS/+VRAM Old 6

--- Suite 10: DMA ---
Frames: 265  PC=0x0802BC64  CPSR=0x8000003F  halted=0  cycle=254688898
[debug]
Game Boy Advance Test Suite
===
BEGIN: DMA tests
DMA test: 0 Imm H =IWRAM/=IWRAM
PASS: 0 Imm H =IWRAM/=IWRAM 3
DMA test: 1 Imm H =IWRAM/=IWRAM
PASS: 1 Imm H =IWRAM/=IWRAM 3
DMA test: 2 Imm H =IWRAM/=IWRAM
PASS: 2 Imm H =IWRAM/=IWRAM 3
DMA test: 3 Imm H =IWRAM/=IWRAM
PASS: 3 Imm H =IWRAM/=IWRAM 3
DMA test: 0 Imm H =IWRAM/=EWRAM
PASS: 0 Imm H =IWRAM/=EWRAM 3
PASS: 0 Imm H =IWRAM/=EWRAM Old 3
DMA test: 1 Imm H =IWRAM/=EWRAM
PASS: 1 Imm H =IWRAM/=EWRAM 3
PASS: 1 Imm H =IWRAM/=EWRAM Old 3
DMA test: 2 Imm H =IWRAM/=EWRAM
PASS: 2 Imm H =IWRAM/=EWRAM 3
PASS: 2 Imm H =IWRAM/=EWRAM Old 3
DMA test: 3 Imm H =IWRAM/=EWRAM
PASS: 3 Imm H =IWRAM/=EWRAM 3
PASS: 3 Imm H =IWRAM/=EWRAM Old 3
DMA test: 0 Imm H =IWRAM/=ROM
PASS: 0 Imm H =IWRAM/=ROM 3
PASS: 0 Imm H =IWRAM/=ROM Old 3
DMA test: 1 Imm H =IWRAM/=ROM
PASS: 1 Imm H =IWRAM/=ROM 3
PASS: 1 Imm H =IWRAM/=ROM Old 3
DMA test: 2 Imm H =IWRAM/=ROM
PASS: 2 Imm H =IWRAM/=ROM 3
PASS: 2 Imm H =IWRAM/=ROM Old 3
DMA test: 3 Imm H =IWRAM/=ROM
PASS: 3 Imm H =IWRAM/=ROM 3
PASS: 3 Imm H =IWRAM/=ROM Old 3
DMA test: 0 Imm H =EWRAM/=IWRAM
PASS: 0 Imm H =EWRAM/=IWRAM 3
DMA test: 1 Imm H =EWRAM/=IWRAM
PASS: 1 Imm H =EWRAM/=IWRAM 3
DMA test: 2 Imm H =EWRAM/=IWRAM
PASS: 2 Imm H =EWRAM/=IWRAM 3
DMA test: 3 Imm H =EWRAM/=IWRAM
PASS: 3 Imm H =EWRAM/=IWRAM 3
DMA test: 0 Imm H =EWRAM/=EWRAM
PASS: 0 Imm H =EWRAM/=EWRAM 3
PASS: 0 Imm H =EWRAM/=EWRAM Old 3
DMA test: 1 Imm H =EWRAM/=EWRAM
PASS: 1 Imm H =EWRAM/=EWRAM 3
PASS: 1 Imm H =EWRAM/=EWRAM Old 3
DMA test: 2 Imm H =EWRAM/=EWRAM
PASS: 2 Imm H =EWRAM/=EWRAM 3
PASS: 2 Imm H =EWRAM/=EWRAM Old 3
DMA test: 3 Imm H =EWRAM/=EWRAM
PASS: 3 Imm H =EWRAM/=EWRAM 3
PASS: 3 Imm H =EWRAM/=EWRAM Old 3
DMA test: 0 Imm H =EWRAM/=ROM
PASS: 0 Imm H =EWRAM/=ROM 3
PASS: 0 Imm H =EWRAM/=ROM Old 3
DMA test: 1 Imm H =EWRAM/=ROM
PASS: 1 Imm H =EWRAM/=ROM 3
PASS: 1 Imm H =EWRAM/=ROM Old 3
DMA test: 2 Imm H =EWRAM/=ROM
PASS: 2 Imm H =EWRAM/=ROM 3
PASS: 2 Imm H =EWRAM/=ROM Old 3
DMA test: 3 Imm H =EWRAM/=ROM
PASS: 3 Imm H =EWRAM/=ROM 3
PASS: 3 Imm H =EWRAM/=ROM Old 3
DMA test: 0 Imm H =ROM/=IWRAM
PASS: 0 Imm H =ROM/=IWRAM 3
DMA test: 1 Imm H =ROM/=IWRAM
FAIL: 1 Imm H =ROM/=IWRAM 3
3: Got CB0EBEEF vs CB0EDEAD: FAIL
DMA test: 2 Imm H =ROM/=IWRAM
FAIL: 2 Imm H =ROM/=IWRAM 3
3: Got CB0EBEEF vs CB0EDEAD: FAIL
DMA test: 3 Imm H =ROM/=IWRAM
FAIL: 3 Imm H =ROM/=IWRAM 3
3: Got CB0EBEEF vs CB0EDEAD: FAIL
DMA test: 0 Imm H =ROM/=EWRAM
PASS: 0 Imm H =ROM/=EWRAM 3
PASS: 0 Imm H =ROM/=EWRAM Old 3
DMA test: 1 Imm H =ROM/=EWRAM
FAIL: 1 Imm H =ROM/=EWRAM 3
3: Got FEFDBEEF vs FEFDDEAD: FAIL
PASS: 1 Imm H =ROM/=EWRAM Old 3
DMA test: 2 Imm H =ROM/=EWRAM
FAIL: 2 Imm H =ROM/=EWRAM 3
3: Got FEFDBEEF vs FEFDDEAD: FAIL
PASS: 2 Imm H =ROM/=EWRAM Old 3
DMA test: 3 Imm H =ROM/=EWRAM
FAIL: 3 Imm H =ROM/=EWRAM 3
3: Got FEFDBEEF vs FEFDDEAD: FAIL
PASS: 3 Imm H =ROM/=EWRAM Old 3
DMA test: 0 Imm H =ROM/=ROM
PASS: 0 Imm H =ROM/=ROM 3
PASS: 0 Imm H =ROM/=ROM Old 3
DMA test: 1 Imm H =ROM/=ROM
PASS: 1 Imm H =ROM/=ROM 3
PASS: 1 Imm H =ROM/=ROM Old 3
DMA test: 2 Imm H =ROM/=ROM
PASS: 2 Imm H =ROM/=ROM 3
PASS: 2 Imm H =ROM/=ROM Old 3
DMA test: 3 Imm H =ROM/=ROM
PASS: 3 Imm H =ROM/=ROM 3
PASS: 3 Imm H =ROM/=ROM Old 3
DMA test: 0 Imm H =BIOS/=IWRAM
PASS: 0 Imm H =BIOS/=IWRAM 3
DMA test: 1 Imm H =BIOS/=IWRAM
PASS: 1 Imm H =BIOS/=IWRAM 3
DMA test: 2 Imm H =BIOS/=IWRAM
PASS: 2 Imm H =BIOS/=IWRAM 3
DMA test: 3 Imm H =BIOS/=IWRAM
PASS: 3 Imm H =BIOS/=IWRAM 3
DMA test: 0 Imm H =BIOS/=EWRAM
PASS: 0 Imm H =BIOS/=EWRAM 3
PASS: 0 Imm H =BIOS/=EWRAM Old 3
DMA test: 1 Imm H =BIOS/=EWRAM
PASS: 1 Imm H =BIOS/=EWRAM 3
PASS: 1 Imm H =BIOS/=EWRAM Old 3
DMA test: 2 Imm H =BIOS/=EWRAM
PASS: 2 Imm H =BIOS/=EWRAM 3
PASS: 2 Imm H =BIOS/=EWRAM Old 3
DMA test: 3 Imm H =BIOS/=EWRAM
PASS: 3 Imm H =BIOS/=EWRAM 3
PASS: 3 Imm H =BIOS/=EWRAM Old 3
DMA test: 0 Imm H =BIOS/=ROM
PASS: 0 Imm H =BIOS/=ROM 3
PASS: 0 Imm H =BIOS/=ROM Old 3
DMA test: 1 Imm H =BIOS/=ROM
PASS: 1 Imm H =BIOS/=ROM 3
PASS: 1 Imm H =BIOS/=ROM Old 3
DMA test: 2 Imm H =BIOS/=ROM
PASS: 2 Imm H =BIOS/=ROM 3
PASS: 2 Imm H =BIOS/=ROM Old 3
DMA test: 3 Imm H =BIOS/=ROM
PASS: 3 Imm H =BIOS/=ROM 3
PASS: 3 Imm H =BIOS/=ROM Old 3
DMA test: 0 Imm H =SRAM/=IWRAM
PASS: 0 Imm H =SRAM/=IWRAM 3
DMA test: 1 Imm H =SRAM/=IWRAM
PASS: 1 Imm H =SRAM/=IWRAM 3
DMA test: 2 Imm H =SRAM/=IWRAM
PASS: 2 Imm H =SRAM/=IWRAM 3
DMA test: 3 Imm H =SRAM/=IWRAM
PASS: 3 Imm H =SRAM/=IWRAM 3
DMA test: 0 Imm H =SRAM/=EWRAM
PASS: 0 Imm H =SRAM/=EWRAM 3
PASS: 0 Imm H =SRAM/=EWRAM Old 3
DMA test: 1 Imm H =SRAM/=EWRAM
PASS: 1 Imm H =SRAM/=EWRAM 3
PASS: 1 Imm H =SRAM/=EWRAM Old 3
DMA test: 2 Imm H =SRAM/=EWRAM
PASS: 2 Imm H =SRAM/=EWRAM 3
PASS: 2 Imm H =SRAM/=EWRAM Old 3
DMA test: 3 Imm H =SRAM/=EWRAM
PASS: 3 Imm H =SRAM/=EWRAM 3
PASS: 3 Imm H =SRAM/=EWRAM Old 3
DMA test: 0 Imm H =SRAM/=ROM
PASS: 0 Imm H =SRAM/=ROM 3
PASS: 0 Imm H =SRAM/=ROM Old 3
DMA test: 1 Imm H =SRAM/=ROM
PASS: 1 Imm H =SRAM/=ROM 3
PASS: 1 Imm H =SRAM/=ROM Old 3
DMA test: 2 Imm H =SRAM/=ROM
PASS: 2 Imm H =SRAM/=ROM 3
PASS: 2 Imm H =SRAM/=ROM Old 3
DMA test: 0 Imm W =IWRAM/=IWRAM
PASS: 0 Imm W =IWRAM/=IWRAM 3
DMA test: 1 Imm W =IWRAM/=IWRAM
PASS: 1 Imm W =IWRAM/=IWRAM 3
DMA test: 2 Imm W =IWRAM/=IWRAM
PASS: 2 Imm W =IWRAM/=IWRAM 3
DMA test: 3 Imm W =IWRAM/=IWRAM
PASS: 3 Imm W =IWRAM/=IWRAM 3
DMA test: 0 Imm W =IWRAM/=EWRAM
PASS: 0 Imm W =IWRAM/=EWRAM 3
PASS: 0 Imm W =IWRAM/=EWRAM Old 3
DMA test: 1 Imm W =IWRAM/=EWRAM
PASS: 1 Imm W =IWRAM/=EWRAM 3
PASS: 1 Imm W =IWRAM/=EWRAM Old 3
DMA test: 2 Imm W =IWRAM/=EWRAM
PASS: 2 Imm W =IWRAM/=EWRAM 3
PASS: 2 Imm W =IWRAM/=EWRAM Old 3
DMA test: 3 Imm W =IWRAM/=EWRAM
PASS: 3 Imm W =IWRAM/=EWRAM 3
PASS: 3 Imm W =IWRAM/=EWRAM Old 3
DMA test: 0 Imm W =IWRAM/=ROM
PASS: 0 Imm W =IWRAM/=ROM 3
PASS: 0 Imm W =IWRAM/=ROM Old 3
DMA test: 1 Imm W =IWRAM/=ROM
PASS: 1 Imm W =IWRAM/=ROM 3
PASS: 1 Imm W =IWRAM/=ROM Old 3
DMA test: 2 Imm W =IWRAM/=ROM
PASS: 2 Imm W =IWRAM/=ROM 3
PASS: 2 Imm W =IWRAM/=ROM Old 3
DMA test: 3 Imm W =IWRAM/=ROM
PASS: 3 Imm W =IWRAM/=ROM 3
PASS: 3 Imm W =IWRAM/=ROM Old 3
DMA test: 0 Imm W =EWRAM/=IWRAM
PASS: 0 Imm W =EWRAM/=IWRAM 3
DMA test: 1 Imm W =EWRAM/=IWRAM
PASS: 1 Imm W =EWRAM/=IWRAM 3
DMA test: 2 Imm W =EWRAM/=IWRAM
PASS: 2 Imm W =EWRAM/=IWRAM 3
DMA test: 3 Imm W =EWRAM/=IWRAM
PASS: 3 Imm W =EWRAM/=IWRAM 3
DMA test: 0 Imm W =EWRAM/=EWRAM
PASS: 0 Imm W =EWRAM/=EWRAM 3
PASS: 0 Imm W =EWRAM/=EWRAM Old 3
DMA test: 1 Imm W =EWRAM/=EWRAM
PASS: 1 Imm W =EWRAM/=EWRAM 3
PASS: 1 Imm W =EWRAM/=EWRAM Old 3
DMA test: 2 Imm W =EWRAM/=EWRAM
PASS: 2 Imm W =EWRAM/=EWRAM 3
PASS: 2 Imm W =EWRAM/=EWRAM Old 3
DMA test: 3 Imm W =EWRAM/=EWRAM
PASS: 3 Imm W =EWRAM/=EWRAM 3
PASS: 3 Imm W =EWRAM/=EWRAM Old 3
DMA test: 0 Imm W =EWRAM/=ROM
PASS: 0 Imm W =EWRAM/=ROM 3
PASS: 0 Imm W =EWRAM/=ROM Old 3
DMA test: 1 Imm W =EWRAM/=ROM
PASS: 1 Imm W =EWRAM/=ROM 3
PASS: 1 Imm W =EWRAM/=ROM Old 3
DMA test: 2 Imm W =EWRAM/=ROM
PASS: 2 Imm W =EWRAM/=ROM 3
PASS: 2 Imm W =EWRAM/=ROM Old 3
DMA test: 3 Imm W =EWRAM/=ROM
PASS: 3 Imm W =EWRAM/=ROM 3
PASS: 3 Imm W =EWRAM/=ROM Old 3
DMA test: 0 Imm W =ROM/=IWRAM
PASS: 0 Imm W =ROM/=IWRAM 3
DMA test: 1 Imm W =ROM/=IWRAM
FAIL: 1 Imm W =ROM/=IWRAM 3
3: Got DEADBEEF vs DEADBEF2: FAIL
DMA test: 2 Imm W =ROM/=IWRAM
FAIL: 2 Imm W =ROM/=IWRAM 3
3: Got DEADBEEF vs DEADBEF2: FAIL
DMA test: 3 Imm W =ROM/=IWRAM
FAIL: 3 Imm W =ROM/=IWRAM 3
3: Got DEADBEEF vs DEADBEF2: FAIL
DMA test: 0 Imm W =ROM/=EWRAM
PASS: 0 Imm W =ROM/=EWRAM 3
PASS: 0 Imm W =ROM/=EWRAM Old 3
DMA test: 1 Imm W =ROM/=EWRAM
FAIL: 1 Imm W =ROM/=EWRAM 3
3: Got DEADBEEF vs DEADBEF2: FAIL
PASS: 1 Imm W =ROM/=EWRAM Old 3
DMA test: 2 Imm W =ROM/=EWRAM
FAIL: 2 Imm W =ROM/=EWRAM 3
3: Got DEADBEEF vs DEADBEF2: FAIL
PASS: 2 Imm W =ROM/=EWRAM Old 3
DMA test: 3 Imm W =ROM/=EWRAM
FAIL: 3 Imm W =ROM/=EWRAM 3
3: Got DEADBEEF vs DEADBEF2: FAIL
PASS: 3 Imm W =ROM/=EWRAM Old 3
DMA test: 0 Imm W =ROM/=ROM
PASS: 0 Imm W =ROM/=ROM 3
PASS: 0 Imm W =ROM/=ROM Old 3
DMA test: 1 Imm W =ROM/=ROM
PASS: 1 Imm W =ROM/=ROM 3
PASS: 1 Imm W =ROM/=ROM Old 3
DMA test: 2 Imm W =ROM/=ROM
PASS: 2 Imm W =ROM/=ROM 3
PASS: 2 Imm W =ROM/=ROM Old 3
DMA test: 3 Imm W =ROM/=ROM
PASS: 3 Imm W =ROM/=ROM 3
PASS: 3 Imm W =ROM/=ROM Old 3
DMA test: 0 Imm W =BIOS/=IWRAM
PASS: 0 Imm W =BIOS/=IWRAM 3
DMA test: 1 Imm W =BIOS/=IWRAM
PASS: 1 Imm W =BIOS/=IWRAM 3
DMA test: 2 Imm W =BIOS/=IWRAM
PASS: 2 Imm W =BIOS/=IWRAM 3
DMA test: 3 Imm W =BIOS/=IWRAM
PASS: 3 Imm W =BIOS/=IWRAM 3
DMA test: 0 Imm W =BIOS/=EWRAM
PASS: 0 Imm W =BIOS/=EWRAM 3
PASS: 0 Imm W =BIOS/=EWRAM Old 3
DMA test: 1 Imm W =BIOS/=EWRAM
PASS: 1 Imm W =BIOS/=EWRAM 3
PASS: 1 Imm W =BIOS/=EWRAM Old 3
DMA test: 2 Imm W =BIOS/=EWRAM
PASS: 2 Imm W =BIOS/=EWRAM 3
PASS: 2 Imm W =BIOS/=EWRAM Old 3
DMA test: 3 Imm W =BIOS/=EWRAM
PASS: 3 Imm W =BIOS/=EWRAM 3
PASS: 3 Imm W =BIOS/=EWRAM Old 3
DMA test: 0 Imm W =BIOS/=ROM
PASS: 0 Imm W =BIOS/=ROM 3
PASS: 0 Imm W =BIOS/=ROM Old 3
DMA test: 1 Imm W =BIOS/=ROM
PASS: 1 Imm W =BIOS/=ROM 3
PASS: 1 Imm W =BIOS/=ROM Old 3
DMA test: 2 Imm W =BIOS/=ROM
PASS: 2 Imm W =BIOS/=ROM 3
PASS: 2 Imm W =BIOS/=ROM Old 3
DMA test: 3 Imm W =BIOS/=ROM
PASS: 3 Imm W =BIOS/=ROM 3
PASS: 3 Imm W =BIOS/=ROM Old 3
DMA test: 0 Imm W =SRAM/=IWRAM
PASS: 0 Imm W =SRAM/=IWRAM 3
DMA test: 1 Imm W =SRAM/=IWRAM
PASS: 1 Imm W =SRAM/=IWRAM 3
DMA test: 2 Imm W =SRAM/=IWRAM
PASS: 2 Imm W =SRAM/=IWRAM 3
DMA test: 3 Imm W =SRAM/=IWRAM
PASS: 3 Imm W =SRAM/=IWRAM 3
DMA test: 0 Imm W =SRAM/=EWRAM
PASS: 0 Imm W =SRAM/=EWRAM 3
PASS: 0 Imm W =SRAM/=EWRAM Old 3
DMA test: 1 Imm W =SRAM/=EWRAM
PASS: 1 Imm W =SRAM/=EWRAM 3
PASS: 1 Imm W =SRAM/=EWRAM Old 3
DMA test: 2 Imm W =SRAM/=EWRAM
PASS: 2 Imm W =SRAM/=EWRAM 3
PASS: 2 Imm W =SRAM/=EWRAM Old 3
DMA test: 3 Imm W =SRAM/=EWRAM
PASS: 3 Imm W =SRAM/=EWRAM 3
PASS: 3 Imm W =SRAM/=EWRAM Old 3
DMA test: 0 Imm W =SRAM/=ROM
PASS: 0 Imm W =SRAM/=ROM 3
PASS: 0 Imm W =SRAM/=ROM Old 3
DMA test: 1 Imm W =SRAM/=ROM
PASS: 1 Imm W =SRAM/=ROM 3
PASS: 1 Imm W =SRAM/=ROM Old 3
DMA test: 2 Imm W =SRAM/=ROM
PASS: 2 Imm W =SRAM/=ROM 3
PASS: 2 Imm W =SRAM/=ROM Old 3
DMA test: 0 Imm H +IWRAM/=IWRAM
PASS: 0 Imm H +IWRAM/=IWRAM 3
DMA test: 1 Imm H +IWRAM/=IWRAM
PASS: 1 Imm H +IWRAM/=IWRAM 3
DMA test: 2 Imm H +IWRAM/=IWRAM
PASS: 2 Imm H +IWRAM/=IWRAM 3
DMA test: 3 Imm H +IWRAM/=IWRAM
PASS: 3 Imm H +IWRAM/=IWRAM 3
DMA test: 0 Imm H +IWRAM/=EWRAM
PASS: 0 Imm H +IWRAM/=EWRAM 3
PASS: 0 Imm H +IWRAM/=EWRAM Old 3
DMA test: 1 Imm H +IWRAM/=EWRAM
PASS: 1 Imm H +IWRAM/=EWRAM 3
PASS: 1 Imm H +IWRAM/=EWRAM Old 3
DMA test: 2 Imm H +IWRAM/=EWRAM
PASS: 2 Imm H +IWRAM/=EWRAM 3
PASS: 2 Imm H +IWRAM/=EWRAM Old 3
DMA test: 3 Imm H +IWRAM/=EWRAM
PASS: 3 Imm H +IWRAM/=EWRAM 3
PASS: 3 Imm H +IWRAM/=EWRAM Old 3
DMA test: 0 Imm H +IWRAM/=ROM
PASS: 0 Imm H +IWRAM/=ROM 3
PASS: 0 Imm H +IWRAM/=ROM Old 3
DMA test: 1 Imm H +IWRAM/=ROM
PASS: 1 Imm H +IWRAM/=ROM 3
PASS: 1 Imm H +IWRAM/=ROM Old 3
DMA test: 2 Imm H +IWRAM/=ROM
PASS: 2 Imm H +IWRAM/=ROM 3
PASS: 2 Imm H +IWRAM/=ROM Old 3
DMA test: 3 Imm H +IWRAM/=ROM
PASS: 3 Imm H +IWRAM/=ROM 3
PASS: 3 Imm H +IWRAM/=ROM Old 3
DMA test: 0 Imm H +EWRAM/=IWRAM
PASS: 0 Imm H +EWRAM/=IWRAM 3
DMA test: 1 Imm H +EWRAM/=IWRAM
PASS: 1 Imm H +EWRAM/=IWRAM 3
DMA test: 2 Imm H +EWRAM/=IWRAM
PASS: 2 Imm H +EWRAM/=IWRAM 3
DMA test: 3 Imm H +EWRAM/=IWRAM
PASS: 3 Imm H +EWRAM/=IWRAM 3
DMA test: 0 Imm H +EWRAM/=EWRAM
PASS: 0 Imm H +EWRAM/=EWRAM 3
PASS: 0 Imm H +EWRAM/=EWRAM Old 3
DMA test: 1 Imm H +EWRAM/=EWRAM
PASS: 1 Imm H +EWRAM/=EWRAM 3
PASS: 1 Imm H +EWRAM/=EWRAM Old 3
DMA test: 2 Imm H +EWRAM/=EWRAM
PASS: 2 Imm H +EWRAM/=EWRAM 3
PASS: 2 Imm H +EWRAM/=EWRAM Old 3
DMA test: 3 Imm H +EWRAM/=EWRAM
PASS: 3 Imm H +EWRAM/=EWRAM 3
PASS: 3 Imm H +EWRAM/=EWRAM Old 3
DMA test: 0 Imm H +EWRAM/=ROM
PASS: 0 Imm H +EWRAM/=ROM 3
PASS: 0 Imm H +EWRAM/=ROM Old 3
DMA test: 1 Imm H +EWRAM/=ROM
PASS: 1 Imm H +EWRAM/=ROM 3
PASS: 1 Imm H +EWRAM/=ROM Old 3
DMA test: 2 Imm H +EWRAM/=ROM
PASS: 2 Imm H +EWRAM/=ROM 3
PASS: 2 Imm H +EWRAM/=ROM Old 3
DMA test: 3 Imm H +EWRAM/=ROM
PASS: 3 Imm H +EWRAM/=ROM 3
PASS: 3 Imm H +EWRAM/=ROM Old 3
DMA test: 0 Imm H +ROM/=IWRAM
PASS: 0 Imm H +ROM/=IWRAM 3
DMA test: 1 Imm H +ROM/=IWRAM
PASS: 1 Imm H +ROM/=IWRAM 3
DMA test: 2 Imm H +ROM/=IWRAM
PASS: 2 Imm H +ROM/=IWRAM 3
DMA test: 3 Imm H +ROM/=IWRAM
PASS: 3 Imm H +ROM/=IWRAM 3
DMA test: 0 Imm H +ROM/=EWRAM
PASS: 0 Imm H +ROM/=EWRAM 3
PASS: 0 Imm H +ROM/=EWRAM Old 3
DMA test: 1 Imm H +ROM/=EWRAM
PASS: 1 Imm H +ROM/=EWRAM 3
PASS: 1 Imm H +ROM/=EWRAM Old 3
DMA test: 2 Imm H +ROM/=EWRAM
PASS: 2 Imm H +ROM/=EWRAM 3
PASS: 2 Imm H +ROM/=EWRAM Old 3
DMA test: 3 Imm H +ROM/=EWRAM
PASS: 3 Imm H +ROM/=EWRAM 3
PASS: 3 Imm H +ROM/=EWRAM Old 3
DMA test: 0 Imm H +ROM/=ROM
PASS: 0 Imm H +ROM/=ROM 3
PASS: 0 Imm H +ROM/=ROM Old 3
DMA test: 1 Imm H +ROM/=ROM
PASS: 1 Imm H +ROM/=ROM 3
PASS: 1 Imm H +ROM/=ROM Old 3
DMA test: 2 Imm H +ROM/=ROM
PASS: 2 Imm H +ROM/=ROM 3
PASS: 2 Imm H +ROM/=ROM Old 3
DMA test: 3 Imm H +ROM/=ROM
PASS: 3 Imm H +ROM/=ROM 3
PASS: 3 Imm H +ROM/=ROM Old 3
DMA test: 0 Imm H +BIOS/=IWRAM
PASS: 0 Imm H +BIOS/=IWRAM 3
DMA test: 1 Imm H +BIOS/=IWRAM
PASS: 1 Imm H +BIOS/=IWRAM 3
DMA test: 2 Imm H +BIOS/=IWRAM
PASS: 2 Imm H +BIOS/=IWRAM 3
DMA test: 3 Imm H +BIOS/=IWRAM
PASS: 3 Imm H +BIOS/=IWRAM 3
DMA test: 0 Imm H +BIOS/=EWRAM
PASS: 0 Imm H +BIOS/=EWRAM 3
PASS: 0 Imm H +BIOS/=EWRAM Old 3
DMA test: 1 Imm H +BIOS/=EWRAM
PASS: 1 Imm H +BIOS/=EWRAM 3
PASS: 1 Imm H +BIOS/=EWRAM Old 3
DMA test: 2 Imm H +BIOS/=EWRAM
PASS: 2 Imm H +BIOS/=EWRAM 3
PASS: 2 Imm H +BIOS/=EWRAM Old 3
DMA test: 3 Imm H +BIOS/=EWRAM
PASS: 3 Imm H +BIOS/=EWRAM 3
PASS: 3 Imm H +BIOS/=EWRAM Old 3
DMA test: 0 Imm H +BIOS/=ROM
PASS: 0 Imm H +BIOS/=ROM 3
PASS: 0 Imm H +BIOS/=ROM Old 3
DMA test: 1 Imm H +BIOS/=ROM
PASS: 1 Imm H +BIOS/=ROM 3
PASS: 1 Imm H +BIOS/=ROM Old 3
DMA test: 2 Imm H +BIOS/=ROM
PASS: 2 Imm H +BIOS/=ROM 3
PASS: 2 Imm H +BIOS/=ROM Old 3
DMA test: 3 Imm H +BIOS/=ROM
PASS: 3 Imm H +BIOS/=ROM 3
PASS: 3 Imm H +BIOS/=ROM Old 3
DMA test: 0 Imm H +SRAM/=IWRAM
PASS: 0 Imm H +SRAM/=IWRAM 3
DMA test: 1 Imm H +SRAM/=IWRAM
PASS: 1 Imm H +SRAM/=IWRAM 3
DMA test: 2 Imm H +SRAM/=IWRAM
PASS: 2 Imm H +SRAM/=IWRAM 3
DMA test: 3 Imm H +SRAM/=IWRAM
PASS: 3 Imm H +SRAM/=IWRAM 3
DMA test: 0 Imm H +SRAM/=EWRAM
PASS: 0 Imm H +SRAM/=EWRAM 3
PASS: 0 Imm H +SRAM/=EWRAM Old 3
DMA test: 1 Imm H +SRAM/=EWRAM
PASS: 1 Imm H +SRAM/=EWRAM 3
PASS: 1 Imm H +SRAM/=EWRAM Old 3
DMA test: 2 Imm H +SRAM/=EWRAM
PASS: 2 Imm H +SRAM/=EWRAM 3
PASS: 2 Imm H +SRAM/=EWRAM Old 3
DMA test: 3 Imm H +SRAM/=EWRAM
PASS: 3 Imm H +SRAM/=EWRAM 3
PASS: 3 Imm H +SRAM/=EWRAM Old 3
DMA test: 0 Imm H +SRAM/=ROM
PASS: 0 Imm H +SRAM/=ROM 3
PASS: 0 Imm H +SRAM/=ROM Old 3
DMA test: 1 Imm H +SRAM/=ROM
PASS: 1 Imm H +SRAM/=ROM 3
PASS: 1 Imm H +SRAM/=ROM Old 3
DMA test: 2 Imm H +SRAM/=ROM
PASS: 2 Imm H +SRAM/=ROM 3
PASS: 2 Imm H +SRAM/=ROM Old 3
DMA test: 0 Imm W +IWRAM/=IWRAM
PASS: 0 Imm W +IWRAM/=IWRAM 3
DMA test: 1 Imm W +IWRAM/=IWRAM
PASS: 1 Imm W +IWRAM/=IWRAM 3
DMA test: 2 Imm W +IWRAM/=IWRAM
PASS: 2 Imm W +IWRAM/=IWRAM 3
DMA test: 3 Imm W +IWRAM/=IWRAM
PASS: 3 Imm W +IWRAM/=IWRAM 3
DMA test: 0 Imm W +IWRAM/=EWRAM
PASS: 0 Imm W +IWRAM/=EWRAM 3
PASS: 0 Imm W +IWRAM/=EWRAM Old 3
DMA test: 1 Imm W +IWRAM/=EWRAM
PASS: 1 Imm W +IWRAM/=EWRAM 3
PASS: 1 Imm W +IWRAM/=EWRAM Old 3
DMA test: 2 Imm W +IWRAM/=EWRAM
PASS: 2 Imm W +IWRAM/=EWRAM 3
PASS: 2 Imm W +IWRAM/=EWRAM Old 3
DMA test: 3 Imm W +IWRAM/=EWRAM
PASS: 3 Imm W +IWRAM/=EWRAM 3
PASS: 3 Imm W +IWRAM/=EWRAM Old 3
DMA test: 0 Imm W +IWRAM/=ROM
PASS: 0 Imm W +IWRAM/=ROM 3
PASS: 0 Imm W +IWRAM/=ROM Old 3
DMA test: 1 Imm W +IWRAM/=ROM
PASS: 1 Imm W +IWRAM/=ROM 3
PASS: 1 Imm W +IWRAM/=ROM Old 3
DMA test: 2 Imm W +IWRAM/=ROM
PASS: 2 Imm W +IWRAM/=ROM 3
PASS: 2 Imm W +IWRAM/=ROM Old 3
DMA test: 3 Imm W +IWRAM/=ROM
PASS: 3 Imm W +IWRAM/=ROM 3
PASS: 3 Imm W +IWRAM/=ROM Old 3
DMA test: 0 Imm W +EWRAM/=IWRAM
PASS: 0 Imm W +EWRAM/=IWRAM 3
DMA test: 1 Imm W +EWRAM/=IWRAM
PASS: 1 Imm W +EWRAM/=IWRAM 3
DMA test: 2 Imm W +EWRAM/=IWRAM
PASS: 2 Imm W +EWRAM/=IWRAM 3
DMA test: 3 Imm W +EWRAM/=IWRAM
PASS: 3 Imm W +EWRAM/=IWRAM 3
DMA test: 0 Imm W +EWRAM/=EWRAM
PASS: 0 Imm W +EWRAM/=EWRAM 3
PASS: 0 Imm W +EWRAM/=EWRAM Old 3
DMA test: 1 Imm W +EWRAM/=EWRAM
PASS: 1 Imm W +EWRAM/=EWRAM 3
PASS: 1 Imm W +EWRAM/=EWRAM Old 3
DMA test: 2 Imm W +EWRAM/=EWRAM
PASS: 2 Imm W +EWRAM/=EWRAM 3
PASS: 2 Imm W +EWRAM/=EWRAM Old 3
DMA test: 3 Imm W +EWRAM/=EWRAM
PASS: 3 Imm W +EWRAM/=EWRAM 3
PASS: 3 Imm W +EWRAM/=EWRAM Old 3
DMA test: 0 Imm W +EWRAM/=ROM
PASS: 0 Imm W +EWRAM/=ROM 3
PASS: 0 Imm W +EWRAM/=ROM Old 3
DMA test: 1 Imm W +EWRAM/=ROM
PASS: 1 Imm W +EWRAM/=ROM 3
PASS: 1 Imm W +EWRAM/=ROM Old 3
DMA test: 2 Imm W +EWRAM/=ROM
PASS: 2 Imm W +EWRAM/=ROM 3
PASS: 2 Imm W +EWRAM/=ROM Old 3
DMA test: 3 Imm W +EWRAM/=ROM
PASS: 3 Imm W +EWRAM/=ROM 3
PASS: 3 Imm W +EWRAM/=ROM Old 3
DMA test: 0 Imm W +ROM/=IWRAM
PASS: 0 Imm W +ROM/=IWRAM 3
DMA test: 1 Imm W +ROM/=IWRAM
PASS: 1 Imm W +ROM/=IWRAM 3
DMA test: 2 Imm W +ROM/=IWRAM
PASS: 2 Imm W +ROM/=IWRAM 3
DMA test: 3 Imm W +ROM/=IWRAM
PASS: 3 Imm W +ROM/=IWRAM 3
DMA test: 0 Imm W +ROM/=EWRAM
PASS: 0 Imm W +ROM/=EWRAM 3
PASS: 0 Imm W +ROM/=EWRAM Old 3
DMA test: 1 Imm W +ROM/=EWRAM
PASS: 1 Imm W +ROM/=EWRAM 3
PASS: 1 Imm W +ROM/=EWRAM Old 3
DMA test: 2 Imm W +ROM/=EWRAM
PASS: 2 Imm W +ROM/=EWRAM 3
PASS: 2 Imm W +ROM/=EWRAM Old 3
DMA test: 3 Imm W +ROM/=EWRAM
PASS: 3 Imm W +ROM/=EWRAM 3
PASS: 3 Imm W +ROM/=EWRAM Old 3
DMA test: 0 Imm W +ROM/=ROM
PASS: 0 Imm W +ROM/=ROM 3
PASS: 0 Imm W +ROM/=ROM Old 3
DMA test: 1 Imm W +ROM/=ROM
PASS: 1 Imm W +ROM/=ROM 3
PASS: 1 Imm W +ROM/=ROM Old 3
DMA test: 2 Imm W +ROM/=ROM
PASS: 2 Imm W +ROM/=ROM 3
PASS: 2 Imm W +ROM/=ROM Old 3
DMA test: 3 Imm W +ROM/=ROM
PASS: 3 Imm W +ROM/=ROM 3
PASS: 3 Imm W +ROM/=ROM Old 3
DMA test: 0 Imm W +BIOS/=IWRAM
PASS: 0 Imm W +BIOS/=IWRAM 3
DMA test: 1 Imm W +BIOS/=IWRAM
PASS: 1 Imm W +BIOS/=IWRAM 3
DMA test: 2 Imm W +BIOS/=IWRAM
PASS: 2 Imm W +BIOS/=IWRAM 3
DMA test: 3 Imm W +BIOS/=IWRAM
PASS: 3 Imm W +BIOS/=IWRAM 3
DMA test: 0 Imm W +BIOS/=EWRAM
PASS: 0 Imm W +BIOS/=EWRAM 3
PASS: 0 Imm W +BIOS/=EWRAM Old 3
DMA test: 1 Imm W +BIOS/=EWRAM
PASS: 1 Imm W +BIOS/=EWRAM 3
PASS: 1 Imm W +BIOS/=EWRAM Old 3
DMA test: 2 Imm W +BIOS/=EWRAM
PASS: 2 Imm W +BIOS/=EWRAM 3
PASS: 2 Imm W +BIOS/=EWRAM Old 3
DMA test: 3 Imm W +BIOS/=EWRAM
PASS: 3 Imm W +BIOS/=EWRAM 3
PASS: 3 Imm W +BIOS/=EWRAM Old 3
DMA test: 0 Imm W +BIOS/=ROM
PASS: 0 Imm W +BIOS/=ROM 3
PASS: 0 Imm W +BIOS/=ROM Old 3
DMA test: 1 Imm W +BIOS/=ROM
PASS: 1 Imm W +BIOS/=ROM 3
PASS: 1 Imm W +BIOS/=ROM Old 3
DMA test: 2 Imm W +BIOS/=ROM
PASS: 2 Imm W +BIOS/=ROM 3
PASS: 2 Imm W +BIOS/=ROM Old 3
DMA test: 3 Imm W +BIOS/=ROM
PASS: 3 Imm W +BIOS/=ROM 3
PASS: 3 Imm W +BIOS/=ROM Old 3
DMA test: 0 Imm W +SRAM/=IWRAM
PASS: 0 Imm W +SRAM/=IWRAM 3
DMA test: 1 Imm W +SRAM/=IWRAM
PASS: 1 Imm W +SRAM/=IWRAM 3
DMA test: 2 Imm W +SRAM/=IWRAM
PASS: 2 Imm W +SRAM/=IWRAM 3
DMA test: 3 Imm W +SRAM/=IWRAM
PASS: 3 Imm W +SRAM/=IWRAM 3
DMA test: 0 Imm W +SRAM/=EWRAM
PASS: 0 Imm W +SRAM/=EWRAM 3
PASS: 0 Imm W +SRAM/=EWRAM Old 3
DMA test: 1 Imm W +SRAM/=EWRAM
PASS: 1 Imm W +SRAM/=EWRAM 3
PASS: 1 Imm W +SRAM/=EWRAM Old 3
DMA test: 2 Imm W +SRAM/=EWRAM
PASS: 2 Imm W +SRAM/=EWRAM 3
PASS: 2 Imm W +SRAM/=EWRAM Old 3
DMA test: 3 Imm W +SRAM/=EWRAM
PASS: 3 Imm W +SRAM/=EWRAM 3
PASS: 3 Imm W +SRAM/=EWRAM Old 3
DMA test: 0 Imm W +SRAM/=ROM
PASS: 0 Imm W +SRAM/=ROM 3
PASS: 0 Imm W +SRAM/=ROM Old 3
DMA test: 1 Imm W +SRAM/=ROM
PASS: 1 Imm W +SRAM/=ROM 3
PASS: 1 Imm W +SRAM/=ROM Old 3
DMA test: 2 Imm W +SRAM/=ROM
PASS: 2 Imm W +SRAM/=ROM 3
PASS: 2 Imm W +SRAM/=ROM Old 3
DMA test: 0 Imm H -IWRAM/=IWRAM
PASS: 0 Imm H -IWRAM/=IWRAM 3
DMA test: 1 Imm H -IWRAM/=IWRAM
PASS: 1 Imm H -IWRAM/=IWRAM 3
DMA test: 2 Imm H -IWRAM/=IWRAM
PASS: 2 Imm H -IWRAM/=IWRAM 3
DMA test: 3 Imm H -IWRAM/=IWRAM
PASS: 3 Imm H -IWRAM/=IWRAM 3
DMA test: 0 Imm H -IWRAM/=EWRAM
PASS: 0 Imm H -IWRAM/=EWRAM 3
PASS: 0 Imm H -IWRAM/=EWRAM Old 3
DMA test: 1 Imm H -IWRAM/=EWRAM
PASS: 1 Imm H -IWRAM/=EWRAM 3
PASS: 1 Imm H -IWRAM/=EWRAM Old 3
DMA test: 2 Imm H -IWRAM/=EWRAM
PASS: 2 Imm H -IWRAM/=EWRAM 3
PASS: 2 Imm H -IWRAM/=EWRAM Old 3
DMA test: 3 Imm H -IWRAM/=EWRAM
PASS: 3 Imm H -IWRAM/=EWRAM 3
PASS: 3 Imm H -IWRAM/=EWRAM Old 3
DMA test: 0 Imm H -IWRAM/=ROM
PASS: 0 Imm H -IWRAM/=ROM 3
PASS: 0 Imm H -IWRAM/=ROM Old 3
DMA test: 1 Imm H -IWRAM/=ROM
PASS: 1 Imm H -IWRAM/=ROM 3
PASS: 1 Imm H -IWRAM/=ROM Old 3
DMA test: 2 Imm H -IWRAM/=ROM
PASS: 2 Imm H -IWRAM/=ROM 3
PASS: 2 Imm H -IWRAM/=ROM Old 3
DMA test: 3 Imm H -IWRAM/=ROM
PASS: 3 Imm H -IWRAM/=ROM 3
PASS: 3 Imm H -IWRAM/=ROM Old 3
DMA test: 0 Imm H -EWRAM/=IWRAM
PASS: 0 Imm H -EWRAM/=IWRAM 3
DMA test: 1 Imm H -EWRAM/=IWRAM
PASS: 1 Imm H -EWRAM/=IWRAM 3
DMA test: 2 Imm H -EWRAM/=IWRAM
PASS: 2 Imm H -EWRAM/=IWRAM 3
DMA test: 3 Imm H -EWRAM/=IWRAM
PASS: 3 Imm H -EWRAM/=IWRAM 3
DMA test: 0 Imm H -EWRAM/=EWRAM
PASS: 0 Imm H -EWRAM/=EWRAM 3
PASS: 0 Imm H -EWRAM/=EWRAM Old 3
DMA test: 1 Imm H -EWRAM/=EWRAM
PASS: 1 Imm H -EWRAM/=EWRAM 3
PASS: 1 Imm H -EWRAM/=EWRAM Old 3
DMA test: 2 Imm H -EWRAM/=EWRAM
PASS: 2 Imm H -EWRAM/=EWRAM 3
PASS: 2 Imm H -EWRAM/=EWRAM Old 3
DMA test: 3 Imm H -EWRAM/=EWRAM
PASS: 3 Imm H -EWRAM/=EWRAM 3
PASS: 3 Imm H -EWRAM/=EWRAM Old 3
DMA test: 0 Imm H -EWRAM/=ROM
PASS: 0 Imm H -EWRAM/=ROM 3
PASS: 0 Imm H -EWRAM/=ROM Old 3
DMA test: 1 Imm H -EWRAM/=ROM
PASS: 1 Imm H -EWRAM/=ROM 3
PASS: 1 Imm H -EWRAM/=ROM Old 3
DMA test: 2 Imm H -EWRAM/=ROM
PASS: 2 Imm H -EWRAM/=ROM 3
PASS: 2 Imm H -EWRAM/=ROM Old 3
DMA test: 3 Imm H -EWRAM/=ROM
PASS: 3 Imm H -EWRAM/=ROM 3
PASS: 3 Imm H -EWRAM/=ROM Old 3
DMA test: 0 Imm H -ROM/=IWRAM
PASS: 0 Imm H -ROM/=IWRAM 3
DMA test: 1 Imm H -ROM/=IWRAM
PASS: 1 Imm H -ROM/=IWRAM 3
DMA test: 2 Imm H -ROM/=IWRAM
PASS: 2 Imm H -ROM/=IWRAM 3
DMA test: 3 Imm H -ROM/=IWRAM
PASS: 3 Imm H -ROM/=IWRAM 3
DMA test: 0 Imm H -ROM/=EWRAM
PASS: 0 Imm H -ROM/=EWRAM 3
PASS: 0 Imm H -ROM/=EWRAM Old 3
DMA test: 1 Imm H -ROM/=EWRAM
PASS: 1 Imm H -ROM/=EWRAM 3
PASS: 1 Imm H -ROM/=EWRAM Old 3
DMA test: 2 Imm H -ROM/=EWRAM
PASS: 2 Imm H -ROM/=EWRAM 3
PASS: 2 Imm H -ROM/=EWRAM Old 3
DMA test: 3 Imm H -ROM/=EWRAM
PASS: 3 Imm H -ROM/=EWRAM 3
PASS: 3 Imm H -ROM/=EWRAM Old 3
DMA test: 0 Imm H -ROM/=ROM
PASS: 0 Imm H -ROM/=ROM 3
PASS: 0 Imm H -ROM/=ROM Old 3
DMA test: 1 Imm H -ROM/=ROM
PASS: 1 Imm H -ROM/=ROM 3
PASS: 1 Imm H -ROM/=ROM Old 3
DMA test: 2 Imm H -ROM/=ROM
PASS: 2 Imm H -ROM/=ROM 3
PASS: 2 Imm H -ROM/=ROM Old 3
DMA test: 3 Imm H -ROM/=ROM
PASS: 3 Imm H -ROM/=ROM 3
PASS: 3 Imm H -ROM/=ROM Old 3
DMA test: 0 Imm H -BIOS/=IWRAM
PASS: 0 Imm H -BIOS/=IWRAM 3
DMA test: 1 Imm H -BIOS/=IWRAM
PASS: 1 Imm H -BIOS/=IWRAM 3
DMA test: 2 Imm H -BIOS/=IWRAM
PASS: 2 Imm H -BIOS/=IWRAM 3
DMA test: 3 Imm H -BIOS/=IWRAM
PASS: 3 Imm H -BIOS/=IWRAM 3
DMA test: 0 Imm H -BIOS/=EWRAM
PASS: 0 Imm H -BIOS/=EWRAM 3
PASS: 0 Imm H -BIOS/=EWRAM Old 3
DMA test: 1 Imm H -BIOS/=EWRAM
PASS: 1 Imm H -BIOS/=EWRAM 3
PASS: 1 Imm H -BIOS/=EWRAM Old 3
DMA test: 2 Imm H -BIOS/=EWRAM
PASS: 2 Imm H -BIOS/=EWRAM 3
PASS: 2 Imm H -BIOS/=EWRAM Old 3
DMA test: 3 Imm H -BIOS/=EWRAM
PASS: 3 Imm H -BIOS/=EWRAM 3
PASS: 3 Imm H -BIOS/=EWRAM Old 3
DMA test: 0 Imm H -BIOS/=ROM
PASS: 0 Imm H -BIOS/=ROM 3
PASS: 0 Imm H -BIOS/=ROM Old 3
DMA test: 1 Imm H -BIOS/=ROM
PASS: 1 Imm H -BIOS/=ROM 3
PASS: 1 Imm H -BIOS/=ROM Old 3
DMA test: 2 Imm H -BIOS/=ROM
PASS: 2 Imm H -BIOS/=ROM 3
PASS: 2 Imm H -BIOS/=ROM Old 3
DMA test: 3 Imm H -BIOS/=ROM
PASS: 3 Imm H -BIOS/=ROM 3
PASS: 3 Imm H -BIOS/=ROM Old 3
DMA test: 0 Imm H -SRAM/=IWRAM
PASS: 0 Imm H -SRAM/=IWRAM 3
DMA test: 1 Imm H -SRAM/=IWRAM
PASS: 1 Imm H -SRAM/=IWRAM 3
DMA test: 2 Imm H -SRAM/=IWRAM
PASS: 2 Imm H -SRAM/=IWRAM 3
DMA test: 3 Imm H -SRAM/=IWRAM
PASS: 3 Imm H -SRAM/=IWRAM 3
DMA test: 0 Imm H -SRAM/=EWRAM
PASS: 0 Imm H -SRAM/=EWRAM 3
PASS: 0 Imm H -SRAM/=EWRAM Old 3
DMA test: 1 Imm H -SRAM/=EWRAM
PASS: 1 Imm H -SRAM/=EWRAM 3
PASS: 1 Imm H -SRAM/=EWRAM Old 3
DMA test: 2 Imm H -SRAM/=EWRAM
PASS: 2 Imm H -SRAM/=EWRAM 3
PASS: 2 Imm H -SRAM/=EWRAM Old 3
DMA test: 3 Imm H -SRAM/=EWRAM
PASS: 3 Imm H -SRAM/=EWRAM 3
PASS: 3 Imm H -SRAM/=EWRAM Old 3
DMA test: 0 Imm H -SRAM/=ROM
PASS: 0 Imm H -SRAM/=ROM 3
PASS: 0 Imm H -SRAM/=ROM Old 3
DMA test: 1 Imm H -SRAM/=ROM
PASS: 1 Imm H -SRAM/=ROM 3
PASS: 1 Imm H -SRAM/=ROM Old 3
DMA test: 2 Imm H -SRAM/=ROM
PASS: 2 Imm H -SRAM/=ROM 3
PASS: 2 Imm H -SRAM/=ROM Old 3
DMA test: 0 Imm W -IWRAM/=IWRAM
PASS: 0 Imm W -IWRAM/=IWRAM 3
DMA test: 1 Imm W -IWRAM/=IWRAM
PASS: 1 Imm W -IWRAM/=IWRAM 3
DMA test: 2 Imm W -IWRAM/=IWRAM
PASS: 2 Imm W -IWRAM/=IWRAM 3
DMA test: 3 Imm W -IWRAM/=IWRAM
PASS: 3 Imm W -IWRAM/=IWRAM 3
DMA test: 0 Imm W -IWRAM/=EWRAM
PASS: 0 Imm W -IWRAM/=EWRAM 3
PASS: 0 Imm W -IWRAM/=EWRAM Old 3
DMA test: 1 Imm W -IWRAM/=EWRAM
PASS: 1 Imm W -IWRAM/=EWRAM 3
PASS: 1 Imm W -IWRAM/=EWRAM Old 3
DMA test: 2 Imm W -IWRAM/=EWRAM
PASS: 2 Imm W -IWRAM/=EWRAM 3
PASS: 2 Imm W -IWRAM/=EWRAM Old 3
DMA test: 3 Imm W -IWRAM/=EWRAM
PASS: 3 Imm W -IWRAM/=EWRAM 3
PASS: 3 Imm W -IWRAM/=EWRAM Old 3
DMA test: 0 Imm W -IWRAM/=ROM
PASS: 0 Imm W -IWRAM/=ROM 3
PASS: 0 Imm W -IWRAM/=ROM Old 3
DMA test: 1 Imm W -IWRAM/=ROM
PASS: 1 Imm W -IWRAM/=ROM 3
PASS: 1 Imm W -IWRAM/=ROM Old 3
DMA test: 2 Imm W -IWRAM/=ROM
PASS: 2 Imm W -IWRAM/=ROM 3
PASS: 2 Imm W -IWRAM/=ROM Old 3
DMA test: 3 Imm W -IWRAM/=ROM
PASS: 3 Imm W -IWRAM/=ROM 3
PASS: 3 Imm W -IWRAM/=ROM Old 3
DMA test: 0 Imm W -EWRAM/=IWRAM
PASS: 0 Imm W -EWRAM/=IWRAM 3
DMA test: 1 Imm W -EWRAM/=IWRAM
PASS: 1 Imm W -EWRAM/=IWRAM 3
DMA test: 2 Imm W -EWRAM/=IWRAM
PASS: 2 Imm W -EWRAM/=IWRAM 3
DMA test: 3 Imm W -EWRAM/=IWRAM
PASS: 3 Imm W -EWRAM/=IWRAM 3
DMA test: 0 Imm W -EWRAM/=EWRAM
PASS: 0 Imm W -EWRAM/=EWRAM 3
PASS: 0 Imm W -EWRAM/=EWRAM Old 3
DMA test: 1 Imm W -EWRAM/=EWRAM
PASS: 1 Imm W -EWRAM/=EWRAM 3
PASS: 1 Imm W -EWRAM/=EWRAM Old 3
DMA test: 2 Imm W -EWRAM/=EWRAM
PASS: 2 Imm W -EWRAM/=EWRAM 3
PASS: 2 Imm W -EWRAM/=EWRAM Old 3
DMA test: 3 Imm W -EWRAM/=EWRAM
PASS: 3 Imm W -EWRAM/=EWRAM 3
PASS: 3 Imm W -EWRAM/=EWRAM Old 3
DMA test: 0 Imm W -EWRAM/=ROM
PASS: 0 Imm W -EWRAM/=ROM 3
PASS: 0 Imm W -EWRAM/=ROM Old 3
DMA test: 1 Imm W -EWRAM/=ROM
PASS: 1 Imm W -EWRAM/=ROM 3
PASS: 1 Imm W -EWRAM/=ROM Old 3
DMA test: 2 Imm W -EWRAM/=ROM
PASS: 2 Imm W -EWRAM/=ROM 3
PASS: 2 Imm W -EWRAM/=ROM Old 3
DMA test: 3 Imm W -EWRAM/=ROM
PASS: 3 Imm W -EWRAM/=ROM 3
PASS: 3 Imm W -EWRAM/=ROM Old 3
DMA test: 0 Imm W -ROM/=IWRAM
PASS: 0 Imm W -ROM/=IWRAM 3
DMA test: 1 Imm W -ROM/=IWRAM
FAIL: 1 Imm W -ROM/=IWRAM 3
3: Got DEADBEEC vs DEADBEF2: FAIL
DMA test: 2 Imm W -ROM/=IWRAM
FAIL: 2 Imm W -ROM/=IWRAM 3
3: Got DEADBEEC vs DEADBEF2: FAIL
DMA test: 3 Imm W -ROM/=IWRAM
FAIL: 3 Imm W -ROM/=IWRAM 3
3: Got DEADBEEC vs DEADBEF2: FAIL
DMA test: 0 Imm W -ROM/=EWRAM
PASS: 0 Imm W -ROM/=EWRAM 3
PASS: 0 Imm W -ROM/=EWRAM Old 3
DMA test: 1 Imm W -ROM/=EWRAM
FAIL: 1 Imm W -ROM/=EWRAM 3
3: Got DEADBEEC vs DEADBEF2: FAIL
PASS: 1 Imm W -ROM/=EWRAM Old 3
DMA test: 2 Imm W -ROM/=EWRAM
FAIL: 2 Imm W -ROM/=EWRAM 3
3: Got DEADBEEC vs DEADBEF2: FAIL
PASS: 2 Imm W -ROM/=EWRAM Old 3
DMA test: 3 Imm W -ROM/=EWRAM
FAIL: 3 Imm W -ROM/=EWRAM 3
3: Got DEADBEEC vs DEADBEF2: FAIL
PASS: 3 Imm W -ROM/=EWRAM Old 3
DMA test: 0 Imm W -ROM/=ROM
PASS: 0 Imm W -ROM/=ROM 3
PASS: 0 Imm W -ROM/=ROM Old 3
DMA test: 1 Imm W -ROM/=ROM
PASS: 1 Imm W -ROM/=ROM 3
PASS: 1 Imm W -ROM/=ROM Old 3
DMA test: 2 Imm W -ROM/=ROM
PASS: 2 Imm W -ROM/=ROM 3
PASS: 2 Imm W -ROM/=ROM Old 3
DMA test: 3 Imm W -ROM/=ROM
PASS: 3 Imm W -ROM/=ROM 3
PASS: 3 Imm W -ROM/=ROM Old 3
DMA test: 0 Imm W -BIOS/=IWRAM
PASS: 0 Imm W -BIOS/=IWRAM 3
DMA test: 1 Imm W -BIOS/=IWRAM
PASS: 1 Imm W -BIOS/=IWRAM 3
DMA test: 2 Imm W -BIOS/=IWRAM
PASS: 2 Imm W -BIOS/=IWRAM 3
DMA test: 3 Imm W -BIOS/=IWRAM
PASS: 3 Imm W -BIOS/=IWRAM 3
DMA test: 0 Imm W -BIOS/=EWRAM
PASS: 0 Imm W -BIOS/=EWRAM 3
PASS: 0 Imm W -BIOS/=EWRAM Old 3
DMA test: 1 Imm W -BIOS/=EWRAM
PASS: 1 Imm W -BIOS/=EWRAM 3
PASS: 1 Imm W -BIOS/=EWRAM Old 3
DMA test: 2 Imm W -BIOS/=EWRAM
PASS: 2 Imm W -BIOS/=EWRAM 3
PASS: 2 Imm W -BIOS/=EWRAM Old 3
DMA test: 3 Imm W -BIOS/=EWRAM
PASS: 3 Imm W -BIOS/=EWRAM 3
PASS: 3 Imm W -BIOS/=EWRAM Old 3
DMA test: 0 Imm W -BIOS/=ROM
PASS: 0 Imm W -BIOS/=ROM 3
PASS: 0 Imm W -BIOS/=ROM Old 3
DMA test: 1 Imm W -BIOS/=ROM
PASS: 1 Imm W -BIOS/=ROM 3
PASS: 1 Imm W -BIOS/=ROM Old 3
DMA test: 2 Imm W -BIOS/=ROM
PASS: 2 Imm W -BIOS/=ROM 3
PASS: 2 Imm W -BIOS/=ROM Old 3
DMA test: 3 Imm W -BIOS/=ROM
PASS: 3 Imm W -BIOS/=ROM 3
PASS: 3 Imm W -BIOS/=ROM Old 3
DMA test: 0 Imm W -SRAM/=IWRAM
PASS: 0 Imm W -SRAM/=IWRAM 3
DMA test: 1 Imm W -SRAM/=IWRAM
PASS: 1 Imm W -SRAM/=IWRAM 3
DMA test: 2 Imm W -SRAM/=IWRAM
PASS: 2 Imm W -SRAM/=IWRAM 3
DMA test: 3 Imm W -SRAM/=IWRAM
PASS: 3 Imm W -SRAM/=IWRAM 3
DMA test: 0 Imm W -SRAM/=EWRAM
PASS: 0 Imm W -SRAM/=EWRAM 3
PASS: 0 Imm W -SRAM/=EWRAM Old 3
DMA test: 1 Imm W -SRAM/=EWRAM
PASS: 1 Imm W -SRAM/=EWRAM 3
PASS: 1 Imm W -SRAM/=EWRAM Old 3
DMA test: 2 Imm W -SRAM/=EWRAM
PASS: 2 Imm W -SRAM/=EWRAM 3
PASS: 2 Imm W -SRAM/=EWRAM Old 3
DMA test: 3 Imm W -SRAM/=EWRAM
PASS: 3 Imm W -SRAM/=EWRAM 3
PASS: 3 Imm W -SRAM/=EWRAM Old 3
DMA test: 0 Imm W -SRAM/=ROM
PASS: 0 Imm W -SRAM/=ROM 3
PASS: 0 Imm W -SRAM/=ROM Old 3
DMA test: 1 Imm W -SRAM/=ROM
PASS: 1 Imm W -SRAM/=ROM 3
PASS: 1 Imm W -SRAM/=ROM Old 3
DMA test: 2 Imm W -SRAM/=ROM
PASS: 2 Imm W -SRAM/=ROM 3
PASS: 2 Imm W -SRAM/=ROM Old 3
DMA test: 0 HBl H =IWRAM/=IWRAM
PASS: 0 HBl H =IWRAM/=IWRAM 3
DMA test: 1 HBl H =IWRAM/=IWRAM
PASS: 1 HBl H =IWRAM/=IWRAM 3
DMA test: 2 HBl H =IWRAM/=IWRAM
PASS: 2 HBl H =IWRAM/=IWRAM 3
DMA test: 3 HBl H =IWRAM/=IWRAM
PASS: 3 HBl H =IWRAM/=IWRAM 3
DMA test: 0 HBl H =IWRAM/=EWRAM
PASS: 0 HBl H =IWRAM/=EWRAM 3
PASS: 0 HBl H =IWRAM/=EWRAM Old 3
DMA test: 1 HBl H =IWRAM/=EWRAM
PASS: 1 HBl H =IWRAM/=EWRAM 3
PASS: 1 HBl H =IWRAM/=EWRAM Old 3
DMA test: 2 HBl H =IWRAM/=EWRAM
PASS: 2 HBl H =IWRAM/=EWRAM 3
PASS: 2 HBl H =IWRAM/=EWRAM Old 3
DMA test: 3 HBl H =IWRAM/=EWRAM
PASS: 3 HBl H =IWRAM/=EWRAM 3
PASS: 3 HBl H =IWRAM/=EWRAM Old 3
DMA test: 0 HBl H =IWRAM/=ROM
PASS: 0 HBl H =IWRAM/=ROM 3
PASS: 0 HBl H =IWRAM/=ROM Old 3
DMA test: 1 HBl H =IWRAM/=ROM
PASS: 1 HBl H =IWRAM/=ROM 3
PASS: 1 HBl H =IWRAM/=ROM Old 3
DMA test: 2 HBl H =IWRAM/=ROM
PASS: 2 HBl H =IWRAM/=ROM 3
PASS: 2 HBl H =IWRAM/=ROM Old 3
DMA test: 3 HBl H =IWRAM/=ROM
PASS: 3 HBl H =IWRAM/=ROM 3
PASS: 3 HBl H =IWRAM/=ROM Old 3
DMA test: 0 HBl H =EWRAM/=IWRAM
PASS: 0 HBl H =EWRAM/=IWRAM 3
DMA test: 1 HBl H =EWRAM/=IWRAM
PASS: 1 HBl H =EWRAM/=IWRAM 3
DMA test: 2 HBl H =EWRAM/=IWRAM
PASS: 2 HBl H =EWRAM/=IWRAM 3
DMA test: 3 HBl H =EWRAM/=IWRAM
PASS: 3 HBl H =EWRAM/=IWRAM 3
DMA test: 0 HBl H =EWRAM/=EWRAM
PASS: 0 HBl H =EWRAM/=EWRAM 3
PASS: 0 HBl H =EWRAM/=EWRAM Old 3
DMA test: 1 HBl H =EWRAM/=EWRAM
PASS: 1 HBl H =EWRAM/=EWRAM 3
PASS: 1 HBl H =EWRAM/=EWRAM Old 3
DMA test: 2 HBl H =EWRAM/=EWRAM
PASS: 2 HBl H =EWRAM/=EWRAM 3
PASS: 2 HBl H =EWRAM/=EWRAM Old 3
DMA test: 3 HBl H =EWRAM/=EWRAM
PASS: 3 HBl H =EWRAM/=EWRAM 3
PASS: 3 HBl H =EWRAM/=EWRAM Old 3
DMA test: 0 HBl H =EWRAM/=ROM
PASS: 0 HBl H =EWRAM/=ROM 3
PASS: 0 HBl H =EWRAM/=ROM Old 3
DMA test: 1 HBl H =EWRAM/=ROM
PASS: 1 HBl H =EWRAM/=ROM 3
PASS: 1 HBl H =EWRAM/=ROM Old 3
DMA test: 2 HBl H =EWRAM/=ROM
PASS: 2 HBl H =EWRAM/=ROM 3
PASS: 2 HBl H =EWRAM/=ROM Old 3
DMA test: 3 HBl H =EWRAM/=ROM
PASS: 3 HBl H =EWRAM/=ROM 3
PASS: 3 HBl H =EWRAM/=ROM Old 3
DMA test: 0 HBl H =ROM/=IWRAM
PASS: 0 HBl H =ROM/=IWRAM 3
DMA test: 1 HBl H =ROM/=IWRAM
FAIL: 1 HBl H =ROM/=IWRAM 3
3: Got CB0EBEEF vs CB0EDEAD: FAIL
DMA test: 2 HBl H =ROM/=IWRAM
FAIL: 2 HBl H =ROM/=IWRAM 3
3: Got CB0EBEEF vs CB0EDEAD: FAIL
DMA test: 3 HBl H =ROM/=IWRAM
FAIL: 3 HBl H =ROM/=IWRAM 3
3: Got CB0EBEEF vs CB0EDEAD: FAIL
DMA test: 0 HBl H =ROM/=EWRAM
PASS: 0 HBl H =ROM/=EWRAM 3
PASS: 0 HBl H =ROM/=EWRAM Old 3
DMA test: 1 HBl H =ROM/=EWRAM
FAIL: 1 HBl H =ROM/=EWRAM 3
3: Got FEFDBEEF vs FEFDDEAD: FAIL
PASS: 1 HBl H =ROM/=EWRAM Old 3
DMA test: 2 HBl H =ROM/=EWRAM
FAIL: 2 HBl H =ROM/=EWRAM 3
3: Got FEFDBEEF vs FEFDDEAD: FAIL
PASS: 2 HBl H =ROM/=EWRAM Old 3
DMA test: 3 HBl H =ROM/=EWRAM
FAIL: 3 HBl H =ROM/=EWRAM 3
3: Got FEFDBEEF vs FEFDDEAD: FAIL
PASS: 3 HBl H =ROM/=EWRAM Old 3
DMA test: 0 HBl H =ROM/=ROM
PASS: 0 HBl H =ROM/=ROM 3
PASS: 0 HBl H =ROM/=ROM Old 3
DMA test: 1 HBl H =ROM/=ROM
PASS: 1 HBl H =ROM/=ROM 3
PASS: 1 HBl H =ROM/=ROM Old 3
DMA test: 2 HBl H =ROM/=ROM
PASS: 2 HBl H =ROM/=ROM 3
PASS: 2 HBl H =ROM/=ROM Old 3
DMA test: 3 HBl H =ROM/=ROM
PASS: 3 HBl H =ROM/=ROM 3
PASS: 3 HBl H =ROM/=ROM Old 3
DMA test: 0 HBl H =BIOS/=IWRAM
PASS: 0 HBl H =BIOS/=IWRAM 3
DMA test: 1 HBl H =BIOS/=IWRAM
PASS: 1 HBl H =BIOS/=IWRAM 3
DMA test: 2 HBl H =BIOS/=IWRAM
PASS: 2 HBl H =BIOS/=IWRAM 3
DMA test: 3 HBl H =BIOS/=IWRAM
PASS: 3 HBl H =BIOS/=IWRAM 3
DMA test: 0 HBl H =BIOS/=EWRAM
PASS: 0 HBl H =BIOS/=EWRAM 3
PASS: 0 HBl H =BIOS/=EWRAM Old 3
DMA test: 1 HBl H =BIOS/=EWRAM
PASS: 1 HBl H =BIOS/=EWRAM 3
PASS: 1 HBl H =BIOS/=EWRAM Old 3
DMA test: 2 HBl H =BIOS/=EWRAM
PASS: 2 HBl H =BIOS/=EWRAM 3
PASS: 2 HBl H =BIOS/=EWRAM Old 3
DMA test: 3 HBl H =BIOS/=EWRAM
PASS: 3 HBl H =BIOS/=EWRAM 3
PASS: 3 HBl H =BIOS/=EWRAM Old 3
DMA test: 0 HBl H =BIOS/=ROM
PASS: 0 HBl H =BIOS/=ROM 3
PASS: 0 HBl H =BIOS/=ROM Old 3
DMA test: 1 HBl H =BIOS/=ROM
PASS: 1 HBl H =BIOS/=ROM 3
PASS: 1 HBl H =BIOS/=ROM Old 3
DMA test: 2 HBl H =BIOS/=ROM
PASS: 2 HBl H =BIOS/=ROM 3
PASS: 2 HBl H =BIOS/=ROM Old 3
DMA test: 3 HBl H =BIOS/=ROM
PASS: 3 HBl H =BIOS/=ROM 3
PASS: 3 HBl H =BIOS/=ROM Old 3
DMA test: 0 HBl H =SRAM/=IWRAM
PASS: 0 HBl H =SRAM/=IWRAM 3
DMA test: 1 HBl H =SRAM/=IWRAM
PASS: 1 HBl H =SRAM/=IWRAM 3
DMA test: 2 HBl H =SRAM/=IWRAM
PASS: 2 HBl H =SRAM/=IWRAM 3
DMA test: 3 HBl H =SRAM/=IWRAM
PASS: 3 HBl H =SRAM/=IWRAM 3
DMA test: 0 HBl H =SRAM/=EWRAM
PASS: 0 HBl H =SRAM/=EWRAM 3
PASS: 0 HBl H =SRAM/=EWRAM Old 3
DMA test: 1 HBl H =SRAM/=EWRAM
PASS: 1 HBl H =SRAM/=EWRAM 3
PASS: 1 HBl H =SRAM/=EWRAM Old 3
DMA test: 2 HBl H =SRAM/=EWRAM
PASS: 2 HBl H =SRAM/=EWRAM 3
PASS: 2 HBl H =SRAM/=EWRAM Old 3
DMA test: 3 HBl H =SRAM/=EWRAM
PASS: 3 HBl H =SRAM/=EWRAM 3
PASS: 3 HBl H =SRAM/=EWRAM Old 3
DMA test: 0 HBl H =SRAM/=ROM
PASS: 0 HBl H =SRAM/=ROM 3
PASS: 0 HBl H =SRAM/=ROM Old 3
DMA test: 1 HBl H =SRAM/=ROM
PASS: 1 HBl H =SRAM/=ROM 3
PASS: 1 HBl H =SRAM/=ROM Old 3
DMA test: 2 HBl H =SRAM/=ROM
PASS: 2 HBl H =SRAM/=ROM 3
PASS: 2 HBl H =SRAM/=ROM Old 3
DMA test: 0 HBl W =IWRAM/=IWRAM
PASS: 0 HBl W =IWRAM/=IWRAM 3
DMA test: 1 HBl W =IWRAM/=IWRAM
PASS: 1 HBl W =IWRAM/=IWRAM 3
DMA test: 2 HBl W =IWRAM/=IWRAM
PASS: 2 HBl W =IWRAM/=IWRAM 3
DMA test: 3 HBl W =IWRAM/=IWRAM
PASS: 3 HBl W =IWRAM/=IWRAM 3
DMA test: 0 HBl W =IWRAM/=EWRAM
PASS: 0 HBl W =IWRAM/=EWRAM 3
PASS: 0 HBl W =IWRAM/=EWRAM Old 3
DMA test: 1 HBl W =IWRAM/=EWRAM
PASS: 1 HBl W =IWRAM/=EWRAM 3
PASS: 1 HBl W =IWRAM/=EWRAM Old 3
DMA test: 2 HBl W =IWRAM/=EWRAM
PASS: 2 HBl W =IWRAM/=EWRAM 3
PASS: 2 HBl W =IWRAM/=EWRAM Old 3
DMA test: 3 HBl W =IWRAM/=EWRAM
PASS: 3 HBl W =IWRAM/=EWRAM 3
PASS: 3 HBl W =IWRAM/=EWRAM Old 3
DMA test: 0 HBl W =IWRAM/=ROM
PASS: 0 HBl W =IWRAM/=ROM 3
PASS: 0 HBl W =IWRAM/=ROM Old 3
DMA test: 1 HBl W =IWRAM/=ROM
PASS: 1 HBl W =IWRAM/=ROM 3
PASS: 1 HBl W =IWRAM/=ROM Old 3
DMA test: 2 HBl W =IWRAM/=ROM
PASS: 2 HBl W =IWRAM/=ROM 3
PASS: 2 HBl W =IWRAM/=ROM Old 3
DMA test: 3 HBl W =IWRAM/=ROM
PASS: 3 HBl W =IWRAM/=ROM 3
PASS: 3 HBl W =IWRAM/=ROM Old 3
DMA test: 0 HBl W =EWRAM/=IWRAM
PASS: 0 HBl W =EWRAM/=IWRAM 3
DMA test: 1 HBl W =EWRAM/=IWRAM
PASS: 1 HBl W =EWRAM/=IWRAM 3
DMA test: 2 HBl W =EWRAM/=IWRAM
PASS: 2 HBl W =EWRAM/=IWRAM 3
DMA test: 3 HBl W =EWRAM/=IWRAM
PASS: 3 HBl W =EWRAM/=IWRAM 3
DMA test: 0 HBl W =EWRAM/=EWRAM
PASS: 0 HBl W =EWRAM/=EWRAM 3
PASS: 0 HBl W =EWRAM/=EWRAM Old 3
DMA test: 1 HBl W =EWRAM/=EWRAM
PASS: 1 HBl W =EWRAM/=EWRAM 3
PASS: 1 HBl W =EWRAM/=EWRAM Old 3
DMA test: 2 HBl W =EWRAM/=EWRAM
PASS: 2 HBl W =EWRAM/=EWRAM 3
PASS: 2 HBl W =EWRAM/=EWRAM Old 3
DMA test: 3 HBl W =EWRAM/=EWRAM
PASS: 3 HBl W =EWRAM/=EWRAM 3
PASS: 3 HBl W =EWRAM/=EWRAM Old 3
DMA test: 0 HBl W =EWRAM/=ROM
PASS: 0 HBl W =EWRAM/=ROM 3
PASS: 0 HBl W =EWRAM/=ROM Old 3
DMA test: 1 HBl W =EWRAM/=ROM
PASS: 1 HBl W =EWRAM/=ROM 3
PASS: 1 HBl W =EWRAM/=ROM Old 3
DMA test: 2 HBl W =EWRAM/=ROM
PASS: 2 HBl W =EWRAM/=ROM 3
PASS: 2 HBl W =EWRAM/=ROM Old 3
DMA test: 3 HBl W =EWRAM/=ROM
PASS: 3 HBl W =EWRAM/=ROM 3
PASS: 3 HBl W =EWRAM/=ROM Old 3
DMA test: 0 HBl W =ROM/=IWRAM
PASS: 0 HBl W =ROM/=IWRAM 3
DMA test: 1 HBl W =ROM/=IWRAM
FAIL: 1 HBl W =ROM/=IWRAM 3
3: Got DEADBEEF vs DEADBEF2: FAIL
DMA test: 2 HBl W =ROM/=IWRAM
FAIL: 2 HBl W =ROM/=IWRAM 3
3: Got DEADBEEF vs DEADBEF2: FAIL
DMA test: 3 HBl W =ROM/=IWRAM
FAIL: 3 HBl W =ROM/=IWRAM 3
3: Got DEADBEEF vs DEADBEF2: FAIL
DMA test: 0 HBl W =ROM/=EWRAM
PASS: 0 HBl W =ROM/=EWRAM 3
PASS: 0 HBl W =ROM/=EWRAM Old 3
DMA test: 1 HBl W =ROM/=EWRAM
FAIL: 1 HBl W =ROM/=EWRAM 3
3: Got DEADBEEF vs DEADBEF2: FAIL
PASS: 1 HBl W =ROM/=EWRAM Old 3
DMA test: 2 HBl W =ROM/=EWRAM
FAIL: 2 HBl W =ROM/=EWRAM 3
3: Got DEADBEEF vs DEADBEF2: FAIL
PASS: 2 HBl W =ROM/=EWRAM Old 3
DMA test: 3 HBl W =ROM/=EWRAM
FAIL: 3 HBl W =ROM/=EWRAM 3
3: Got DEADBEEF vs DEADBEF2: FAIL
PASS: 3 HBl W =ROM/=EWRAM Old 3
DMA test: 0 HBl W =ROM/=ROM
PASS: 0 HBl W =ROM/=ROM 3
PASS: 0 HBl W =ROM/=ROM Old 3
DMA test: 1 HBl W =ROM/=ROM
PASS: 1 HBl W =ROM/=ROM 3
PASS: 1 HBl W =ROM/=ROM Old 3
DMA test: 2 HBl W =ROM/=ROM
PASS: 2 HBl W =ROM/=ROM 3
PASS: 2 HBl W =ROM/=ROM Old 3
DMA test: 3 HBl W =ROM/=ROM
PASS: 3 HBl W =ROM/=ROM 3
PASS: 3 HBl W =ROM/=ROM Old 3
DMA test: 0 HBl W =BIOS/=IWRAM
PASS: 0 HBl W =BIOS/=IWRAM 3
DMA test: 1 HBl W =BIOS/=IWRAM
PASS: 1 HBl W =BIOS/=IWRAM 3
DMA test: 2 HBl W =BIOS/=IWRAM
PASS: 2 HBl W =BIOS/=IWRAM 3
DMA test: 3 HBl W =BIOS/=IWRAM
PASS: 3 HBl W =BIOS/=IWRAM 3
DMA test: 0 HBl W =BIOS/=EWRAM
PASS: 0 HBl W =BIOS/=EWRAM 3
PASS: 0 HBl W =BIOS/=EWRAM Old 3
DMA test: 1 HBl W =BIOS/=EWRAM
PASS: 1 HBl W =BIOS/=EWRAM 3
PASS: 1 HBl W =BIOS/=EWRAM Old 3
DMA test: 2 HBl W =BIOS/=EWRAM
PASS: 2 HBl W =BIOS/=EWRAM 3
PASS: 2 HBl W =BIOS/=EWRAM Old 3
DMA test: 3 HBl W =BIOS/=EWRAM
PASS: 3 HBl W =BIOS/=EWRAM 3
PASS: 3 HBl W =BIOS/=EWRAM Old 3
DMA test: 0 HBl W =BIOS/=ROM
PASS: 0 HBl W =BIOS/=ROM 3
PASS: 0 HBl W =BIOS/=ROM Old 3
DMA test: 1 HBl W =BIOS/=ROM
PASS: 1 HBl W =BIOS/=ROM 3
PASS: 1 HBl W =BIOS/=ROM Old 3
DMA test: 2 HBl W =BIOS/=ROM
PASS: 2 HBl W =BIOS/=ROM 3
PASS: 2 HBl W =BIOS/=ROM Old 3
DMA test: 3 HBl W =BIOS/=ROM
PASS: 3 HBl W =BIOS/=ROM 3
PASS: 3 HBl W =BIOS/=ROM Old 3
DMA test: 0 HBl W =SRAM/=IWRAM
PASS: 0 HBl W =SRAM/=IWRAM 3
DMA test: 1 HBl W =SRAM/=IWRAM
PASS: 1 HBl W =SRAM/=IWRAM 3
DMA test: 2 HBl W =SRAM/=IWRAM
PASS: 2 HBl W =SRAM/=IWRAM 3
DMA test: 3 HBl W =SRAM/=IWRAM
PASS: 3 HBl W =SRAM/=IWRAM 3
DMA test: 0 HBl W =SRAM/=EWRAM
PASS: 0 HBl W =SRAM/=EWRAM 3
PASS: 0 HBl W =SRAM/=EWRAM Old 3
DMA test: 1 HBl W =SRAM/=EWRAM
PASS: 1 HBl W =SRAM/=EWRAM 3
PASS: 1 HBl W =SRAM/=EWRAM Old 3
DMA test: 2 HBl W =SRAM/=EWRAM
PASS: 2 HBl W =SRAM/=EWRAM 3
PASS: 2 HBl W =SRAM/=EWRAM Old 3
DMA test: 3 HBl W =SRAM/=EWRAM
PASS: 3 HBl W =SRAM/=EWRAM 3
PASS: 3 HBl W =SRAM/=EWRAM Old 3
DMA test: 0 HBl W =SRAM/=ROM
PASS: 0 HBl W =SRAM/=ROM 3
PASS: 0 HBl W =SRAM/=ROM Old 3
DMA test: 1 HBl W =SRAM/=ROM
PASS: 1 HBl W =SRAM/=ROM 3
PASS: 1 HBl W =SRAM/=ROM Old 3
DMA test: 2 HBl W =SRAM/=ROM
PASS: 2 HBl W =SRAM/=ROM 3
PASS: 2 HBl W =SRAM/=ROM Old 3
DMA test: 0 HBl H +IWRAM/=IWRAM
PASS: 0 HBl H +IWRAM/=IWRAM 3
DMA test: 1 HBl H +IWRAM/=IWRAM
PASS: 1 HBl H +IWRAM/=IWRAM 3
DMA test: 2 HBl H +IWRAM/=IWRAM
PASS: 2 HBl H +IWRAM/=IWRAM 3
DMA test: 3 HBl H +IWRAM/=IWRAM
PASS: 3 HBl H +IWRAM/=IWRAM 3
DMA test: 0 HBl H +IWRAM/=EWRAM
PASS: 0 HBl H +IWRAM/=EWRAM 3
PASS: 0 HBl H +IWRAM/=EWRAM Old 3
DMA test: 1 HBl H +IWRAM/=EWRAM
PASS: 1 HBl H +IWRAM/=EWRAM 3
PASS: 1 HBl H +IWRAM/=EWRAM Old 3
DMA test: 2 HBl H +IWRAM/=EWRAM
PASS: 2 HBl H +IWRAM/=EWRAM 3
PASS: 2 HBl H +IWRAM/=EWRAM Old 3
DMA test: 3 HBl H +IWRAM/=EWRAM
PASS: 3 HBl H +IWRAM/=EWRAM 3
PASS: 3 HBl H +IWRAM/=EWRAM Old 3
DMA test: 0 HBl H +IWRAM/=ROM
PASS: 0 HBl H +IWRAM/=ROM 3
PASS: 0 HBl H +IWRAM/=ROM Old 3
DMA test: 1 HBl H +IWRAM/=ROM
PASS: 1 HBl H +IWRAM/=ROM 3
PASS: 1 HBl H +IWRAM/=ROM Old 3
DMA test: 2 HBl H +IWRAM/=ROM
PASS: 2 HBl H +IWRAM/=ROM 3
PASS: 2 HBl H +IWRAM/=ROM Old 3
DMA test: 3 HBl H +IWRAM/=ROM
PASS: 3 HBl H +IWRAM/=ROM 3
PASS: 3 HBl H +IWRAM/=ROM Old 3
DMA test: 0 HBl H +EWRAM/=IWRAM
PASS: 0 HBl H +EWRAM/=IWRAM 3
DMA test: 1 HBl H +EWRAM/=IWRAM
PASS: 1 HBl H +EWRAM/=IWRAM 3
DMA test: 2 HBl H +EWRAM/=IWRAM
PASS: 2 HBl H +EWRAM/=IWRAM 3
DMA test: 3 HBl H +EWRAM/=IWRAM
PASS: 3 HBl H +EWRAM/=IWRAM 3
DMA test: 0 HBl H +EWRAM/=EWRAM
PASS: 0 HBl H +EWRAM/=EWRAM 3
PASS: 0 HBl H +EWRAM/=EWRAM Old 3
DMA test: 1 HBl H +EWRAM/=EWRAM
PASS: 1 HBl H +EWRAM/=EWRAM 3
PASS: 1 HBl H +EWRAM/=EWRAM Old 3
DMA test: 2 HBl H +EWRAM/=EWRAM
PASS: 2 HBl H +EWRAM/=EWRAM 3
PASS: 2 HBl H +EWRAM/=EWRAM Old 3
DMA test: 3 HBl H +EWRAM/=EWRAM
PASS: 3 HBl H +EWRAM/=EWRAM 3
PASS: 3 HBl H +EWRAM/=EWRAM Old 3
DMA test: 0 HBl H +EWRAM/=ROM
PASS: 0 HBl H +EWRAM/=ROM 3
PASS: 0 HBl H +EWRAM/=ROM Old 3
DMA test: 1 HBl H +EWRAM/=ROM
PASS: 1 HBl H +EWRAM/=ROM 3
PASS: 1 HBl H +EWRAM/=ROM Old 3
DMA test: 2 HBl H +EWRAM/=ROM
PASS: 2 HBl H +EWRAM/=ROM 3
PASS: 2 HBl H +EWRAM/=ROM Old 3
DMA test: 3 HBl H +EWRAM/=ROM
PASS: 3 HBl H +EWRAM/=ROM 3
PASS: 3 HBl H +EWRAM/=ROM Old 3
DMA test: 0 HBl H +ROM/=IWRAM
PASS: 0 HBl H +ROM/=IWRAM 3
DMA test: 1 HBl H +ROM/=IWRAM
PASS: 1 HBl H +ROM/=IWRAM 3
DMA test: 2 HBl H +ROM/=IWRAM
PASS: 2 HBl H +ROM/=IWRAM 3
DMA test: 3 HBl H +ROM/=IWRAM
PASS: 3 HBl H +ROM/=IWRAM 3
DMA test: 0 HBl H +ROM/=EWRAM
PASS: 0 HBl H +ROM/=EWRAM 3
PASS: 0 HBl H +ROM/=EWRAM Old 3
DMA test: 1 HBl H +ROM/=EWRAM
PASS: 1 HBl H +ROM/=EWRAM 3
PASS: 1 HBl H +ROM/=EWRAM Old 3
DMA test: 2 HBl H +ROM/=EWRAM
PASS: 2 HBl H +ROM/=EWRAM 3
PASS: 2 HBl H +ROM/=EWRAM Old 3
DMA test: 3 HBl H +ROM/=EWRAM
PASS: 3 HBl H +ROM/=EWRAM 3
PASS: 3 HBl H +ROM/=EWRAM Old 3
DMA test: 0 HBl H +ROM/=ROM
PASS: 0 HBl H +ROM/=ROM 3
PASS: 0 HBl H +ROM/=ROM Old 3
DMA test: 1 HBl H +ROM/=ROM
PASS: 1 HBl H +ROM/=ROM 3
PASS: 1 HBl H +ROM/=ROM Old 3
DMA test: 2 HBl H +ROM/=ROM
PASS: 2 HBl H +ROM/=ROM 3
PASS: 2 HBl H +ROM/=ROM Old 3
DMA test: 3 HBl H +ROM/=ROM
PASS: 3 HBl H +ROM/=ROM 3
PASS: 3 HBl H +ROM/=ROM Old 3
DMA test: 0 HBl H +BIOS/=IWRAM
PASS: 0 HBl H +BIOS/=IWRAM 3
DMA test: 1 HBl H +BIOS/=IWRAM
PASS: 1 HBl H +BIOS/=IWRAM 3
DMA test: 2 HBl H +BIOS/=IWRAM
PASS: 2 HBl H +BIOS/=IWRAM 3
DMA test: 3 HBl H +BIOS/=IWRAM
PASS: 3 HBl H +BIOS/=IWRAM 3
DMA test: 0 HBl H +BIOS/=EWRAM
PASS: 0 HBl H +BIOS/=EWRAM 3
PASS: 0 HBl H +BIOS/=EWRAM Old 3
DMA test: 1 HBl H +BIOS/=EWRAM
PASS: 1 HBl H +BIOS/=EWRAM 3
PASS: 1 HBl H +BIOS/=EWRAM Old 3
DMA test: 2 HBl H +BIOS/=EWRAM
PASS: 2 HBl H +BIOS/=EWRAM 3
PASS: 2 HBl H +BIOS/=EWRAM Old 3
DMA test: 3 HBl H +BIOS/=EWRAM
PASS: 3 HBl H +BIOS/=EWRAM 3
PASS: 3 HBl H +BIOS/=EWRAM Old 3
DMA test: 0 HBl H +BIOS/=ROM
PASS: 0 HBl H +BIOS/=ROM 3
PASS: 0 HBl H +BIOS/=ROM Old 3
DMA test: 1 HBl H +BIOS/=ROM
PASS: 1 HBl H +BIOS/=ROM 3
PASS: 1 HBl H +BIOS/=ROM Old 3
DMA test: 2 HBl H +BIOS/=ROM
PASS: 2 HBl H +BIOS/=ROM 3
PASS: 2 HBl H +BIOS/=ROM Old 3
DMA test: 3 HBl H +BIOS/=ROM
PASS: 3 HBl H +BIOS/=ROM 3
PASS: 3 HBl H +BIOS/=ROM Old 3
DMA test: 0 HBl H +SRAM/=IWRAM
PASS: 0 HBl H +SRAM/=IWRAM 3
DMA test: 1 HBl H +SRAM/=IWRAM
PASS: 1 HBl H +SRAM/=IWRAM 3
DMA test: 2 HBl H +SRAM/=IWRAM
PASS: 2 HBl H +SRAM/=IWRAM 3
DMA test: 3 HBl H +SRAM/=IWRAM
PASS: 3 HBl H +SRAM/=IWRAM 3
DMA test: 0 HBl H +SRAM/=EWRAM
PASS: 0 HBl H +SRAM/=EWRAM 3
PASS: 0 HBl H +SRAM/=EWRAM Old 3
DMA test: 1 HBl H +SRAM/=EWRAM
PASS: 1 HBl H +SRAM/=EWRAM 3
PASS: 1 HBl H +SRAM/=EWRAM Old 3
DMA test: 2 HBl H +SRAM/=EWRAM
PASS: 2 HBl H +SRAM/=EWRAM 3
PASS: 2 HBl H +SRAM/=EWRAM Old 3
DMA test: 3 HBl H +SRAM/=EWRAM
PASS: 3 HBl H +SRAM/=EWRAM 3
PASS: 3 HBl H +SRAM/=EWRAM Old 3
DMA test: 0 HBl H +SRAM/=ROM
PASS: 0 HBl H +SRAM/=ROM 3
PASS: 0 HBl H +SRAM/=ROM Old 3
DMA test: 1 HBl H +SRAM/=ROM
PASS: 1 HBl H +SRAM/=ROM 3
PASS: 1 HBl H +SRAM/=ROM Old 3
DMA test: 2 HBl H +SRAM/=ROM
PASS: 2 HBl H +SRAM/=ROM 3
PASS: 2 HBl H +SRAM/=ROM Old 3
DMA test: 0 HBl W +IWRAM/=IWRAM
PASS: 0 HBl W +IWRAM/=IWRAM 3
DMA test: 1 HBl W +IWRAM/=IWRAM
PASS: 1 HBl W +IWRAM/=IWRAM 3
DMA test: 2 HBl W +IWRAM/=IWRAM
PASS: 2 HBl W +IWRAM/=IWRAM 3
DMA test: 3 HBl W +IWRAM/=IWRAM
PASS: 3 HBl W +IWRAM/=IWRAM 3
DMA test: 0 HBl W +IWRAM/=EWRAM
PASS: 0 HBl W +IWRAM/=EWRAM 3
PASS: 0 HBl W +IWRAM/=EWRAM Old 3
DMA test: 1 HBl W +IWRAM/=EWRAM
PASS: 1 HBl W +IWRAM/=EWRAM 3
PASS: 1 HBl W +IWRAM/=EWRAM Old 3
DMA test: 2 HBl W +IWRAM/=EWRAM
PASS: 2 HBl W +IWRAM/=EWRAM 3
PASS: 2 HBl W +IWRAM/=EWRAM Old 3
DMA test: 3 HBl W +IWRAM/=EWRAM
PASS: 3 HBl W +IWRAM/=EWRAM 3
PASS: 3 HBl W +IWRAM/=EWRAM Old 3
DMA test: 0 HBl W +IWRAM/=ROM
PASS: 0 HBl W +IWRAM/=ROM 3
PASS: 0 HBl W +IWRAM/=ROM Old 3
DMA test: 1 HBl W +IWRAM/=ROM
PASS: 1 HBl W +IWRAM/=ROM 3
PASS: 1 HBl W +IWRAM/=ROM Old 3
DMA test: 2 HBl W +IWRAM/=ROM
PASS: 2 HBl W +IWRAM/=ROM 3
PASS: 2 HBl W +IWRAM/=ROM Old 3
DMA test: 3 HBl W +IWRAM/=ROM
PASS: 3 HBl W +IWRAM/=ROM 3
PASS: 3 HBl W +IWRAM/=ROM Old 3
DMA test: 0 HBl W +EWRAM/=IWRAM
PASS: 0 HBl W +EWRAM/=IWRAM 3
DMA test: 1 HBl W +EWRAM/=IWRAM
PASS: 1 HBl W +EWRAM/=IWRAM 3
DMA test: 2 HBl W +EWRAM/=IWRAM
PASS: 2 HBl W +EWRAM/=IWRAM 3
DMA test: 3 HBl W +EWRAM/=IWRAM
PASS: 3 HBl W +EWRAM/=IWRAM 3
DMA test: 0 HBl W +EWRAM/=EWRAM
PASS: 0 HBl W +EWRAM/=EWRAM 3
PASS: 0 HBl W +EWRAM/=EWRAM Old 3
DMA test: 1 HBl W +EWRAM/=EWRAM
PASS: 1 HBl W +EWRAM/=EWRAM 3
PASS: 1 HBl W +EWRAM/=EWRAM Old 3
DMA test: 2 HBl W +EWRAM/=EWRAM
PASS: 2 HBl W +EWRAM/=EWRAM 3
PASS: 2 HBl W +EWRAM/=EWRAM Old 3
DMA test: 3 HBl W +EWRAM/=EWRAM
PASS: 3 HBl W +EWRAM/=EWRAM 3
PASS: 3 HBl W +EWRAM/=EWRAM Old 3
DMA test: 0 HBl W +EWRAM/=ROM
PASS: 0 HBl W +EWRAM/=ROM 3
PASS: 0 HBl W +EWRAM/=ROM Old 3
DMA test: 1 HBl W +EWRAM/=ROM
PASS: 1 HBl W +EWRAM/=ROM 3
PASS: 1 HBl W +EWRAM/=ROM Old 3
DMA test: 2 HBl W +EWRAM/=ROM
PASS: 2 HBl W +EWRAM/=ROM 3
PASS: 2 HBl W +EWRAM/=ROM Old 3
DMA test: 3 HBl W +EWRAM/=ROM
PASS: 3 HBl W +EWRAM/=ROM 3
PASS: 3 HBl W +EWRAM/=ROM Old 3
DMA test: 0 HBl W +ROM/=IWRAM
PASS: 0 HBl W +ROM/=IWRAM 3
DMA test: 1 HBl W +ROM/=IWRAM
PASS: 1 HBl W +ROM/=IWRAM 3
DMA test: 2 HBl W +ROM/=IWRAM
PASS: 2 HBl W +ROM/=IWRAM 3
DMA test: 3 HBl W +ROM/=IWRAM
PASS: 3 HBl W +ROM/=IWRAM 3
DMA test: 0 HBl W +ROM/=EWRAM
PASS: 0 HBl W +ROM/=EWRAM 3
PASS: 0 HBl W +ROM/=EWRAM Old 3
DMA test: 1 HBl W +ROM/=EWRAM
PASS: 1 HBl W +ROM/=EWRAM 3
PASS: 1 HBl W +ROM/=EWRAM Old 3
DMA test: 2 HBl W +ROM/=EWRAM
PASS: 2 HBl W +ROM/=EWRAM 3
PASS: 2 HBl W +ROM/=EWRAM Old 3
DMA test: 3 HBl W +ROM/=EWRAM
PASS: 3 HBl W +ROM/=EWRAM 3
PASS: 3 HBl W +ROM/=EWRAM Old 3
DMA test: 0 HBl W +ROM/=ROM
PASS: 0 HBl W +ROM/=ROM 3
PASS: 0 HBl W +ROM/=ROM Old 3
DMA test: 1 HBl W +ROM/=ROM
PASS: 1 HBl W +ROM/=ROM 3
PASS: 1 HBl W +ROM/=ROM Old 3
DMA test: 2 HBl W +ROM/=ROM
PASS: 2 HBl W +ROM/=ROM 3
PASS: 2 HBl W +ROM/=ROM Old 3
DMA test: 3 HBl W +ROM/=ROM
PASS: 3 HBl W +ROM/=ROM 3
PASS: 3 HBl W +ROM/=ROM Old 3
DMA test: 0 HBl W +BIOS/=IWRAM
PASS: 0 HBl W +BIOS/=IWRAM 3
DMA test: 1 HBl W +BIOS/=IWRAM
PASS: 1 HBl W +BIOS/=IWRAM 3
DMA test: 2 HBl W +BIOS/=IWRAM
PASS: 2 HBl W +BIOS/=IWRAM 3
DMA test: 3 HBl W +BIOS/=IWRAM
PASS: 3 HBl W +BIOS/=IWRAM 3
DMA test: 0 HBl W +BIOS/=EWRAM
PASS: 0 HBl W +BIOS/=EWRAM 3
PASS: 0 HBl W +BIOS/=EWRAM Old 3
DMA test: 1 HBl W +BIOS/=EWRAM
PASS: 1 HBl W +BIOS/=EWRAM 3
PASS: 1 HBl W +BIOS/=EWRAM Old 3
DMA test: 2 HBl W +BIOS/=EWRAM
PASS: 2 HBl W +BIOS/=EWRAM 3
PASS: 2 HBl W +BIOS/=EWRAM Old 3
DMA test: 3 HBl W +BIOS/=EWRAM
PASS: 3 HBl W +BIOS/=EWRAM 3
PASS: 3 HBl W +BIOS/=EWRAM Old 3
DMA test: 0 HBl W +BIOS/=ROM
PASS: 0 HBl W +BIOS/=ROM 3
PASS: 0 HBl W +BIOS/=ROM Old 3
DMA test: 1 HBl W +BIOS/=ROM
PASS: 1 HBl W +BIOS/=ROM 3
PASS: 1 HBl W +BIOS/=ROM Old 3
DMA test: 2 HBl W +BIOS/=ROM
PASS: 2 HBl W +BIOS/=ROM 3
PASS: 2 HBl W +BIOS/=ROM Old 3
DMA test: 3 HBl W +BIOS/=ROM
PASS: 3 HBl W +BIOS/=ROM 3
PASS: 3 HBl W +BIOS/=ROM Old 3
DMA test: 0 HBl W +SRAM/=IWRAM
PASS: 0 HBl W +SRAM/=IWRAM 3
DMA test: 1 HBl W +SRAM/=IWRAM
PASS: 1 HBl W +SRAM/=IWRAM 3
DMA test: 2 HBl W +SRAM/=IWRAM
PASS: 2 HBl W +SRAM/=IWRAM 3
DMA test: 3 HBl W +SRAM/=IWRAM
PASS: 3 HBl W +SRAM/=IWRAM 3
DMA test: 0 HBl W +SRAM/=EWRAM
PASS: 0 HBl W +SRAM/=EWRAM 3
PASS: 0 HBl W +SRAM/=EWRAM Old 3
DMA test: 1 HBl W +SRAM/=EWRAM
PASS: 1 HBl W +SRAM/=EWRAM 3
PASS: 1 HBl W +SRAM/=EWRAM Old 3
DMA test: 2 HBl W +SRAM/=EWRAM
PASS: 2 HBl W +SRAM/=EWRAM 3
PASS: 2 HBl W +SRAM/=EWRAM Old 3
DMA test: 3 HBl W +SRAM/=EWRAM
PASS: 3 HBl W +SRAM/=EWRAM 3
PASS: 3 HBl W +SRAM/=EWRAM Old 3
DMA test: 0 HBl W +SRAM/=ROM
PASS: 0 HBl W +SRAM/=ROM 3
PASS: 0 HBl W +SRAM/=ROM Old 3
DMA test: 1 HBl W +SRAM/=ROM
PASS: 1 HBl W +SRAM/=ROM 3
PASS: 1 HBl W +SRAM/=ROM Old 3
DMA test: 2 HBl W +SRAM/=ROM
PASS: 2 HBl W +SRAM/=ROM 3
PASS: 2 HBl W +SRAM/=ROM Old 3
DMA test: 0 HBl H -IWRAM/=IWRAM
PASS: 0 HBl H -IWRAM/=IWRAM 3
DMA test: 1 HBl H -IWRAM/=IWRAM
PASS: 1 HBl H -IWRAM/=IWRAM 3
DMA test: 2 HBl H -IWRAM/=IWRAM
PASS: 2 HBl H -IWRAM/=IWRAM 3
DMA test: 3 HBl H -IWRAM/=IWRAM
PASS: 3 HBl H -IWRAM/=IWRAM 3
DMA test: 0 HBl H -IWRAM/=EWRAM
PASS: 0 HBl H -IWRAM/=EWRAM 3
PASS: 0 HBl H -IWRAM/=EWRAM Old 3
DMA test: 1 HBl H -IWRAM/=EWRAM
PASS: 1 HBl H -IWRAM/=EWRAM 3
PASS: 1 HBl H -IWRAM/=EWRAM Old 3
DMA test: 2 HBl H -IWRAM/=EWRAM
PASS: 2 HBl H -IWRAM/=EWRAM 3
PASS: 2 HBl H -IWRAM/=EWRAM Old 3
DMA test: 3 HBl H -IWRAM/=EWRAM
PASS: 3 HBl H -IWRAM/=EWRAM 3
PASS: 3 HBl H -IWRAM/=EWRAM Old 3
DMA test: 0 HBl H -IWRAM/=ROM
PASS: 0 HBl H -IWRAM/=ROM 3
PASS: 0 HBl H -IWRAM/=ROM Old 3
DMA test: 1 HBl H -IWRAM/=ROM
PASS: 1 HBl H -IWRAM/=ROM 3
PASS: 1 HBl H -IWRAM/=ROM Old 3
DMA test: 2 HBl H -IWRAM/=ROM
PASS: 2 HBl H -IWRAM/=ROM 3
PASS: 2 HBl H -IWRAM/=ROM Old 3
DMA test: 3 HBl H -IWRAM/=ROM
PASS: 3 HBl H -IWRAM/=ROM 3
PASS: 3 HBl H -IWRAM/=ROM Old 3
DMA test: 0 HBl H -EWRAM/=IWRAM
PASS: 0 HBl H -EWRAM/=IWRAM 3
DMA test: 1 HBl H -EWRAM/=IWRAM
PASS: 1 HBl H -EWRAM/=IWRAM 3
DMA test: 2 HBl H -EWRAM/=IWRAM
PASS: 2 HBl H -EWRAM/=IWRAM 3
DMA test: 3 HBl H -EWRAM/=IWRAM
PASS: 3 HBl H -EWRAM/=IWRAM 3
DMA test: 0 HBl H -EWRAM/=EWRAM
PASS: 0 HBl H -EWRAM/=EWRAM 3
PASS: 0 HBl H -EWRAM/=EWRAM Old 3
DMA test: 1 HBl H -EWRAM/=EWRAM
PASS: 1 HBl H -EWRAM/=EWRAM 3
PASS: 1 HBl H -EWRAM/=EWRAM Old 3
DMA test: 2 HBl H -EWRAM/=EWRAM
PASS: 2 HBl H -EWRAM/=EWRAM 3
PASS: 2 HBl H -EWRAM/=EWRAM Old 3
DMA test: 3 HBl H -EWRAM/=EWRAM
PASS: 3 HBl H -EWRAM/=EWRAM 3
PASS: 3 HBl H -EWRAM/=EWRAM Old 3
DMA test: 0 HBl H -EWRAM/=ROM
PASS: 0 HBl H -EWRAM/=ROM 3
PASS: 0 HBl H -EWRAM/=ROM Old 3
DMA test: 1 HBl H -EWRAM/=ROM
PASS: 1 HBl H -EWRAM/=ROM 3
PASS: 1 HBl H -EWRAM/=ROM Old 3
DMA test: 2 HBl H -EWRAM/=ROM
PASS: 2 HBl H -EWRAM/=ROM 3
PASS: 2 HBl H -EWRAM/=ROM Old 3
DMA test: 3 HBl H -EWRAM/=ROM
PASS: 3 HBl H -EWRAM/=ROM 3
PASS: 3 HBl H -EWRAM/=ROM Old 3
DMA test: 0 HBl H -ROM/=IWRAM
PASS: 0 HBl H -ROM/=IWRAM 3
DMA test: 1 HBl H -ROM/=IWRAM
PASS: 1 HBl H -ROM/=IWRAM 3
DMA test: 2 HBl H -ROM/=IWRAM
PASS: 2 HBl H -ROM/=IWRAM 3
DMA test: 3 HBl H -ROM/=IWRAM
PASS: 3 HBl H -ROM/=IWRAM 3
DMA test: 0 HBl H -ROM/=EWRAM
PASS: 0 HBl H -ROM/=EWRAM 3
PASS: 0 HBl H -ROM/=EWRAM Old 3
DMA test: 1 HBl H -ROM/=EWRAM
PASS: 1 HBl H -ROM/=EWRAM 3
PASS: 1 HBl H -ROM/=EWRAM Old 3
DMA test: 2 HBl H -ROM/=EWRAM
PASS: 2 HBl H -ROM/=EWRAM 3
PASS: 2 HBl H -ROM/=EWRAM Old 3
DMA test: 3 HBl H -ROM/=EWRAM
PASS: 3 HBl H -ROM/=EWRAM 3
PASS: 3 HBl H -ROM/=EWRAM Old 3
DMA test: 0 HBl H -ROM/=ROM
PASS: 0 HBl H -ROM/=ROM 3
PASS: 0 HBl H -ROM/=ROM Old 3
DMA test: 1 HBl H -ROM/=ROM
PASS: 1 HBl H -ROM/=ROM 3
PASS: 1 HBl H -ROM/=ROM Old 3
DMA test: 2 HBl H -ROM/=ROM
PASS: 2 HBl H -ROM/=ROM 3
PASS: 2 HBl H -ROM/=ROM Old 3
DMA test: 3 HBl H -ROM/=ROM
PASS: 3 HBl H -ROM/=ROM 3
PASS: 3 HBl H -ROM/=ROM Old 3
DMA test: 0 HBl H -BIOS/=IWRAM
PASS: 0 HBl H -BIOS/=IWRAM 3
DMA test: 1 HBl H -BIOS/=IWRAM
PASS: 1 HBl H -BIOS/=IWRAM 3
DMA test: 2 HBl H -BIOS/=IWRAM
PASS: 2 HBl H -BIOS/=IWRAM 3
DMA test: 3 HBl H -BIOS/=IWRAM
PASS: 3 HBl H -BIOS/=IWRAM 3
DMA test: 0 HBl H -BIOS/=EWRAM
PASS: 0 HBl H -BIOS/=EWRAM 3
PASS: 0 HBl H -BIOS/=EWRAM Old 3
DMA test: 1 HBl H -BIOS/=EWRAM
PASS: 1 HBl H -BIOS/=EWRAM 3
PASS: 1 HBl H -BIOS/=EWRAM Old 3
DMA test: 2 HBl H -BIOS/=EWRAM
PASS: 2 HBl H -BIOS/=EWRAM 3
PASS: 2 HBl H -BIOS/=EWRAM Old 3
DMA test: 3 HBl H -BIOS/=EWRAM
PASS: 3 HBl H -BIOS/=EWRAM 3
PASS: 3 HBl H -BIOS/=EWRAM Old 3
DMA test: 0 HBl H -BIOS/=ROM
PASS: 0 HBl H -BIOS/=ROM 3
PASS: 0 HBl H -BIOS/=ROM Old 3
DMA test: 1 HBl H -BIOS/=ROM
PASS: 1 HBl H -BIOS/=ROM 3
PASS: 1 HBl H -BIOS/=ROM Old 3
DMA test: 2 HBl H -BIOS/=ROM
PASS: 2 HBl H -BIOS/=ROM 3
PASS: 2 HBl H -BIOS/=ROM Old 3
DMA test: 3 HBl H -BIOS/=ROM
PASS: 3 HBl H -BIOS/=ROM 3
PASS: 3 HBl H -BIOS/=ROM Old 3
DMA test: 0 HBl H -SRAM/=IWRAM
PASS: 0 HBl H -SRAM/=IWRAM 3
DMA test: 1 HBl H -SRAM/=IWRAM
PASS: 1 HBl H -SRAM/=IWRAM 3
DMA test: 2 HBl H -SRAM/=IWRAM
PASS: 2 HBl H -SRAM/=IWRAM 3
DMA test: 3 HBl H -SRAM/=IWRAM
PASS: 3 HBl H -SRAM/=IWRAM 3
DMA test: 0 HBl H -SRAM/=EWRAM
PASS: 0 HBl H -SRAM/=EWRAM 3
PASS: 0 HBl H -SRAM/=EWRAM Old 3
DMA test: 1 HBl H -SRAM/=EWRAM
PASS: 1 HBl H -SRAM/=EWRAM 3
PASS: 1 HBl H -SRAM/=EWRAM Old 3
DMA test: 2 HBl H -SRAM/=EWRAM
PASS: 2 HBl H -SRAM/=EWRAM 3
PASS: 2 HBl H -SRAM/=EWRAM Old 3
DMA test: 3 HBl H -SRAM/=EWRAM
PASS: 3 HBl H -SRAM/=EWRAM 3
PASS: 3 HBl H -SRAM/=EWRAM Old 3
DMA test: 0 HBl H -SRAM/=ROM
PASS: 0 HBl H -SRAM/=ROM 3
PASS: 0 HBl H -SRAM/=ROM Old 3
DMA test: 1 HBl H -SRAM/=ROM
PASS: 1 HBl H -SRAM/=ROM 3
PASS: 1 HBl H -SRAM/=ROM Old 3
DMA test: 2 HBl H -SRAM/=ROM
PASS: 2 HBl H -SRAM/=ROM 3
PASS: 2 HBl H -SRAM/=ROM Old 3
DMA test: 0 HBl W -IWRAM/=IWRAM
PASS: 0 HBl W -IWRAM/=IWRAM 3
DMA test: 1 HBl W -IWRAM/=IWRAM
PASS: 1 HBl W -IWRAM/=IWRAM 3
DMA test: 2 HBl W -IWRAM/=IWRAM
PASS: 2 HBl W -IWRAM/=IWRAM 3
DMA test: 3 HBl W -IWRAM/=IWRAM
PASS: 3 HBl W -IWRAM/=IWRAM 3
DMA test: 0 HBl W -IWRAM/=EWRAM
PASS: 0 HBl W -IWRAM/=EWRAM 3
PASS: 0 HBl W -IWRAM/=EWRAM Old 3
DMA test: 1 HBl W -IWRAM/=EWRAM
PASS: 1 HBl W -IWRAM/=EWRAM 3
PASS: 1 HBl W -IWRAM/=EWRAM Old 3
DMA test: 2 HBl W -IWRAM/=EWRAM
PASS: 2 HBl W -IWRAM/=EWRAM 3
PASS: 2 HBl W -IWRAM/=EWRAM Old 3
DMA test: 3 HBl W -IWRAM/=EWRAM
PASS: 3 HBl W -IWRAM/=EWRAM 3
PASS: 3 HBl W -IWRAM/=EWRAM Old 3
DMA test: 0 HBl W -IWRAM/=ROM
PASS: 0 HBl W -IWRAM/=ROM 3
PASS: 0 HBl W -IWRAM/=ROM Old 3
DMA test: 1 HBl W -IWRAM/=ROM
PASS: 1 HBl W -IWRAM/=ROM 3
PASS: 1 HBl W -IWRAM/=ROM Old 3
DMA test: 2 HBl W -IWRAM/=ROM
PASS: 2 HBl W -IWRAM/=ROM 3
PASS: 2 HBl W -IWRAM/=ROM Old 3
DMA test: 3 HBl W -IWRAM/=ROM
PASS: 3 HBl W -IWRAM/=ROM 3
PASS: 3 HBl W -IWRAM/=ROM Old 3
DMA test: 0 HBl W -EWRAM/=IWRAM
PASS: 0 HBl W -EWRAM/=IWRAM 3
DMA test: 1 HBl W -EWRAM/=IWRAM
PASS: 1 HBl W -EWRAM/=IWRAM 3
DMA test: 2 HBl W -EWRAM/=IWRAM
PASS: 2 HBl W -EWRAM/=IWRAM 3
DMA test: 3 HBl W -EWRAM/=IWRAM
PASS: 3 HBl W -EWRAM/=IWRAM 3
DMA test: 0 HBl W -EWRAM/=EWRAM
PASS: 0 HBl W -EWRAM/=EWRAM 3
PASS: 0 HBl W -EWRAM/=EWRAM Old 3
DMA test: 1 HBl W -EWRAM/=EWRAM
PASS: 1 HBl W -EWRAM/=EWRAM 3
PASS: 1 HBl W -EWRAM/=EWRAM Old 3
DMA test: 2 HBl W -EWRAM/=EWRAM
PASS: 2 HBl W -EWRAM/=EWRAM 3
PASS: 2 HBl W -EWRAM/=EWRAM Old 3
DMA test: 3 HBl W -EWRAM/=EWRAM
PASS: 3 HBl W -EWRAM/=EWRAM 3
PASS: 3 HBl W -EWRAM/=EWRAM Old 3
DMA test: 0 HBl W -EWRAM/=ROM
PASS: 0 HBl W -EWRAM/=ROM 3
PASS: 0 HBl W -EWRAM/=ROM Old 3
DMA test: 1 HBl W -EWRAM/=ROM
PASS: 1 HBl W -EWRAM/=ROM 3
PASS: 1 HBl W -EWRAM/=ROM Old 3
DMA test: 2 HBl W -EWRAM/=ROM
PASS: 2 HBl W -EWRAM/=ROM 3
PASS: 2 HBl W -EWRAM/=ROM Old 3
DMA test: 3 HBl W -EWRAM/=ROM
PASS: 3 HBl W -EWRAM/=ROM 3
PASS: 3 HBl W -EWRAM/=ROM Old 3
DMA test: 0 HBl W -ROM/=IWRAM
PASS: 0 HBl W -ROM/=IWRAM 3
DMA test: 1 HBl W -ROM/=IWRAM
FAIL: 1 HBl W -ROM/=IWRAM 3
3: Got DEADBEEC vs DEADBEF2: FAIL
DMA test: 2 HBl W -ROM/=IWRAM
FAIL: 2 HBl W -ROM/=IWRAM 3
3: Got DEADBEEC vs DEADBEF2: FAIL
DMA test: 3 HBl W -ROM/=IWRAM
FAIL: 3 HBl W -ROM/=IWRAM 3
3: Got DEADBEEC vs DEADBEF2: FAIL
DMA test: 0 HBl W -ROM/=EWRAM
PASS: 0 HBl W -ROM/=EWRAM 3
PASS: 0 HBl W -ROM/=EWRAM Old 3
DMA test: 1 HBl W -ROM/=EWRAM
FAIL: 1 HBl W -ROM/=EWRAM 3
3: Got DEADBEEC vs DEADBEF2: FAIL
PASS: 1 HBl W -ROM/=EWRAM Old 3
DMA test: 2 HBl W -ROM/=EWRAM
FAIL: 2 HBl W -ROM/=EWRAM 3
3: Got DEADBEEC vs DEADBEF2: FAIL
PASS: 2 HBl W -ROM/=EWRAM Old 3
DMA test: 3 HBl W -ROM/=EWRAM
FAIL: 3 HBl W -ROM/=EWRAM 3
3: Got DEADBEEC vs DEADBEF2: FAIL
PASS: 3 HBl W -ROM/=EWRAM Old 3
DMA test: 0 HBl W -ROM/=ROM
PASS: 0 HBl W -ROM/=ROM 3
PASS: 0 HBl W -ROM/=ROM Old 3
DMA test: 1 HBl W -ROM/=ROM
PASS: 1 HBl W -ROM/=ROM 3
PASS: 1 HBl W -ROM/=ROM Old 3
DMA test: 2 HBl W -ROM/=ROM
PASS: 2 HBl W -ROM/=ROM 3
PASS: 2 HBl W -ROM/=ROM Old 3
DMA test: 3 HBl W -ROM/=ROM
PASS: 3 HBl W -ROM/=ROM 3
PASS: 3 HBl W -ROM/=ROM Old 3
DMA test: 0 HBl W -BIOS/=IWRAM
PASS: 0 HBl W -BIOS/=IWRAM 3
DMA test: 1 HBl W -BIOS/=IWRAM
PASS: 1 HBl W -BIOS/=IWRAM 3
DMA test: 2 HBl W -BIOS/=IWRAM
PASS: 2 HBl W -BIOS/=IWRAM 3
DMA test: 3 HBl W -BIOS/=IWRAM
PASS: 3 HBl W -BIOS/=IWRAM 3
DMA test: 0 HBl W -BIOS/=EWRAM
PASS: 0 HBl W -BIOS/=EWRAM 3
PASS: 0 HBl W -BIOS/=EWRAM Old 3
DMA test: 1 HBl W -BIOS/=EWRAM
PASS: 1 HBl W -BIOS/=EWRAM 3
PASS: 1 HBl W -BIOS/=EWRAM Old 3
DMA test: 2 HBl W -BIOS/=EWRAM
PASS: 2 HBl W -BIOS/=EWRAM 3
PASS: 2 HBl W -BIOS/=EWRAM Old 3
DMA test: 3 HBl W -BIOS/=EWRAM
PASS: 3 HBl W -BIOS/=EWRAM 3
PASS: 3 HBl W -BIOS/=EWRAM Old 3
DMA test: 0 HBl W -BIOS/=ROM
PASS: 0 HBl W -BIOS/=ROM 3
PASS: 0 HBl W -BIOS/=ROM Old 3
DMA test: 1 HBl W -BIOS/=ROM
PASS: 1 HBl W -BIOS/=ROM 3
PASS: 1 HBl W -BIOS/=ROM Old 3
DMA test: 2 HBl W -BIOS/=ROM
PASS: 2 HBl W -BIOS/=ROM 3
PASS: 2 HBl W -BIOS/=ROM Old 3
DMA test: 3 HBl W -BIOS/=ROM
PASS: 3 HBl W -BIOS/=ROM 3
PASS: 3 HBl W -BIOS/=ROM Old 3
DMA test: 0 HBl W -SRAM/=IWRAM
PASS: 0 HBl W -SRAM/=IWRAM 3
DMA test: 1 HBl W -SRAM/=IWRAM
PASS: 1 HBl W -SRAM/=IWRAM 3
DMA test: 2 HBl W -SRAM/=IWRAM
PASS: 2 HBl W -SRAM/=IWRAM 3
DMA test: 3 HBl W -SRAM/=IWRAM
PASS: 3 HBl W -SRAM/=IWRAM 3
DMA test: 0 HBl W -SRAM/=EWRAM
PASS: 0 HBl W -SRAM/=EWRAM 3
PASS: 0 HBl W -SRAM/=EWRAM Old 3
DMA test: 1 HBl W -SRAM/=EWRAM
PASS: 1 HBl W -SRAM/=EWRAM 3
PASS: 1 HBl W -SRAM/=EWRAM Old 3
DMA test: 2 HBl W -SRAM/=EWRAM
PASS: 2 HBl W -SRAM/=EWRAM 3
PASS: 2 HBl W -SRAM/=EWRAM Old 3
DMA test: 3 HBl W -SRAM/=EWRAM
PASS: 3 HBl W -SRAM/=EWRAM 3
PASS: 3 HBl W -SRAM/=EWRAM Old 3
DMA test: 0 HBl W -SRAM/=ROM
PASS: 0 HBl W -SRAM/=ROM 3
PASS: 0 HBl W -SRAM/=ROM Old 3
DMA test: 1 HBl W -SRAM/=ROM
PASS: 1 HBl W -SRAM/=ROM 3
PASS: 1 HBl W -SRAM/=ROM Old 3
DMA test: 2 HBl W -SRAM/=ROM
PASS: 2 HBl W -SRAM/=ROM 3
PASS: 2 HBl W -SRAM/=ROM Old 3
DMA test: 0 Imm W R+0x10/+IWRAM
PASS: 0 Imm W R+0x10/+IWRAM 3
PASS: 0 Imm W R+0x10/+IWRAM 4
PASS: 0 Imm W R+0x10/+IWRAM 5
PASS: 0 Imm W R+0x10/+IWRAM 6
DMA test: 1 Imm W R+0x10/+IWRAM
PASS: 1 Imm W R+0x10/+IWRAM 3
PASS: 1 Imm W R+0x10/+IWRAM 4
PASS: 1 Imm W R+0x10/+IWRAM 5
PASS: 1 Imm W R+0x10/+IWRAM 6
DMA test: 2 Imm W R+0x10/+IWRAM
PASS: 2 Imm W R+0x10/+IWRAM 3
PASS: 2 Imm W R+0x10/+IWRAM 4
PASS: 2 Imm W R+0x10/+IWRAM 5
PASS: 2 Imm W R+0x10/+IWRAM 6
DMA test: 3 Imm W R+0x10/+IWRAM
PASS: 3 Imm W R+0x10/+IWRAM 3
PASS: 3 Imm W R+0x10/+IWRAM 4
PASS: 3 Imm W R+0x10/+IWRAM 5
PASS: 3 Imm W R+0x10/+IWRAM 6
DMA test: 0 Imm W R+0x10/+EWRAM
PASS: 0 Imm W R+0x10/+EWRAM 3
PASS: 0 Imm W R+0x10/+EWRAM 4
PASS: 0 Imm W R+0x10/+EWRAM 5
PASS: 0 Imm W R+0x10/+EWRAM 6
PASS: 0 Imm W R+0x10/+EWRAM Old 3
PASS: 0 Imm W R+0x10/+EWRAM Old 4
PASS: 0 Imm W R+0x10/+EWRAM Old 5
PASS: 0 Imm W R+0x10/+EWRAM Old 6
DMA test: 1 Imm W R+0x10/+EWRAM
PASS: 1 Imm W R+0x10/+EWRAM 3
PASS: 1 Imm W R+0x10/+EWRAM 4
PASS: 1 Imm W R+0x10/+EWRAM 5
PASS: 1 Imm W R+0x10/+EWRAM 6
PASS: 1 Imm W R+0x10/+EWRAM Old 3
PASS: 1 Imm W R+0x10/+EWRAM Old 4
PASS: 1 Imm W R+0x10/+EWRAM Old 5
PASS: 1 Imm W R+0x10/+EWRAM Old 6
DMA test: 2 Imm W R+0x10/+EWRAM
PASS: 2 Imm W R+0x10/+EWRAM 3
PASS: 2 Imm W R+0x10/+EWRAM 4
PASS: 2 Imm W R+0x10/+EWRAM 5
PASS: 2 Imm W R+0x10/+EWRAM 6
PASS: 2 Imm W R+0x10/+EWRAM Old 3
PASS: 2 Imm W R+0x10/+EWRAM Old 4
PASS: 2 Imm W R+0x10/+EWRAM Old 5
PASS: 2 Imm W R+0x10/+EWRAM Old 6
DMA test: 3 Imm W R+0x10/+EWRAM
PASS: 3 Imm W R+0x10/+EWRAM 3
PASS: 3 Imm W R+0x10/+EWRAM 4
PASS: 3 Imm W R+0x10/+EWRAM 5
PASS: 3 Imm W R+0x10/+EWRAM 6
PASS: 3 Imm W R+0x10/+EWRAM Old 3
PASS: 3 Imm W R+0x10/+EWRAM Old 4
PASS: 3 Imm W R+0x10/+EWRAM Old 5
PASS: 3 Imm W R+0x10/+EWRAM Old 6
DMA test: 0 Imm H V+BIOS/+VRAM
PASS: 0 Imm H V+BIOS/+VRAM 3
PASS: 0 Imm H V+BIOS/+VRAM 4
PASS: 0 Imm H V+BIOS/+VRAM 5
PASS: 0 Imm H V+BIOS/+VRAM 6
PASS: 0 Imm H V+BIOS/+VRAM Old 3
PASS: 0 Imm H V+BIOS/+VRAM Old 4
PASS: 0 Imm H V+BIOS/+VRAM Old 5
PASS: 0 Imm H V+BIOS/+VRAM Old 6
DMA test: 1 Imm H V+BIOS/+VRAM
PASS: 1 Imm H V+BIOS/+VRAM 3
PASS: 1 Imm H V+BIOS/+VRAM 4
PASS: 1 Imm H V+BIOS/+VRAM 5
PASS: 1 Imm H V+BIOS/+VRAM 6
PASS: 1 Imm H V+BIOS/+VRAM Old 3
PASS: 1 Imm H V+BIOS/+VRAM Old 4
PASS: 1 Imm H V+BIOS/+VRAM Old 5
PASS: 1 Imm H V+BIOS/+VRAM Old 6
DMA test: 2 Imm H V+BIOS/+VRAM
PASS: 2 Imm H V+BIOS/+VRAM 3
PASS: 2 Imm H V+BIOS/+VRAM 4
PASS: 2 Imm H V+BIOS/+VRAM 5
PASS: 2 Imm H V+BIOS/+VRAM 6
PASS: 2 Imm H V+BIOS/+VRAM Old 3
PASS: 2 Imm H V+BIOS/+VRAM Old 4
PASS: 2 Imm H V+BIOS/+VRAM Old 5
PASS: 2 Imm H V+BIOS/+VRAM Old 6
DMA test: 3 Imm H V+BIOS/+VRAM
PASS: 3 Imm H V+BIOS/+VRAM 3
PASS: 3 Imm H V+BIOS/+VRAM 4
PASS: 3 Imm H V+BIOS/+VRAM 5
PASS: 3 Imm H V+BIOS/+VRAM 6
PASS: 3 Imm H V+BIOS/+VRAM Old 3
PASS: 3 Imm H V+BIOS/+VRAM Old 4
PASS: 3 Imm H V+BIOS/+VRAM Old 5
PASS: 3 Imm H V+BIOS/+VRAM Old 6
[sram]
Game Boy Advance Test Suite
===
DMA test: 0 Imm H =IWRAM/=IWRAM
DMA test: 1 Imm H =IWRAM/=IWRAM
DMA test: 2 Imm H =IWRAM/=IWRAM
DMA test: 3 Imm H =IWRAM/=IWRAM
DMA test: 0 Imm H =IWRAM/=EWRAM
DMA test: 1 Imm H =IWRAM/=EWRAM
DMA test: 2 Imm H =IWRAM/=EWRAM
DMA test: 3 Imm H =IWRAM/=EWRAM
DMA test: 0 Imm H =IWRAM/=ROM
DMA test: 1 Imm H =IWRAM/=ROM
DMA test: 2 Imm H =IWRAM/=ROM
DMA test: 3 Imm H =IWRAM/=ROM
DMA test: 0 Imm H =EWRAM/=IWRAM
DMA test: 1 Imm H =EWRAM/=IWRAM
DMA test: 2 Imm H =EWRAM/=IWRAM
DMA test: 3 Imm H =EWRAM/=IWRAM
DMA test: 0 Imm H =EWRAM/=EWRAM
DMA test: 1 Imm H =EWRAM/=EWRAM
DMA test: 2 Imm H =EWRAM/=EWRAM
DMA test: 3 Imm H =EWRAM/=EWRAM
DMA test: 0 Imm H =EWRAM/=ROM
DMA test: 1 Imm H =EWRAM/=ROM
DMA test: 2 Imm H =EWRAM/=ROM
DMA test: 3 Imm H =EWRAM/=ROM
DMA test: 0 Imm H =ROM/=IWRAM
DMA test: 1 Imm H =ROM/=IWRAM
3: Got CB0EBEEF vs CB0EDEAD: FAIL
DMA test: 2 Imm H =ROM/=IWRAM
3: Got CB0EBEEF vs CB0EDEAD: FAIL
DMA test: 3 Imm H =ROM/=IWRAM
3: Got CB0EBEEF vs CB0EDEAD: FAIL
DMA test: 0 Imm H =ROM/=EWRAM
DMA test: 1 Imm H =ROM/=EWRAM
3: Got FEFDBEEF vs FEFDDEAD: FAIL
DMA test: 2 Imm H =ROM/=EWRAM
3: Got FEFDBEEF vs FEFDDEAD: FAIL
DMA test: 3 Imm H =ROM/=EWRAM
3: Got FEFDBEEF vs FEFDDEAD: FAIL
DMA test: 0 Imm H =ROM/=ROM
DMA test: 1 Imm H =ROM/=ROM
DMA test: 2 Imm H =ROM/=ROM
DMA test: 3 Imm H =ROM/=ROM
DMA test: 0 Imm H =BIOS/=IWRAM
DMA test: 1 Imm H =BIOS/=IWRAM
DMA test: 2 Imm H =BIOS/=IWRAM
DMA test: 3 Imm H =BIOS/=IWRAM
DMA test: 0 Imm H =BIOS/=EWRAM
DMA test: 1 Imm H =BIOS/=EWRAM
DMA test: 2 Imm H =BIOS/=EWRAM
DMA test: 3 Imm H =BIOS/=EWRAM
DMA test: 0 Imm H =BIOS/=ROM
DMA test: 1 Imm H =BIOS/=ROM
DMA test: 2 Imm H =BIOS/=ROM
DMA test: 3 Imm H =BIOS/=ROM
DMA test: 0 Imm H =SRAM/=IWRAM
DMA test: 1 Imm H =SRAM/=IWRAM
DMA test: 2 Imm H =SRAM/=IWRAM
DMA test: 3 Imm H =SRAM/=IWRAM
DMA test: 0 Imm H =SRAM/=EWRAM
DMA test: 1 Imm H =SRAM/=EWRAM
DMA test: 2 Imm H =SRAM/=EWRAM
DMA test: 3 Imm H =SRAM/=EWRAM
DMA test: 0 Imm H =SRAM/=ROM
DMA test: 1 Imm H =SRAM/=ROM
DMA test: 2 Imm H =SRAM/=ROM
DMA test: 0 Imm W =IWRAM/=IWRAM
DMA test: 1 Imm W =IWRAM/=IWRAM
DMA test: 2 Imm W =IWRAM/=IWRAM
DMA test: 3 Imm W =IWRAM/=IWRAM
DMA test: 0 Imm W =IWRAM/=EWRAM
DMA test: 1 Imm W =IWRAM/=EWRAM
DMA test: 2 Imm W =IWRAM/=EWRAM
DMA test: 3 Imm W =IWRAM/=EWRAM
DMA test: 0 Imm W =IWRAM/=ROM
DMA test: 1 Imm W =IWRAM/=ROM
DMA test: 2 Imm W =IWRAM/=ROM
DMA test: 3 Imm W =IWRAM/=ROM
DMA test: 0 Imm W =EWRAM/=IWRAM
DMA test: 1 Imm W =EWRAM/=IWRAM
DMA test: 2 Imm W =EWRAM/=IWRAM
DMA test: 3 Imm W =EWRAM/=IWRAM
DMA test: 0 Imm W =EWRAM/=EWRAM
DMA test: 1 Imm W =EWRAM/=EWRAM
DMA test: 2 Imm W =EWRAM/=EWRAM
DMA test: 3 Imm W =EWRAM/=EWRAM
DMA test: 0 Imm W =EWRAM/=ROM
DMA test: 1 Imm W =EWRAM/=ROM
DMA test: 2 Imm W =EWRAM/=ROM
DMA test: 3 Imm W =EWRAM/=ROM
DMA test: 0 Imm W =ROM/=IWRAM
DMA test: 1 Imm W =ROM/=IWRAM
3: Got DEADBEEF vs DEADBEF2: FAIL
DMA test: 2 Imm W =ROM/=IWRAM
3: Got DEADBEEF vs DEADBEF2: FAIL
DMA test: 3 Imm W =ROM/=IWRAM
3: Got DEADBEEF vs DEADBEF2: FAIL
DMA test: 0 Imm W =ROM/=EWRAM
DMA test: 1 Imm W =ROM/=EWRAM
3: Got DEADBEEF vs DEADBEF2: FAIL
DMA test: 2 Imm W =ROM/=EWRAM
3: Got DEADBEEF vs DEADBEF2: FAIL
DMA test: 3 Imm W =ROM/=EWRAM
3: Got DEADBEEF vs DEADBEF2: FAIL
DMA test: 0 Imm W =ROM/=ROM
DMA test: 1 Imm W =ROM/=ROM
DMA test: 2 Imm W =ROM/=ROM
DMA test: 3 Imm W =ROM/=ROM
DMA test: 0 Imm W =BIOS/=IWRAM
DMA test: 1 Imm W =BIOS/=IWRAM
DMA test: 2 Imm W =BIOS/=IWRAM
DMA test: 3 Imm W =BIOS/=IWRAM
DMA test: 0 Imm W =BIOS/=EWRAM
DMA test: 1 Imm W =BIOS/=EWRAM
DMA test: 2 Imm W =BIOS/=EWRAM
DMA test: 3 Imm W =BIOS/=EWRAM
DMA test: 0 Imm W =BIOS/=ROM
DMA test: 1 Imm W =BIOS/=ROM
DMA test: 2 Imm W =BIOS/=ROM
DMA test: 3 Imm W =BIOS/=ROM
DMA test: 0 Imm W =SRAM/=IWRAM
DMA test: 1 Imm W =SRAM/=IWRAM
DMA test: 2 Imm W =SRAM/=IWRAM
DMA test: 3 Imm W =SRAM/=IWRAM
DMA test: 0 Imm W =SRAM/=EWRAM
DMA test: 1 Imm W =SRAM/=EWRAM
DMA test: 2 Imm W =SRAM/=EWRAM
DMA test: 3 Imm W =SRAM/=EWRAM
DMA test: 0 Imm W =SRAM/=ROM
DMA test: 1 Imm W =SRAM/=ROM
DMA test: 2 Imm W =SRAM/=ROM
DMA test: 0 Imm H +IWRAM/=IWRAM
DMA test: 1 Imm H +IWRAM/=IWRAM
DMA test: 2 Imm H +IWRAM/=IWRAM
DMA test: 3 Imm H +IWRAM/=IWRAM
DMA test: 0 Imm H +IWRAM/=EWRAM
DMA test: 1 Imm H +IWRAM/=EWRAM
DMA test: 2 Imm H +IWRAM/=EWRAM
DMA test: 3 Imm H +IWRAM/=EWRAM
DMA test: 0 Imm H +IWRAM/=ROM
DMA test: 1 Imm H +IWRAM/=ROM
DMA test: 2 Imm H +IWRAM/=ROM
DMA test: 3 Imm H +IWRAM/=ROM
DMA test: 0 Imm H +EWRAM/=IWRAM
DMA test: 1 Imm H +EWRAM/=IWRAM
DMA test: 2 Imm H +EWRAM/=IWRAM
DMA test: 3 Imm H +EWRAM/=IWRAM
DMA test: 0 Imm H +EWRAM/=EWRAM
DMA test: 1 Imm H +EWRAM/=EWRAM
DMA test: 2 Imm H +EWRAM/=EWRAM
DMA test: 3 Imm H +EWRAM/=EWRAM
DMA test: 0 Imm H +EWRAM/=ROM
DMA test: 1 Imm H +EWRAM/=ROM
DMA test: 2 Imm H +EWRAM/=ROM
DMA test: 3 Imm H +EWRAM/=ROM
DMA test: 0 Imm H +ROM/=IWRAM
DMA test: 1 Imm H +ROM/=IWRAM
DMA test: 2 Imm H +ROM/=IWRAM
DMA test: 3 Imm H +ROM/=IWRAM
DMA test: 0 Imm H +ROM/=EWRAM
DMA test: 1 Imm H +ROM/=EWRAM
DMA test: 2 Imm H +ROM/=EWRAM
DMA test: 3 Imm H +ROM/=EWRAM
DMA test: 0 Imm H +ROM/=ROM
DMA test: 1 Imm H +ROM/=ROM
DMA test: 2 Imm H +ROM/=ROM
DMA test: 3 Imm H +ROM/=ROM
DMA test: 0 Imm H +BIOS/=IWRAM
DMA test: 1 Imm H +BIOS/=IWRAM
DMA test: 2 Imm H +BIOS/=IWRAM
DMA test: 3 Imm H +BIOS/=IWRAM
DMA test: 0 Imm H +BIOS/=EWRAM
DMA test: 1 Imm H +BIOS/=EWRAM
DMA test: 2 Imm H +BIOS/=EWRAM
DMA test: 3 Imm H +BIOS/=EWRAM
DMA test: 0 Imm H +BIOS/=ROM
DMA test: 1 Imm H +BIOS/=ROM
DMA test: 2 Imm H +BIOS/=ROM
DMA test: 3 Imm H +BIOS/=ROM
DMA test: 0 Imm H +SRAM/=IWRAM
DMA test: 1 Imm H +SRAM/=IWRAM
DMA test: 2 Imm H +SRAM/=IWRAM
DMA test: 3 Imm H +SRAM/=IWRAM
DMA test: 0 Imm H +SRAM/=EWRAM
DMA test: 1 Imm H +SRAM/=EWRAM
DMA test: 2 Imm H +SRAM/=EWRAM
DMA test: 3 Imm H +SRAM/=EWRAM
DMA test: 0 Imm H +SRAM/=ROM
DMA test: 1 Imm H +SRAM/=ROM
DMA test: 2 Imm H +SRAM/=ROM
DMA test: 0 Imm W +IWRAM/=IWRAM
DMA test: 1 Imm W +IWRAM/=IWRAM
DMA test: 2 Imm W +IWRAM/=IWRAM
DMA test: 3 Imm W +IWRAM/=IWRAM
DMA test: 0 Imm W +IWRAM/=EWRAM
DMA test: 1 Imm W +IWRAM/=EWRAM
DMA test: 2 Imm W +IWRAM/=EWRAM
DMA test: 3 Imm W +IWRAM/=EWRAM
DMA test: 0 Imm W +IWRAM/=ROM
DMA test: 1 Imm W +IWRAM/=ROM
DMA test: 2 Imm W +IWRAM/=ROM
DMA test: 3 Imm W +IWRAM/=ROM
DMA test: 0 Imm W +EWRAM/=IWRAM
DMA test: 1 Imm W +EWRAM/=IWRAM
DMA test: 2 Imm W +EWRAM/=IWRAM
DMA test: 3 Imm W +EWRAM/=IWRAM
DMA test: 0 Imm W +EWRAM/=EWRAM
DMA test: 1 Imm W +EWRAM/=EWRAM
DMA test: 2 Imm W +EWRAM/=EWRAM
DMA test: 3 Imm W +EWRAM/=EWRAM
DMA test: 0 Imm W +EWRAM/=ROM
DMA test: 1 Imm W +EWRAM/=ROM
DMA test: 2 Imm W +EWRAM/=ROM
DMA test: 3 Imm W +EWRAM/=ROM
DMA test: 0 Imm W +ROM/=IWRAM
DMA test: 1 Imm W +ROM/=IWRAM
DMA test: 2 Imm W +ROM/=IWRAM
DMA test: 3 Imm W +ROM/=IWRAM
DMA test: 0 Imm W +ROM/=EWRAM
DMA test: 1 Imm W +ROM/=EWRAM
DMA test: 2 Imm W +ROM/=EWRAM
DMA test: 3 Imm W +ROM/=EWRAM
DMA test: 0 Imm W +ROM/=ROM
DMA test: 1 Imm W +ROM/=ROM
DMA test: 2 Imm W +ROM/=ROM
DMA test: 3 Imm W +ROM/=ROM
DMA test: 0 Imm W +BIOS/=IWRAM
DMA test: 1 Imm W +BIOS/=IWRAM
DMA test: 2 Imm W +BIOS/=IWRAM
DMA test: 3 Imm W +BIOS/=IWRAM
DMA test: 0 Imm W +BIOS/=EWRAM
DMA test: 1 Imm W +BIOS/=EWRAM
DMA test: 2 Imm W +BIOS/=EWRAM
DMA test: 3 Imm W +BIOS/=EWRAM
DMA test: 0 Imm W +BIOS/=ROM
DMA test: 1 Imm W +BIOS/=ROM
DMA test: 2 Imm W +BIOS/=ROM
DMA test: 3 Imm W +BIOS/=ROM
DMA test: 0 Imm W +SRAM/=IWRAM
DMA test: 1 Imm W +SRAM/=IWRAM
DMA test: 2 Imm W +SRAM/=IWRAM
DMA test: 3 Imm W +SRAM/=IWRAM
DMA test: 0 Imm W +SRAM/=EWRAM
DMA test: 1 Imm W +SRAM/=EWRAM
DMA test: 2 Imm W +SRAM/=EWRAM
DMA test: 3 Imm W +SRAM/=EWRAM
DMA test: 0 Imm W +SRAM/=ROM
DMA test: 1 Imm W +SRAM/=ROM
DMA test: 2 Imm W +SRAM/=ROM
DMA test: 0 Imm H -IWRAM/=IWRAM
DMA test: 1 Imm H -IWRAM/=IWRAM
DMA test: 2 Imm H -IWRAM/=IWRAM
DMA test: 3 Imm H -IWRAM/=IWRAM
DMA test: 0 Imm H -IWRAM/=EWRAM
DMA test: 1 Imm H -IWRAM/=EWRAM
DMA test: 2 Imm H -IWRAM/=EWRAM
DMA test: 3 Imm H -IWRAM/=EWRAM
DMA test: 0 Imm H -IWRAM/=ROM
DMA test: 1 Imm H -IWRAM/=ROM
DMA test: 2 Imm H -IWRAM/=ROM
DMA test: 3 Imm H -IWRAM/=ROM
DMA test: 0 Imm H -EWRAM/=IWRAM
DMA test: 1 Imm H -EWRAM/=IWRAM
DMA test: 2 Imm H -EWRAM/=IWRAM
DMA test: 3 Imm H -EWRAM/=IWRAM
DMA test: 0 Imm H -EWRAM/=EWRAM
DMA test: 1 Imm H -EWRAM/=EWRAM
DMA test: 2 Imm H -EWRAM/=EWRAM
DMA test: 3 Imm H -EWRAM/=EWRAM
DMA test: 0 Imm H -EWRAM/=ROM
DMA test: 1 Imm H -EWRAM/=ROM
DMA test: 2 Imm H -EWRAM/=ROM
DMA test: 3 Imm H -EWRAM/=ROM
DMA test: 0 Imm H -ROM/=IWRAM
DMA test: 1 Imm H -ROM/=IWRAM
DMA test: 2 Imm H -ROM/=IWRAM
DMA test: 3 Imm H -ROM/=IWRAM
DMA test: 0 Imm H -ROM/=EWRAM
DMA test: 1 Imm H -ROM/=EWRAM
DMA test: 2 Imm H -ROM/=EWRAM
DMA test: 3 Imm H -ROM/=EWRAM
DMA test: 0 Imm H -ROM/=ROM
DMA test: 1 Imm H -ROM/=ROM
DMA test: 2 Imm H -ROM/=ROM
DMA test: 3 Imm H -ROM/=ROM
DMA test: 0 Imm H -BIOS/=IWRAM
DMA test: 1 Imm H -BIOS/=IWRAM
DMA test: 2 Imm H -BIOS/=IWRAM
DMA test: 3 Imm H -BIOS/=IWRAM
DMA test: 0 Imm H -BIOS/=EWRAM
DMA test: 1 Imm H -BIOS/=EWRAM
DMA test: 2 Imm H -BIOS/=EWRAM
DMA test: 3 Imm H -BIOS/=EWRAM
DMA test: 0 Imm H -BIOS/=ROM
DMA test: 1 Imm H -BIOS/=ROM
DMA test: 2 Imm H -BIOS/=ROM
DMA test: 3 Imm H -BIOS/=ROM
DMA test: 0 Imm H -SRAM/=IWRAM
DMA test: 1 Imm H -SRAM/=IWRAM
DMA test: 2 Imm H -SRAM/=IWRAM
DMA test: 3 Imm H -SRAM/=IWRAM
DMA test: 0 Imm H -SRAM/=EWRAM
DMA test: 1 Imm H -SRAM/=EWRAM
DMA test: 2 Imm H -SRAM/=EWRAM
DMA test: 3 Imm H -SRAM/=EWRAM
DMA test: 0 Imm H -SRAM/=ROM
DMA test: 1 Imm H -SRAM/=ROM
DMA test: 2 Imm H -SRAM/=ROM
DMA test: 0 Imm W -IWRAM/=IWRAM
DMA test: 1 Imm W -IWRAM/=IWRAM
DMA test: 2 Imm W -IWRAM/=IWRAM
DMA test: 3 Imm W -IWRAM/=IWRAM
DMA test: 0 Imm W -IWRAM/=EWRAM
DMA test: 1 Imm W -IWRAM/=EWRAM
DMA test: 2 Imm W -IWRAM/=EWRAM
DMA test: 3 Imm W -IWRAM/=EWRAM
DMA test: 0 Imm W -IWRAM/=ROM
DMA test: 1 Imm W -IWRAM/=ROM
DMA test: 2 Imm W -IWRAM/=ROM
DMA test: 3 Imm W -IWRAM/=ROM
DMA test: 0 Imm W -EWRAM/=IWRAM
DMA test: 1 Imm W -EWRAM/=IWRAM
DMA test: 2 Imm W -EWRAM/=IWRAM
DMA test: 3 Imm W -EWRAM/=IWRAM
DMA test: 0 Imm W -EWRAM/=EWRAM
DMA test: 1 Imm W -EWRAM/=EWRAM
DMA test: 2 Imm W -EWRAM/=EWRAM
DMA test: 3 Imm W -EWRAM/=EWRAM
DMA test: 0 Imm W -EWRAM/=ROM
DMA test: 1 Imm W -EWRAM/=ROM
DMA test: 2 Imm W -EWRAM/=ROM
DMA test: 3 Imm W -EWRAM/=ROM
DMA test: 0 Imm W -ROM/=IWRAM
DMA test: 1 Imm W -ROM/=IWRAM
3: Got DEADBEEC vs DEADBEF2: FAIL
DMA test: 2 Imm W -ROM/=IWRAM
3: Got DEADBEEC vs DEADBEF2: FAIL
DMA test: 3 Imm W -ROM/=IWRAM
3: Got DEADBEEC vs DEADBEF2: FAIL
DMA test: 0 Imm W -ROM/=EWRAM
DMA test: 1 Imm W -ROM/=EWRAM
3: Got DEADBEEC vs DEADBEF2: FAIL
DMA test: 2 Imm W -ROM/=EWRAM
3: Got DEADBEEC vs DEADBEF2: FAIL
DMA test: 3 Imm W -ROM/=EWRAM
3: Got DEADBEEC vs DEADBEF2: FAIL
DMA test: 0 Imm W -ROM/=ROM
DMA test: 1 Imm W -ROM/=ROM
DMA test: 2 Imm W -ROM/=ROM
DMA test: 3 Imm W -ROM/=ROM
DMA test: 0 Imm W -BIOS/=IWRAM
DMA test: 1 Imm W -BIOS/=IWRAM
DMA test: 2 Imm W -BIOS/=IWRAM
DMA test: 3 Imm W -BIOS/=IWRAM
DMA test: 0 Imm W -BIOS/=EWRAM
DMA test: 1 Imm W -BIOS/=EWRAM
DMA test: 2 Imm W -BIOS/=EWRAM
DMA test: 3 Imm W -BIOS/=EWRAM
DMA test: 0 Imm W -BIOS/=ROM
DMA test: 1 Imm W -BIOS/=ROM
DMA test: 2 Imm W -BIOS/=ROM
DMA test: 3 Imm W -BIOS/=ROM
DMA test: 0 Imm W -SRAM/=IWRAM
DMA test: 1 Imm W -SRAM/=IWRAM
DMA test: 2 Imm W -SRAM/=IWRAM
DMA test: 3 Imm W -SRAM/=IWRAM
DMA test: 0 Imm W -SRAM/=EWRAM
DMA test: 1 Imm W -SRAM/=EWRAM
DMA test: 2 Imm W -SRAM/=EWRAM
DMA test: 3 Imm W -SRAM/=EWRAM
DMA test: 0 Imm W -SRAM/=ROM
DMA test: 1 Imm W -SRAM/=ROM
DMA test: 2 Imm W -SRAM/=ROM
DMA test: 0 HBl H =IWRAM/=IWRAM
DMA test: 1 HBl H =IWRAM/=IWRAM
DMA test: 2 HBl H =IWRAM/=IWRAM
DMA test: 3 HBl H =IWRAM/=IWRAM
DMA test: 0 HBl H =IWRAM/=EWRAM
DMA test: 1 HBl H =IWRAM/=EWRAM
DMA test: 2 HBl H =IWRAM/=EWRAM
DMA test: 3 HBl H =IWRAM/=EWRAM
DMA test: 0 HBl H =IWRAM/=ROM
DMA test: 1 HBl H =IWRAM/=ROM
DMA test: 2 HBl H =IWRAM/=ROM
DMA test: 3 HBl H =IWRAM/=ROM
DMA test: 0 HBl H =EWRAM/=IWRAM
DMA test: 1 HBl H =EWRAM/=IWRAM
DMA test: 2 HBl H =EWRAM/=IWRAM
DMA test: 3 HBl H =EWRAM/=IWRAM
DMA test: 0 HBl H =EWRAM/=EWRAM
DMA test: 1 HBl H =EWRAM/=EWRAM
DMA test: 2 HBl H =EWRAM/=EWRAM
DMA test: 3 HBl H =EWRAM/=EWRAM
DMA test: 0 HBl H =EWRAM/=ROM
DMA test: 1 HBl H =EWRAM/=ROM
DMA test: 2 HBl H =EWRAM/=ROM
DMA test: 3 HBl H =EWRAM/=ROM
DMA test: 0 HBl H =ROM/=IWRAM
DMA test: 1 HBl H =ROM/=IWRAM
3: Got CB0EBEEF vs CB0EDEAD: FAIL
DMA test: 2 HBl H =ROM/=IWRAM
3: Got CB0EBEEF vs CB0EDEAD: FAIL
DMA test: 3 HBl H =ROM/=IWRAM
3: Got CB0EBEEF vs CB0EDEAD: FAIL
DMA test: 0 HBl H =ROM/=EWRAM
DMA test: 1 HBl H =ROM/=EWRAM
3: Got FEFDBEEF vs FEFDDEAD: FAIL
DMA test: 2 HBl H =ROM/=EWRAM
3: Got FEFDBEEF vs FEFDDEAD: FAIL
DMA test: 3 HBl H =ROM/=EWRAM
3: Got FEFDBEEF vs FEFDDEAD: FAIL
DMA test: 0 HBl H =ROM/=ROM
DMA test: 1 HBl H =ROM/=ROM
DMA test: 2 HBl H =ROM/=ROM
DMA test: 3 HBl H =ROM/=ROM
DMA test: 0 HBl H =BIOS/=IWRAM
DMA test: 1 HBl H =BIOS/=IWRAM
DMA test: 2 HBl H =BIOS/=IWRAM
DMA test: 3 HBl H =BIOS/=IWRAM
DMA test: 0 HBl H =BIOS/=EWRAM
DMA test: 1 HBl H =BIOS/=EWRAM
DMA test: 2 HBl H =BIOS/=EWRAM
DMA test: 3 HBl H =BIOS/=EWRAM
DMA test: 0 HBl H =BIOS/=ROM
DMA test: 1 HBl H =BIOS/=ROM
DMA test: 2 HBl H =BIOS/=ROM
DMA test: 3 HBl H =BIOS/=ROM
DMA test: 0 HBl H =SRAM/=IWRAM
DMA test: 1 HBl H =SRAM/=IWRAM
DMA test: 2 HBl H =SRAM/=IWRAM
DMA test: 3 HBl H =SRAM/=IWRAM
DMA test: 0 HBl H =SRAM/=EWRAM
DMA test: 1 HBl H =SRAM/=EWRAM
DMA test: 2 HBl H =SRAM/=EWRAM
DMA test: 3 HBl H =SRAM/=EWRAM
DMA test: 0 HBl H =SRAM/=ROM
DMA test: 1 HBl H =SRAM/=ROM
DMA test: 2 HBl H =SRAM/=ROM
DMA test: 0 HBl W =IWRAM/=IWRAM
DMA test: 1 HBl W =IWRAM/=IWRAM
DMA test: 2 HBl W =IWRAM/=IWRAM
DMA test: 3 HBl W =IWRAM/=IWRAM
DMA test: 0 HBl W =IWRAM/=EWRAM
DMA test: 1 HBl W =IWRAM/=EWRAM
DMA test: 2 HBl W =IWRAM/=EWRAM
DMA test: 3 HBl W =IWRAM/=EWRAM
DMA test: 0 HBl W =IWRAM/=ROM
DMA test: 1 HBl W =IWRAM/=ROM
DMA test: 2 HBl W =IWRAM/=ROM
DMA test: 3 HBl W =IWRAM/=ROM
DMA test: 0 HBl W =EWRAM/=IWRAM
DMA test: 1 HBl W =EWRAM/=IWRAM
DMA test: 2 HBl W =EWRAM/=IWRAM
DMA test: 3 HBl W =EWRAM/=IWRAM
DMA test: 0 HBl W =EWRAM/=EWRAM
DMA test: 1 HBl W =EWRAM/=EWRAM
DMA test: 2 HBl W =EWRAM/=EWRAM
DMA test: 3 HBl W =EWRAM/=EWRAM
DMA test: 0 HBl W =EWRAM/=ROM
DMA test: 1 HBl W =EWRAM/=ROM
DMA test: 2 HBl W =EWRAM/=ROM
DMA test: 3 HBl W =EWRAM/=ROM
DMA test: 0 HBl W =ROM/=IWRAM
DMA test: 1 HBl W =ROM/=IWRAM
3: Got DEADBEEF vs DEADBEF2: FAIL
DMA test: 2 HBl W =ROM/=IWRAM
3: Got DEADBEEF vs DEADBEF2: FAIL
DMA test: 3 HBl W =ROM/=IWRAM
3: Got DEADBEEF vs DEADBEF2: FAIL
DMA test: 0 HBl W =ROM/=EWRAM
DMA test: 1 HBl W =ROM/=EWRAM
3: Got DEADBEEF vs DEADBEF2: FAIL
DMA test: 2 HBl W =ROM/=EWRAM
3: Got DEADBEEF vs DEADBEF2: FAIL
DMA test: 3 HBl W =ROM/=EWRAM
3: Got DEADBEEF vs DEADBEF2: FAIL
DMA test: 0 HBl W =ROM/=ROM
DMA test: 1 HBl W =ROM/=ROM
DMA test: 2 HBl W =ROM/=ROM
DMA test: 3 HBl W =ROM/=ROM
DMA test: 0 HBl W =BIOS/=IWRAM
DMA test: 1 HBl W =BIOS/=IWRAM
DMA test: 2 HBl W =BIOS/=IWRAM
DMA test: 3 HBl W =BIOS/=IWRAM
DMA test: 0 HBl W =BIOS/=EWRAM
DMA test: 1 HBl W =BIOS/=EWRAM
DMA test: 2 HBl W =BIOS/=EWRAM
DMA test: 3 HBl W =BIOS/=EWRAM
DMA test: 0 HBl W =BIOS/=ROM
DMA test: 1 HBl W =BIOS/=ROM
DMA test: 2 HBl W =BIOS/=ROM
DMA test: 3 HBl W =BIOS/=ROM
DMA test: 0 HBl W =SRAM/=IWRAM
DMA test: 1 HBl W =SRAM/=IWRAM
DMA test: 2 HBl W =SRAM/=IWRAM
DMA test: 3 HBl W =SRAM/=IWRAM
DMA test: 0 HBl W =SRAM/=EWRAM
DMA test: 1 HBl W =SRAM/=EWRAM
DMA test: 2 HBl W =SRAM/=EWRAM
DMA test: 3 HBl W =SRAM/=EWRAM
DMA test: 0 HBl W =SRAM/=ROM
DMA test: 1 HBl W =SRAM/=ROM
DMA test: 2 HBl W =SRAM/=ROM
DMA test: 0 HBl H +IWRAM/=IWRAM
DMA test: 1 HBl H +IWRAM/=IWRAM
DMA test: 2 HBl H +IWRAM/=IWRAM
DMA test: 3 HBl H +IWRAM/=IWRAM
DMA test: 0 HBl H +IWRAM/=EWRAM
DMA test: 1 HBl H +IWRAM/=EWRAM
DMA test: 2 HBl H +IWRAM/=EWRAM
DMA test: 3 HBl H +IWRAM/=EWRAM
DMA test: 0 HBl H +IWRAM/=ROM
DMA test: 1 HBl H +IWRAM/=ROM
DMA test: 2 HBl H +IWRAM/=ROM
DMA test: 3 HBl H +IWRAM/=ROM
DMA test: 0 HBl H +EWRAM/=IWRAM
DMA test: 1 HBl H +EWRAM/=IWRAM
DMA test: 2 HBl H +EWRAM/=IWRAM
DMA test: 3 HBl H +EWRAM/=IWRAM
DMA test: 0 HBl H +EWRAM/=EWRAM
DMA test: 1 HBl H +EWRAM/=EWRAM
DMA test: 2 HBl H +EWRAM/=EWRAM
DMA test: 3 HBl H +EWRAM/=EWRAM
DMA test: 0 HBl H +EWRAM/=ROM
DMA test: 1 HBl H +EWRAM/=ROM
DMA test: 2 HBl H +EWRAM/=ROM
DMA test: 3 HBl H +EWRAM/=ROM
DMA test: 0 HBl H +ROM/=IWRAM
DMA test: 1 HBl H +ROM/=IWRAM
DMA test: 2 HBl H +ROM/=IWRAM
DMA test: 3 HBl H +ROM/=IWRAM
DMA test: 0 HBl H +ROM/=EWRAM
DMA test: 1 HBl H +ROM/=EWRAM
DMA test: 2 HBl H +ROM/=EWRAM
DMA test: 3 HBl H +ROM/=EWRAM
DMA test: 0 HBl H +ROM/=ROM
DMA test: 1 HBl H +ROM/=ROM
DMA test: 2 HBl H +ROM/=ROM
DMA test: 3 HBl H +ROM/=ROM
DMA test: 0 HBl H +BIOS/=IWRAM
DMA test: 1 HBl H +BIOS/=IWRAM
DMA test: 2 HBl H +BIOS/=IWRAM
DMA test: 3 HBl H +BIOS/=IWRAM
DMA test: 0 HBl H +BIOS/=EWRAM
DMA test: 1 HBl H +BIOS/=EWRAM
DMA test: 2 HBl H +BIOS/=EWRAM
DMA test: 3 HBl H +BIOS/=EWRAM
DMA test: 0 HBl H +BIOS/=ROM
DMA test: 1 HBl H +BIOS/=ROM
DMA test: 2 HBl H +BIOS/=ROM
DMA test: 3 HBl H +BIOS/=ROM
DMA test: 0 HBl H +SRAM/=IWRAM
DMA test: 1 HBl H +SRAM/=IWRAM
DMA test: 2 HBl H +SRAM/=IWRAM
DMA test: 3 HBl H +SRAM/=IWRAM
DMA test: 0 HBl H +SRAM/=EWRAM
DMA test: 1 HBl H +SRAM/=EWRAM
DMA test: 2 HBl H +SRAM/=EWRAM
DMA test: 3 HBl H +SRAM/=EWRAM
DMA test: 0 HBl H +SRAM/=ROM
DMA test: 1 HBl H +SRAM/=ROM
DMA test: 2 HBl H +SRAM/=ROM
DMA test: 0 HBl W +IWRAM/=IWRAM
DMA test: 1 HBl W +IWRAM/=IWRAM
DMA test: 2 HBl W +IWRAM/=IWRAM
DMA test: 3 HBl W +IWRAM/=IWRAM
DMA test: 0 HBl W +IWRAM/=EWRAM
DMA test: 1 HBl W +IWRAM/=EWRAM
DMA test: 2 HBl W +IWRAM/=EWRAM
DMA test: 3 HBl W +IWRAM/=EWRAM
DMA test: 0 HBl W +IWRAM/=ROM
DMA test: 1 HBl W +IWRAM/=ROM
DMA test: 2 HBl W +IWRAM/=ROM
DMA test: 3 HBl W +IWRAM/=ROM
DMA test: 0 HBl W +EWRAM/=IWRAM
DMA test: 1 HBl W +EWRAM/=IWRAM
DMA test: 2 HBl W +EWRAM/=IWRAM
DMA test: 3 HBl W +EWRAM/=IWRAM
DMA test: 0 HBl W +EWRAM/=EWRAM
DMA test: 1 HBl W +EWRAM/=EWRAM
DMA test: 2 HBl W +EWRAM/=EWRAM
DMA test: 3 HBl W +EWRAM/=EWRAM
DMA test: 0 HBl W +EWRAM/=ROM
DMA test: 1 HBl W +EWRAM/=ROM
DMA test: 2 HBl W +EWRAM/=ROM
DMA test: 3 HBl W +EWRAM/=ROM
DMA test: 0 HBl W +ROM/=IWRAM
DMA test: 1 HBl W +ROM/=IWRAM
DMA test: 2 HBl W +ROM/=IWRAM
DMA test: 3 HBl W +ROM/=IWRAM
DMA test: 0 HBl W +ROM/=EWRAM
DMA test: 1 HBl W +ROM/=EWRAM
DMA test: 2 HBl W +ROM/=EWRAM
DMA test: 3 HBl W +ROM/=EWRAM
DMA test: 0 HBl W +ROM/=ROM
DMA test: 1 HBl W +ROM/=ROM
DMA test: 2 HBl W +ROM/=ROM
DMA test: 3 HBl W +ROM/=ROM
DMA test: 0 HBl W +BIOS/=IWRAM
DMA test: 1 HBl W +BIOS/=IWRAM
DMA test: 2 HBl W +BIOS/=IWRAM
DMA test: 3 HBl W +BIOS/=IWRAM
DMA test: 0 HBl W +BIOS/=EWRAM
DMA test: 1 HBl W +BIOS/=EWRAM
DMA test: 2 HBl W +BIOS/=EWRAM
DMA test: 3 HBl W +BIOS/=EWRAM
DMA test: 0 HBl W +BIOS/=ROM
DMA test: 1 HBl W +BIOS/=ROM
DMA test: 2 HBl W +BIOS/=ROM
DMA test: 3 HBl W +BIOS/=ROM
DMA test: 0 HBl W +SRAM/=IWRAM
DMA test: 1 HBl W +SRAM/=IWRAM
DMA test: 2 HBl W +SRAM/=IWRAM
DMA test: 3 HBl W +SRAM/=IWRAM
DMA test: 0 HBl W +SRAM/=EWRAM
DMA test: 1 HBl W +SRAM/=EWRAM
DMA test: 2 HBl W +SRAM/=EWRAM
DMA test: 3 HBl W +SRAM/=EWRAM
DMA test: 0 HBl W +SRAM/=ROM
DMA test: 1 HBl W +SRAM/=ROM
DMA test: 2 HBl W +SRAM/=ROM
DMA test: 0 HBl H -IWRAM/=IWRAM
DMA test: 1 HBl H -IWRAM/=IWRAM
DMA test: 2 HBl H -IWRAM/=IWRAM
DMA test: 3 HBl H -IWRAM/=IWRAM
DMA test: 0 HBl H -IWRAM/=EWRAM
DMA test: 1 HBl H -IWRAM/=EWRAM
DMA test: 2 HBl H -IWRAM/=EWRAM
DMA test: 3 HBl H -IWRAM/=EWRAM
DMA test: 0 HBl H -IWRAM/=ROM
DMA test: 1 HBl H -IWRAM/=ROM
DMA test: 2 HBl H -IWRAM/=ROM
DMA test: 3 HBl H -IWRAM/=ROM
DMA test: 0 HBl H -EWRAM/=IWRAM
DMA test: 1 HBl H -EWRAM/=IWRAM
DMA test: 2 HBl H -EWRAM/=IWRAM
DMA test: 3 HBl H -EWRAM/=IWRAM
DMA test: 0 HBl H -EWRAM/=EWRAM
DMA test: 1 HBl H -EWRAM/=EWRAM
DMA test: 2 HBl H -EWRAM/=EWRAM
DMA test: 3 HBl H -EWRAM/=EWRAM
DMA test: 0 HBl H -EWRAM/=ROM
DMA test: 1 HBl H -EWRAM/=ROM
DMA test: 2 HBl H -EWRAM/=ROM
DMA test: 3 HBl H -EWRAM/=ROM
DMA test: 0 HBl H -ROM/=IWRAM
DMA test: 1 HBl H -ROM/=IWRAM
DMA test: 2 HBl H -ROM/=IWRAM
DMA test: 3 HBl H -ROM/=IWRAM
DMA test: 0 HBl H -ROM/=EWRAM
DMA test: 1 HBl H -ROM/=EWRAM
DMA test: 2 HBl H -ROM/=EWRAM
DMA test: 3 HBl H -ROM/=EWRAM
DMA test: 0 HBl H -ROM/=ROM
DMA test: 1 HBl H -ROM/=ROM
DMA test: 2 HBl H -ROM/=ROM
DMA test: 3 HBl H -ROM/=ROM
DMA test: 0 HBl H -BIOS/=IWRAM
DMA test: 1 HBl H -BIOS/=IWRAM
DMA test: 2 HBl H -BIOS/=IWRAM
DMA test: 3 HBl H -BIOS/=IWRAM
DMA test: 0 HBl H -BIOS/=EWRAM
DMA test: 1 HBl H -BIOS/=EWRAM
DMA test: 2 HBl H -BIOS/=EWRAM
DMA test: 3 HBl H -BIOS/=EWRAM
DMA test: 0 HBl H -BIOS/=ROM
DMA test: 1 HBl H -BIOS/=ROM
DMA test: 2 HBl H -BIOS/=ROM
DMA test: 3 HBl H -BIOS/=ROM
DMA test: 0 HBl H -SRAM/=IWRAM
DMA test: 1 HBl H -SRAM/=IWRAM
DMA test: 2 HBl H -SRAM/=IWRAM
DMA test: 3 HBl H -SRAM/=IWRAM
DMA test: 0 HBl H -SRAM/=EWRAM
DMA test: 1 HBl H -SRAM/=EWRAM
DMA test: 2 HBl H -SRAM/=EWRAM
DMA test: 3 HBl H -SRAM/=EWRAM
DMA test: 0 HBl H -SRAM/=ROM
DMA test: 1 HBl H -SRAM/=ROM
DMA test: 2 HBl H -SRAM/=ROM
DMA test: 0 HBl W -IWRAM/=IWRAM
DMA test: 1 HBl W -IWRAM/=IWRAM
DMA test: 2 HBl W -IWRAM/=IWRAM
DMA test: 3 HBl W -IWRAM/=IWRAM
DMA test: 0 HBl W -IWRAM/=EWRAM
DMA test: 1 HBl W -IWRAM/=EWRAM
DMA test: 2 HBl W -IWRAM/=EWRAM
DMA test: 3 HBl W -IWRAM/=EWRAM
DMA test: 0 HBl W -IWRAM/=ROM
DMA test: 1 HBl W -IWRAM/=ROM
DMA test: 2 HBl W -IWRAM/=ROM
DMA test: 3 HBl W -IWRAM/=ROM
DMA test: 0 HBl W -EWRAM/=IWRAM
DMA test: 1 HBl W -EWRAM/=IWRAM
DMA test: 2 HBl W -EWRAM/=IWRAM
DMA test: 3 HBl W -EWRAM/=IWRAM
DMA test: 0 HBl W -EWRAM/=EWRAM
DMA test: 1 HBl W -EWRAM/=EWRAM
DMA test: 2 HBl W -EWRAM/=EWRAM
DMA test: 3 HBl W -EWRAM/=EWRAM
DMA test: 0 HBl W -EWRAM/=ROM
DMA test: 1 HBl W -EWRAM/=ROM
DMA test: 2 HBl W -EWRAM/=ROM
DMA test: 3 HBl W -EWRAM/=ROM
DMA test: 0 HBl W -ROM/=IWRAM
DMA test: 1 HBl W -ROM/=IWRAM
3: Got DEADBEEC vs DEADBEF2: FAIL
DMA test: 2 HBl W -ROM/=IWRAM
3: Got DEADBEEC vs DEADBEF2: FAIL
DMA test: 3 HBl W -ROM/=IWRAM
3: Got DEADBEEC vs DEADBEF2: FAIL
DMA test: 0 HBl W -ROM/=EWRAM
DMA test: 1 HBl W -ROM/=EWRAM
3: Got DEADBEEC vs DEADBEF2: FAIL
DMA test: 2 HBl W -ROM/=EWRAM
3: Got DEADBEEC vs DEADBEF2: FAIL
DMA test: 3 HBl W -ROM/=EWRAM
3: Got DEADBEEC vs DEADBEF2: FAIL
DMA test: 0 HBl W -ROM/=ROM
DMA test: 1 HBl W -ROM/=ROM
DMA test: 2 HBl W -ROM/=ROM
DMA test: 3 HBl W -ROM/=ROM
DMA test: 0 HBl W -BIOS/=IWRAM
DMA test: 1 HBl W -BIOS/=IWRAM
DMA test: 2 HBl W -BIOS/=IWRAM
DMA test: 3 HBl W -BIOS/=IWRAM
DMA test: 0 HBl W -BIOS/=EWRAM
DMA test: 1 HBl W -BIOS/=EWRAM
DMA test: 2 HBl W -BIOS/=EWRAM
DMA test: 3 HBl W -BIOS/=EWRAM
DMA test: 0 HBl W -BIOS/=ROM
DMA test: 1 HBl W -BIOS/=ROM
DMA test: 2 HBl W -BIOS/=ROM
DMA test: 3 HBl W -BIOS/=ROM
DMA test: 0 HBl W -SRAM/=IWRAM
DMA test: 1 HBl W -SRAM/=IWRAM
DMA test: 2 HBl W -SRAM/=IWRAM
DMA test: 3 HBl W -SRAM/=IWRAM
DMA test: 0 HBl W -SRAM/=EWRAM
DMA test: 1 HBl W -SRAM/=EWRAM
DMA test: 2 HBl W -SRAM/=EWRAM
DMA test: 3 HBl W -SRAM/=EWRAM
DMA test: 0 HBl W -SRAM/=ROM
DMA test: 1 HBl W -SRAM/=ROM
DMA test: 2 HBl W -SRAM/=ROM
DMA test: 0 Imm W R+0x10/+IWRAM
DMA test: 1 Imm W R+0x10/+IWRAM
DMA test: 2 Imm W R+0x10/+IWRAM
DMA test: 3 Imm W R+0x10/+IWRAM
DMA test: 0 Imm W R+0x10/+EWRAM
DMA test: 1 Imm W R+0x10/+EWRAM
DMA test: 2 Imm W R+0x10/+EWRAM
DMA test: 3 Imm W R+0x10/+EWRAM
DMA test: 0 Imm H V+BIOS/+VRAM
DMA test: 1 Imm H V+BIOS/+VRAM
DMA test: 2 Imm H V+BIOS/+VRAM
DMA test: 3 Imm H V+BIOS/+VRAM
[DBG] Game Boy Advance Test Suite
===
[DBG] BEGIN: SIO register R/W tests
[DBG] PASS: M: SIOMULTI0
[DBG] PASS: M: SIOMULTI1
[DBG] PASS: M: SIOMULTI2
[DBG] PASS: M: SIOMULTI3
[DBG] FAIL: M: SIOCNT
[DBG] M: SIOCNT: Got 0xEFFF vs 0x6F8F: FAIL
[DBG] FAIL: M: SIOMLT_SEND
[DBG] M: SIOMLT_SEND: Got 0x0000 vs 0xFFFF: FAIL
[DBG] FAIL: M: RCNT
[DBG] M: RCNT: Got 0x3FFF vs 0x01FF: FAIL
[DBG] PASS: M: INVALID (136)
[DBG] FAIL: M: JOYCNT
[DBG] M: JOYCNT: Got 0x0000 vs 0x0040: FAIL
[DBG] PASS: M: INVALID (142)
[DBG] PASS: M: JOY_RECV_L
[DBG] FAIL: M: JOY_RECV_H
[DBG] M: JOY_RECV_H: Got 0xDEAD vs 0x0000: FAIL
[DBG] PASS: M: JOY_TRANS_L
[DBG] FAIL: M: JOY_TRANS_H
[DBG] M: JOY_TRANS_H: Got 0xDEAD vs 0x0000: FAIL
[DBG] PASS: M: JOYSTAT
[DBG] PASS: N8: SIODATA32_L
[DBG] PASS: N8: SIODATA32_H
[DBG] PASS: N8: SIOMULTI2
[DBG] PASS: N8: SIOMULTI3
[DBG] FAIL: N8: SIOCNT
[DBG] N8: SIOCNT: Got 0xCFFF vs 0x4F8F: FAIL
[DBG] FAIL: N8: SIODATA8
[DBG] N8: SIODATA8: Got 0x0000 vs 0xFFFF: FAIL
[DBG] FAIL: N8: RCNT
[DBG] N8: RCNT: Got 0x3FFF vs 0x01F5: FAIL
[DBG] PASS: N8: INVALID (136)
[DBG] FAIL: N8: JOYCNT
[DBG] N8: JOYCNT: Got 0x0000 vs 0x0040: FAIL
[DBG] PASS: N8: INVALID (142)
[DBG] PASS: N8: JOY_RECV_L
[DBG] FAIL: N8: JOY_RECV_H
[DBG] N8: JOY_RECV_H: Got 0xDEAD vs 0x0000: FAIL
[DBG] PASS: N8: JOY_TRANS_L
[DBG] FAIL: N8: JOY_TRANS_H
[DBG] N8: JOY_TRANS_H: Got 0xDEAD vs 0x0000: FAIL
[DBG] PASS: N8: JOYSTAT
[DBG] FAIL: N32: SIODATA32_L
[DBG] N32: SIODATA32_L: Got 0x0000 vs 0xFFFF: FAIL
[DBG] FAIL: N32: SIODATA32_H
[DBG] N32: SIODATA32_H: Got 0x0000 vs 0xFFFF: FAIL
[DBG] PASS: N32: SIOMULTI2
[DBG] PASS: N32: SIOMULTI3
[DBG] FAIL: N32: SIOCNT
[DBG] N32: SIOCNT: Got 0xDFFF vs 0x5F8F: FAIL
[DBG] FAIL: N32: SIODATA8
[DBG] N32: SIODATA8: Got 0x0000 vs 0xFFFF: FAIL
[DBG] FAIL: N32: RCNT
[DBG] N32: RCNT: Got 0x3FFF vs 0x01F5: FAIL
[DBG] PASS: N32: INVALID (136)
[DBG] FAIL: N32: JOYCNT
[DBG] N32: JOYCNT: Got 0x0000 vs 0x0040: FAIL
[DBG] PASS: N32: INVALID (142)
[DBG] PASS: N32: JOY_RECV_L
[DBG] FAIL: N32: JOY_RECV_H
[DBG] N32: JOY_RECV_H: Got 0xDEAD vs 0x0000: FAIL
[DBG] PASS: N32: JOY_TRANS_L
[DBG] FAIL: N32: JOY_TRANS_H
[DBG] N32: JOY_TRANS_H: Got 0xDEAD vs 0x0000: FAIL
[DBG] PASS: N32: JOYSTAT
[DBG] PASS: U: SIODATA32_L
[DBG] PASS: U: SIODATA32_H
[DBG] PASS: U: SIOMULTI2
[DBG] PASS: U: SIOMULTI3
[DBG] FAIL: U: SIOCNT
[DBG] U: SIOCNT: Got 0xFFFF vs 0x7FAF: FAIL
[DBG] PASS: U: SIODATA8
[DBG] FAIL: U: RCNT
[DBG] U: RCNT: Got 0x3FFF vs 0x01FF: FAIL
[DBG] PASS: U: INVALID (136)
[DBG] FAIL: U: JOYCNT
[DBG] U: JOYCNT: Got 0x0000 vs 0x0040: FAIL
[DBG] PASS: U: INVALID (142)
[DBG] PASS: U: JOY_RECV_L
[DBG] FAIL: U: JOY_RECV_H
[DBG] U: JOY_RECV_H: Got 0xDEAD vs 0x0000: FAIL
[DBG] PASS: U: JOY_TRANS_L
[DBG] FAIL: U: JOY_TRANS_H
[DBG] U: JOY_TRANS_H: Got 0xDEAD vs 0x0000: FAIL
[DBG] PASS: U: JOYSTAT
[DBG] PASS: G: SIODATA32_L
[DBG] PASS: G: SIODATA32_H
[DBG] PASS: G: SIOMULTI2
[DBG] PASS: G: SIOMULTI3
[DBG] FAIL: G: SIOCNT
[DBG] G: SIOCNT: Got 0xCFFF vs 0x4F8F: FAIL
[DBG] FAIL: G: SIODATA8
[DBG] G: SIODATA8: Got 0x0000 vs 0xFFFF: FAIL
[DBG] FAIL: G: RCNT
[DBG] G: RCNT: Got 0xBFFF vs 0x81FF: FAIL
[DBG] PASS: G: INVALID (136)
[DBG] FAIL: G: JOYCNT
[DBG] G: JOYCNT: Got 0x0000 vs 0x0040: FAIL
[DBG] PASS: G: INVALID (142)
[DBG] PASS: G: JOY_RECV_L
[DBG] FAIL: G: JOY_RECV_H
[DBG] G: JOY_RECV_H: Got 0xDEAD vs 0x0000: FAIL
[DBG] PASS: G: JOY_TRANS_L
[DBG] FAIL: G: JOY_TRANS_H
[DBG] G: JOY_TRANS_H: Got 0xDEAD vs 0x0000: FAIL
[DBG] PASS: G: JOYSTAT
[DBG] PASS: J: SIODATA32_L
[DBG] PASS: J: SIODATA32_H
[DBG] PASS: J: SIOMULTI2
[DBG] PASS: J: SIOMULTI3
[DBG] FAIL: J: SIOCNT
[DBG] J: SIOCNT: Got 0xCFFF vs 0x4F8F: FAIL
[DBG] FAIL: J: SIODATA8
[DBG] J: SIODATA8: Got 0x0000 vs 0xFFFF: FAIL
[DBG] FAIL: J: RCNT
[DBG] J: RCNT: Got 0xFFFF vs 0xC1FC: FAIL
[DBG] PASS: J: INVALID (136)
[DBG] FAIL: J: JOYCNT
[DBG] J: JOYCNT: Got 0x0000 vs 0x0040: FAIL
[DBG] PASS: J: INVALID (142)
[DBG] PASS: J: JOY_RECV_L
[DBG] FAIL: J: JOY_RECV_H
[DBG] J: JOY_RECV_H: Got 0xDEAD vs 0x0000: FAIL
[DBG] PASS: J: JOY_TRANS_L
[DBG] FAIL: J: JOY_TRANS_H
[DBG] J: JOY_TRANS_H: Got 0xDEAD vs 0x0000: FAIL
[DBG] PASS: J: JOYSTAT

--- Suite 11: SIO register R/W ---
Frames: 4  PC=0x0802BBB8  CPSR=0x8000001F  halted=0  cycle=191487299
[debug]
Game Boy Advance Test Suite
===
BEGIN: SIO register R/W tests
PASS: M: SIOMULTI0
PASS: M: SIOMULTI1
PASS: M: SIOMULTI2
PASS: M: SIOMULTI3
FAIL: M: SIOCNT
M: SIOCNT: Got 0xEFFF vs 0x6F8F: FAIL
FAIL: M: SIOMLT_SEND
M: SIOMLT_SEND: Got 0x0000 vs 0xFFFF: FAIL
FAIL: M: RCNT
M: RCNT: Got 0x3FFF vs 0x01FF: FAIL
PASS: M: INVALID (136)
FAIL: M: JOYCNT
M: JOYCNT: Got 0x0000 vs 0x0040: FAIL
PASS: M: INVALID (142)
PASS: M: JOY_RECV_L
FAIL: M: JOY_RECV_H
M: JOY_RECV_H: Got 0xDEAD vs 0x0000: FAIL
PASS: M: JOY_TRANS_L
FAIL: M: JOY_TRANS_H
M: JOY_TRANS_H: Got 0xDEAD vs 0x0000: FAIL
PASS: M: JOYSTAT
PASS: N8: SIODATA32_L
PASS: N8: SIODATA32_H
PASS: N8: SIOMULTI2
PASS: N8: SIOMULTI3
FAIL: N8: SIOCNT
N8: SIOCNT: Got 0xCFFF vs 0x4F8F: FAIL
FAIL: N8: SIODATA8
N8: SIODATA8: Got 0x0000 vs 0xFFFF: FAIL
FAIL: N8: RCNT
N8: RCNT: Got 0x3FFF vs 0x01F5: FAIL
PASS: N8: INVALID (136)
FAIL: N8: JOYCNT
N8: JOYCNT: Got 0x0000 vs 0x0040: FAIL
PASS: N8: INVALID (142)
PASS: N8: JOY_RECV_L
FAIL: N8: JOY_RECV_H
N8: JOY_RECV_H: Got 0xDEAD vs 0x0000: FAIL
PASS: N8: JOY_TRANS_L
FAIL: N8: JOY_TRANS_H
N8: JOY_TRANS_H: Got 0xDEAD vs 0x0000: FAIL
PASS: N8: JOYSTAT
FAIL: N32: SIODATA32_L
N32: SIODATA32_L: Got 0x0000 vs 0xFFFF: FAIL
FAIL: N32: SIODATA32_H
N32: SIODATA32_H: Got 0x0000 vs 0xFFFF: FAIL
PASS: N32: SIOMULTI2
PASS: N32: SIOMULTI3
FAIL: N32: SIOCNT
N32: SIOCNT: Got 0xDFFF vs 0x5F8F: FAIL
FAIL: N32: SIODATA8
N32: SIODATA8: Got 0x0000 vs 0xFFFF: FAIL
FAIL: N32: RCNT
N32: RCNT: Got 0x3FFF vs 0x01F5: FAIL
PASS: N32: INVALID (136)
FAIL: N32: JOYCNT
N32: JOYCNT: Got 0x0000 vs 0x0040: FAIL
PASS: N32: INVALID (142)
PASS: N32: JOY_RECV_L
FAIL: N32: JOY_RECV_H
N32: JOY_RECV_H: Got 0xDEAD vs 0x0000: FAIL
PASS: N32: JOY_TRANS_L
FAIL: N32: JOY_TRANS_H
N32: JOY_TRANS_H: Got 0xDEAD vs 0x0000: FAIL
PASS: N32: JOYSTAT
PASS: U: SIODATA32_L
PASS: U: SIODATA32_H
PASS: U: SIOMULTI2
PASS: U: SIOMULTI3
FAIL: U: SIOCNT
U: SIOCNT: Got 0xFFFF vs 0x7FAF: FAIL
PASS: U: SIODATA8
FAIL: U: RCNT
U: RCNT: Got 0x3FFF vs 0x01FF: FAIL
PASS: U: INVALID (136)
FAIL: U: JOYCNT
U: JOYCNT: Got 0x0000 vs 0x0040: FAIL
PASS: U: INVALID (142)
PASS: U: JOY_RECV_L
FAIL: U: JOY_RECV_H
U: JOY_RECV_H: Got 0xDEAD vs 0x0000: FAIL
PASS: U: JOY_TRANS_L
FAIL: U: JOY_TRANS_H
U: JOY_TRANS_H: Got 0xDEAD vs 0x0000: FAIL
PASS: U: JOYSTAT
PASS: G: SIODATA32_L
PASS: G: SIODATA32_H
PASS: G: SIOMULTI2
PASS: G: SIOMULTI3
FAIL: G: SIOCNT
G: SIOCNT: Got 0xCFFF vs 0x4F8F: FAIL
FAIL: G: SIODATA8
G: SIODATA8: Got 0x0000 vs 0xFFFF: FAIL
FAIL: G: RCNT
G: RCNT: Got 0xBFFF vs 0x81FF: FAIL
PASS: G: INVALID (136)
FAIL: G: JOYCNT
G: JOYCNT: Got 0x0000 vs 0x0040: FAIL
PASS: G: INVALID (142)
PASS: G: JOY_RECV_L
FAIL: G: JOY_RECV_H
G: JOY_RECV_H: Got 0xDEAD vs 0x0000: FAIL
PASS: G: JOY_TRANS_L
FAIL: G: JOY_TRANS_H
G: JOY_TRANS_H: Got 0xDEAD vs 0x0000: FAIL
PASS: G: JOYSTAT
PASS: J: SIODATA32_L
PASS: J: SIODATA32_H
PASS: J: SIOMULTI2
PASS: J: SIOMULTI3
FAIL: J: SIOCNT
J: SIOCNT: Got 0xCFFF vs 0x4F8F: FAIL
FAIL: J: SIODATA8
J: SIODATA8: Got 0x0000 vs 0xFFFF: FAIL
FAIL: J: RCNT
J: RCNT: Got 0xFFFF vs 0xC1FC: FAIL
PASS: J: INVALID (136)
FAIL: J: JOYCNT
J: JOYCNT: Got 0x0000 vs 0x0040: FAIL
PASS: J: INVALID (142)
PASS: J: JOY_RECV_L
FAIL: J: JOY_RECV_H
J: JOY_RECV_H: Got 0xDEAD vs 0x0000: FAIL
PASS: J: JOY_TRANS_L
FAIL: J: JOY_TRANS_H
J: JOY_TRANS_H: Got 0xDEAD vs 0x0000: FAIL
PASS: J: JOYSTAT
[sram]
Game Boy Advance Test Suite
===
M: SIOCNT: Got 0xEFFF vs 0x6F8F: FAIL
M: SIOMLT_SEND: Got 0x0000 vs 0xFFFF: FAIL
M: RCNT: Got 0x3FFF vs 0x01FF: FAIL
M: JOYCNT: Got 0x0000 vs 0x0040: FAIL
M: JOY_RECV_H: Got 0xDEAD vs 0x0000: FAIL
M: JOY_TRANS_H: Got 0xDEAD vs 0x0000: FAIL
N8: SIOCNT: Got 0xCFFF vs 0x4F8F: FAIL
N8: SIODATA8: Got 0x0000 vs 0xFFFF: FAIL
N8: RCNT: Got 0x3FFF vs 0x01F5: FAIL
N8: JOYCNT: Got 0x0000 vs 0x0040: FAIL
N8: JOY_RECV_H: Got 0xDEAD vs 0x0000: FAIL
N8: JOY_TRANS_H: Got 0xDEAD vs 0x0000: FAIL
N32: SIODATA32_L: Got 0x0000 vs 0xFFFF: FAIL
N32: SIODATA32_H: Got 0x0000 vs 0xFFFF: FAIL
N32: SIOCNT: Got 0xDFFF vs 0x5F8F: FAIL
N32: SIODATA8: Got 0x0000 vs 0xFFFF: FAIL
N32: RCNT: Got 0x3FFF vs 0x01F5: FAIL
N32: JOYCNT: Got 0x0000 vs 0x0040: FAIL
N32: JOY_RECV_H: Got 0xDEAD vs 0x0000: FAIL
N32: JOY_TRANS_H: Got 0xDEAD vs 0x0000: FAIL
U: SIOCNT: Got 0xFFFF vs 0x7FAF: FAIL
U: RCNT: Got 0x3FFF vs 0x01FF: FAIL
U: JOYCNT: Got 0x0000 vs 0x0040: FAIL
U: JOY_RECV_H: Got 0xDEAD vs 0x0000: FAIL
U: JOY_TRANS_H: Got 0xDEAD vs 0x0000: FAIL
G: SIOCNT: Got 0xCFFF vs 0x4F8F: FAIL
G: SIODATA8: Got 0x0000 vs 0xFFFF: FAIL
G: RCNT: Got 0xBFFF vs 0x81FF: FAIL
G: JOYCNT: Got 0x0000 vs 0x0040: FAIL
G: JOY_RECV_H: Got 0xDEAD vs 0x0000: FAIL
G: JOY_TRANS_H: Got 0xDEAD vs 0x0000: FAIL
J: SIOCNT: Got 0xCFFF vs 0x4F8F: FAIL
J: SIODATA8: Got 0x0000 vs 0xFFFF: FAIL
J: RCNT: Got 0xFFFF vs 0xC1FC: FAIL
J: JOYCNT: Got 0x0000 vs 0x0040: FAIL
J: JOY_RECV_H: Got 0xDEAD vs 0x0000: FAIL
J: JOY_TRANS_H: Got 0xDEAD vs 0x0000: FAIL
[DBG] Game Boy Advance Test Suite
===
[DBG] BEGIN: SIO timing tests
[DBG] SIO timing test: Multi/9.6k
[DBG] SKIPPED: Multi/9.6k
[DBG] SIO timing test: Multi/38.4k
[DBG] SKIPPED: Multi/38.4k
[DBG] SIO timing test: Multi/57.6k
[DBG] SKIPPED: Multi/57.6k
[DBG] SIO timing test: Multi/115.2k
[DBG] SKIPPED: Multi/115.2k
[DBG] SIO timing test: Normal8/256k
[DBG] FAIL: Normal8/256k
[DBG] Normal8/256k: Timed out: FAIL
[DBG] SIO timing test: Normal8/2M
[DBG] FAIL: Normal8/2M
[DBG] Normal8/2M: Timed out: FAIL
[DBG] SIO timing test: Normal32/256k
[DBG] FAIL: Normal32/256k
[DBG] Normal32/256k: Timed out: FAIL
[DBG] SIO timing test: Normal32/2M
[DBG] FAIL: Normal32/2M
[DBG] Normal32/2M: Timed out: FAIL
[DBG] END: 0/4

--- Suite 12: SIO timing ---
Frames: 2  PC=0x00000348  CPSR=0x6000001F  halted=1  cycle=201037760
[debug]
Game Boy Advance Test Suite
===
BEGIN: SIO timing tests
SIO timing test: Multi/9.6k
SKIPPED: Multi/9.6k
SIO timing test: Multi/38.4k
SKIPPED: Multi/38.4k
SIO timing test: Multi/57.6k
SKIPPED: Multi/57.6k
SIO timing test: Multi/115.2k
SKIPPED: Multi/115.2k
SIO timing test: Normal8/256k
FAIL: Normal8/256k
Normal8/256k: Timed out: FAIL
SIO timing test: Normal8/2M
FAIL: Normal8/2M
Normal8/2M: Timed out: FAIL
SIO timing test: Normal32/256k
FAIL: Normal32/256k
Normal32/256k: Timed out: FAIL
SIO timing test: Normal32/2M
FAIL: Normal32/2M
Normal32/2M: Timed out: FAIL
END: 0/4
[sram]
Game Boy Advance Test Suite
===
SIO timing test: Multi/9.6k
SIO timing test: Multi/38.4k
SIO timing test: Multi/57.6k
SIO timing test: Multi/115.2k
SIO timing test: Normal8/256k
Normal8/256k: Timed out: FAIL
SIO timing test: Normal8/2M
Normal8/2M: Timed out: FAIL
SIO timing test: Normal32/256k
Normal32/256k: Timed out: FAIL
SIO timing test: Normal32/2M
Normal32/2M: Timed out: FAIL
[DBG] Game Boy Advance Test Suite
===
[DBG] BEGIN: Misc. edge case tests
[DBG] FAIL: DMA Prefetch Break
[DBG] Break: Got 0x10002A64 vs 0x10000004: FAIL
[DBG] FAIL: DMA Prefetch Read
[DBG] Read: Got 0xDEAD0000 vs 0xCB04CB04: FAIL
[DBG] FAIL: H-blank bit start Start
[DBG] Start: Got 0x0000001B vs 0x0000001A: FAIL
[DBG] FAIL: H-blank bit start Hblank
[DBG] Hblank: Got 0x000004D1 vs 0x000004D0: FAIL
[DBG] FAIL: H-blank bit start Flip 1
[DBG] Flip 1: Got 0x00000085 vs 0x000000BA: FAIL
[DBG] FAIL: H-blank bit start Flip 2
[DBG] Flip 2: Got 0x000003EC vs 0x000003C5: FAIL
[DBG] FAIL: H-blank bit start Flip 3
[DBG] Flip 3: Got 0x000000E4 vs 0x0000010E: FAIL
[DBG] FAIL: H-blank bit start Flip 4
[DBG] Flip 4: Got 0x000003EC vs 0x000003C4: FAIL
[DBG] FAIL: H-blank bit start Flip 5
[DBG] Flip 5: Got 0x000000E4 vs 0x0000010C: FAIL
[DBG] FAIL: H-blank bit start Flip 6
[DBG] Flip 6: Got 0x000003F5 vs 0x000003C2: FAIL
[DBG] END: 0/10

--- Suite 13: Misc. edge case ---
Frames: 2  PC=0x00000348  CPSR=0x6000001F  halted=1  cycle=211150016
[debug]
Game Boy Advance Test Suite
===
BEGIN: Misc. edge case tests
FAIL: DMA Prefetch Break
Break: Got 0x10002A64 vs 0x10000004: FAIL
FAIL: DMA Prefetch Read
Read: Got 0xDEAD0000 vs 0xCB04CB04: FAIL
FAIL: H-blank bit start Start
Start: Got 0x0000001B vs 0x0000001A: FAIL
FAIL: H-blank bit start Hblank
Hblank: Got 0x000004D1 vs 0x000004D0: FAIL
FAIL: H-blank bit start Flip 1
Flip 1: Got 0x00000085 vs 0x000000BA: FAIL
FAIL: H-blank bit start Flip 2
Flip 2: Got 0x000003EC vs 0x000003C5: FAIL
FAIL: H-blank bit start Flip 3
Flip 3: Got 0x000000E4 vs 0x0000010E: FAIL
FAIL: H-blank bit start Flip 4
Flip 4: Got 0x000003EC vs 0x000003C4: FAIL
FAIL: H-blank bit start Flip 5
Flip 5: Got 0x000000E4 vs 0x0000010C: FAIL
FAIL: H-blank bit start Flip 6
Flip 6: Got 0x000003F5 vs 0x000003C2: FAIL
END: 0/10
[sram]
Game Boy Advance Test Suite
===
Break: Got 0x10002A64 vs 0x10000004: FAIL
Read: Got 0xDEAD0000 vs 0xCB04CB04: FAIL
Start: Got 0x0000001B vs 0x0000001A: FAIL
Hblank: Got 0x000004D1 vs 0x000004D0: FAIL
Flip 1: Got 0x00000085 vs 0x000000BA: FAIL
Flip 2: Got 0x000003EC vs 0x000003C5: FAIL
Flip 3: Got 0x000000E4 vs 0x0000010E: FAIL
Flip 4: Got 0x000003EC vs 0x000003C4: FAIL
Flip 5: Got 0x000000E4 vs 0x0000010C: FAIL
Flip 6: Got 0x000003F5 vs 0x000003C2: FAIL
[DBG] Game Boy Advance Test Suite
===

--- Suite 14: Video ---
Frames: 91  PC=0x00000348  CPSR=0x6000001F  halted=1  cycle=246262016
[debug]
Game Boy Advance Test Suite
===
[sram]
Game Boy Advance Test Suite
===

=== Summary ===
Total: 0/14 passed
