BIOS: /Users/chaitanyamalhotra/development/gba embedded/tests/assets/roms/gba_bios.bin (16384 bytes)
ROM:  /Users/chaitanyamalhotra/development/gba embedded/tests/assets/roms/suite.gba (524288 bytes)
Booting...
mGBA log: Game Boy Advance Test Suite
===
mGBA log: BEGIN: Memory tests
mGBA log: Memory test: ROM load
mGBA log: PASS: ROM load U8
mGBA log: PASS: ROM load S8
mGBA log: PASS: ROM load U16
mGBA log: PASS: ROM load U16 (unaligned)
mGBA log: PASS: ROM load S16
mGBA log: PASS: ROM load S16 (unaligned)
mGBA log: PASS: ROM load 32
mGBA log: PASS: ROM load 32 (unaligned 1)
mGBA log: PASS: ROM load 32 (unaligned 2)
mGBA log: PASS: ROM load 32 (unaligned 3)
mGBA log: PASS: ROM load DMA0 16
mGBA log: PASS: ROM load DMA0 16 (unaligned)
mGBA log: PASS: ROM load DMA0 32
mGBA log: PASS: ROM load DMA0 32 (unaligned 1)
mGBA log: PASS: ROM load DMA0 32 (unaligned 2)
mGBA log: PASS: ROM load DMA0 32 (unaligned 3)
mGBA log: PASS: ROM load DMA1 16
mGBA log: PASS: ROM load DMA1 16 (unaligned)
mGBA log: PASS: ROM load DMA1 32
mGBA log: PASS: ROM load DMA1 32 (unaligned 1)
mGBA log: PASS: ROM load DMA1 32 (unaligned 2)
mGBA log: PASS: ROM load DMA1 32 (unaligned 3)
mGBA log: PASS: ROM load DMA2 16
mGBA log: PASS: ROM load DMA2 16 (unaligned)
mGBA log: PASS: ROM load DMA2 32
mGBA log: PASS: ROM load DMA2 32 (unaligned 1)
mGBA log: PASS: ROM load DMA2 32 (unaligned 2)
mGBA log: PASS: ROM load DMA2 32 (unaligned 3)
mGBA log: PASS: ROM load DMA3 16
mGBA log: PASS: ROM load DMA3 16 (unaligned)
mGBA log: PASS: ROM load DMA3 32
mGBA log: PASS: ROM load DMA3 32 (unaligned 1)
mGBA log: PASS: ROM load DMA3 32 (unaligned 2)
mGBA log: PASS: ROM load DMA3 32 (unaligned 3)
mGBA log: PASS: ROM load swi B 16
mGBA log: PASS: ROM load swi B 16 (unaligned)
mGBA log: PASS: ROM load swi B 32
mGBA log: PASS: ROM load swi B 32 (unaligned 1)
mGBA log: PASS: ROM load swi B 32 (unaligned 2)
mGBA log: PASS: ROM load swi B 32 (unaligned 3)
mGBA log: PASS: ROM load swi C 32
mGBA log: PASS: ROM load swi C 32 (unaligned 1)
mGBA log: PASS: ROM load swi C 32 (unaligned 2)
mGBA log: PASS: ROM load swi C 32 (unaligned 3)
mGBA log: Memory test: ROM store
mGBA log: PASS: ROM store U8
mGBA log: PASS: ROM store S8 (U16 load)
mGBA log: PASS: ROM store U16
mGBA log: PASS: ROM store U16 (unaligned)
mGBA log: PASS: ROM store 32
mGBA log: PASS: ROM store 32 (unaligned 1)
mGBA log: PASS: ROM store 32 (unaligned 2)
mGBA log: PASS: ROM store 32 (unaligned 3)
mGBA log: PASS: ROM store DMA0 16
mGBA log: PASS: ROM store DMA0 16 (unaligned)
mGBA log: PASS: ROM store DMA0 32
mGBA log: PASS: ROM store DMA0 32 (unaligned 1)
mGBA log: PASS: ROM store DMA0 32 (unaligned 2)
mGBA log: PASS: ROM store DMA0 32 (unaligned 3)
mGBA log: PASS: ROM store DMA1 16
mGBA log: PASS: ROM store DMA1 16 (unaligned)
mGBA log: PASS: ROM store DMA1 32
mGBA log: PASS: ROM store DMA1 32 (unaligned 1)
mGBA log: PASS: ROM store DMA1 32 (unaligned 2)
mGBA log: PASS: ROM store DMA1 32 (unaligned 3)
mGBA log: PASS: ROM store DMA2 16
mGBA log: PASS: ROM store DMA2 16 (unaligned)
mGBA log: PASS: ROM store DMA2 32
mGBA log: PASS: ROM store DMA2 32 (unaligned 1)
mGBA log: PASS: ROM store DMA2 32 (unaligned 2)
mGBA log: PASS: ROM store DMA2 32 (unaligned 3)
mGBA log: PASS: ROM store DMA3 16
mGBA log: PASS: ROM store DMA3 16 (unaligned)
mGBA log: PASS: ROM store DMA3 32
mGBA log: PASS: ROM store DMA3 32 (unaligned 1)
mGBA log: PASS: ROM store DMA3 32 (unaligned 2)
mGBA log: PASS: ROM store DMA3 32 (unaligned 3)
mGBA log: PASS: ROM store swi B 16
mGBA log: PASS: ROM store swi B 16 (unaligned)
mGBA log: PASS: ROM store swi B 32
mGBA log: PASS: ROM store swi B 32 (unaligned 1)
mGBA log: PASS: ROM store swi B 32 (unaligned 2)
mGBA log: PASS: ROM store swi B 32 (unaligned 3)
mGBA log: PASS: ROM store swi C 32
mGBA log: PASS: ROM store swi C 32 (unaligned 1)
mGBA log: PASS: ROM store swi C 32 (unaligned 2)
mGBA log: PASS: ROM store swi C 32 (unaligned 3)
mGBA log: Memory test: ROM out-of-bounds load
mGBA log: PASS: ROM out-of-bounds load U8
mGBA log: PASS: ROM out-of-bounds load S8
mGBA log: PASS: ROM out-of-bounds load U16
mGBA log: PASS: ROM out-of-bounds load U16 (unaligned)
mGBA log: PASS: ROM out-of-bounds load S16
mGBA log: PASS: ROM out-of-bounds load S16 (unaligned)
mGBA log: PASS: ROM out-of-bounds load 32
mGBA log: PASS: ROM out-of-bounds load 32 (unaligned 1)
mGBA log: PASS: ROM out-of-bounds load 32 (unaligned 2)
mGBA log: PASS: ROM out-of-bounds load 32 (unaligned 3)
mGBA log: PASS: ROM out-of-bounds load DMA0 16
mGBA log: PASS: ROM out-of-bounds load DMA0 16 (unaligned)
mGBA log: PASS: ROM out-of-bounds load DMA0 32
mGBA log: PASS: ROM out-of-bounds load DMA0 32 (unaligned 1)
mGBA log: PASS: ROM out-of-bounds load DMA0 32 (unaligned 2)
mGBA log: PASS: ROM out-of-bounds load DMA0 32 (unaligned 3)
mGBA log: PASS: ROM out-of-bounds load DMA1 16
mGBA log: PASS: ROM out-of-bounds load DMA1 16 (unaligned)
mGBA log: PASS: ROM out-of-bounds load DMA1 32
mGBA log: PASS: ROM out-of-bounds load DMA1 32 (unaligned 1)
mGBA log: PASS: ROM out-of-bounds load DMA1 32 (unaligned 2)
mGBA log: PASS: ROM out-of-bounds load DMA1 32 (unaligned 3)
mGBA log: PASS: ROM out-of-bounds load DMA2 16
mGBA log: PASS: ROM out-of-bounds load DMA2 16 (unaligned)
mGBA log: PASS: ROM out-of-bounds load DMA2 32
mGBA log: PASS: ROM out-of-bounds load DMA2 32 (unaligned 1)
mGBA log: PASS: ROM out-of-bounds load DMA2 32 (unaligned 2)
mGBA log: PASS: ROM out-of-bounds load DMA2 32 (unaligned 3)
mGBA log: PASS: ROM out-of-bounds load DMA3 16
mGBA log: PASS: ROM out-of-bounds load DMA3 16 (unaligned)
mGBA log: PASS: ROM out-of-bounds load DMA3 32
mGBA log: PASS: ROM out-of-bounds load DMA3 32 (unaligned 1)
mGBA log: PASS: ROM out-of-bounds load DMA3 32 (unaligned 2)
mGBA log: PASS: ROM out-of-bounds load DMA3 32 (unaligned 3)
mGBA log: PASS: ROM out-of-bounds load swi B 16
mGBA log: PASS: ROM out-of-bounds load swi B 16 (unaligned)
mGBA log: PASS: ROM out-of-bounds load swi B 32
mGBA log: PASS: ROM out-of-bounds load swi B 32 (unaligned 1)
mGBA log: PASS: ROM out-of-bounds load swi B 32 (unaligned 2)
mGBA log: PASS: ROM out-of-bounds load swi B 32 (unaligned 3)
mGBA log: PASS: ROM out-of-bounds load swi C 32
mGBA log: PASS: ROM out-of-bounds load swi C 32 (unaligned 1)
mGBA log: PASS: ROM out-of-bounds load swi C 32 (unaligned 2)
mGBA log: PASS: ROM out-of-bounds load swi C 32 (unaligned 3)
mGBA log: Memory test: IWRAM load
mGBA log: PASS: IWRAM load U8
mGBA log: PASS: IWRAM load S8
mGBA log: PASS: IWRAM load U16
mGBA log: PASS: IWRAM load U16 (unaligned)
mGBA log: PASS: IWRAM load S16
mGBA log: PASS: IWRAM load S16 (unaligned)
mGBA log: PASS: IWRAM load 32
mGBA log: PASS: IWRAM load 32 (unaligned 1)
mGBA log: PASS: IWRAM load 32 (unaligned 2)
mGBA log: PASS: IWRAM load 32 (unaligned 3)
mGBA log: PASS: IWRAM load DMA0 16
mGBA log: PASS: IWRAM load DMA0 16 (unaligned)
mGBA log: PASS: IWRAM load DMA0 32
mGBA log: PASS: IWRAM load DMA0 32 (unaligned 1)
mGBA log: PASS: IWRAM load DMA0 32 (unaligned 2)
mGBA log: PASS: IWRAM load DMA0 32 (unaligned 3)
mGBA log: PASS: IWRAM load DMA1 16
mGBA log: PASS: IWRAM load DMA1 16 (unaligned)
mGBA log: PASS: IWRAM load DMA1 32
mGBA log: PASS: IWRAM load DMA1 32 (unaligned 1)
mGBA log: PASS: IWRAM load DMA1 32 (unaligned 2)
mGBA log: PASS: IWRAM load DMA1 32 (unaligned 3)
mGBA log: PASS: IWRAM load DMA2 16
mGBA log: PASS: IWRAM load DMA2 16 (unaligned)
mGBA log: PASS: IWRAM load DMA2 32
mGBA log: PASS: IWRAM load DMA2 32 (unaligned 1)
mGBA log: PASS: IWRAM load DMA2 32 (unaligned 2)
mGBA log: PASS: IWRAM load DMA2 32 (unaligned 3)
mGBA log: PASS: IWRAM load DMA3 16
mGBA log: PASS: IWRAM load DMA3 16 (unaligned)
mGBA log: PASS: IWRAM load DMA3 32
mGBA log: PASS: IWRAM load DMA3 32 (unaligned 1)
mGBA log: PASS: IWRAM load DMA3 32 (unaligned 2)
mGBA log: PASS: IWRAM load DMA3 32 (unaligned 3)
mGBA log: PASS: IWRAM load swi B 16
mGBA log: PASS: IWRAM load swi B 16 (unaligned)
mGBA log: PASS: IWRAM load swi B 32
mGBA log: PASS: IWRAM load swi B 32 (unaligned 1)
mGBA log: PASS: IWRAM load swi B 32 (unaligned 2)
mGBA log: PASS: IWRAM load swi B 32 (unaligned 3)
mGBA log: PASS: IWRAM load swi C 32
mGBA log: PASS: IWRAM load swi C 32 (unaligned 1)
mGBA log: PASS: IWRAM load swi C 32 (unaligned 2)
mGBA log: PASS: IWRAM load swi C 32 (unaligned 3)
mGBA log: Memory test: IWRAM mirror load
mGBA log: PASS: IWRAM mirror load U8
mGBA log: PASS: IWRAM mirror load S8
mGBA log: PASS: IWRAM mirror load U16
mGBA log: PASS: IWRAM mirror load U16 (unaligned)
mGBA log: PASS: IWRAM mirror load S16
mGBA log: PASS: IWRAM mirror load S16 (unaligned)
mGBA log: PASS: IWRAM mirror load 32
mGBA log: PASS: IWRAM mirror load 32 (unaligned 1)
mGBA log: PASS: IWRAM mirror load 32 (unaligned 2)
mGBA log: PASS: IWRAM mirror load 32 (unaligned 3)
mGBA log: PASS: IWRAM mirror load DMA0 16
mGBA log: PASS: IWRAM mirror load DMA0 16 (unaligned)
mGBA log: PASS: IWRAM mirror load DMA0 32
mGBA log: PASS: IWRAM mirror load DMA0 32 (unaligned 1)
mGBA log: PASS: IWRAM mirror load DMA0 32 (unaligned 2)
mGBA log: PASS: IWRAM mirror load DMA0 32 (unaligned 3)
mGBA log: PASS: IWRAM mirror load DMA1 16
mGBA log: PASS: IWRAM mirror load DMA1 16 (unaligned)
mGBA log: PASS: IWRAM mirror load DMA1 32
mGBA log: PASS: IWRAM mirror load DMA1 32 (unaligned 1)
mGBA log: PASS: IWRAM mirror load DMA1 32 (unaligned 2)
mGBA log: PASS: IWRAM mirror load DMA1 32 (unaligned 3)
mGBA log: PASS: IWRAM mirror load DMA2 16
mGBA log: PASS: IWRAM mirror load DMA2 16 (unaligned)
mGBA log: PASS: IWRAM mirror load DMA2 32
mGBA log: PASS: IWRAM mirror load DMA2 32 (unaligned 1)
mGBA log: PASS: IWRAM mirror load DMA2 32 (unaligned 2)
mGBA log: PASS: IWRAM mirror load DMA2 32 (unaligned 3)
mGBA log: PASS: IWRAM mirror load DMA3 16
mGBA log: PASS: IWRAM mirror load DMA3 16 (unaligned)
mGBA log: PASS: IWRAM mirror load DMA3 32
mGBA log: PASS: IWRAM mirror load DMA3 32 (unaligned 1)
mGBA log: PASS: IWRAM mirror load DMA3 32 (unaligned 2)
mGBA log: PASS: IWRAM mirror load DMA3 32 (unaligned 3)
mGBA log: PASS: IWRAM mirror load swi B 16
mGBA log: PASS: IWRAM mirror load swi B 16 (unaligned)
mGBA log: PASS: IWRAM mirror load swi B 32
mGBA log: PASS: IWRAM mirror load swi B 32 (unaligned 1)
mGBA log: PASS: IWRAM mirror load swi B 32 (unaligned 2)
mGBA log: PASS: IWRAM mirror load swi B 32 (unaligned 3)
mGBA log: PASS: IWRAM mirror load swi C 32
mGBA log: PASS: IWRAM mirror load swi C 32 (unaligned 1)
mGBA log: PASS: IWRAM mirror load swi C 32 (unaligned 2)
mGBA log: PASS: IWRAM mirror load swi C 32 (unaligned 3)
mGBA log: Memory test: IWRAM store
mGBA log: PASS: IWRAM store U8
mGBA log: PASS: IWRAM store S8 (U16 load)
mGBA log: PASS: IWRAM store U16
mGBA log: PASS: IWRAM store U16 (unaligned)
mGBA log: PASS: IWRAM store 32
mGBA log: PASS: IWRAM store 32 (unaligned 1)
mGBA log: PASS: IWRAM store 32 (unaligned 2)
mGBA log: PASS: IWRAM store 32 (unaligned 3)
mGBA log: PASS: IWRAM store DMA0 16
mGBA log: PASS: IWRAM store DMA0 16 (unaligned)
mGBA log: PASS: IWRAM store DMA0 32
mGBA log: PASS: IWRAM store DMA0 32 (unaligned 1)
mGBA log: PASS: IWRAM store DMA0 32 (unaligned 2)
mGBA log: PASS: IWRAM store DMA0 32 (unaligned 3)
mGBA log: PASS: IWRAM store DMA1 16
mGBA log: PASS: IWRAM store DMA1 16 (unaligned)
mGBA log: PASS: IWRAM store DMA1 32
mGBA log: PASS: IWRAM store DMA1 32 (unaligned 1)
mGBA log: PASS: IWRAM store DMA1 32 (unaligned 2)
mGBA log: PASS: IWRAM store DMA1 32 (unaligned 3)
mGBA log: PASS: IWRAM store DMA2 16
mGBA log: PASS: IWRAM store DMA2 16 (unaligned)
mGBA log: PASS: IWRAM store DMA2 32
mGBA log: PASS: IWRAM store DMA2 32 (unaligned 1)
mGBA log: PASS: IWRAM store DMA2 32 (unaligned 2)
mGBA log: PASS: IWRAM store DMA2 32 (unaligned 3)
mGBA log: PASS: IWRAM store DMA3 16
mGBA log: PASS: IWRAM store DMA3 16 (unaligned)
mGBA log: PASS: IWRAM store DMA3 32
mGBA log: PASS: IWRAM store DMA3 32 (unaligned 1)
mGBA log: PASS: IWRAM store DMA3 32 (unaligned 2)
mGBA log: PASS: IWRAM store DMA3 32 (unaligned 3)
mGBA log: PASS: IWRAM store swi B 16
mGBA log: PASS: IWRAM store swi B 16 (unaligned)
mGBA log: PASS: IWRAM store swi B 32
mGBA log: PASS: IWRAM store swi B 32 (unaligned 1)
mGBA log: PASS: IWRAM store swi B 32 (unaligned 2)
mGBA log: PASS: IWRAM store swi B 32 (unaligned 3)
mGBA log: PASS: IWRAM store swi C 32
mGBA log: PASS: IWRAM store swi C 32 (unaligned 1)
mGBA log: PASS: IWRAM store swi C 32 (unaligned 2)
mGBA log: PASS: IWRAM store swi C 32 (unaligned 3)
mGBA log: Memory test: IWRAM mirror store
mGBA log: PASS: IWRAM mirror store U8
mGBA log: PASS: IWRAM mirror store S8 (U16 load)
mGBA log: PASS: IWRAM mirror store U16
mGBA log: PASS: IWRAM mirror store U16 (unaligned)
mGBA log: PASS: IWRAM mirror store 32
mGBA log: PASS: IWRAM mirror store 32 (unaligned 1)
mGBA log: PASS: IWRAM mirror store 32 (unaligned 2)
mGBA log: PASS: IWRAM mirror store 32 (unaligned 3)
mGBA log: PASS: IWRAM mirror store DMA0 16
mGBA log: PASS: IWRAM mirror store DMA0 16 (unaligned)
mGBA log: PASS: IWRAM mirror store DMA0 32
mGBA log: PASS: IWRAM mirror store DMA0 32 (unaligned 1)
mGBA log: PASS: IWRAM mirror store DMA0 32 (unaligned 2)
mGBA log: PASS: IWRAM mirror store DMA0 32 (unaligned 3)
mGBA log: PASS: IWRAM mirror store DMA1 16
mGBA log: PASS: IWRAM mirror store DMA1 16 (unaligned)
mGBA log: PASS: IWRAM mirror store DMA1 32
mGBA log: PASS: IWRAM mirror store DMA1 32 (unaligned 1)
mGBA log: PASS: IWRAM mirror store DMA1 32 (unaligned 2)
mGBA log: PASS: IWRAM mirror store DMA1 32 (unaligned 3)
mGBA log: PASS: IWRAM mirror store DMA2 16
mGBA log: PASS: IWRAM mirror store DMA2 16 (unaligned)
mGBA log: PASS: IWRAM mirror store DMA2 32
mGBA log: PASS: IWRAM mirror store DMA2 32 (unaligned 1)
mGBA log: PASS: IWRAM mirror store DMA2 32 (unaligned 2)
mGBA log: PASS: IWRAM mirror store DMA2 32 (unaligned 3)
mGBA log: PASS: IWRAM mirror store DMA3 16
mGBA log: PASS: IWRAM mirror store DMA3 16 (unaligned)
mGBA log: PASS: IWRAM mirror store DMA3 32
mGBA log: PASS: IWRAM mirror store DMA3 32 (unaligned 1)
mGBA log: PASS: IWRAM mirror store DMA3 32 (unaligned 2)
mGBA log: PASS: IWRAM mirror store DMA3 32 (unaligned 3)
mGBA log: PASS: IWRAM mirror store swi B 16
mGBA log: PASS: IWRAM mirror store swi B 16 (unaligned)
mGBA log: PASS: IWRAM mirror store swi B 32
mGBA log: PASS: IWRAM mirror store swi B 32 (unaligned 1)
mGBA log: PASS: IWRAM mirror store swi B 32 (unaligned 2)
mGBA log: PASS: IWRAM mirror store swi B 32 (unaligned 3)
mGBA log: PASS: IWRAM mirror store swi C 32
mGBA log: PASS: IWRAM mirror store swi C 32 (unaligned 1)
mGBA log: PASS: IWRAM mirror store swi C 32 (unaligned 2)
mGBA log: PASS: IWRAM mirror store swi C 32 (unaligned 3)
mGBA log: Memory test: EWRAM load
mGBA log: PASS: EWRAM load U8
mGBA log: PASS: EWRAM load S8
mGBA log: PASS: EWRAM load U16
mGBA log: PASS: EWRAM load U16 (unaligned)
mGBA log: PASS: EWRAM load S16
mGBA log: PASS: EWRAM load S16 (unaligned)
mGBA log: PASS: EWRAM load 32
mGBA log: PASS: EWRAM load 32 (unaligned 1)
mGBA log: PASS: EWRAM load 32 (unaligned 2)
mGBA log: PASS: EWRAM load 32 (unaligned 3)
mGBA log: PASS: EWRAM load DMA0 16
mGBA log: PASS: EWRAM load DMA0 16 (unaligned)
mGBA log: PASS: EWRAM load DMA0 32
mGBA log: PASS: EWRAM load DMA0 32 (unaligned 1)
mGBA log: PASS: EWRAM load DMA0 32 (unaligned 2)
mGBA log: PASS: EWRAM load DMA0 32 (unaligned 3)
mGBA log: PASS: EWRAM load DMA1 16
mGBA log: PASS: EWRAM load DMA1 16 (unaligned)
mGBA log: PASS: EWRAM load DMA1 32
mGBA log: PASS: EWRAM load DMA1 32 (unaligned 1)
mGBA log: PASS: EWRAM load DMA1 32 (unaligned 2)
mGBA log: PASS: EWRAM load DMA1 32 (unaligned 3)
mGBA log: PASS: EWRAM load DMA2 16
mGBA log: PASS: EWRAM load DMA2 16 (unaligned)
mGBA log: PASS: EWRAM load DMA2 32
mGBA log: PASS: EWRAM load DMA2 32 (unaligned 1)
mGBA log: PASS: EWRAM load DMA2 32 (unaligned 2)
mGBA log: PASS: EWRAM load DMA2 32 (unaligned 3)
mGBA log: PASS: EWRAM load DMA3 16
mGBA log: PASS: EWRAM load DMA3 16 (unaligned)
mGBA log: PASS: EWRAM load DMA3 32
mGBA log: PASS: EWRAM load DMA3 32 (unaligned 1)
mGBA log: PASS: EWRAM load DMA3 32 (unaligned 2)
mGBA log: PASS: EWRAM load DMA3 32 (unaligned 3)
mGBA log: PASS: EWRAM load swi B 16
mGBA log: PASS: EWRAM load swi B 16 (unaligned)
mGBA log: PASS: EWRAM load swi B 32
mGBA log: PASS: EWRAM load swi B 32 (unaligned 1)
mGBA log: PASS: EWRAM load swi B 32 (unaligned 2)
mGBA log: PASS: EWRAM load swi B 32 (unaligned 3)
mGBA log: PASS: EWRAM load swi C 32
mGBA log: PASS: EWRAM load swi C 32 (unaligned 1)
mGBA log: PASS: EWRAM load swi C 32 (unaligned 2)
mGBA log: PASS: EWRAM load swi C 32 (unaligned 3)
mGBA log: Memory test: EWRAM mirror load
mGBA log: PASS: EWRAM mirror load U8
mGBA log: PASS: EWRAM mirror load S8
mGBA log: PASS: EWRAM mirror load U16
mGBA log: PASS: EWRAM mirror load U16 (unaligned)
mGBA log: PASS: EWRAM mirror load S16
mGBA log: PASS: EWRAM mirror load S16 (unaligned)
mGBA log: PASS: EWRAM mirror load 32
mGBA log: PASS: EWRAM mirror load 32 (unaligned 1)
mGBA log: PASS: EWRAM mirror load 32 (unaligned 2)
mGBA log: PASS: EWRAM mirror load 32 (unaligned 3)
mGBA log: PASS: EWRAM mirror load DMA0 16
mGBA log: PASS: EWRAM mirror load DMA0 16 (unaligned)
mGBA log: PASS: EWRAM mirror load DMA0 32
mGBA log: PASS: EWRAM mirror load DMA0 32 (unaligned 1)
mGBA log: PASS: EWRAM mirror load DMA0 32 (unaligned 2)
mGBA log: PASS: EWRAM mirror load DMA0 32 (unaligned 3)
mGBA log: PASS: EWRAM mirror load DMA1 16
mGBA log: PASS: EWRAM mirror load DMA1 16 (unaligned)
mGBA log: PASS: EWRAM mirror load DMA1 32
mGBA log: PASS: EWRAM mirror load DMA1 32 (unaligned 1)
mGBA log: PASS: EWRAM mirror load DMA1 32 (unaligned 2)
mGBA log: PASS: EWRAM mirror load DMA1 32 (unaligned 3)
mGBA log: PASS: EWRAM mirror load DMA2 16
mGBA log: PASS: EWRAM mirror load DMA2 16 (unaligned)
mGBA log: PASS: EWRAM mirror load DMA2 32
mGBA log: PASS: EWRAM mirror load DMA2 32 (unaligned 1)
mGBA log: PASS: EWRAM mirror load DMA2 32 (unaligned 2)
mGBA log: PASS: EWRAM mirror load DMA2 32 (unaligned 3)
mGBA log: PASS: EWRAM mirror load DMA3 16
mGBA log: PASS: EWRAM mirror load DMA3 16 (unaligned)
mGBA log: PASS: EWRAM mirror load DMA3 32
mGBA log: PASS: EWRAM mirror load DMA3 32 (unaligned 1)
mGBA log: PASS: EWRAM mirror load DMA3 32 (unaligned 2)
mGBA log: PASS: EWRAM mirror load DMA3 32 (unaligned 3)
mGBA log: PASS: EWRAM mirror load swi B 16
mGBA log: PASS: EWRAM mirror load swi B 16 (unaligned)
mGBA log: PASS: EWRAM mirror load swi B 32
mGBA log: PASS: EWRAM mirror load swi B 32 (unaligned 1)
mGBA log: PASS: EWRAM mirror load swi B 32 (unaligned 2)
mGBA log: PASS: EWRAM mirror load swi B 32 (unaligned 3)
mGBA log: PASS: EWRAM mirror load swi C 32
mGBA log: PASS: EWRAM mirror load swi C 32 (unaligned 1)
mGBA log: PASS: EWRAM mirror load swi C 32 (unaligned 2)
mGBA log: PASS: EWRAM mirror load swi C 32 (unaligned 3)
mGBA log: Memory test: EWRAM store
mGBA log: PASS: EWRAM store U8
mGBA log: PASS: EWRAM store S8 (U16 load)
mGBA log: PASS: EWRAM store U16
mGBA log: PASS: EWRAM store U16 (unaligned)
mGBA log: PASS: EWRAM store 32
mGBA log: PASS: EWRAM store 32 (unaligned 1)
mGBA log: PASS: EWRAM store 32 (unaligned 2)
mGBA log: PASS: EWRAM store 32 (unaligned 3)
mGBA log: PASS: EWRAM store DMA0 16
mGBA log: PASS: EWRAM store DMA0 16 (unaligned)
mGBA log: PASS: EWRAM store DMA0 32
mGBA log: PASS: EWRAM store DMA0 32 (unaligned 1)
mGBA log: PASS: EWRAM store DMA0 32 (unaligned 2)
mGBA log: PASS: EWRAM store DMA0 32 (unaligned 3)
mGBA log: PASS: EWRAM store DMA1 16
mGBA log: PASS: EWRAM store DMA1 16 (unaligned)
mGBA log: PASS: EWRAM store DMA1 32
mGBA log: PASS: EWRAM store DMA1 32 (unaligned 1)
mGBA log: PASS: EWRAM store DMA1 32 (unaligned 2)
mGBA log: PASS: EWRAM store DMA1 32 (unaligned 3)
mGBA log: PASS: EWRAM store DMA2 16
mGBA log: PASS: EWRAM store DMA2 16 (unaligned)
mGBA log: PASS: EWRAM store DMA2 32
mGBA log: PASS: EWRAM store DMA2 32 (unaligned 1)
mGBA log: PASS: EWRAM store DMA2 32 (unaligned 2)
mGBA log: PASS: EWRAM store DMA2 32 (unaligned 3)
mGBA log: PASS: EWRAM store DMA3 16
mGBA log: PASS: EWRAM store DMA3 16 (unaligned)
mGBA log: PASS: EWRAM store DMA3 32
mGBA log: PASS: EWRAM store DMA3 32 (unaligned 1)
mGBA log: PASS: EWRAM store DMA3 32 (unaligned 2)
mGBA log: PASS: EWRAM store DMA3 32 (unaligned 3)
mGBA log: PASS: EWRAM store swi B 16
mGBA log: PASS: EWRAM store swi B 16 (unaligned)
mGBA log: PASS: EWRAM store swi B 32
mGBA log: PASS: EWRAM store swi B 32 (unaligned 1)
mGBA log: PASS: EWRAM store swi B 32 (unaligned 2)
mGBA log: PASS: EWRAM store swi B 32 (unaligned 3)
mGBA log: PASS: EWRAM store swi C 32
mGBA log: PASS: EWRAM store swi C 32 (unaligned 1)
mGBA log: PASS: EWRAM store swi C 32 (unaligned 2)
mGBA log: PASS: EWRAM store swi C 32 (unaligned 3)
mGBA log: Memory test: EWRAM mirror store
mGBA log: PASS: EWRAM mirror store U8
mGBA log: PASS: EWRAM mirror store S8 (U16 load)
mGBA log: PASS: EWRAM mirror store U16
mGBA log: PASS: EWRAM mirror store U16 (unaligned)
mGBA log: PASS: EWRAM mirror store 32
mGBA log: PASS: EWRAM mirror store 32 (unaligned 1)
mGBA log: PASS: EWRAM mirror store 32 (unaligned 2)
mGBA log: PASS: EWRAM mirror store 32 (unaligned 3)
mGBA log: PASS: EWRAM mirror store DMA0 16
mGBA log: PASS: EWRAM mirror store DMA0 16 (unaligned)
mGBA log: PASS: EWRAM mirror store DMA0 32
mGBA log: PASS: EWRAM mirror store DMA0 32 (unaligned 1)
mGBA log: PASS: EWRAM mirror store DMA0 32 (unaligned 2)
mGBA log: PASS: EWRAM mirror store DMA0 32 (unaligned 3)
mGBA log: PASS: EWRAM mirror store DMA1 16
mGBA log: PASS: EWRAM mirror store DMA1 16 (unaligned)
mGBA log: PASS: EWRAM mirror store DMA1 32
mGBA log: PASS: EWRAM mirror store DMA1 32 (unaligned 1)
mGBA log: PASS: EWRAM mirror store DMA1 32 (unaligned 2)
mGBA log: PASS: EWRAM mirror store DMA1 32 (unaligned 3)
mGBA log: PASS: EWRAM mirror store DMA2 16
mGBA log: PASS: EWRAM mirror store DMA2 16 (unaligned)
mGBA log: PASS: EWRAM mirror store DMA2 32
mGBA log: PASS: EWRAM mirror store DMA2 32 (unaligned 1)
mGBA log: PASS: EWRAM mirror store DMA2 32 (unaligned 2)
mGBA log: PASS: EWRAM mirror store DMA2 32 (unaligned 3)
mGBA log: PASS: EWRAM mirror store DMA3 16
mGBA log: PASS: EWRAM mirror store DMA3 16 (unaligned)
mGBA log: PASS: EWRAM mirror store DMA3 32
mGBA log: PASS: EWRAM mirror store DMA3 32 (unaligned 1)
mGBA log: PASS: EWRAM mirror store DMA3 32 (unaligned 2)
mGBA log: PASS: EWRAM mirror store DMA3 32 (unaligned 3)
mGBA log: PASS: EWRAM mirror store swi B 16
mGBA log: PASS: EWRAM mirror store swi B 16 (unaligned)
mGBA log: PASS: EWRAM mirror store swi B 32
mGBA log: PASS: EWRAM mirror store swi B 32 (unaligned 1)
mGBA log: PASS: EWRAM mirror store swi B 32 (unaligned 2)
mGBA log: PASS: EWRAM mirror store swi B 32 (unaligned 3)
mGBA log: PASS: EWRAM mirror store swi C 32
mGBA log: PASS: EWRAM mirror store swi C 32 (unaligned 1)
mGBA log: PASS: EWRAM mirror store swi C 32 (unaligned 2)
mGBA log: PASS: EWRAM mirror store swi C 32 (unaligned 3)
mGBA log: Memory test: Palette load
mGBA log: PASS: Palette load U8
mGBA log: PASS: Palette load S8
mGBA log: PASS: Palette load U16
mGBA log: PASS: Palette load U16 (unaligned)
mGBA log: PASS: Palette load S16
mGBA log: PASS: Palette load S16 (unaligned)
mGBA log: PASS: Palette load 32
mGBA log: PASS: Palette load 32 (unaligned 1)
mGBA log: PASS: Palette load 32 (unaligned 2)
mGBA log: PASS: Palette load 32 (unaligned 3)
mGBA log: PASS: Palette load DMA0 16
mGBA log: PASS: Palette load DMA0 16 (unaligned)
mGBA log: PASS: Palette load DMA0 32
mGBA log: PASS: Palette load DMA0 32 (unaligned 1)
mGBA log: PASS: Palette load DMA0 32 (unaligned 2)
mGBA log: PASS: Palette load DMA0 32 (unaligned 3)
mGBA log: PASS: Palette load DMA1 16
mGBA log: PASS: Palette load DMA1 16 (unaligned)
mGBA log: PASS: Palette load DMA1 32
mGBA log: PASS: Palette load DMA1 32 (unaligned 1)
mGBA log: PASS: Palette load DMA1 32 (unaligned 2)
mGBA log: PASS: Palette load DMA1 32 (unaligned 3)
mGBA log: PASS: Palette load DMA2 16
mGBA log: PASS: Palette load DMA2 16 (unaligned)
mGBA log: PASS: Palette load DMA2 32
mGBA log: PASS: Palette load DMA2 32 (unaligned 1)
mGBA log: PASS: Palette load DMA2 32 (unaligned 2)
mGBA log: PASS: Palette load DMA2 32 (unaligned 3)
mGBA log: PASS: Palette load DMA3 16
mGBA log: PASS: Palette load DMA3 16 (unaligned)
mGBA log: PASS: Palette load DMA3 32
mGBA log: PASS: Palette load DMA3 32 (unaligned 1)
mGBA log: PASS: Palette load DMA3 32 (unaligned 2)
mGBA log: PASS: Palette load DMA3 32 (unaligned 3)
mGBA log: PASS: Palette load swi B 16
mGBA log: PASS: Palette load swi B 16 (unaligned)
mGBA log: PASS: Palette load swi B 32
mGBA log: PASS: Palette load swi B 32 (unaligned 1)
mGBA log: PASS: Palette load swi B 32 (unaligned 2)
mGBA log: PASS: Palette load swi B 32 (unaligned 3)
mGBA log: PASS: Palette load swi C 32
mGBA log: PASS: Palette load swi C 32 (unaligned 1)
mGBA log: PASS: Palette load swi C 32 (unaligned 2)
mGBA log: PASS: Palette load swi C 32 (unaligned 3)
mGBA log: Memory test: Palette mirror load
mGBA log: PASS: Palette mirror load U8
mGBA log: PASS: Palette mirror load S8
mGBA log: PASS: Palette mirror load U16
mGBA log: PASS: Palette mirror load U16 (unaligned)
mGBA log: PASS: Palette mirror load S16
mGBA log: PASS: Palette mirror load S16 (unaligned)
mGBA log: PASS: Palette mirror load 32
mGBA log: PASS: Palette mirror load 32 (unaligned 1)
mGBA log: PASS: Palette mirror load 32 (unaligned 2)
mGBA log: PASS: Palette mirror load 32 (unaligned 3)
mGBA log: PASS: Palette mirror load DMA0 16
mGBA log: PASS: Palette mirror load DMA0 16 (unaligned)
mGBA log: PASS: Palette mirror load DMA0 32
mGBA log: PASS: Palette mirror load DMA0 32 (unaligned 1)
mGBA log: PASS: Palette mirror load DMA0 32 (unaligned 2)
mGBA log: PASS: Palette mirror load DMA0 32 (unaligned 3)
mGBA log: PASS: Palette mirror load DMA1 16
mGBA log: PASS: Palette mirror load DMA1 16 (unaligned)
mGBA log: PASS: Palette mirror load DMA1 32
mGBA log: PASS: Palette mirror load DMA1 32 (unaligned 1)
mGBA log: PASS: Palette mirror load DMA1 32 (unaligned 2)
mGBA log: PASS: Palette mirror load DMA1 32 (unaligned 3)
mGBA log: PASS: Palette mirror load DMA2 16
mGBA log: PASS: Palette mirror load DMA2 16 (unaligned)
mGBA log: PASS: Palette mirror load DMA2 32
mGBA log: PASS: Palette mirror load DMA2 32 (unaligned 1)
mGBA log: PASS: Palette mirror load DMA2 32 (unaligned 2)
mGBA log: PASS: Palette mirror load DMA2 32 (unaligned 3)
mGBA log: PASS: Palette mirror load DMA3 16
mGBA log: PASS: Palette mirror load DMA3 16 (unaligned)
mGBA log: PASS: Palette mirror load DMA3 32
mGBA log: PASS: Palette mirror load DMA3 32 (unaligned 1)
mGBA log: PASS: Palette mirror load DMA3 32 (unaligned 2)
mGBA log: PASS: Palette mirror load DMA3 32 (unaligned 3)
mGBA log: PASS: Palette mirror load swi B 16
mGBA log: PASS: Palette mirror load swi B 16 (unaligned)
mGBA log: PASS: Palette mirror load swi B 32
mGBA log: PASS: Palette mirror load swi B 32 (unaligned 1)
mGBA log: PASS: Palette mirror load swi B 32 (unaligned 2)
mGBA log: PASS: Palette mirror load swi B 32 (unaligned 3)
mGBA log: PASS: Palette mirror load swi C 32
mGBA log: PASS: Palette mirror load swi C 32 (unaligned 1)
mGBA log: PASS: Palette mirror load swi C 32 (unaligned 2)
mGBA log: PASS: Palette mirror load swi C 32 (unaligned 3)
mGBA log: Memory test: Palette store
mGBA log: PASS: Palette store U8
mGBA log: PASS: Palette store S8 (U16 load)
mGBA log: PASS: Palette store U16
mGBA log: PASS: Palette store U16 (unaligned)
mGBA log: PASS: Palette store 32
mGBA log: PASS: Palette store 32 (unaligned 1)
mGBA log: PASS: Palette store 32 (unaligned 2)
mGBA log: PASS: Palette store 32 (unaligned 3)
mGBA log: PASS: Palette store DMA0 16
mGBA log: PASS: Palette store DMA0 16 (unaligned)
mGBA log: PASS: Palette store DMA0 32
mGBA log: PASS: Palette store DMA0 32 (unaligned 1)
mGBA log: PASS: Palette store DMA0 32 (unaligned 2)
mGBA log: PASS: Palette store DMA0 32 (unaligned 3)
mGBA log: PASS: Palette store DMA1 16
mGBA log: PASS: Palette store DMA1 16 (unaligned)
mGBA log: PASS: Palette store DMA1 32
mGBA log: PASS: Palette store DMA1 32 (unaligned 1)
mGBA log: PASS: Palette store DMA1 32 (unaligned 2)
mGBA log: PASS: Palette store DMA1 32 (unaligned 3)
mGBA log: PASS: Palette store DMA2 16
mGBA log: PASS: Palette store DMA2 16 (unaligned)
mGBA log: PASS: Palette store DMA2 32
mGBA log: PASS: Palette store DMA2 32 (unaligned 1)
mGBA log: PASS: Palette store DMA2 32 (unaligned 2)
mGBA log: PASS: Palette store DMA2 32 (unaligned 3)
mGBA log: PASS: Palette store DMA3 16
mGBA log: PASS: Palette store DMA3 16 (unaligned)
mGBA log: PASS: Palette store DMA3 32
mGBA log: PASS: Palette store DMA3 32 (unaligned 1)
mGBA log: PASS: Palette store DMA3 32 (unaligned 2)
mGBA log: PASS: Palette store DMA3 32 (unaligned 3)
mGBA log: PASS: Palette store swi B 16
mGBA log: PASS: Palette store swi B 16 (unaligned)
mGBA log: PASS: Palette store swi B 32
mGBA log: PASS: Palette store swi B 32 (unaligned 1)
mGBA log: PASS: Palette store swi B 32 (unaligned 2)
mGBA log: PASS: Palette store swi B 32 (unaligned 3)
mGBA log: PASS: Palette store swi C 32
mGBA log: PASS: Palette store swi C 32 (unaligned 1)
mGBA log: PASS: Palette store swi C 32 (unaligned 2)
mGBA log: PASS: Palette store swi C 32 (unaligned 3)
mGBA log: Memory test: Palette mirror store
mGBA log: PASS: Palette mirror store U8
mGBA log: PASS: Palette mirror store S8 (U16 load)
mGBA log: PASS: Palette mirror store U16
mGBA log: PASS: Palette mirror store U16 (unaligned)
mGBA log: PASS: Palette mirror store 32
mGBA log: PASS: Palette mirror store 32 (unaligned 1)
mGBA log: PASS: Palette mirror store 32 (unaligned 2)
mGBA log: PASS: Palette mirror store 32 (unaligned 3)
mGBA log: PASS: Palette mirror store DMA0 16
mGBA log: PASS: Palette mirror store DMA0 16 (unaligned)
mGBA log: PASS: Palette mirror store DMA0 32
mGBA log: PASS: Palette mirror store DMA0 32 (unaligned 1)
mGBA log: PASS: Palette mirror store DMA0 32 (unaligned 2)
mGBA log: PASS: Palette mirror store DMA0 32 (unaligned 3)
mGBA log: PASS: Palette mirror store DMA1 16
mGBA log: PASS: Palette mirror store DMA1 16 (unaligned)
mGBA log: PASS: Palette mirror store DMA1 32
mGBA log: PASS: Palette mirror store DMA1 32 (unaligned 1)
mGBA log: PASS: Palette mirror store DMA1 32 (unaligned 2)
mGBA log: PASS: Palette mirror store DMA1 32 (unaligned 3)
mGBA log: PASS: Palette mirror store DMA2 16
mGBA log: PASS: Palette mirror store DMA2 16 (unaligned)
mGBA log: PASS: Palette mirror store DMA2 32
mGBA log: PASS: Palette mirror store DMA2 32 (unaligned 1)
mGBA log: PASS: Palette mirror store DMA2 32 (unaligned 2)
mGBA log: PASS: Palette mirror store DMA2 32 (unaligned 3)
mGBA log: PASS: Palette mirror store DMA3 16
mGBA log: PASS: Palette mirror store DMA3 16 (unaligned)
mGBA log: PASS: Palette mirror store DMA3 32
mGBA log: PASS: Palette mirror store DMA3 32 (unaligned 1)
mGBA log: PASS: Palette mirror store DMA3 32 (unaligned 2)
mGBA log: PASS: Palette mirror store DMA3 32 (unaligned 3)
mGBA log: PASS: Palette mirror store swi B 16
mGBA log: PASS: Palette mirror store swi B 16 (unaligned)
mGBA log: PASS: Palette mirror store swi B 32
mGBA log: PASS: Palette mirror store swi B 32 (unaligned 1)
mGBA log: PASS: Palette mirror store swi B 32 (unaligned 2)
mGBA log: PASS: Palette mirror store swi B 32 (unaligned 3)
mGBA log: PASS: Palette mirror store swi C 32
mGBA log: PASS: Palette mirror store swi C 32 (unaligned 1)
mGBA log: PASS: Palette mirror store swi C 32 (unaligned 2)
mGBA log: PASS: Palette mirror store swi C 32 (unaligned 3)
mGBA log: Memory test: VRAM load
mGBA log: PASS: VRAM load U8
mGBA log: PASS: VRAM load S8
mGBA log: PASS: VRAM load U16
mGBA log: PASS: VRAM load U16 (unaligned)
mGBA log: PASS: VRAM load S16
mGBA log: PASS: VRAM load S16 (unaligned)
mGBA log: PASS: VRAM load 32
mGBA log: PASS: VRAM load 32 (unaligned 1)
mGBA log: PASS: VRAM load 32 (unaligned 2)
mGBA log: PASS: VRAM load 32 (unaligned 3)
mGBA log: PASS: VRAM load DMA0 16
mGBA log: PASS: VRAM load DMA0 16 (unaligned)
mGBA log: PASS: VRAM load DMA0 32
mGBA log: PASS: VRAM load DMA0 32 (unaligned 1)
mGBA log: PASS: VRAM load DMA0 32 (unaligned 2)
mGBA log: PASS: VRAM load DMA0 32 (unaligned 3)
mGBA log: PASS: VRAM load DMA1 16
mGBA log: PASS: VRAM load DMA1 16 (unaligned)
mGBA log: PASS: VRAM load DMA1 32
mGBA log: PASS: VRAM load DMA1 32 (unaligned 1)
mGBA log: PASS: VRAM load DMA1 32 (unaligned 2)
mGBA log: PASS: VRAM load DMA1 32 (unaligned 3)
mGBA log: PASS: VRAM load DMA2 16
mGBA log: PASS: VRAM load DMA2 16 (unaligned)
mGBA log: PASS: VRAM load DMA2 32
mGBA log: PASS: VRAM load DMA2 32 (unaligned 1)
mGBA log: PASS: VRAM load DMA2 32 (unaligned 2)
mGBA log: PASS: VRAM load DMA2 32 (unaligned 3)
mGBA log: PASS: VRAM load DMA3 16
mGBA log: PASS: VRAM load DMA3 16 (unaligned)
mGBA log: PASS: VRAM load DMA3 32
mGBA log: PASS: VRAM load DMA3 32 (unaligned 1)
mGBA log: PASS: VRAM load DMA3 32 (unaligned 2)
mGBA log: PASS: VRAM load DMA3 32 (unaligned 3)
mGBA log: PASS: VRAM load swi B 16
mGBA log: PASS: VRAM load swi B 16 (unaligned)
mGBA log: PASS: VRAM load swi B 32
mGBA log: PASS: VRAM load swi B 32 (unaligned 1)
mGBA log: PASS: VRAM load swi B 32 (unaligned 2)
mGBA log: PASS: VRAM load swi B 32 (unaligned 3)
mGBA log: PASS: VRAM load swi C 32
mGBA log: PASS: VRAM load swi C 32 (unaligned 1)
mGBA log: PASS: VRAM load swi C 32 (unaligned 2)
mGBA log: PASS: VRAM load swi C 32 (unaligned 3)
mGBA log: Memory test: VRAM mirror load
mGBA log: PASS: VRAM mirror load U8
mGBA log: PASS: VRAM mirror load S8
mGBA log: PASS: VRAM mirror load U16
mGBA log: PASS: VRAM mirror load U16 (unaligned)
mGBA log: PASS: VRAM mirror load S16
mGBA log: PASS: VRAM mirror load S16 (unaligned)
mGBA log: PASS: VRAM mirror load 32
mGBA log: PASS: VRAM mirror load 32 (unaligned 1)
mGBA log: PASS: VRAM mirror load 32 (unaligned 2)
mGBA log: PASS: VRAM mirror load 32 (unaligned 3)
mGBA log: PASS: VRAM mirror load DMA0 16
mGBA log: PASS: VRAM mirror load DMA0 16 (unaligned)
mGBA log: PASS: VRAM mirror load DMA0 32
mGBA log: PASS: VRAM mirror load DMA0 32 (unaligned 1)
mGBA log: PASS: VRAM mirror load DMA0 32 (unaligned 2)
mGBA log: PASS: VRAM mirror load DMA0 32 (unaligned 3)
mGBA log: PASS: VRAM mirror load DMA1 16
mGBA log: PASS: VRAM mirror load DMA1 16 (unaligned)
mGBA log: PASS: VRAM mirror load DMA1 32
mGBA log: PASS: VRAM mirror load DMA1 32 (unaligned 1)
mGBA log: PASS: VRAM mirror load DMA1 32 (unaligned 2)
mGBA log: PASS: VRAM mirror load DMA1 32 (unaligned 3)
mGBA log: PASS: VRAM mirror load DMA2 16
mGBA log: PASS: VRAM mirror load DMA2 16 (unaligned)
mGBA log: PASS: VRAM mirror load DMA2 32
mGBA log: PASS: VRAM mirror load DMA2 32 (unaligned 1)
mGBA log: PASS: VRAM mirror load DMA2 32 (unaligned 2)
mGBA log: PASS: VRAM mirror load DMA2 32 (unaligned 3)
mGBA log: PASS: VRAM mirror load DMA3 16
mGBA log: PASS: VRAM mirror load DMA3 16 (unaligned)
mGBA log: PASS: VRAM mirror load DMA3 32
mGBA log: PASS: VRAM mirror load DMA3 32 (unaligned 1)
mGBA log: PASS: VRAM mirror load DMA3 32 (unaligned 2)
mGBA log: PASS: VRAM mirror load DMA3 32 (unaligned 3)
mGBA log: PASS: VRAM mirror load swi B 16
mGBA log: PASS: VRAM mirror load swi B 16 (unaligned)
mGBA log: PASS: VRAM mirror load swi B 32
mGBA log: PASS: VRAM mirror load swi B 32 (unaligned 1)
mGBA log: PASS: VRAM mirror load swi B 32 (unaligned 2)
mGBA log: PASS: VRAM mirror load swi B 32 (unaligned 3)
mGBA log: PASS: VRAM mirror load swi C 32
mGBA log: PASS: VRAM mirror load swi C 32 (unaligned 1)
mGBA log: PASS: VRAM mirror load swi C 32 (unaligned 2)
mGBA log: PASS: VRAM mirror load swi C 32 (unaligned 3)
mGBA log: Memory test: VRAM OBJ load
mGBA log: PASS: VRAM OBJ load U8
mGBA log: PASS: VRAM OBJ load S8
mGBA log: PASS: VRAM OBJ load U16
mGBA log: PASS: VRAM OBJ load U16 (unaligned)
mGBA log: PASS: VRAM OBJ load S16
mGBA log: PASS: VRAM OBJ load S16 (unaligned)
mGBA log: PASS: VRAM OBJ load 32
mGBA log: PASS: VRAM OBJ load 32 (unaligned 1)
mGBA log: PASS: VRAM OBJ load 32 (unaligned 2)
mGBA log: PASS: VRAM OBJ load 32 (unaligned 3)
mGBA log: PASS: VRAM OBJ load DMA0 16
mGBA log: PASS: VRAM OBJ load DMA0 16 (unaligned)
mGBA log: PASS: VRAM OBJ load DMA0 32
mGBA log: PASS: VRAM OBJ load DMA0 32 (unaligned 1)
mGBA log: PASS: VRAM OBJ load DMA0 32 (unaligned 2)
mGBA log: PASS: VRAM OBJ load DMA0 32 (unaligned 3)
mGBA log: PASS: VRAM OBJ load DMA1 16
mGBA log: PASS: VRAM OBJ load DMA1 16 (unaligned)
mGBA log: PASS: VRAM OBJ load DMA1 32
mGBA log: PASS: VRAM OBJ load DMA1 32 (unaligned 1)
mGBA log: PASS: VRAM OBJ load DMA1 32 (unaligned 2)
mGBA log: PASS: VRAM OBJ load DMA1 32 (unaligned 3)
mGBA log: PASS: VRAM OBJ load DMA2 16
mGBA log: PASS: VRAM OBJ load DMA2 16 (unaligned)
mGBA log: PASS: VRAM OBJ load DMA2 32
mGBA log: PASS: VRAM OBJ load DMA2 32 (unaligned 1)
mGBA log: PASS: VRAM OBJ load DMA2 32 (unaligned 2)
mGBA log: PASS: VRAM OBJ load DMA2 32 (unaligned 3)
mGBA log: PASS: VRAM OBJ load DMA3 16
mGBA log: PASS: VRAM OBJ load DMA3 16 (unaligned)
mGBA log: PASS: VRAM OBJ load DMA3 32
mGBA log: PASS: VRAM OBJ load DMA3 32 (unaligned 1)
mGBA log: PASS: VRAM OBJ load DMA3 32 (unaligned 2)
mGBA log: PASS: VRAM OBJ load DMA3 32 (unaligned 3)
mGBA log: PASS: VRAM OBJ load swi B 16
mGBA log: PASS: VRAM OBJ load swi B 16 (unaligned)
mGBA log: PASS: VRAM OBJ load swi B 32
mGBA log: PASS: VRAM OBJ load swi B 32 (unaligned 1)
mGBA log: PASS: VRAM OBJ load swi B 32 (unaligned 2)
mGBA log: PASS: VRAM OBJ load swi B 32 (unaligned 3)
mGBA log: PASS: VRAM OBJ load swi C 32
mGBA log: PASS: VRAM OBJ load swi C 32 (unaligned 1)
mGBA log: PASS: VRAM OBJ load swi C 32 (unaligned 2)
mGBA log: PASS: VRAM OBJ load swi C 32 (unaligned 3)
mGBA log: Memory test: VRAM OBJ mirror load
mGBA log: PASS: VRAM OBJ mirror load U8
mGBA log: PASS: VRAM OBJ mirror load S8
mGBA log: PASS: VRAM OBJ mirror load U16
mGBA log: PASS: VRAM OBJ mirror load U16 (unaligned)
mGBA log: PASS: VRAM OBJ mirror load S16
mGBA log: PASS: VRAM OBJ mirror load S16 (unaligned)
mGBA log: PASS: VRAM OBJ mirror load 32
mGBA log: PASS: VRAM OBJ mirror load 32 (unaligned 1)
mGBA log: PASS: VRAM OBJ mirror load 32 (unaligned 2)
mGBA log: PASS: VRAM OBJ mirror load 32 (unaligned 3)
mGBA log: PASS: VRAM OBJ mirror load DMA0 16
mGBA log: PASS: VRAM OBJ mirror load DMA0 16 (unaligned)
mGBA log: PASS: VRAM OBJ mirror load DMA0 32
mGBA log: PASS: VRAM OBJ mirror load DMA0 32 (unaligned 1)
mGBA log: PASS: VRAM OBJ mirror load DMA0 32 (unaligned 2)
mGBA log: PASS: VRAM OBJ mirror load DMA0 32 (unaligned 3)
mGBA log: PASS: VRAM OBJ mirror load DMA1 16
mGBA log: PASS: VRAM OBJ mirror load DMA1 16 (unaligned)
mGBA log: PASS: VRAM OBJ mirror load DMA1 32
mGBA log: PASS: VRAM OBJ mirror load DMA1 32 (unaligned 1)
mGBA log: PASS: VRAM OBJ mirror load DMA1 32 (unaligned 2)
mGBA log: PASS: VRAM OBJ mirror load DMA1 32 (unaligned 3)
mGBA log: PASS: VRAM OBJ mirror load DMA2 16
mGBA log: PASS: VRAM OBJ mirror load DMA2 16 (unaligned)
mGBA log: PASS: VRAM OBJ mirror load DMA2 32
mGBA log: PASS: VRAM OBJ mirror load DMA2 32 (unaligned 1)
mGBA log: PASS: VRAM OBJ mirror load DMA2 32 (unaligned 2)
mGBA log: PASS: VRAM OBJ mirror load DMA2 32 (unaligned 3)
mGBA log: PASS: VRAM OBJ mirror load DMA3 16
mGBA log: PASS: VRAM OBJ mirror load DMA3 16 (unaligned)
mGBA log: PASS: VRAM OBJ mirror load DMA3 32
mGBA log: PASS: VRAM OBJ mirror load DMA3 32 (unaligned 1)
mGBA log: PASS: VRAM OBJ mirror load DMA3 32 (unaligned 2)
mGBA log: PASS: VRAM OBJ mirror load DMA3 32 (unaligned 3)
mGBA log: PASS: VRAM OBJ mirror load swi B 16
mGBA log: PASS: VRAM OBJ mirror load swi B 16 (unaligned)
mGBA log: PASS: VRAM OBJ mirror load swi B 32
mGBA log: PASS: VRAM OBJ mirror load swi B 32 (unaligned 1)
mGBA log: PASS: VRAM OBJ mirror load swi B 32 (unaligned 2)
mGBA log: PASS: VRAM OBJ mirror load swi B 32 (unaligned 3)
mGBA log: PASS: VRAM OBJ mirror load swi C 32
mGBA log: PASS: VRAM OBJ mirror load swi C 32 (unaligned 1)
mGBA log: PASS: VRAM OBJ mirror load swi C 32 (unaligned 2)
mGBA log: PASS: VRAM OBJ mirror load swi C 32 (unaligned 3)
mGBA log: Memory test: VRAM OBJ mirror 2 load
mGBA log: PASS: VRAM OBJ mirror 2 load U8
mGBA log: PASS: VRAM OBJ mirror 2 load S8
mGBA log: PASS: VRAM OBJ mirror 2 load U16
mGBA log: PASS: VRAM OBJ mirror 2 load U16 (unaligned)
mGBA log: PASS: VRAM OBJ mirror 2 load S16
mGBA log: PASS: VRAM OBJ mirror 2 load S16 (unaligned)
mGBA log: PASS: VRAM OBJ mirror 2 load 32
mGBA log: PASS: VRAM OBJ mirror 2 load 32 (unaligned 1)
mGBA log: PASS: VRAM OBJ mirror 2 load 32 (unaligned 2)
mGBA log: PASS: VRAM OBJ mirror 2 load 32 (unaligned 3)
mGBA log: PASS: VRAM OBJ mirror 2 load DMA0 16
mGBA log: PASS: VRAM OBJ mirror 2 load DMA0 16 (unaligned)
mGBA log: PASS: VRAM OBJ mirror 2 load DMA0 32
mGBA log: PASS: VRAM OBJ mirror 2 load DMA0 32 (unaligned 1)
mGBA log: PASS: VRAM OBJ mirror 2 load DMA0 32 (unaligned 2)
mGBA log: PASS: VRAM OBJ mirror 2 load DMA0 32 (unaligned 3)
mGBA log: PASS: VRAM OBJ mirror 2 load DMA1 16
mGBA log: PASS: VRAM OBJ mirror 2 load DMA1 16 (unaligned)
mGBA log: PASS: VRAM OBJ mirror 2 load DMA1 32
mGBA log: PASS: VRAM OBJ mirror 2 load DMA1 32 (unaligned 1)
mGBA log: PASS: VRAM OBJ mirror 2 load DMA1 32 (unaligned 2)
mGBA log: PASS: VRAM OBJ mirror 2 load DMA1 32 (unaligned 3)
mGBA log: PASS: VRAM OBJ mirror 2 load DMA2 16
mGBA log: PASS: VRAM OBJ mirror 2 load DMA2 16 (unaligned)
mGBA log: PASS: VRAM OBJ mirror 2 load DMA2 32
mGBA log: PASS: VRAM OBJ mirror 2 load DMA2 32 (unaligned 1)
mGBA log: PASS: VRAM OBJ mirror 2 load DMA2 32 (unaligned 2)
mGBA log: PASS: VRAM OBJ mirror 2 load DMA2 32 (unaligned 3)
mGBA log: PASS: VRAM OBJ mirror 2 load DMA3 16
mGBA log: PASS: VRAM OBJ mirror 2 load DMA3 16 (unaligned)
mGBA log: PASS: VRAM OBJ mirror 2 load DMA3 32
mGBA log: PASS: VRAM OBJ mirror 2 load DMA3 32 (unaligned 1)
mGBA log: PASS: VRAM OBJ mirror 2 load DMA3 32 (unaligned 2)
mGBA log: PASS: VRAM OBJ mirror 2 load DMA3 32 (unaligned 3)
mGBA log: PASS: VRAM OBJ mirror 2 load swi B 16
mGBA log: PASS: VRAM OBJ mirror 2 load swi B 16 (unaligned)
mGBA log: PASS: VRAM OBJ mirror 2 load swi B 32
mGBA log: PASS: VRAM OBJ mirror 2 load swi B 32 (unaligned 1)
mGBA log: PASS: VRAM OBJ mirror 2 load swi B 32 (unaligned 2)
mGBA log: PASS: VRAM OBJ mirror 2 load swi B 32 (unaligned 3)
mGBA log: PASS: VRAM OBJ mirror 2 load swi C 32
mGBA log: PASS: VRAM OBJ mirror 2 load swi C 32 (unaligned 1)
mGBA log: PASS: VRAM OBJ mirror 2 load swi C 32 (unaligned 2)
mGBA log: PASS: VRAM OBJ mirror 2 load swi C 32 (unaligned 3)
mGBA log: Memory test: VRAM store
mGBA log: PASS: VRAM store U8
mGBA log: PASS: VRAM store S8 (U16 load)
mGBA log: PASS: VRAM store U16
mGBA log: PASS: VRAM store U16 (unaligned)
mGBA log: PASS: VRAM store 32
mGBA log: PASS: VRAM store 32 (unaligned 1)
mGBA log: PASS: VRAM store 32 (unaligned 2)
mGBA log: PASS: VRAM store 32 (unaligned 3)
mGBA log: PASS: VRAM store DMA0 16
mGBA log: PASS: VRAM store DMA0 16 (unaligned)
mGBA log: PASS: VRAM store DMA0 32
mGBA log: PASS: VRAM store DMA0 32 (unaligned 1)
mGBA log: PASS: VRAM store DMA0 32 (unaligned 2)
mGBA log: PASS: VRAM store DMA0 32 (unaligned 3)
mGBA log: PASS: VRAM store DMA1 16
mGBA log: PASS: VRAM store DMA1 16 (unaligned)
mGBA log: PASS: VRAM store DMA1 32
mGBA log: PASS: VRAM store DMA1 32 (unaligned 1)
mGBA log: PASS: VRAM store DMA1 32 (unaligned 2)
mGBA log: PASS: VRAM store DMA1 32 (unaligned 3)
mGBA log: PASS: VRAM store DMA2 16
mGBA log: PASS: VRAM store DMA2 16 (unaligned)
mGBA log: PASS: VRAM store DMA2 32
mGBA log: PASS: VRAM store DMA2 32 (unaligned 1)
mGBA log: PASS: VRAM store DMA2 32 (unaligned 2)
mGBA log: PASS: VRAM store DMA2 32 (unaligned 3)
mGBA log: PASS: VRAM store DMA3 16
mGBA log: PASS: VRAM store DMA3 16 (unaligned)
mGBA log: PASS: VRAM store DMA3 32
mGBA log: PASS: VRAM store DMA3 32 (unaligned 1)
mGBA log: PASS: VRAM store DMA3 32 (unaligned 2)
mGBA log: PASS: VRAM store DMA3 32 (unaligned 3)
mGBA log: PASS: VRAM store swi B 16
mGBA log: PASS: VRAM store swi B 16 (unaligned)
mGBA log: PASS: VRAM store swi B 32
mGBA log: PASS: VRAM store swi B 32 (unaligned 1)
mGBA log: PASS: VRAM store swi B 32 (unaligned 2)
mGBA log: PASS: VRAM store swi B 32 (unaligned 3)
mGBA log: PASS: VRAM store swi C 32
mGBA log: PASS: VRAM store swi C 32 (unaligned 1)
mGBA log: PASS: VRAM store swi C 32 (unaligned 2)
mGBA log: PASS: VRAM store swi C 32 (unaligned 3)
mGBA log: Memory test: VRAM mirror store
mGBA log: PASS: VRAM mirror store U8
mGBA log: PASS: VRAM mirror store S8 (U16 load)
mGBA log: PASS: VRAM mirror store U16
mGBA log: PASS: VRAM mirror store U16 (unaligned)
mGBA log: PASS: VRAM mirror store 32
mGBA log: PASS: VRAM mirror store 32 (unaligned 1)
mGBA log: PASS: VRAM mirror store 32 (unaligned 2)
mGBA log: PASS: VRAM mirror store 32 (unaligned 3)
mGBA log: PASS: VRAM mirror store DMA0 16
mGBA log: PASS: VRAM mirror store DMA0 16 (unaligned)
mGBA log: PASS: VRAM mirror store DMA0 32
mGBA log: PASS: VRAM mirror store DMA0 32 (unaligned 1)
mGBA log: PASS: VRAM mirror store DMA0 32 (unaligned 2)
mGBA log: PASS: VRAM mirror store DMA0 32 (unaligned 3)
mGBA log: PASS: VRAM mirror store DMA1 16
mGBA log: PASS: VRAM mirror store DMA1 16 (unaligned)
mGBA log: PASS: VRAM mirror store DMA1 32
mGBA log: PASS: VRAM mirror store DMA1 32 (unaligned 1)
mGBA log: PASS: VRAM mirror store DMA1 32 (unaligned 2)
mGBA log: PASS: VRAM mirror store DMA1 32 (unaligned 3)
mGBA log: PASS: VRAM mirror store DMA2 16
mGBA log: PASS: VRAM mirror store DMA2 16 (unaligned)
mGBA log: PASS: VRAM mirror store DMA2 32
mGBA log: PASS: VRAM mirror store DMA2 32 (unaligned 1)
mGBA log: PASS: VRAM mirror store DMA2 32 (unaligned 2)
mGBA log: PASS: VRAM mirror store DMA2 32 (unaligned 3)
mGBA log: PASS: VRAM mirror store DMA3 16
mGBA log: PASS: VRAM mirror store DMA3 16 (unaligned)
mGBA log: PASS: VRAM mirror store DMA3 32
mGBA log: PASS: VRAM mirror store DMA3 32 (unaligned 1)
mGBA log: PASS: VRAM mirror store DMA3 32 (unaligned 2)
mGBA log: PASS: VRAM mirror store DMA3 32 (unaligned 3)
mGBA log: PASS: VRAM mirror store swi B 16
mGBA log: PASS: VRAM mirror store swi B 16 (unaligned)
mGBA log: PASS: VRAM mirror store swi B 32
mGBA log: PASS: VRAM mirror store swi B 32 (unaligned 1)
mGBA log: PASS: VRAM mirror store swi B 32 (unaligned 2)
mGBA log: PASS: VRAM mirror store swi B 32 (unaligned 3)
mGBA log: PASS: VRAM mirror store swi C 32
mGBA log: PASS: VRAM mirror store swi C 32 (unaligned 1)
mGBA log: PASS: VRAM mirror store swi C 32 (unaligned 2)
mGBA log: PASS: VRAM mirror store swi C 32 (unaligned 3)
mGBA log: Memory test: VRAM OBJ store
mGBA log: PASS: VRAM OBJ store U8
mGBA log: PASS: VRAM OBJ store S8 (U16 load)
mGBA log: PASS: VRAM OBJ store U16
mGBA log: PASS: VRAM OBJ store U16 (unaligned)
mGBA log: PASS: VRAM OBJ store 32
mGBA log: PASS: VRAM OBJ store 32 (unaligned 1)
mGBA log: PASS: VRAM OBJ store 32 (unaligned 2)
mGBA log: PASS: VRAM OBJ store 32 (unaligned 3)
mGBA log: PASS: VRAM OBJ store DMA0 16
mGBA log: PASS: VRAM OBJ store DMA0 16 (unaligned)
mGBA log: PASS: VRAM OBJ store DMA0 32
mGBA log: PASS: VRAM OBJ store DMA0 32 (unaligned 1)
mGBA log: PASS: VRAM OBJ store DMA0 32 (unaligned 2)
mGBA log: PASS: VRAM OBJ store DMA0 32 (unaligned 3)
mGBA log: PASS: VRAM OBJ store DMA1 16
mGBA log: PASS: VRAM OBJ store DMA1 16 (unaligned)
mGBA log: PASS: VRAM OBJ store DMA1 32
mGBA log: PASS: VRAM OBJ store DMA1 32 (unaligned 1)
mGBA log: PASS: VRAM OBJ store DMA1 32 (unaligned 2)
mGBA log: PASS: VRAM OBJ store DMA1 32 (unaligned 3)
mGBA log: PASS: VRAM OBJ store DMA2 16
mGBA log: PASS: VRAM OBJ store DMA2 16 (unaligned)
mGBA log: PASS: VRAM OBJ store DMA2 32
mGBA log: PASS: VRAM OBJ store DMA2 32 (unaligned 1)
mGBA log: PASS: VRAM OBJ store DMA2 32 (unaligned 2)
mGBA log: PASS: VRAM OBJ store DMA2 32 (unaligned 3)
mGBA log: PASS: VRAM OBJ store DMA3 16
mGBA log: PASS: VRAM OBJ store DMA3 16 (unaligned)
mGBA log: PASS: VRAM OBJ store DMA3 32
mGBA log: PASS: VRAM OBJ store DMA3 32 (unaligned 1)
mGBA log: PASS: VRAM OBJ store DMA3 32 (unaligned 2)
mGBA log: PASS: VRAM OBJ store DMA3 32 (unaligned 3)
mGBA log: PASS: VRAM OBJ store swi B 16
mGBA log: PASS: VRAM OBJ store swi B 16 (unaligned)
mGBA log: PASS: VRAM OBJ store swi B 32
mGBA log: PASS: VRAM OBJ store swi B 32 (unaligned 1)
mGBA log: PASS: VRAM OBJ store swi B 32 (unaligned 2)
mGBA log: PASS: VRAM OBJ store swi B 32 (unaligned 3)
mGBA log: PASS: VRAM OBJ store swi C 32
mGBA log: PASS: VRAM OBJ store swi C 32 (unaligned 1)
mGBA log: PASS: VRAM OBJ store swi C 32 (unaligned 2)
mGBA log: PASS: VRAM OBJ store swi C 32 (unaligned 3)
mGBA log: Memory test: VRAM OBJ mirror store
mGBA log: PASS: VRAM OBJ mirror store U8
mGBA log: PASS: VRAM OBJ mirror store S8 (U16 load)
mGBA log: PASS: VRAM OBJ mirror store U16
mGBA log: PASS: VRAM OBJ mirror store U16 (unaligned)
mGBA log: PASS: VRAM OBJ mirror store 32
mGBA log: PASS: VRAM OBJ mirror store 32 (unaligned 1)
mGBA log: PASS: VRAM OBJ mirror store 32 (unaligned 2)
mGBA log: PASS: VRAM OBJ mirror store 32 (unaligned 3)
mGBA log: PASS: VRAM OBJ mirror store DMA0 16
mGBA log: PASS: VRAM OBJ mirror store DMA0 16 (unaligned)
mGBA log: PASS: VRAM OBJ mirror store DMA0 32
mGBA log: PASS: VRAM OBJ mirror store DMA0 32 (unaligned 1)
mGBA log: PASS: VRAM OBJ mirror store DMA0 32 (unaligned 2)
mGBA log: PASS: VRAM OBJ mirror store DMA0 32 (unaligned 3)
mGBA log: PASS: VRAM OBJ mirror store DMA1 16
mGBA log: PASS: VRAM OBJ mirror store DMA1 16 (unaligned)
mGBA log: PASS: VRAM OBJ mirror store DMA1 32
mGBA log: PASS: VRAM OBJ mirror store DMA1 32 (unaligned 1)
mGBA log: PASS: VRAM OBJ mirror store DMA1 32 (unaligned 2)
mGBA log: PASS: VRAM OBJ mirror store DMA1 32 (unaligned 3)
mGBA log: PASS: VRAM OBJ mirror store DMA2 16
mGBA log: PASS: VRAM OBJ mirror store DMA2 16 (unaligned)
mGBA log: PASS: VRAM OBJ mirror store DMA2 32
mGBA log: PASS: VRAM OBJ mirror store DMA2 32 (unaligned 1)
mGBA log: PASS: VRAM OBJ mirror store DMA2 32 (unaligned 2)
mGBA log: PASS: VRAM OBJ mirror store DMA2 32 (unaligned 3)
mGBA log: PASS: VRAM OBJ mirror store DMA3 16
mGBA log: PASS: VRAM OBJ mirror store DMA3 16 (unaligned)
mGBA log: PASS: VRAM OBJ mirror store DMA3 32
mGBA log: PASS: VRAM OBJ mirror store DMA3 32 (unaligned 1)
mGBA log: PASS: VRAM OBJ mirror store DMA3 32 (unaligned 2)
mGBA log: PASS: VRAM OBJ mirror store DMA3 32 (unaligned 3)
mGBA log: PASS: VRAM OBJ mirror store swi B 16
mGBA log: PASS: VRAM OBJ mirror store swi B 16 (unaligned)
mGBA log: PASS: VRAM OBJ mirror store swi B 32
mGBA log: PASS: VRAM OBJ mirror store swi B 32 (unaligned 1)
mGBA log: PASS: VRAM OBJ mirror store swi B 32 (unaligned 2)
mGBA log: PASS: VRAM OBJ mirror store swi B 32 (unaligned 3)
mGBA log: PASS: VRAM OBJ mirror store swi C 32
mGBA log: PASS: VRAM OBJ mirror store swi C 32 (unaligned 1)
mGBA log: PASS: VRAM OBJ mirror store swi C 32 (unaligned 2)
mGBA log: PASS: VRAM OBJ mirror store swi C 32 (unaligned 3)
mGBA log: Memory test: VRAM OBJ mirror 2 store
mGBA log: PASS: VRAM OBJ mirror 2 store U8
mGBA log: PASS: VRAM OBJ mirror 2 store S8 (U16 load)
mGBA log: PASS: VRAM OBJ mirror 2 store U16
mGBA log: PASS: VRAM OBJ mirror 2 store U16 (unaligned)
mGBA log: PASS: VRAM OBJ mirror 2 store 32
mGBA log: PASS: VRAM OBJ mirror 2 store 32 (unaligned 1)
mGBA log: PASS: VRAM OBJ mirror 2 store 32 (unaligned 2)
mGBA log: PASS: VRAM OBJ mirror 2 store 32 (unaligned 3)
mGBA log: PASS: VRAM OBJ mirror 2 store DMA0 16
mGBA log: PASS: VRAM OBJ mirror 2 store DMA0 16 (unaligned)
mGBA log: PASS: VRAM OBJ mirror 2 store DMA0 32
mGBA log: PASS: VRAM OBJ mirror 2 store DMA0 32 (unaligned 1)
mGBA log: PASS: VRAM OBJ mirror 2 store DMA0 32 (unaligned 2)
mGBA log: PASS: VRAM OBJ mirror 2 store DMA0 32 (unaligned 3)
mGBA log: PASS: VRAM OBJ mirror 2 store DMA1 16
mGBA log: PASS: VRAM OBJ mirror 2 store DMA1 16 (unaligned)
mGBA log: PASS: VRAM OBJ mirror 2 store DMA1 32
mGBA log: PASS: VRAM OBJ mirror 2 store DMA1 32 (unaligned 1)
mGBA log: PASS: VRAM OBJ mirror 2 store DMA1 32 (unaligned 2)
mGBA log: PASS: VRAM OBJ mirror 2 store DMA1 32 (unaligned 3)
mGBA log: PASS: VRAM OBJ mirror 2 store DMA2 16
mGBA log: PASS: VRAM OBJ mirror 2 store DMA2 16 (unaligned)
mGBA log: PASS: VRAM OBJ mirror 2 store DMA2 32
mGBA log: PASS: VRAM OBJ mirror 2 store DMA2 32 (unaligned 1)
mGBA log: PASS: VRAM OBJ mirror 2 store DMA2 32 (unaligned 2)
mGBA log: PASS: VRAM OBJ mirror 2 store DMA2 32 (unaligned 3)
mGBA log: PASS: VRAM OBJ mirror 2 store DMA3 16
mGBA log: PASS: VRAM OBJ mirror 2 store DMA3 16 (unaligned)
mGBA log: PASS: VRAM OBJ mirror 2 store DMA3 32
mGBA log: PASS: VRAM OBJ mirror 2 store DMA3 32 (unaligned 1)
mGBA log: PASS: VRAM OBJ mirror 2 store DMA3 32 (unaligned 2)
mGBA log: PASS: VRAM OBJ mirror 2 store DMA3 32 (unaligned 3)
mGBA log: PASS: VRAM OBJ mirror 2 store swi B 16
mGBA log: PASS: VRAM OBJ mirror 2 store swi B 16 (unaligned)
mGBA log: PASS: VRAM OBJ mirror 2 store swi B 32
mGBA log: PASS: VRAM OBJ mirror 2 store swi B 32 (unaligned 1)
mGBA log: PASS: VRAM OBJ mirror 2 store swi B 32 (unaligned 2)
mGBA log: PASS: VRAM OBJ mirror 2 store swi B 32 (unaligned 3)
mGBA log: PASS: VRAM OBJ mirror 2 store swi C 32
mGBA log: PASS: VRAM OBJ mirror 2 store swi C 32 (unaligned 1)
mGBA log: PASS: VRAM OBJ mirror 2 store swi C 32 (unaligned 2)
mGBA log: PASS: VRAM OBJ mirror 2 store swi C 32 (unaligned 3)
mGBA log: Memory test: OAM load
mGBA log: PASS: OAM load U8
mGBA log: PASS: OAM load S8
mGBA log: PASS: OAM load U16
mGBA log: PASS: OAM load U16 (unaligned)
mGBA log: PASS: OAM load S16
mGBA log: PASS: OAM load S16 (unaligned)
mGBA log: PASS: OAM load 32
mGBA log: PASS: OAM load 32 (unaligned 1)
mGBA log: PASS: OAM load 32 (unaligned 2)
mGBA log: PASS: OAM load 32 (unaligned 3)
mGBA log: PASS: OAM load DMA0 16
mGBA log: PASS: OAM load DMA0 16 (unaligned)
mGBA log: PASS: OAM load DMA0 32
mGBA log: PASS: OAM load DMA0 32 (unaligned 1)
mGBA log: PASS: OAM load DMA0 32 (unaligned 2)
mGBA log: PASS: OAM load DMA0 32 (unaligned 3)
mGBA log: PASS: OAM load DMA1 16
mGBA log: PASS: OAM load DMA1 16 (unaligned)
mGBA log: PASS: OAM load DMA1 32
mGBA log: PASS: OAM load DMA1 32 (unaligned 1)
mGBA log: PASS: OAM load DMA1 32 (unaligned 2)
mGBA log: PASS: OAM load DMA1 32 (unaligned 3)
mGBA log: PASS: OAM load DMA2 16
mGBA log: PASS: OAM load DMA2 16 (unaligned)
mGBA log: PASS: OAM load DMA2 32
mGBA log: PASS: OAM load DMA2 32 (unaligned 1)
mGBA log: PASS: OAM load DMA2 32 (unaligned 2)
mGBA log: PASS: OAM load DMA2 32 (unaligned 3)
mGBA log: PASS: OAM load DMA3 16
mGBA log: PASS: OAM load DMA3 16 (unaligned)
mGBA log: PASS: OAM load DMA3 32
mGBA log: PASS: OAM load DMA3 32 (unaligned 1)
mGBA log: PASS: OAM load DMA3 32 (unaligned 2)
mGBA log: PASS: OAM load DMA3 32 (unaligned 3)
mGBA log: PASS: OAM load swi B 16
mGBA log: PASS: OAM load swi B 16 (unaligned)
mGBA log: PASS: OAM load swi B 32
mGBA log: PASS: OAM load swi B 32 (unaligned 1)
mGBA log: PASS: OAM load swi B 32 (unaligned 2)
mGBA log: PASS: OAM load swi B 32 (unaligned 3)
mGBA log: PASS: OAM load swi C 32
mGBA log: PASS: OAM load swi C 32 (unaligned 1)
mGBA log: PASS: OAM load swi C 32 (unaligned 2)
mGBA log: PASS: OAM load swi C 32 (unaligned 3)
mGBA log: Memory test: OAM mirror load
mGBA log: PASS: OAM mirror load U8
mGBA log: PASS: OAM mirror load S8
mGBA log: PASS: OAM mirror load U16
mGBA log: PASS: OAM mirror load U16 (unaligned)
mGBA log: PASS: OAM mirror load S16
mGBA log: PASS: OAM mirror load S16 (unaligned)
mGBA log: PASS: OAM mirror load 32
mGBA log: PASS: OAM mirror load 32 (unaligned 1)
mGBA log: PASS: OAM mirror load 32 (unaligned 2)
mGBA log: PASS: OAM mirror load 32 (unaligned 3)
mGBA log: PASS: OAM mirror load DMA0 16
mGBA log: PASS: OAM mirror load DMA0 16 (unaligned)
mGBA log: PASS: OAM mirror load DMA0 32
mGBA log: PASS: OAM mirror load DMA0 32 (unaligned 1)
mGBA log: PASS: OAM mirror load DMA0 32 (unaligned 2)
mGBA log: PASS: OAM mirror load DMA0 32 (unaligned 3)
mGBA log: PASS: OAM mirror load DMA1 16
mGBA log: PASS: OAM mirror load DMA1 16 (unaligned)
mGBA log: PASS: OAM mirror load DMA1 32
mGBA log: PASS: OAM mirror load DMA1 32 (unaligned 1)
mGBA log: PASS: OAM mirror load DMA1 32 (unaligned 2)
mGBA log: PASS: OAM mirror load DMA1 32 (unaligned 3)
mGBA log: PASS: OAM mirror load DMA2 16
mGBA log: PASS: OAM mirror load DMA2 16 (unaligned)
mGBA log: PASS: OAM mirror load DMA2 32
mGBA log: PASS: OAM mirror load DMA2 32 (unaligned 1)
mGBA log: PASS: OAM mirror load DMA2 32 (unaligned 2)
mGBA log: PASS: OAM mirror load DMA2 32 (unaligned 3)
mGBA log: PASS: OAM mirror load DMA3 16
mGBA log: PASS: OAM mirror load DMA3 16 (unaligned)
mGBA log: PASS: OAM mirror load DMA3 32
mGBA log: PASS: OAM mirror load DMA3 32 (unaligned 1)
mGBA log: PASS: OAM mirror load DMA3 32 (unaligned 2)
mGBA log: PASS: OAM mirror load DMA3 32 (unaligned 3)
mGBA log: PASS: OAM mirror load swi B 16
mGBA log: PASS: OAM mirror load swi B 16 (unaligned)
mGBA log: PASS: OAM mirror load swi B 32
mGBA log: PASS: OAM mirror load swi B 32 (unaligned 1)
mGBA log: PASS: OAM mirror load swi B 32 (unaligned 2)
mGBA log: PASS: OAM mirror load swi B 32 (unaligned 3)
mGBA log: PASS: OAM mirror load swi C 32
mGBA log: PASS: OAM mirror load swi C 32 (unaligned 1)
mGBA log: PASS: OAM mirror load swi C 32 (unaligned 2)
mGBA log: PASS: OAM mirror load swi C 32 (unaligned 3)
mGBA log: Memory test: OAM store
mGBA log: PASS: OAM store U8
mGBA log: PASS: OAM store S8 (U16 load)
mGBA log: PASS: OAM store U16
mGBA log: PASS: OAM store U16 (unaligned)
mGBA log: PASS: OAM store 32
mGBA log: PASS: OAM store 32 (unaligned 1)
mGBA log: PASS: OAM store 32 (unaligned 2)
mGBA log: PASS: OAM store 32 (unaligned 3)
mGBA log: PASS: OAM store DMA0 16
mGBA log: PASS: OAM store DMA0 16 (unaligned)
mGBA log: PASS: OAM store DMA0 32
mGBA log: PASS: OAM store DMA0 32 (unaligned 1)
mGBA log: PASS: OAM store DMA0 32 (unaligned 2)
mGBA log: PASS: OAM store DMA0 32 (unaligned 3)
mGBA log: PASS: OAM store DMA1 16
mGBA log: PASS: OAM store DMA1 16 (unaligned)
mGBA log: PASS: OAM store DMA1 32
mGBA log: PASS: OAM store DMA1 32 (unaligned 1)
mGBA log: PASS: OAM store DMA1 32 (unaligned 2)
mGBA log: PASS: OAM store DMA1 32 (unaligned 3)
mGBA log: PASS: OAM store DMA2 16
mGBA log: PASS: OAM store DMA2 16 (unaligned)
mGBA log: PASS: OAM store DMA2 32
mGBA log: PASS: OAM store DMA2 32 (unaligned 1)
mGBA log: PASS: OAM store DMA2 32 (unaligned 2)
mGBA log: PASS: OAM store DMA2 32 (unaligned 3)
mGBA log: PASS: OAM store DMA3 16
mGBA log: PASS: OAM store DMA3 16 (unaligned)
mGBA log: PASS: OAM store DMA3 32
mGBA log: PASS: OAM store DMA3 32 (unaligned 1)
mGBA log: PASS: OAM store DMA3 32 (unaligned 2)
mGBA log: PASS: OAM store DMA3 32 (unaligned 3)
mGBA log: PASS: OAM store swi B 16
mGBA log: PASS: OAM store swi B 16 (unaligned)
mGBA log: PASS: OAM store swi B 32
mGBA log: PASS: OAM store swi B 32 (unaligned 1)
mGBA log: PASS: OAM store swi B 32 (unaligned 2)
mGBA log: PASS: OAM store swi B 32 (unaligned 3)
mGBA log: PASS: OAM store swi C 32
mGBA log: PASS: OAM store swi C 32 (unaligned 1)
mGBA log: PASS: OAM store swi C 32 (unaligned 2)
mGBA log: PASS: OAM store swi C 32 (unaligned 3)
mGBA log: Memory test: OAM mirror store
mGBA log: PASS: OAM mirror store U8
mGBA log: PASS: OAM mirror store S8 (U16 load)
mGBA log: PASS: OAM mirror store U16
mGBA log: PASS: OAM mirror store U16 (unaligned)
mGBA log: PASS: OAM mirror store 32
mGBA log: PASS: OAM mirror store 32 (unaligned 1)
mGBA log: PASS: OAM mirror store 32 (unaligned 2)
mGBA log: PASS: OAM mirror store 32 (unaligned 3)
mGBA log: PASS: OAM mirror store DMA0 16
mGBA log: PASS: OAM mirror store DMA0 16 (unaligned)
mGBA log: PASS: OAM mirror store DMA0 32
mGBA log: PASS: OAM mirror store DMA0 32 (unaligned 1)
mGBA log: PASS: OAM mirror store DMA0 32 (unaligned 2)
mGBA log: PASS: OAM mirror store DMA0 32 (unaligned 3)
mGBA log: PASS: OAM mirror store DMA1 16
mGBA log: PASS: OAM mirror store DMA1 16 (unaligned)
mGBA log: PASS: OAM mirror store DMA1 32
mGBA log: PASS: OAM mirror store DMA1 32 (unaligned 1)
mGBA log: PASS: OAM mirror store DMA1 32 (unaligned 2)
mGBA log: PASS: OAM mirror store DMA1 32 (unaligned 3)
mGBA log: PASS: OAM mirror store DMA2 16
mGBA log: PASS: OAM mirror store DMA2 16 (unaligned)
mGBA log: PASS: OAM mirror store DMA2 32
mGBA log: PASS: OAM mirror store DMA2 32 (unaligned 1)
mGBA log: PASS: OAM mirror store DMA2 32 (unaligned 2)
mGBA log: PASS: OAM mirror store DMA2 32 (unaligned 3)
mGBA log: PASS: OAM mirror store DMA3 16
mGBA log: PASS: OAM mirror store DMA3 16 (unaligned)
mGBA log: PASS: OAM mirror store DMA3 32
mGBA log: PASS: OAM mirror store DMA3 32 (unaligned 1)
mGBA log: PASS: OAM mirror store DMA3 32 (unaligned 2)
mGBA log: PASS: OAM mirror store DMA3 32 (unaligned 3)
mGBA log: PASS: OAM mirror store swi B 16
mGBA log: PASS: OAM mirror store swi B 16 (unaligned)
mGBA log: PASS: OAM mirror store swi B 32
mGBA log: PASS: OAM mirror store swi B 32 (unaligned 1)
mGBA log: PASS: OAM mirror store swi B 32 (unaligned 2)
mGBA log: PASS: OAM mirror store swi B 32 (unaligned 3)
mGBA log: PASS: OAM mirror store swi C 32
mGBA log: PASS: OAM mirror store swi C 32 (unaligned 1)
mGBA log: PASS: OAM mirror store swi C 32 (unaligned 2)
mGBA log: PASS: OAM mirror store swi C 32 (unaligned 3)
mGBA log: Memory test: SRAM load
mGBA log: PASS: SRAM load U8
mGBA log: PASS: SRAM load S8
mGBA log: PASS: SRAM load U16
mGBA log: PASS: SRAM load U16 (unaligned)
mGBA log: PASS: SRAM load S16
mGBA log: PASS: SRAM load S16 (unaligned)
mGBA log: PASS: SRAM load 32
mGBA log: PASS: SRAM load 32 (unaligned 1)
mGBA log: PASS: SRAM load 32 (unaligned 2)
mGBA log: PASS: SRAM load 32 (unaligned 3)
mGBA log: PASS: SRAM load DMA0 16
mGBA log: PASS: SRAM load DMA0 16 (unaligned)
mGBA log: PASS: SRAM load DMA0 32
mGBA log: PASS: SRAM load DMA0 32 (unaligned 1)
mGBA log: PASS: SRAM load DMA0 32 (unaligned 2)
mGBA log: PASS: SRAM load DMA0 32 (unaligned 3)
mGBA log: PASS: SRAM load DMA1 16
mGBA log: PASS: SRAM load DMA1 16 (unaligned)
mGBA log: PASS: SRAM load DMA1 32
mGBA log: PASS: SRAM load DMA1 32 (unaligned 1)
mGBA log: PASS: SRAM load DMA1 32 (unaligned 2)
mGBA log: PASS: SRAM load DMA1 32 (unaligned 3)
mGBA log: PASS: SRAM load DMA2 16
mGBA log: PASS: SRAM load DMA2 16 (unaligned)
mGBA log: PASS: SRAM load DMA2 32
mGBA log: PASS: SRAM load DMA2 32 (unaligned 1)
mGBA log: PASS: SRAM load DMA2 32 (unaligned 2)
mGBA log: PASS: SRAM load DMA2 32 (unaligned 3)
mGBA log: PASS: SRAM load DMA3 16
mGBA log: PASS: SRAM load DMA3 16 (unaligned)
mGBA log: PASS: SRAM load DMA3 32
mGBA log: PASS: SRAM load DMA3 32 (unaligned 1)
mGBA log: PASS: SRAM load DMA3 32 (unaligned 2)
mGBA log: PASS: SRAM load DMA3 32 (unaligned 3)
mGBA log: PASS: SRAM load swi B 16
mGBA log: PASS: SRAM load swi B 16 (unaligned)
mGBA log: PASS: SRAM load swi B 32
mGBA log: PASS: SRAM load swi B 32 (unaligned 1)
mGBA log: PASS: SRAM load swi B 32 (unaligned 2)
mGBA log: PASS: SRAM load swi B 32 (unaligned 3)
mGBA log: PASS: SRAM load swi C 32
mGBA log: PASS: SRAM load swi C 32 (unaligned 1)
mGBA log: PASS: SRAM load swi C 32 (unaligned 2)
mGBA log: PASS: SRAM load swi C 32 (unaligned 3)
mGBA log: Memory test: SRAM mirror load
mGBA log: PASS: SRAM mirror load U8
mGBA log: PASS: SRAM mirror load S8
mGBA log: PASS: SRAM mirror load U16
mGBA log: PASS: SRAM mirror load U16 (unaligned)
mGBA log: PASS: SRAM mirror load S16
mGBA log: PASS: SRAM mirror load S16 (unaligned)
mGBA log: PASS: SRAM mirror load 32
mGBA log: PASS: SRAM mirror load 32 (unaligned 1)
mGBA log: PASS: SRAM mirror load 32 (unaligned 2)
mGBA log: PASS: SRAM mirror load 32 (unaligned 3)
mGBA log: PASS: SRAM mirror load DMA0 16
mGBA log: PASS: SRAM mirror load DMA0 16 (unaligned)
mGBA log: PASS: SRAM mirror load DMA0 32
mGBA log: PASS: SRAM mirror load DMA0 32 (unaligned 1)
mGBA log: PASS: SRAM mirror load DMA0 32 (unaligned 2)
mGBA log: PASS: SRAM mirror load DMA0 32 (unaligned 3)
mGBA log: PASS: SRAM mirror load DMA1 16
mGBA log: PASS: SRAM mirror load DMA1 16 (unaligned)
mGBA log: PASS: SRAM mirror load DMA1 32
mGBA log: PASS: SRAM mirror load DMA1 32 (unaligned 1)
mGBA log: PASS: SRAM mirror load DMA1 32 (unaligned 2)
mGBA log: PASS: SRAM mirror load DMA1 32 (unaligned 3)
mGBA log: PASS: SRAM mirror load DMA2 16
mGBA log: PASS: SRAM mirror load DMA2 16 (unaligned)
mGBA log: PASS: SRAM mirror load DMA2 32
mGBA log: PASS: SRAM mirror load DMA2 32 (unaligned 1)
mGBA log: PASS: SRAM mirror load DMA2 32 (unaligned 2)
mGBA log: PASS: SRAM mirror load DMA2 32 (unaligned 3)
mGBA log: PASS: SRAM mirror load DMA3 16
mGBA log: PASS: SRAM mirror load DMA3 16 (unaligned)
mGBA log: PASS: SRAM mirror load DMA3 32
mGBA log: PASS: SRAM mirror load DMA3 32 (unaligned 1)
mGBA log: PASS: SRAM mirror load DMA3 32 (unaligned 2)
mGBA log: PASS: SRAM mirror load DMA3 32 (unaligned 3)
mGBA log: PASS: SRAM mirror load swi B 16
mGBA log: PASS: SRAM mirror load swi B 16 (unaligned)
mGBA log: PASS: SRAM mirror load swi B 32
mGBA log: PASS: SRAM mirror load swi B 32 (unaligned 1)
mGBA log: PASS: SRAM mirror load swi B 32 (unaligned 2)
mGBA log: PASS: SRAM mirror load swi B 32 (unaligned 3)
mGBA log: PASS: SRAM mirror load swi C 32
mGBA log: PASS: SRAM mirror load swi C 32 (unaligned 1)
mGBA log: PASS: SRAM mirror load swi C 32 (unaligned 2)
mGBA log: PASS: SRAM mirror load swi C 32 (unaligned 3)
mGBA log: Memory test: SRAM store
mGBA log: PASS: SRAM store U8
mGBA log: PASS: SRAM store S8 (U16 load)
mGBA log: PASS: SRAM store U16
mGBA log: PASS: SRAM store U16 (unaligned)
mGBA log: PASS: SRAM store 32
mGBA log: PASS: SRAM store 32 (unaligned 1)
mGBA log: PASS: SRAM store 32 (unaligned 2)
mGBA log: PASS: SRAM store 32 (unaligned 3)
mGBA log: PASS: SRAM store DMA0 16
mGBA log: PASS: SRAM store DMA0 16 (unaligned)
mGBA log: PASS: SRAM store DMA0 32
mGBA log: PASS: SRAM store DMA0 32 (unaligned 1)
mGBA log: PASS: SRAM store DMA0 32 (unaligned 2)
mGBA log: PASS: SRAM store DMA0 32 (unaligned 3)
mGBA log: PASS: SRAM store DMA1 16
mGBA log: PASS: SRAM store DMA1 16 (unaligned)
mGBA log: PASS: SRAM store DMA1 32
mGBA log: PASS: SRAM store DMA1 32 (unaligned 1)
mGBA log: PASS: SRAM store DMA1 32 (unaligned 2)
mGBA log: PASS: SRAM store DMA1 32 (unaligned 3)
mGBA log: PASS: SRAM store DMA2 16
mGBA log: PASS: SRAM store DMA2 16 (unaligned)
mGBA log: PASS: SRAM store DMA2 32
mGBA log: PASS: SRAM store DMA2 32 (unaligned 1)
mGBA log: PASS: SRAM store DMA2 32 (unaligned 2)
mGBA log: PASS: SRAM store DMA2 32 (unaligned 3)
mGBA log: PASS: SRAM store DMA3 16
mGBA log: PASS: SRAM store DMA3 16 (unaligned)
mGBA log: PASS: SRAM store DMA3 32
mGBA log: PASS: SRAM store DMA3 32 (unaligned 1)
mGBA log: PASS: SRAM store DMA3 32 (unaligned 2)
mGBA log: PASS: SRAM store DMA3 32 (unaligned 3)
mGBA log: PASS: SRAM store swi B 16
mGBA log: PASS: SRAM store swi B 16 (unaligned)
mGBA log: PASS: SRAM store swi B 32
mGBA log: PASS: SRAM store swi B 32 (unaligned 1)
mGBA log: PASS: SRAM store swi B 32 (unaligned 2)
mGBA log: PASS: SRAM store swi B 32 (unaligned 3)
mGBA log: PASS: SRAM store swi C 32
mGBA log: PASS: SRAM store swi C 32 (unaligned 1)
mGBA log: PASS: SRAM store swi C 32 (unaligned 2)
mGBA log: PASS: SRAM store swi C 32 (unaligned 3)
mGBA log: Memory test: SRAM mirror store
mGBA log: PASS: SRAM mirror store U8
mGBA log: PASS: SRAM mirror store S8 (U16 load)
mGBA log: PASS: SRAM mirror store U16
mGBA log: PASS: SRAM mirror store U16 (unaligned)
mGBA log: PASS: SRAM mirror store 32
mGBA log: PASS: SRAM mirror store 32 (unaligned 1)
mGBA log: PASS: SRAM mirror store 32 (unaligned 2)
mGBA log: PASS: SRAM mirror store 32 (unaligned 3)
mGBA log: PASS: SRAM mirror store DMA0 16
mGBA log: PASS: SRAM mirror store DMA0 16 (unaligned)
mGBA log: PASS: SRAM mirror store DMA0 32
mGBA log: PASS: SRAM mirror store DMA0 32 (unaligned 1)
mGBA log: PASS: SRAM mirror store DMA0 32 (unaligned 2)
mGBA log: PASS: SRAM mirror store DMA0 32 (unaligned 3)
mGBA log: PASS: SRAM mirror store DMA1 16
mGBA log: PASS: SRAM mirror store DMA1 16 (unaligned)
mGBA log: PASS: SRAM mirror store DMA1 32
mGBA log: PASS: SRAM mirror store DMA1 32 (unaligned 1)
mGBA log: PASS: SRAM mirror store DMA1 32 (unaligned 2)
mGBA log: PASS: SRAM mirror store DMA1 32 (unaligned 3)
mGBA log: PASS: SRAM mirror store DMA2 16
mGBA log: PASS: SRAM mirror store DMA2 16 (unaligned)
mGBA log: PASS: SRAM mirror store DMA2 32
mGBA log: PASS: SRAM mirror store DMA2 32 (unaligned 1)
mGBA log: PASS: SRAM mirror store DMA2 32 (unaligned 2)
mGBA log: PASS: SRAM mirror store DMA2 32 (unaligned 3)
mGBA log: PASS: SRAM mirror store DMA3 16
mGBA log: PASS: SRAM mirror store DMA3 16 (unaligned)
mGBA log: PASS: SRAM mirror store DMA3 32
mGBA log: PASS: SRAM mirror store DMA3 32 (unaligned 1)
mGBA log: PASS: SRAM mirror store DMA3 32 (unaligned 2)
mGBA log: PASS: SRAM mirror store DMA3 32 (unaligned 3)
mGBA log: PASS: SRAM mirror store swi B 16
mGBA log: PASS: SRAM mirror store swi B 16 (unaligned)
mGBA log: PASS: SRAM mirror store swi B 32
mGBA log: PASS: SRAM mirror store swi B 32 (unaligned 1)
mGBA log: PASS: SRAM mirror store swi B 32 (unaligned 2)
mGBA log: PASS: SRAM mirror store swi B 32 (unaligned 3)
mGBA log: PASS: SRAM mirror store swi C 32
mGBA log: PASS: SRAM mirror store swi C 32 (unaligned 1)
mGBA log: PASS: SRAM mirror store swi C 32 (unaligned 2)
mGBA log: PASS: SRAM mirror store swi C 32 (unaligned 3)
mGBA log: Memory test: BIOS load
mGBA log: PASS: BIOS load U8
mGBA log: PASS: BIOS load S8
mGBA log: PASS: BIOS load U16
mGBA log: PASS: BIOS load U16 (unaligned)
mGBA log: PASS: BIOS load S16
mGBA log: PASS: BIOS load S16 (unaligned)
mGBA log: PASS: BIOS load 32
mGBA log: PASS: BIOS load 32 (unaligned 1)
mGBA log: PASS: BIOS load 32 (unaligned 2)
mGBA log: PASS: BIOS load 32 (unaligned 3)
mGBA log: PASS: BIOS load DMA0 16
mGBA log: PASS: BIOS load DMA0 16 (unaligned)
mGBA log: PASS: BIOS load DMA0 32
mGBA log: PASS: BIOS load DMA0 32 (unaligned 1)
mGBA log: PASS: BIOS load DMA0 32 (unaligned 2)
mGBA log: PASS: BIOS load DMA0 32 (unaligned 3)
mGBA log: PASS: BIOS load DMA1 16
mGBA log: PASS: BIOS load DMA1 16 (unaligned)
mGBA log: PASS: BIOS load DMA1 32
mGBA log: PASS: BIOS load DMA1 32 (unaligned 1)
mGBA log: PASS: BIOS load DMA1 32 (unaligned 2)
mGBA log: PASS: BIOS load DMA1 32 (unaligned 3)
mGBA log: PASS: BIOS load DMA2 16
mGBA log: PASS: BIOS load DMA2 16 (unaligned)
mGBA log: PASS: BIOS load DMA2 32
mGBA log: PASS: BIOS load DMA2 32 (unaligned 1)
mGBA log: PASS: BIOS load DMA2 32 (unaligned 2)
mGBA log: PASS: BIOS load DMA2 32 (unaligned 3)
mGBA log: PASS: BIOS load DMA3 16
mGBA log: PASS: BIOS load DMA3 16 (unaligned)
mGBA log: PASS: BIOS load DMA3 32
mGBA log: PASS: BIOS load DMA3 32 (unaligned 1)
mGBA log: PASS: BIOS load DMA3 32 (unaligned 2)
mGBA log: PASS: BIOS load DMA3 32 (unaligned 3)
mGBA log: PASS: BIOS load swi B 16
mGBA log: PASS: BIOS load swi B 16 (unaligned)
mGBA log: PASS: BIOS load swi B 32
mGBA log: PASS: BIOS load swi B 32 (unaligned 1)
mGBA log: PASS: BIOS load swi B 32 (unaligned 2)
mGBA log: PASS: BIOS load swi B 32 (unaligned 3)
mGBA log: PASS: BIOS load swi C 32
mGBA log: PASS: BIOS load swi C 32 (unaligned 1)
mGBA log: PASS: BIOS load swi C 32 (unaligned 2)
mGBA log: PASS: BIOS load swi C 32 (unaligned 3)
mGBA log: Memory test: BIOS out-of-bounds load
mGBA log: PASS: BIOS out-of-bounds load U8
mGBA log: PASS: BIOS out-of-bounds load S8
mGBA log: PASS: BIOS out-of-bounds load U16
mGBA log: PASS: BIOS out-of-bounds load U16 (unaligned)
mGBA log: PASS: BIOS out-of-bounds load S16
mGBA log: PASS: BIOS out-of-bounds load S16 (unaligned)
mGBA log: PASS: BIOS out-of-bounds load 32
mGBA log: PASS: BIOS out-of-bounds load 32 (unaligned 1)
mGBA log: PASS: BIOS out-of-bounds load 32 (unaligned 2)
mGBA log: PASS: BIOS out-of-bounds load 32 (unaligned 3)
mGBA log: PASS: BIOS out-of-bounds load DMA0 16
mGBA log: PASS: BIOS out-of-bounds load DMA0 16 (unaligned)
mGBA log: PASS: BIOS out-of-bounds load DMA0 32
mGBA log: PASS: BIOS out-of-bounds load DMA0 32 (unaligned 1)
mGBA log: PASS: BIOS out-of-bounds load DMA0 32 (unaligned 2)
mGBA log: PASS: BIOS out-of-bounds load DMA0 32 (unaligned 3)
mGBA log: PASS: BIOS out-of-bounds load DMA1 16
mGBA log: PASS: BIOS out-of-bounds load DMA1 16 (unaligned)
mGBA log: PASS: BIOS out-of-bounds load DMA1 32
mGBA log: PASS: BIOS out-of-bounds load DMA1 32 (unaligned 1)
mGBA log: PASS: BIOS out-of-bounds load DMA1 32 (unaligned 2)
mGBA log: PASS: BIOS out-of-bounds load DMA1 32 (unaligned 3)
mGBA log: PASS: BIOS out-of-bounds load DMA2 16
mGBA log: PASS: BIOS out-of-bounds load DMA2 16 (unaligned)
mGBA log: PASS: BIOS out-of-bounds load DMA2 32
mGBA log: PASS: BIOS out-of-bounds load DMA2 32 (unaligned 1)
mGBA log: PASS: BIOS out-of-bounds load DMA2 32 (unaligned 2)
mGBA log: PASS: BIOS out-of-bounds load DMA2 32 (unaligned 3)
mGBA log: PASS: BIOS out-of-bounds load DMA3 16
mGBA log: PASS: BIOS out-of-bounds load DMA3 16 (unaligned)
mGBA log: PASS: BIOS out-of-bounds load DMA3 32
mGBA log: PASS: BIOS out-of-bounds load DMA3 32 (unaligned 1)
mGBA log: PASS: BIOS out-of-bounds load DMA3 32 (unaligned 2)
mGBA log: PASS: BIOS out-of-bounds load DMA3 32 (unaligned 3)
mGBA log: PASS: BIOS out-of-bounds load swi B 16
mGBA log: PASS: BIOS out-of-bounds load swi B 16 (unaligned)
mGBA log: PASS: BIOS out-of-bounds load swi B 32
mGBA log: PASS: BIOS out-of-bounds load swi B 32 (unaligned 1)
mGBA log: PASS: BIOS out-of-bounds load swi B 32 (unaligned 2)
mGBA log: PASS: BIOS out-of-bounds load swi B 32 (unaligned 3)
mGBA log: PASS: BIOS out-of-bounds load swi C 32
mGBA log: PASS: BIOS out-of-bounds load swi C 32 (unaligned 1)
mGBA log: PASS: BIOS out-of-bounds load swi C 32 (unaligned 2)
mGBA log: PASS: BIOS out-of-bounds load swi C 32 (unaligned 3)
mGBA log: Memory test: Out-of-bounds load
mGBA log: PASS: Out-of-bounds load U8
mGBA log: PASS: Out-of-bounds load S8
mGBA log: PASS: Out-of-bounds load U16
mGBA log: PASS: Out-of-bounds load U16 (unaligned)
mGBA log: PASS: Out-of-bounds load S16
mGBA log: PASS: Out-of-bounds load S16 (unaligned)
mGBA log: PASS: Out-of-bounds load 32
mGBA log: PASS: Out-of-bounds load 32 (unaligned 1)
mGBA log: PASS: Out-of-bounds load 32 (unaligned 2)
mGBA log: PASS: Out-of-bounds load 32 (unaligned 3)
mGBA log: PASS: Out-of-bounds load DMA0 16
mGBA log: PASS: Out-of-bounds load DMA0 16 (unaligned)
mGBA log: PASS: Out-of-bounds load DMA0 32
mGBA log: PASS: Out-of-bounds load DMA0 32 (unaligned 1)
mGBA log: PASS: Out-of-bounds load DMA0 32 (unaligned 2)
mGBA log: PASS: Out-of-bounds load DMA0 32 (unaligned 3)
mGBA log: PASS: Out-of-bounds load DMA1 16
mGBA log: PASS: Out-of-bounds load DMA1 16 (unaligned)
mGBA log: PASS: Out-of-bounds load DMA1 32
mGBA log: PASS: Out-of-bounds load DMA1 32 (unaligned 1)
mGBA log: PASS: Out-of-bounds load DMA1 32 (unaligned 2)
mGBA log: PASS: Out-of-bounds load DMA1 32 (unaligned 3)
mGBA log: PASS: Out-of-bounds load DMA2 16
mGBA log: PASS: Out-of-bounds load DMA2 16 (unaligned)
mGBA log: PASS: Out-of-bounds load DMA2 32
mGBA log: PASS: Out-of-bounds load DMA2 32 (unaligned 1)
mGBA log: PASS: Out-of-bounds load DMA2 32 (unaligned 2)
mGBA log: PASS: Out-of-bounds load DMA2 32 (unaligned 3)
mGBA log: PASS: Out-of-bounds load DMA3 16
mGBA log: PASS: Out-of-bounds load DMA3 16 (unaligned)
mGBA log: PASS: Out-of-bounds load DMA3 32
mGBA log: PASS: Out-of-bounds load DMA3 32 (unaligned 1)
mGBA log: PASS: Out-of-bounds load DMA3 32 (unaligned 2)
mGBA log: PASS: Out-of-bounds load DMA3 32 (unaligned 3)
mGBA log: PASS: Out-of-bounds load swi B 16
mGBA log: PASS: Out-of-bounds load swi B 16 (unaligned)
mGBA log: PASS: Out-of-bounds load swi B 32
mGBA log: PASS: Out-of-bounds load swi B 32 (unaligned 1)
mGBA log: PASS: Out-of-bounds load swi B 32 (unaligned 2)
mGBA log: PASS: Out-of-bounds load swi B 32 (unaligned 3)
mGBA log: PASS: Out-of-bounds load swi C 32
mGBA log: PASS: Out-of-bounds load swi C 32 (unaligned 1)
mGBA log: PASS: Out-of-bounds load swi C 32 (unaligned 2)
mGBA log: PASS: Out-of-bounds load swi C 32 (unaligned 3)
mGBA log: END: 1552/1552

--- Suite 01: Memory ---
Frames: 236
[sram]
Game Boy Advance Test Suite
===
Memory test: ROM load
Memory test: ROM store
Memory test: ROM out-of-bounds load
Memory test: IWRAM load
Memory test: IWRAM mirror load
Memory test: IWRAM store
Memory test: IWRAM mirror store
Memory test: EWRAM load
Memory test: EWRAM mirror load
Memory test: EWRAM store
Memory test: EWRAM mirror store
Memory test: Palette load
Memory test: Palette mirror load
Memory test: Palette store
Memory test: Palette mirror store
Memory test: VRAM load
Memory test: VRAM mirror load
Memory test: VRAM OBJ load
Memory test: VRAM OBJ mirror load
Memory test: VRAM OBJ mirror 2 load
Memory test: VRAM store
Memory test: VRAM mirror store
Memory test: VRAM OBJ store
Memory test: VRAM OBJ mirror store
Memory test: VRAM OBJ mirror 2 store
Memory test: OAM load
Memory test: OAM mirror load
Memory test: OAM store
Memory test: OAM mirror store
Memory test: SRAM load
Memory test: SRAM mirror load
Memory test: SRAM store
Memory test: SRAM mirror store
Memory test: BIOS load
Memory test: BIOS out-of-bounds load
Memory test: Out-of-bounds load
mGBA log: Game Boy Advance Test Suite
===
mGBA log: BEGIN: I/O read tests
mGBA log: PASS: BG0CNT
mGBA log: PASS: BG1CNT
mGBA log: PASS: BG2CNT
mGBA log: PASS: BG3CNT
mGBA log: PASS: BG0HOFS
mGBA log: PASS: BG0VOFS
mGBA log: PASS: BG1HOFS
mGBA log: PASS: BG1VOFS
mGBA log: PASS: BG2HOFS
mGBA log: PASS: BG2VOFS
mGBA log: PASS: BG3HOFS
mGBA log: PASS: BG3VOFS
mGBA log: PASS: BG2PA
mGBA log: PASS: BG2PB
mGBA log: PASS: BG2PC
mGBA log: PASS: BG2PD
mGBA log: PASS: BG2X_LO
mGBA log: PASS: BG2X_HI
mGBA log: PASS: BG2Y_LO
mGBA log: PASS: BG2Y_HI
mGBA log: PASS: BG3PA
mGBA log: PASS: BG3PB
mGBA log: PASS: BG3PC
mGBA log: PASS: BG3PD
mGBA log: PASS: BG3X_LO
mGBA log: PASS: BG3X_HI
mGBA log: PASS: BG3Y_LO
mGBA log: PASS: BG3Y_HI
mGBA log: PASS: WIN0H
mGBA log: PASS: WIN1H
mGBA log: PASS: WIN0V
mGBA log: PASS: WIN1V
mGBA log: PASS: WININ
mGBA log: PASS: WINOUT
mGBA log: PASS: MOSAIC
mGBA log: PASS: INVALID (4E)
mGBA log: PASS: BLDCNT
mGBA log: PASS: BLDALPHA
mGBA log: PASS: BLDY
mGBA log: PASS: INVALID (56)
mGBA log: PASS: INVALID (58)
mGBA log: PASS: INVALID (5A)
mGBA log: PASS: INVALID (5C)
mGBA log: PASS: INVALID (5E)
mGBA log: PASS: SOUND1CNT_LO
mGBA log: PASS: SOUND1CNT_HI
mGBA log: PASS: SOUND1CNT_X
mGBA log: PASS: INVALID (66)
mGBA log: PASS: SOUND2CNT_LO
mGBA log: PASS: INVALID (6A)
mGBA log: PASS: SOUND2CNT_HI
mGBA log: PASS: INVALID (6E)
mGBA log: PASS: SOUND3CNT_LO
mGBA log: PASS: SOUND3CNT_HI
mGBA log: PASS: SOUND3CNT_X
mGBA log: PASS: INVALID (76)
mGBA log: PASS: SOUND4CNT_LO
mGBA log: PASS: INVALID (7A)
mGBA log: PASS: SOUND4CNT_HI
mGBA log: PASS: INVALID (7E)
mGBA log: PASS: SOUNDCNT_LO
mGBA log: PASS: SOUNDCNT_HI
mGBA log: PASS: SOUNDCNT_X
mGBA log: PASS: INVALID (86)
mGBA log: PASS: INVALID (8A)
mGBA log: PASS: INVALID (8C)
mGBA log: PASS: INVALID (8E)
mGBA log: PASS: WAVE_RAM_0
mGBA log: PASS: WAVE_RAM_1
mGBA log: PASS: WAVE_RAM_2
mGBA log: PASS: WAVE_RAM_3
mGBA log: PASS: WAVE_RAM_4
mGBA log: PASS: WAVE_RAM_5
mGBA log: PASS: WAVE_RAM_6
mGBA log: PASS: WAVE_RAM_7
mGBA log: PASS: FIFO_A_LO
mGBA log: PASS: FIFO_A_HI
mGBA log: PASS: FIFO_B_LO
mGBA log: PASS: FIFO_B_HI
mGBA log: PASS: INVALID (A8)
mGBA log: PASS: INVALID (AA)
mGBA log: PASS: INVALID (AC)
mGBA log: PASS: INVALID (AE)
mGBA log: PASS: DMA0SAD_LO
mGBA log: PASS: DMA0SAD_HI
mGBA log: PASS: DMA0DAD_LO
mGBA log: PASS: DMA0DAD_HI
mGBA log: PASS: DMA0CNT_LO
mGBA log: PASS: DMA0CNT_HI
mGBA log: PASS: DMA1SAD_LO
mGBA log: PASS: DMA1SAD_HI
mGBA log: PASS: DMA1DAD_LO
mGBA log: PASS: DMA1DAD_HI
mGBA log: PASS: DMA1CNT_LO
mGBA log: PASS: DMA1CNT_HI
mGBA log: PASS: DMA2SAD_LO
mGBA log: PASS: DMA2SAD_HI
mGBA log: PASS: DMA2DAD_LO
mGBA log: PASS: DMA2DAD_HI
mGBA log: PASS: DMA2CNT_LO
mGBA log: PASS: DMA2CNT_HI
mGBA log: PASS: DMA3SAD_LO
mGBA log: PASS: DMA3SAD_HI
mGBA log: PASS: DMA3DAD_LO
mGBA log: PASS: DMA3DAD_HI
mGBA log: PASS: DMA3CNT_LO
mGBA log: PASS: DMA3CNT_HI
mGBA log: PASS: INVALID (E0)
mGBA log: PASS: INVALID (E2)
mGBA log: PASS: INVALID (E4)
mGBA log: PASS: INVALID (E6)
mGBA log: PASS: INVALID (E8)
mGBA log: PASS: INVALID (EA)
mGBA log: PASS: INVALID (EC)
mGBA log: PASS: INVALID (EE)
mGBA log: PASS: INVALID (F0)
mGBA log: PASS: INVALID (F2)
mGBA log: PASS: INVALID (F4)
mGBA log: PASS: INVALID (F6)
mGBA log: PASS: INVALID (F8)
mGBA log: PASS: INVALID (FA)
mGBA log: PASS: INVALID (FC)
mGBA log: PASS: INVALID (FE)
mGBA log: PASS: INVALID (136)
mGBA log: PASS: INVALID (142)
mGBA log: PASS: INVALID (15A)
mGBA log: PASS: INVALID (206)
mGBA log: PASS: INVALID (20A)
mGBA log: PASS: INVALID (302)
mGBA log: PASS: INVALID (100C)
mGBA log: END: 130/130

--- Suite 02: I/O read ---
Frames: 1800
[sram]
Game Boy Advance Test Suite
===
mGBA log: Game Boy Advance Test Suite
===
mGBA log: BEGIN: Timing tests
mGBA log: Timing test: Calibration
mGBA log: PASS: Calibration ARM/ROM ...
mGBA log: PASS: Calibration ARM/ROM P..
mGBA log: PASS: Calibration ARM/ROM .N.
mGBA log: PASS: Calibration ARM/ROM PN.
mGBA log: PASS: Calibration ARM/ROM ..S
mGBA log: PASS: Calibration ARM/ROM P.S
mGBA log: PASS: Calibration ARM/ROM .NS
mGBA log: PASS: Calibration ARM/ROM PNS
mGBA log: PASS: Calibration ARM/WRAM
mGBA log: PASS: Calibration ARM/IWRAM
mGBA log: PASS: Calibration Thumb/ROM ...
mGBA log: PASS: Calibration Thumb/ROM P..
mGBA log: PASS: Calibration Thumb/ROM .N.
mGBA log: PASS: Calibration Thumb/ROM PN.
mGBA log: PASS: Calibration Thumb/ROM ..S
mGBA log: PASS: Calibration Thumb/ROM P.S
mGBA log: PASS: Calibration Thumb/ROM .NS
mGBA log: PASS: Calibration Thumb/ROM PNS
mGBA log: PASS: Calibration Thumb/WRAM
mGBA log: PASS: Calibration Thumb/IWRAM
mGBA log: Timing test: nop
mGBA log: PASS: nop ARM/ROM ...
mGBA log: PASS: nop ARM/ROM P..
mGBA log: PASS: nop ARM/ROM .N.
mGBA log: PASS: nop ARM/ROM PN.
mGBA log: PASS: nop ARM/ROM ..S
mGBA log: PASS: nop ARM/ROM P.S
mGBA log: PASS: nop ARM/ROM .NS
mGBA log: PASS: nop ARM/ROM PNS
mGBA log: PASS: nop ARM/WRAM
mGBA log: PASS: nop ARM/IWRAM
mGBA log: PASS: nop Thumb/ROM ...
mGBA log: PASS: nop Thumb/ROM P..
mGBA log: PASS: nop Thumb/ROM .N.
mGBA log: PASS: nop Thumb/ROM PN.
mGBA log: PASS: nop Thumb/ROM ..S
mGBA log: PASS: nop Thumb/ROM P.S
mGBA log: PASS: nop Thumb/ROM .NS
mGBA log: PASS: nop Thumb/ROM PNS
mGBA log: PASS: nop Thumb/WRAM
mGBA log: PASS: nop Thumb/IWRAM
mGBA log: Timing test: nop / nop
mGBA log: PASS: nop / nop ARM/ROM ...
mGBA log: PASS: nop / nop ARM/ROM P..
mGBA log: PASS: nop / nop ARM/ROM .N.
mGBA log: PASS: nop / nop ARM/ROM PN.
mGBA log: PASS: nop / nop ARM/ROM ..S
mGBA log: PASS: nop / nop ARM/ROM P.S
mGBA log: PASS: nop / nop ARM/ROM .NS
mGBA log: PASS: nop / nop ARM/ROM PNS
mGBA log: PASS: nop / nop ARM/WRAM
mGBA log: PASS: nop / nop ARM/IWRAM
mGBA log: PASS: nop / nop Thumb/ROM ...
mGBA log: PASS: nop / nop Thumb/ROM P..
mGBA log: PASS: nop / nop Thumb/ROM .N.
mGBA log: PASS: nop / nop Thumb/ROM PN.
mGBA log: PASS: nop / nop Thumb/ROM ..S
mGBA log: PASS: nop / nop Thumb/ROM P.S
mGBA log: PASS: nop / nop Thumb/ROM .NS
mGBA log: PASS: nop / nop Thumb/ROM PNS
mGBA log: PASS: nop / nop Thumb/WRAM
mGBA log: PASS: nop / nop Thumb/IWRAM
mGBA log: Timing test: ldrh r2, [sp]
mGBA log: PASS: ldrh r2, [sp] ARM/ROM ...
mGBA log: PASS: ldrh r2, [sp] ARM/ROM P..
mGBA log: PASS: ldrh r2, [sp] ARM/ROM .N.
mGBA log: PASS: ldrh r2, [sp] ARM/ROM PN.
mGBA log: PASS: ldrh r2, [sp] ARM/ROM ..S
mGBA log: PASS: ldrh r2, [sp] ARM/ROM P.S
mGBA log: PASS: ldrh r2, [sp] ARM/ROM .NS
mGBA log: PASS: ldrh r2, [sp] ARM/ROM PNS
mGBA log: PASS: ldrh r2, [sp] ARM/WRAM
mGBA log: PASS: ldrh r2, [sp] ARM/IWRAM
mGBA log: PASS: ldrh r2, [sp] Thumb/ROM ...
mGBA log: PASS: ldrh r2, [sp] Thumb/ROM P..
mGBA log: PASS: ldrh r2, [sp] Thumb/ROM .N.
mGBA log: PASS: ldrh r2, [sp] Thumb/ROM PN.
mGBA log: PASS: ldrh r2, [sp] Thumb/ROM ..S
mGBA log: PASS: ldrh r2, [sp] Thumb/ROM P.S
mGBA log: PASS: ldrh r2, [sp] Thumb/ROM .NS
mGBA log: PASS: ldrh r2, [sp] Thumb/ROM PNS
mGBA log: PASS: ldrh r2, [sp] Thumb/WRAM
mGBA log: PASS: ldrh r2, [sp] Thumb/IWRAM
mGBA log: Timing test: ldrh r2, [sp] / nop
mGBA log: PASS: ldrh r2, [sp] / nop ARM/ROM ...
mGBA log: PASS: ldrh r2, [sp] / nop ARM/ROM P..
mGBA log: PASS: ldrh r2, [sp] / nop ARM/ROM .N.
mGBA log: PASS: ldrh r2, [sp] / nop ARM/ROM PN.
mGBA log: PASS: ldrh r2, [sp] / nop ARM/ROM ..S
mGBA log: PASS: ldrh r2, [sp] / nop ARM/ROM P.S
mGBA log: PASS: ldrh r2, [sp] / nop ARM/ROM .NS
mGBA log: PASS: ldrh r2, [sp] / nop ARM/ROM PNS
mGBA log: PASS: ldrh r2, [sp] / nop ARM/WRAM
mGBA log: PASS: ldrh r2, [sp] / nop ARM/IWRAM
mGBA log: PASS: ldrh r2, [sp] / nop Thumb/ROM ...
mGBA log: PASS: ldrh r2, [sp] / nop Thumb/ROM P..
mGBA log: PASS: ldrh r2, [sp] / nop Thumb/ROM .N.
mGBA log: PASS: ldrh r2, [sp] / nop Thumb/ROM PN.
mGBA log: PASS: ldrh r2, [sp] / nop Thumb/ROM ..S
mGBA log: PASS: ldrh r2, [sp] / nop Thumb/ROM P.S
mGBA log: PASS: ldrh r2, [sp] / nop Thumb/ROM .NS
mGBA log: PASS: ldrh r2, [sp] / nop Thumb/ROM PNS
mGBA log: PASS: ldrh r2, [sp] / nop Thumb/WRAM
mGBA log: PASS: ldrh r2, [sp] / nop Thumb/IWRAM
mGBA log: Timing test: nop / ldrh r2, [sp]
mGBA log: PASS: nop / ldrh r2, [sp] ARM/ROM ...
mGBA log: PASS: nop / ldrh r2, [sp] ARM/ROM P..
mGBA log: PASS: nop / ldrh r2, [sp] ARM/ROM .N.
mGBA log: PASS: nop / ldrh r2, [sp] ARM/ROM PN.
mGBA log: PASS: nop / ldrh r2, [sp] ARM/ROM ..S
mGBA log: PASS: nop / ldrh r2, [sp] ARM/ROM P.S
mGBA log: PASS: nop / ldrh r2, [sp] ARM/ROM .NS
mGBA log: PASS: nop / ldrh r2, [sp] ARM/ROM PNS
mGBA log: PASS: nop / ldrh r2, [sp] ARM/WRAM
mGBA log: PASS: nop / ldrh r2, [sp] ARM/IWRAM
mGBA log: PASS: nop / ldrh r2, [sp] Thumb/ROM ...
mGBA log: PASS: nop / ldrh r2, [sp] Thumb/ROM P..
mGBA log: PASS: nop / ldrh r2, [sp] Thumb/ROM .N.
mGBA log: PASS: nop / ldrh r2, [sp] Thumb/ROM PN.
mGBA log: PASS: nop / ldrh r2, [sp] Thumb/ROM ..S
mGBA log: PASS: nop / ldrh r2, [sp] Thumb/ROM P.S
mGBA log: PASS: nop / ldrh r2, [sp] Thumb/ROM .NS
mGBA log: PASS: nop / ldrh r2, [sp] Thumb/ROM PNS
mGBA log: PASS: nop / ldrh r2, [sp] Thumb/WRAM
mGBA log: PASS: nop / ldrh r2, [sp] Thumb/IWRAM
mGBA log: Timing test: nop / ldrh r2, [sp] / nop
mGBA log: PASS: nop / ldrh r2, [sp] / nop ARM/ROM ...
mGBA log: PASS: nop / ldrh r2, [sp] / nop ARM/ROM P..
mGBA log: PASS: nop / ldrh r2, [sp] / nop ARM/ROM .N.
mGBA log: PASS: nop / ldrh r2, [sp] / nop ARM/ROM PN.
mGBA log: PASS: nop / ldrh r2, [sp] / nop ARM/ROM ..S
mGBA log: PASS: nop / ldrh r2, [sp] / nop ARM/ROM P.S
mGBA log: PASS: nop / ldrh r2, [sp] / nop ARM/ROM .NS
mGBA log: PASS: nop / ldrh r2, [sp] / nop ARM/ROM PNS
mGBA log: PASS: nop / ldrh r2, [sp] / nop ARM/WRAM
mGBA log: PASS: nop / ldrh r2, [sp] / nop ARM/IWRAM
mGBA log: PASS: nop / ldrh r2, [sp] / nop Thumb/ROM ...
mGBA log: PASS: nop / ldrh r2, [sp] / nop Thumb/ROM P..
mGBA log: PASS: nop / ldrh r2, [sp] / nop Thumb/ROM .N.
mGBA log: PASS: nop / ldrh r2, [sp] / nop Thumb/ROM PN.
mGBA log: PASS: nop / ldrh r2, [sp] / nop Thumb/ROM ..S
mGBA log: PASS: nop / ldrh r2, [sp] / nop Thumb/ROM P.S
mGBA log: PASS: nop / ldrh r2, [sp] / nop Thumb/ROM .NS
mGBA log: PASS: nop / ldrh r2, [sp] / nop Thumb/ROM PNS
mGBA log: PASS: nop / ldrh r2, [sp] / nop Thumb/WRAM
mGBA log: PASS: nop / ldrh r2, [sp] / nop Thumb/IWRAM
mGBA log: Timing test: ldrh r2, [#0x08000000]
mGBA log: PASS: ldrh r2, [#0x08000000] ARM/ROM ...
mGBA log: PASS: ldrh r2, [#0x08000000] ARM/ROM P..
mGBA log: PASS: ldrh r2, [#0x08000000] ARM/ROM .N.
mGBA log: PASS: ldrh r2, [#0x08000000] ARM/ROM PN.
mGBA log: PASS: ldrh r2, [#0x08000000] ARM/ROM ..S
mGBA log: PASS: ldrh r2, [#0x08000000] ARM/ROM P.S
mGBA log: PASS: ldrh r2, [#0x08000000] ARM/ROM .NS
mGBA log: PASS: ldrh r2, [#0x08000000] ARM/ROM PNS
mGBA log: PASS: ldrh r2, [#0x08000000] ARM/WRAM
mGBA log: PASS: ldrh r2, [#0x08000000] ARM/IWRAM
mGBA log: PASS: ldrh r2, [#0x08000000] Thumb/ROM ...
mGBA log: PASS: ldrh r2, [#0x08000000] Thumb/ROM P..
mGBA log: PASS: ldrh r2, [#0x08000000] Thumb/ROM .N.
mGBA log: PASS: ldrh r2, [#0x08000000] Thumb/ROM PN.
mGBA log: PASS: ldrh r2, [#0x08000000] Thumb/ROM ..S
mGBA log: PASS: ldrh r2, [#0x08000000] Thumb/ROM P.S
mGBA log: PASS: ldrh r2, [#0x08000000] Thumb/ROM .NS
mGBA log: PASS: ldrh r2, [#0x08000000] Thumb/ROM PNS
mGBA log: PASS: ldrh r2, [#0x08000000] Thumb/WRAM
mGBA log: PASS: ldrh r2, [#0x08000000] Thumb/IWRAM
mGBA log: Timing test: ldrh r2, [#0x08000000] / nop
mGBA log: PASS: ldrh r2, [#0x08000000] / nop ARM/ROM ...
mGBA log: PASS: ldrh r2, [#0x08000000] / nop ARM/ROM P..
mGBA log: PASS: ldrh r2, [#0x08000000] / nop ARM/ROM .N.
mGBA log: PASS: ldrh r2, [#0x08000000] / nop ARM/ROM PN.
mGBA log: PASS: ldrh r2, [#0x08000000] / nop ARM/ROM ..S
mGBA log: PASS: ldrh r2, [#0x08000000] / nop ARM/ROM P.S
mGBA log: PASS: ldrh r2, [#0x08000000] / nop ARM/ROM .NS
mGBA log: PASS: ldrh r2, [#0x08000000] / nop ARM/ROM PNS
mGBA log: PASS: ldrh r2, [#0x08000000] / nop ARM/WRAM
mGBA log: PASS: ldrh r2, [#0x08000000] / nop ARM/IWRAM
mGBA log: PASS: ldrh r2, [#0x08000000] / nop Thumb/ROM ...
mGBA log: PASS: ldrh r2, [#0x08000000] / nop Thumb/ROM P..
mGBA log: PASS: ldrh r2, [#0x08000000] / nop Thumb/ROM .N.
mGBA log: PASS: ldrh r2, [#0x08000000] / nop Thumb/ROM PN.
mGBA log: PASS: ldrh r2, [#0x08000000] / nop Thumb/ROM ..S
mGBA log: PASS: ldrh r2, [#0x08000000] / nop Thumb/ROM P.S
mGBA log: PASS: ldrh r2, [#0x08000000] / nop Thumb/ROM .NS
mGBA log: PASS: ldrh r2, [#0x08000000] / nop Thumb/ROM PNS
mGBA log: PASS: ldrh r2, [#0x08000000] / nop Thumb/WRAM
mGBA log: PASS: ldrh r2, [#0x08000000] / nop Thumb/IWRAM
mGBA log: Timing test: nop / ldrh r2, [#0x08000000]
mGBA log: PASS: nop / ldrh r2, [#0x08000000] ARM/ROM ...
mGBA log: PASS: nop / ldrh r2, [#0x08000000] ARM/ROM P..
mGBA log: PASS: nop / ldrh r2, [#0x08000000] ARM/ROM .N.
mGBA log: PASS: nop / ldrh r2, [#0x08000000] ARM/ROM PN.
mGBA log: PASS: nop / ldrh r2, [#0x08000000] ARM/ROM ..S
mGBA log: PASS: nop / ldrh r2, [#0x08000000] ARM/ROM P.S
mGBA log: PASS: nop / ldrh r2, [#0x08000000] ARM/ROM .NS
mGBA log: PASS: nop / ldrh r2, [#0x08000000] ARM/ROM PNS
mGBA log: PASS: nop / ldrh r2, [#0x08000000] ARM/WRAM
mGBA log: PASS: nop / ldrh r2, [#0x08000000] ARM/IWRAM
mGBA log: PASS: nop / ldrh r2, [#0x08000000] Thumb/ROM ...
mGBA log: PASS: nop / ldrh r2, [#0x08000000] Thumb/ROM P..
mGBA log: PASS: nop / ldrh r2, [#0x08000000] Thumb/ROM .N.
mGBA log: PASS: nop / ldrh r2, [#0x08000000] Thumb/ROM PN.
mGBA log: PASS: nop / ldrh r2, [#0x08000000] Thumb/ROM ..S
mGBA log: PASS: nop / ldrh r2, [#0x08000000] Thumb/ROM P.S
mGBA log: PASS: nop / ldrh r2, [#0x08000000] Thumb/ROM .NS
mGBA log: PASS: nop / ldrh r2, [#0x08000000] Thumb/ROM PNS
mGBA log: PASS: nop / ldrh r2, [#0x08000000] Thumb/WRAM
mGBA log: PASS: nop / ldrh r2, [#0x08000000] Thumb/IWRAM
mGBA log: Timing test: ldr r2, [sp]
mGBA log: PASS: ldr r2, [sp] ARM/ROM ...
mGBA log: PASS: ldr r2, [sp] ARM/ROM P..
mGBA log: PASS: ldr r2, [sp] ARM/ROM .N.
mGBA log: PASS: ldr r2, [sp] ARM/ROM PN.
mGBA log: PASS: ldr r2, [sp] ARM/ROM ..S
mGBA log: PASS: ldr r2, [sp] ARM/ROM P.S
mGBA log: PASS: ldr r2, [sp] ARM/ROM .NS
mGBA log: PASS: ldr r2, [sp] ARM/ROM PNS
mGBA log: PASS: ldr r2, [sp] ARM/WRAM
mGBA log: PASS: ldr r2, [sp] ARM/IWRAM
mGBA log: PASS: ldr r2, [sp] Thumb/ROM ...
mGBA log: PASS: ldr r2, [sp] Thumb/ROM P..
mGBA log: PASS: ldr r2, [sp] Thumb/ROM .N.
mGBA log: PASS: ldr r2, [sp] Thumb/ROM PN.
mGBA log: PASS: ldr r2, [sp] Thumb/ROM ..S
mGBA log: PASS: ldr r2, [sp] Thumb/ROM P.S
mGBA log: PASS: ldr r2, [sp] Thumb/ROM .NS
mGBA log: PASS: ldr r2, [sp] Thumb/ROM PNS
mGBA log: PASS: ldr r2, [sp] Thumb/WRAM
mGBA log: PASS: ldr r2, [sp] Thumb/IWRAM
mGBA log: Timing test: ldr r2, [sp] / nop
mGBA log: PASS: ldr r2, [sp] / nop ARM/ROM ...
mGBA log: PASS: ldr r2, [sp] / nop ARM/ROM P..
mGBA log: PASS: ldr r2, [sp] / nop ARM/ROM .N.
mGBA log: PASS: ldr r2, [sp] / nop ARM/ROM PN.
mGBA log: PASS: ldr r2, [sp] / nop ARM/ROM ..S
mGBA log: PASS: ldr r2, [sp] / nop ARM/ROM P.S
mGBA log: PASS: ldr r2, [sp] / nop ARM/ROM .NS
mGBA log: PASS: ldr r2, [sp] / nop ARM/ROM PNS
mGBA log: PASS: ldr r2, [sp] / nop ARM/WRAM
mGBA log: PASS: ldr r2, [sp] / nop ARM/IWRAM
mGBA log: PASS: ldr r2, [sp] / nop Thumb/ROM ...
mGBA log: PASS: ldr r2, [sp] / nop Thumb/ROM P..
mGBA log: PASS: ldr r2, [sp] / nop Thumb/ROM .N.
mGBA log: PASS: ldr r2, [sp] / nop Thumb/ROM PN.
mGBA log: PASS: ldr r2, [sp] / nop Thumb/ROM ..S
mGBA log: PASS: ldr r2, [sp] / nop Thumb/ROM P.S
mGBA log: PASS: ldr r2, [sp] / nop Thumb/ROM .NS
mGBA log: PASS: ldr r2, [sp] / nop Thumb/ROM PNS
mGBA log: PASS: ldr r2, [sp] / nop Thumb/WRAM
mGBA log: PASS: ldr r2, [sp] / nop Thumb/IWRAM
mGBA log: Timing test: nop / ldr r2, [sp]
mGBA log: PASS: nop / ldr r2, [sp] ARM/ROM ...
mGBA log: PASS: nop / ldr r2, [sp] ARM/ROM P..
mGBA log: PASS: nop / ldr r2, [sp] ARM/ROM .N.
mGBA log: PASS: nop / ldr r2, [sp] ARM/ROM PN.
mGBA log: PASS: nop / ldr r2, [sp] ARM/ROM ..S
mGBA log: PASS: nop / ldr r2, [sp] ARM/ROM P.S
mGBA log: PASS: nop / ldr r2, [sp] ARM/ROM .NS
mGBA log: PASS: nop / ldr r2, [sp] ARM/ROM PNS
mGBA log: PASS: nop / ldr r2, [sp] ARM/WRAM
mGBA log: PASS: nop / ldr r2, [sp] ARM/IWRAM
mGBA log: PASS: nop / ldr r2, [sp] Thumb/ROM ...
mGBA log: PASS: nop / ldr r2, [sp] Thumb/ROM P..
mGBA log: PASS: nop / ldr r2, [sp] Thumb/ROM .N.
mGBA log: PASS: nop / ldr r2, [sp] Thumb/ROM PN.
mGBA log: PASS: nop / ldr r2, [sp] Thumb/ROM ..S
mGBA log: PASS: nop / ldr r2, [sp] Thumb/ROM P.S
mGBA log: PASS: nop / ldr r2, [sp] Thumb/ROM .NS
mGBA log: PASS: nop / ldr r2, [sp] Thumb/ROM PNS
mGBA log: PASS: nop / ldr r2, [sp] Thumb/WRAM
mGBA log: PASS: nop / ldr r2, [sp] Thumb/IWRAM
mGBA log: Timing test: ldr r2, [#0x08000000]
mGBA log: PASS: ldr r2, [#0x08000000] ARM/ROM ...
mGBA log: PASS: ldr r2, [#0x08000000] ARM/ROM P..
mGBA log: PASS: ldr r2, [#0x08000000] ARM/ROM .N.
mGBA log: PASS: ldr r2, [#0x08000000] ARM/ROM PN.
mGBA log: PASS: ldr r2, [#0x08000000] ARM/ROM ..S
mGBA log: PASS: ldr r2, [#0x08000000] ARM/ROM P.S
mGBA log: PASS: ldr r2, [#0x08000000] ARM/ROM .NS
mGBA log: PASS: ldr r2, [#0x08000000] ARM/ROM PNS
mGBA log: PASS: ldr r2, [#0x08000000] ARM/WRAM
mGBA log: PASS: ldr r2, [#0x08000000] ARM/IWRAM
mGBA log: PASS: ldr r2, [#0x08000000] Thumb/ROM ...
mGBA log: PASS: ldr r2, [#0x08000000] Thumb/ROM P..
mGBA log: PASS: ldr r2, [#0x08000000] Thumb/ROM .N.
mGBA log: PASS: ldr r2, [#0x08000000] Thumb/ROM PN.
mGBA log: PASS: ldr r2, [#0x08000000] Thumb/ROM ..S
mGBA log: PASS: ldr r2, [#0x08000000] Thumb/ROM P.S
mGBA log: PASS: ldr r2, [#0x08000000] Thumb/ROM .NS
mGBA log: PASS: ldr r2, [#0x08000000] Thumb/ROM PNS
mGBA log: PASS: ldr r2, [#0x08000000] Thumb/WRAM
mGBA log: PASS: ldr r2, [#0x08000000] Thumb/IWRAM
mGBA log: Timing test: ldr r2, [#0x08000000] / nop
mGBA log: PASS: ldr r2, [#0x08000000] / nop ARM/ROM ...
mGBA log: PASS: ldr r2, [#0x08000000] / nop ARM/ROM P..
mGBA log: PASS: ldr r2, [#0x08000000] / nop ARM/ROM .N.
mGBA log: PASS: ldr r2, [#0x08000000] / nop ARM/ROM PN.
mGBA log: PASS: ldr r2, [#0x08000000] / nop ARM/ROM ..S
mGBA log: PASS: ldr r2, [#0x08000000] / nop ARM/ROM P.S
mGBA log: PASS: ldr r2, [#0x08000000] / nop ARM/ROM .NS
mGBA log: PASS: ldr r2, [#0x08000000] / nop ARM/ROM PNS
mGBA log: PASS: ldr r2, [#0x08000000] / nop ARM/WRAM
mGBA log: PASS: ldr r2, [#0x08000000] / nop ARM/IWRAM
mGBA log: PASS: ldr r2, [#0x08000000] / nop Thumb/ROM ...
mGBA log: PASS: ldr r2, [#0x08000000] / nop Thumb/ROM P..
mGBA log: PASS: ldr r2, [#0x08000000] / nop Thumb/ROM .N.
mGBA log: PASS: ldr r2, [#0x08000000] / nop Thumb/ROM PN.
mGBA log: PASS: ldr r2, [#0x08000000] / nop Thumb/ROM ..S
mGBA log: PASS: ldr r2, [#0x08000000] / nop Thumb/ROM P.S
mGBA log: PASS: ldr r2, [#0x08000000] / nop Thumb/ROM .NS
mGBA log: PASS: ldr r2, [#0x08000000] / nop Thumb/ROM PNS
mGBA log: PASS: ldr r2, [#0x08000000] / nop Thumb/WRAM
mGBA log: PASS: ldr r2, [#0x08000000] / nop Thumb/IWRAM
mGBA log: Timing test: nop / ldr r2, [#0x08000000]
mGBA log: PASS: nop / ldr r2, [#0x08000000] ARM/ROM ...
mGBA log: PASS: nop / ldr r2, [#0x08000000] ARM/ROM P..
mGBA log: PASS: nop / ldr r2, [#0x08000000] ARM/ROM .N.
mGBA log: PASS: nop / ldr r2, [#0x08000000] ARM/ROM PN.
mGBA log: PASS: nop / ldr r2, [#0x08000000] ARM/ROM ..S
mGBA log: PASS: nop / ldr r2, [#0x08000000] ARM/ROM P.S
mGBA log: PASS: nop / ldr r2, [#0x08000000] ARM/ROM .NS
mGBA log: PASS: nop / ldr r2, [#0x08000000] ARM/ROM PNS
mGBA log: PASS: nop / ldr r2, [#0x08000000] ARM/WRAM
mGBA log: PASS: nop / ldr r2, [#0x08000000] ARM/IWRAM
mGBA log: PASS: nop / ldr r2, [#0x08000000] Thumb/ROM ...
mGBA log: PASS: nop / ldr r2, [#0x08000000] Thumb/ROM P..
mGBA log: PASS: nop / ldr r2, [#0x08000000] Thumb/ROM .N.
mGBA log: PASS: nop / ldr r2, [#0x08000000] Thumb/ROM PN.
mGBA log: PASS: nop / ldr r2, [#0x08000000] Thumb/ROM ..S
mGBA log: PASS: nop / ldr r2, [#0x08000000] Thumb/ROM P.S
mGBA log: PASS: nop / ldr r2, [#0x08000000] Thumb/ROM .NS
mGBA log: PASS: nop / ldr r2, [#0x08000000] Thumb/ROM PNS
mGBA log: PASS: nop / ldr r2, [#0x08000000] Thumb/WRAM
mGBA log: PASS: nop / ldr r2, [#0x08000000] Thumb/IWRAM
mGBA log: Timing test: strh r3, [sp]
mGBA log: PASS: strh r3, [sp] ARM/ROM ...
mGBA log: PASS: strh r3, [sp] ARM/ROM P..
mGBA log: PASS: strh r3, [sp] ARM/ROM .N.
mGBA log: PASS: strh r3, [sp] ARM/ROM PN.
mGBA log: PASS: strh r3, [sp] ARM/ROM ..S
mGBA log: PASS: strh r3, [sp] ARM/ROM P.S
mGBA log: PASS: strh r3, [sp] ARM/ROM .NS
mGBA log: PASS: strh r3, [sp] ARM/ROM PNS
mGBA log: PASS: strh r3, [sp] ARM/WRAM
mGBA log: PASS: strh r3, [sp] ARM/IWRAM
mGBA log: PASS: strh r3, [sp] Thumb/ROM ...
mGBA log: PASS: strh r3, [sp] Thumb/ROM P..
mGBA log: PASS: strh r3, [sp] Thumb/ROM .N.
mGBA log: PASS: strh r3, [sp] Thumb/ROM PN.
mGBA log: PASS: strh r3, [sp] Thumb/ROM ..S
mGBA log: PASS: strh r3, [sp] Thumb/ROM P.S
mGBA log: PASS: strh r3, [sp] Thumb/ROM .NS
mGBA log: PASS: strh r3, [sp] Thumb/ROM PNS
mGBA log: PASS: strh r3, [sp] Thumb/WRAM
mGBA log: PASS: strh r3, [sp] Thumb/IWRAM
mGBA log: Timing test: strh r3, [sp] / nop
mGBA log: PASS: strh r3, [sp] / nop ARM/ROM ...
mGBA log: PASS: strh r3, [sp] / nop ARM/ROM P..
mGBA log: PASS: strh r3, [sp] / nop ARM/ROM .N.
mGBA log: PASS: strh r3, [sp] / nop ARM/ROM PN.
mGBA log: PASS: strh r3, [sp] / nop ARM/ROM ..S
mGBA log: PASS: strh r3, [sp] / nop ARM/ROM P.S
mGBA log: PASS: strh r3, [sp] / nop ARM/ROM .NS
mGBA log: PASS: strh r3, [sp] / nop ARM/ROM PNS
mGBA log: PASS: strh r3, [sp] / nop ARM/WRAM
mGBA log: PASS: strh r3, [sp] / nop ARM/IWRAM
mGBA log: PASS: strh r3, [sp] / nop Thumb/ROM ...
mGBA log: PASS: strh r3, [sp] / nop Thumb/ROM P..
mGBA log: PASS: strh r3, [sp] / nop Thumb/ROM .N.
mGBA log: PASS: strh r3, [sp] / nop Thumb/ROM PN.
mGBA log: PASS: strh r3, [sp] / nop Thumb/ROM ..S
mGBA log: PASS: strh r3, [sp] / nop Thumb/ROM P.S
mGBA log: PASS: strh r3, [sp] / nop Thumb/ROM .NS
mGBA log: PASS: strh r3, [sp] / nop Thumb/ROM PNS
mGBA log: PASS: strh r3, [sp] / nop Thumb/WRAM
mGBA log: PASS: strh r3, [sp] / nop Thumb/IWRAM
mGBA log: Timing test: nop / strh r3, [sp]
mGBA log: PASS: nop / strh r3, [sp] ARM/ROM ...
mGBA log: PASS: nop / strh r3, [sp] ARM/ROM P..
mGBA log: PASS: nop / strh r3, [sp] ARM/ROM .N.
mGBA log: PASS: nop / strh r3, [sp] ARM/ROM PN.
mGBA log: PASS: nop / strh r3, [sp] ARM/ROM ..S
mGBA log: PASS: nop / strh r3, [sp] ARM/ROM P.S
mGBA log: PASS: nop / strh r3, [sp] ARM/ROM .NS
mGBA log: PASS: nop / strh r3, [sp] ARM/ROM PNS
mGBA log: PASS: nop / strh r3, [sp] ARM/WRAM
mGBA log: PASS: nop / strh r3, [sp] ARM/IWRAM
mGBA log: PASS: nop / strh r3, [sp] Thumb/ROM ...
mGBA log: PASS: nop / strh r3, [sp] Thumb/ROM P..
mGBA log: PASS: nop / strh r3, [sp] Thumb/ROM .N.
mGBA log: PASS: nop / strh r3, [sp] Thumb/ROM PN.
mGBA log: PASS: nop / strh r3, [sp] Thumb/ROM ..S
mGBA log: PASS: nop / strh r3, [sp] Thumb/ROM P.S
mGBA log: PASS: nop / strh r3, [sp] Thumb/ROM .NS
mGBA log: PASS: nop / strh r3, [sp] Thumb/ROM PNS
mGBA log: PASS: nop / strh r3, [sp] Thumb/WRAM
mGBA log: PASS: nop / strh r3, [sp] Thumb/IWRAM
mGBA log: Timing test: nop / strh r3, [sp] / nop
mGBA log: PASS: nop / strh r3, [sp] / nop ARM/ROM ...
mGBA log: PASS: nop / strh r3, [sp] / nop ARM/ROM P..
mGBA log: PASS: nop / strh r3, [sp] / nop ARM/ROM .N.
mGBA log: PASS: nop / strh r3, [sp] / nop ARM/ROM PN.
mGBA log: PASS: nop / strh r3, [sp] / nop ARM/ROM ..S
mGBA log: PASS: nop / strh r3, [sp] / nop ARM/ROM P.S
mGBA log: PASS: nop / strh r3, [sp] / nop ARM/ROM .NS
mGBA log: PASS: nop / strh r3, [sp] / nop ARM/ROM PNS
mGBA log: PASS: nop / strh r3, [sp] / nop ARM/WRAM
mGBA log: PASS: nop / strh r3, [sp] / nop ARM/IWRAM
mGBA log: PASS: nop / strh r3, [sp] / nop Thumb/ROM ...
mGBA log: PASS: nop / strh r3, [sp] / nop Thumb/ROM P..
mGBA log: PASS: nop / strh r3, [sp] / nop Thumb/ROM .N.
mGBA log: PASS: nop / strh r3, [sp] / nop Thumb/ROM PN.
mGBA log: PASS: nop / strh r3, [sp] / nop Thumb/ROM ..S
mGBA log: PASS: nop / strh r3, [sp] / nop Thumb/ROM P.S
mGBA log: PASS: nop / strh r3, [sp] / nop Thumb/ROM .NS
mGBA log: PASS: nop / strh r3, [sp] / nop Thumb/ROM PNS
mGBA log: PASS: nop / strh r3, [sp] / nop Thumb/WRAM
mGBA log: PASS: nop / strh r3, [sp] / nop Thumb/IWRAM
mGBA log: Timing test: ldr r2, [sp] x2
mGBA log: PASS: ldr r2, [sp] x2 ARM/ROM ...
mGBA log: PASS: ldr r2, [sp] x2 ARM/ROM P..
mGBA log: PASS: ldr r2, [sp] x2 ARM/ROM .N.
mGBA log: PASS: ldr r2, [sp] x2 ARM/ROM PN.
mGBA log: PASS: ldr r2, [sp] x2 ARM/ROM ..S
mGBA log: PASS: ldr r2, [sp] x2 ARM/ROM P.S
mGBA log: PASS: ldr r2, [sp] x2 ARM/ROM .NS
mGBA log: PASS: ldr r2, [sp] x2 ARM/ROM PNS
mGBA log: PASS: ldr r2, [sp] x2 ARM/WRAM
mGBA log: PASS: ldr r2, [sp] x2 ARM/IWRAM
mGBA log: PASS: ldr r2, [sp] x2 Thumb/ROM ...
mGBA log: PASS: ldr r2, [sp] x2 Thumb/ROM P..
mGBA log: PASS: ldr r2, [sp] x2 Thumb/ROM .N.
mGBA log: PASS: ldr r2, [sp] x2 Thumb/ROM PN.
mGBA log: PASS: ldr r2, [sp] x2 Thumb/ROM ..S
mGBA log: PASS: ldr r2, [sp] x2 Thumb/ROM P.S
mGBA log: PASS: ldr r2, [sp] x2 Thumb/ROM .NS
mGBA log: PASS: ldr r2, [sp] x2 Thumb/ROM PNS
mGBA log: PASS: ldr r2, [sp] x2 Thumb/WRAM
mGBA log: PASS: ldr r2, [sp] x2 Thumb/IWRAM
mGBA log: Timing test: ldr r2, [#0x08000000] / ldr r2, [sp]
mGBA log: PASS: ldr r2, [#0x08000000] / ldr r2, [sp] ARM/ROM ...
mGBA log: PASS: ldr r2, [#0x08000000] / ldr r2, [sp] ARM/ROM P..
mGBA log: PASS: ldr r2, [#0x08000000] / ldr r2, [sp] ARM/ROM .N.
mGBA log: PASS: ldr r2, [#0x08000000] / ldr r2, [sp] ARM/ROM PN.
mGBA log: PASS: ldr r2, [#0x08000000] / ldr r2, [sp] ARM/ROM ..S
mGBA log: PASS: ldr r2, [#0x08000000] / ldr r2, [sp] ARM/ROM P.S
mGBA log: PASS: ldr r2, [#0x08000000] / ldr r2, [sp] ARM/ROM .NS
mGBA log: PASS: ldr r2, [#0x08000000] / ldr r2, [sp] ARM/ROM PNS
mGBA log: PASS: ldr r2, [#0x08000000] / ldr r2, [sp] ARM/WRAM
mGBA log: PASS: ldr r2, [#0x08000000] / ldr r2, [sp] ARM/IWRAM
mGBA log: PASS: ldr r2, [#0x08000000] / ldr r2, [sp] Thumb/ROM ...
mGBA log: PASS: ldr r2, [#0x08000000] / ldr r2, [sp] Thumb/ROM P..
mGBA log: PASS: ldr r2, [#0x08000000] / ldr r2, [sp] Thumb/ROM .N.
mGBA log: PASS: ldr r2, [#0x08000000] / ldr r2, [sp] Thumb/ROM PN.
mGBA log: PASS: ldr r2, [#0x08000000] / ldr r2, [sp] Thumb/ROM ..S
mGBA log: PASS: ldr r2, [#0x08000000] / ldr r2, [sp] Thumb/ROM P.S
mGBA log: PASS: ldr r2, [#0x08000000] / ldr r2, [sp] Thumb/ROM .NS
mGBA log: PASS: ldr r2, [#0x08000000] / ldr r2, [sp] Thumb/ROM PNS
mGBA log: PASS: ldr r2, [#0x08000000] / ldr r2, [sp] Thumb/WRAM
mGBA log: PASS: ldr r2, [#0x08000000] / ldr r2, [sp] Thumb/IWRAM
mGBA log: Timing test: ldr r2, [sp] / ldr r2, [#0x08000000]
mGBA log: PASS: ldr r2, [sp] / ldr r2, [#0x08000000] ARM/ROM ...
mGBA log: PASS: ldr r2, [sp] / ldr r2, [#0x08000000] ARM/ROM P..
mGBA log: PASS: ldr r2, [sp] / ldr r2, [#0x08000000] ARM/ROM .N.
mGBA log: PASS: ldr r2, [sp] / ldr r2, [#0x08000000] ARM/ROM PN.
mGBA log: PASS: ldr r2, [sp] / ldr r2, [#0x08000000] ARM/ROM ..S
mGBA log: PASS: ldr r2, [sp] / ldr r2, [#0x08000000] ARM/ROM P.S
mGBA log: PASS: ldr r2, [sp] / ldr r2, [#0x08000000] ARM/ROM .NS
mGBA log: PASS: ldr r2, [sp] / ldr r2, [#0x08000000] ARM/ROM PNS
mGBA log: PASS: ldr r2, [sp] / ldr r2, [#0x08000000] ARM/WRAM
mGBA log: PASS: ldr r2, [sp] / ldr r2, [#0x08000000] ARM/IWRAM
mGBA log: PASS: ldr r2, [sp] / ldr r2, [#0x08000000] Thumb/ROM ...
mGBA log: PASS: ldr r2, [sp] / ldr r2, [#0x08000000] Thumb/ROM P..
mGBA log: PASS: ldr r2, [sp] / ldr r2, [#0x08000000] Thumb/ROM .N.
mGBA log: PASS: ldr r2, [sp] / ldr r2, [#0x08000000] Thumb/ROM PN.
mGBA log: PASS: ldr r2, [sp] / ldr r2, [#0x08000000] Thumb/ROM ..S
mGBA log: PASS: ldr r2, [sp] / ldr r2, [#0x08000000] Thumb/ROM P.S
mGBA log: PASS: ldr r2, [sp] / ldr r2, [#0x08000000] Thumb/ROM .NS
mGBA log: PASS: ldr r2, [sp] / ldr r2, [#0x08000000] Thumb/ROM PNS
mGBA log: PASS: ldr r2, [sp] / ldr r2, [#0x08000000] Thumb/WRAM
mGBA log: PASS: ldr r2, [sp] / ldr r2, [#0x08000000] Thumb/IWRAM
mGBA log: Timing test: ldr r2, [#0x08000000] x2
mGBA log: PASS: ldr r2, [#0x08000000] x2 ARM/ROM ...
mGBA log: PASS: ldr r2, [#0x08000000] x2 ARM/ROM P..
mGBA log: PASS: ldr r2, [#0x08000000] x2 ARM/ROM .N.
mGBA log: PASS: ldr r2, [#0x08000000] x2 ARM/ROM PN.
mGBA log: PASS: ldr r2, [#0x08000000] x2 ARM/ROM ..S
mGBA log: PASS: ldr r2, [#0x08000000] x2 ARM/ROM P.S
mGBA log: PASS: ldr r2, [#0x08000000] x2 ARM/ROM .NS
mGBA log: PASS: ldr r2, [#0x08000000] x2 ARM/ROM PNS
mGBA log: PASS: ldr r2, [#0x08000000] x2 ARM/WRAM
mGBA log: PASS: ldr r2, [#0x08000000] x2 ARM/IWRAM
mGBA log: PASS: ldr r2, [#0x08000000] x2 Thumb/ROM ...
mGBA log: PASS: ldr r2, [#0x08000000] x2 Thumb/ROM P..
mGBA log: PASS: ldr r2, [#0x08000000] x2 Thumb/ROM .N.
mGBA log: PASS: ldr r2, [#0x08000000] x2 Thumb/ROM PN.
mGBA log: PASS: ldr r2, [#0x08000000] x2 Thumb/ROM ..S
mGBA log: PASS: ldr r2, [#0x08000000] x2 Thumb/ROM P.S
mGBA log: PASS: ldr r2, [#0x08000000] x2 Thumb/ROM .NS
mGBA log: PASS: ldr r2, [#0x08000000] x2 Thumb/ROM PNS
mGBA log: PASS: ldr r2, [#0x08000000] x2 Thumb/WRAM
mGBA log: PASS: ldr r2, [#0x08000000] x2 Thumb/IWRAM
mGBA log: Timing test: str r3, [sp] x2
mGBA log: PASS: str r3, [sp] x2 ARM/ROM ...
mGBA log: PASS: str r3, [sp] x2 ARM/ROM P..
mGBA log: PASS: str r3, [sp] x2 ARM/ROM .N.
mGBA log: PASS: str r3, [sp] x2 ARM/ROM PN.
mGBA log: PASS: str r3, [sp] x2 ARM/ROM ..S
mGBA log: PASS: str r3, [sp] x2 ARM/ROM P.S
mGBA log: PASS: str r3, [sp] x2 ARM/ROM .NS
mGBA log: PASS: str r3, [sp] x2 ARM/ROM PNS
mGBA log: PASS: str r3, [sp] x2 ARM/WRAM
mGBA log: PASS: str r3, [sp] x2 ARM/IWRAM
mGBA log: PASS: str r3, [sp] x2 Thumb/ROM ...
mGBA log: PASS: str r3, [sp] x2 Thumb/ROM P..
mGBA log: PASS: str r3, [sp] x2 Thumb/ROM .N.
mGBA log: PASS: str r3, [sp] x2 Thumb/ROM PN.
mGBA log: PASS: str r3, [sp] x2 Thumb/ROM ..S
mGBA log: PASS: str r3, [sp] x2 Thumb/ROM P.S
mGBA log: PASS: str r3, [sp] x2 Thumb/ROM .NS
mGBA log: PASS: str r3, [sp] x2 Thumb/ROM PNS
mGBA log: PASS: str r3, [sp] x2 Thumb/WRAM
mGBA log: PASS: str r3, [sp] x2 Thumb/IWRAM
mGBA log: Timing test: ldr r2, [sp] / str r2, [sp]
mGBA log: PASS: ldr r2, [sp] / str r2, [sp] ARM/ROM ...
mGBA log: PASS: ldr r2, [sp] / str r2, [sp] ARM/ROM P..
mGBA log: PASS: ldr r2, [sp] / str r2, [sp] ARM/ROM .N.
mGBA log: PASS: ldr r2, [sp] / str r2, [sp] ARM/ROM PN.
mGBA log: PASS: ldr r2, [sp] / str r2, [sp] ARM/ROM ..S
mGBA log: PASS: ldr r2, [sp] / str r2, [sp] ARM/ROM P.S
mGBA log: PASS: ldr r2, [sp] / str r2, [sp] ARM/ROM .NS
mGBA log: PASS: ldr r2, [sp] / str r2, [sp] ARM/ROM PNS
mGBA log: PASS: ldr r2, [sp] / str r2, [sp] ARM/WRAM
mGBA log: PASS: ldr r2, [sp] / str r2, [sp] ARM/IWRAM
mGBA log: PASS: ldr r2, [sp] / str r2, [sp] Thumb/ROM ...
mGBA log: PASS: ldr r2, [sp] / str r2, [sp] Thumb/ROM P..
mGBA log: PASS: ldr r2, [sp] / str r2, [sp] Thumb/ROM .N.
mGBA log: PASS: ldr r2, [sp] / str r2, [sp] Thumb/ROM PN.
mGBA log: PASS: ldr r2, [sp] / str r2, [sp] Thumb/ROM ..S
mGBA log: PASS: ldr r2, [sp] / str r2, [sp] Thumb/ROM P.S
mGBA log: PASS: ldr r2, [sp] / str r2, [sp] Thumb/ROM .NS
mGBA log: PASS: ldr r2, [sp] / str r2, [sp] Thumb/ROM PNS
mGBA log: PASS: ldr r2, [sp] / str r2, [sp] Thumb/WRAM
mGBA log: PASS: ldr r2, [sp] / str r2, [sp] Thumb/IWRAM
mGBA log: Timing test: str r3, [sp] / ldr r3, [sp]
mGBA log: PASS: str r3, [sp] / ldr r3, [sp] ARM/ROM ...
mGBA log: PASS: str r3, [sp] / ldr r3, [sp] ARM/ROM P..
mGBA log: PASS: str r3, [sp] / ldr r3, [sp] ARM/ROM .N.
mGBA log: PASS: str r3, [sp] / ldr r3, [sp] ARM/ROM PN.
mGBA log: PASS: str r3, [sp] / ldr r3, [sp] ARM/ROM ..S
mGBA log: PASS: str r3, [sp] / ldr r3, [sp] ARM/ROM P.S
mGBA log: PASS: str r3, [sp] / ldr r3, [sp] ARM/ROM .NS
mGBA log: PASS: str r3, [sp] / ldr r3, [sp] ARM/ROM PNS
mGBA log: PASS: str r3, [sp] / ldr r3, [sp] ARM/WRAM
mGBA log: PASS: str r3, [sp] / ldr r3, [sp] ARM/IWRAM
mGBA log: PASS: str r3, [sp] / ldr r3, [sp] Thumb/ROM ...
mGBA log: PASS: str r3, [sp] / ldr r3, [sp] Thumb/ROM P..
mGBA log: PASS: str r3, [sp] / ldr r3, [sp] Thumb/ROM .N.
mGBA log: PASS: str r3, [sp] / ldr r3, [sp] Thumb/ROM PN.
mGBA log: PASS: str r3, [sp] / ldr r3, [sp] Thumb/ROM ..S
mGBA log: PASS: str r3, [sp] / ldr r3, [sp] Thumb/ROM P.S
mGBA log: PASS: str r3, [sp] / ldr r3, [sp] Thumb/ROM .NS
mGBA log: PASS: str r3, [sp] / ldr r3, [sp] Thumb/ROM PNS
mGBA log: PASS: str r3, [sp] / ldr r3, [sp] Thumb/WRAM
mGBA log: PASS: str r3, [sp] / ldr r3, [sp] Thumb/IWRAM
mGBA log: Timing test: ldmia sp, {r2}
mGBA log: PASS: ldmia sp, {r2} ARM/ROM ...
mGBA log: PASS: ldmia sp, {r2} ARM/ROM P..
mGBA log: PASS: ldmia sp, {r2} ARM/ROM .N.
mGBA log: PASS: ldmia sp, {r2} ARM/ROM PN.
mGBA log: PASS: ldmia sp, {r2} ARM/ROM ..S
mGBA log: PASS: ldmia sp, {r2} ARM/ROM P.S
mGBA log: PASS: ldmia sp, {r2} ARM/ROM .NS
mGBA log: PASS: ldmia sp, {r2} ARM/ROM PNS
mGBA log: PASS: ldmia sp, {r2} ARM/WRAM
mGBA log: PASS: ldmia sp, {r2} ARM/IWRAM
mGBA log: Timing test: ldmia sp, {r2, r3}
mGBA log: PASS: ldmia sp, {r2, r3} ARM/ROM ...
mGBA log: PASS: ldmia sp, {r2, r3} ARM/ROM P..
mGBA log: PASS: ldmia sp, {r2, r3} ARM/ROM .N.
mGBA log: PASS: ldmia sp, {r2, r3} ARM/ROM PN.
mGBA log: PASS: ldmia sp, {r2, r3} ARM/ROM ..S
mGBA log: PASS: ldmia sp, {r2, r3} ARM/ROM P.S
mGBA log: PASS: ldmia sp, {r2, r3} ARM/ROM .NS
mGBA log: PASS: ldmia sp, {r2, r3} ARM/ROM PNS
mGBA log: PASS: ldmia sp, {r2, r3} ARM/WRAM
mGBA log: PASS: ldmia sp, {r2, r3} ARM/IWRAM
mGBA log: Timing test: ldmia sp, {r2-r7}
mGBA log: PASS: ldmia sp, {r2-r7} ARM/ROM ...
mGBA log: PASS: ldmia sp, {r2-r7} ARM/ROM P..
mGBA log: PASS: ldmia sp, {r2-r7} ARM/ROM .N.
mGBA log: PASS: ldmia sp, {r2-r7} ARM/ROM PN.
mGBA log: PASS: ldmia sp, {r2-r7} ARM/ROM ..S
mGBA log: PASS: ldmia sp, {r2-r7} ARM/ROM P.S
mGBA log: PASS: ldmia sp, {r2-r7} ARM/ROM .NS
mGBA log: PASS: ldmia sp, {r2-r7} ARM/ROM PNS
mGBA log: PASS: ldmia sp, {r2-r7} ARM/WRAM
mGBA log: PASS: ldmia sp, {r2-r7} ARM/IWRAM
mGBA log: Timing test: ldmia sp, {r2} x2
mGBA log: PASS: ldmia sp, {r2} x2 ARM/ROM ...
mGBA log: PASS: ldmia sp, {r2} x2 ARM/ROM P..
mGBA log: PASS: ldmia sp, {r2} x2 ARM/ROM .N.
mGBA log: PASS: ldmia sp, {r2} x2 ARM/ROM PN.
mGBA log: PASS: ldmia sp, {r2} x2 ARM/ROM ..S
mGBA log: PASS: ldmia sp, {r2} x2 ARM/ROM P.S
mGBA log: PASS: ldmia sp, {r2} x2 ARM/ROM .NS
mGBA log: PASS: ldmia sp, {r2} x2 ARM/ROM PNS
mGBA log: PASS: ldmia sp, {r2} x2 ARM/WRAM
mGBA log: PASS: ldmia sp, {r2} x2 ARM/IWRAM
mGBA log: Timing test: ldmia sp, {r2, r3} x2
mGBA log: PASS: ldmia sp, {r2, r3} x2 ARM/ROM ...
mGBA log: PASS: ldmia sp, {r2, r3} x2 ARM/ROM P..
mGBA log: PASS: ldmia sp, {r2, r3} x2 ARM/ROM .N.
mGBA log: PASS: ldmia sp, {r2, r3} x2 ARM/ROM PN.
mGBA log: PASS: ldmia sp, {r2, r3} x2 ARM/ROM ..S
mGBA log: PASS: ldmia sp, {r2, r3} x2 ARM/ROM P.S
mGBA log: PASS: ldmia sp, {r2, r3} x2 ARM/ROM .NS
mGBA log: PASS: ldmia sp, {r2, r3} x2 ARM/ROM PNS
mGBA log: PASS: ldmia sp, {r2, r3} x2 ARM/WRAM
mGBA log: PASS: ldmia sp, {r2, r3} x2 ARM/IWRAM
mGBA log: Timing test: ldmia sp, {r2-r7} x2
mGBA log: PASS: ldmia sp, {r2-r7} x2 ARM/ROM ...
mGBA log: PASS: ldmia sp, {r2-r7} x2 ARM/ROM P..
mGBA log: PASS: ldmia sp, {r2-r7} x2 ARM/ROM .N.
mGBA log: PASS: ldmia sp, {r2-r7} x2 ARM/ROM PN.
mGBA log: PASS: ldmia sp, {r2-r7} x2 ARM/ROM ..S
mGBA log: PASS: ldmia sp, {r2-r7} x2 ARM/ROM P.S
mGBA log: PASS: ldmia sp, {r2-r7} x2 ARM/ROM .NS
mGBA log: PASS: ldmia sp, {r2-r7} x2 ARM/ROM PNS
mGBA log: PASS: ldmia sp, {r2-r7} x2 ARM/WRAM
mGBA log: PASS: ldmia sp, {r2-r7} x2 ARM/IWRAM
mGBA log: Timing test: stmia sp, {r2}
mGBA log: PASS: stmia sp, {r2} ARM/ROM ...
mGBA log: PASS: stmia sp, {r2} ARM/ROM P..
mGBA log: PASS: stmia sp, {r2} ARM/ROM .N.
mGBA log: PASS: stmia sp, {r2} ARM/ROM PN.
mGBA log: PASS: stmia sp, {r2} ARM/ROM ..S
mGBA log: PASS: stmia sp, {r2} ARM/ROM P.S
mGBA log: PASS: stmia sp, {r2} ARM/ROM .NS
mGBA log: PASS: stmia sp, {r2} ARM/ROM PNS
mGBA log: PASS: stmia sp, {r2} ARM/WRAM
mGBA log: PASS: stmia sp, {r2} ARM/IWRAM
mGBA log: Timing test: stmia sp, {r2, r3}
mGBA log: PASS: stmia sp, {r2, r3} ARM/ROM ...
mGBA log: PASS: stmia sp, {r2, r3} ARM/ROM P..
mGBA log: PASS: stmia sp, {r2, r3} ARM/ROM .N.
mGBA log: PASS: stmia sp, {r2, r3} ARM/ROM PN.
mGBA log: PASS: stmia sp, {r2, r3} ARM/ROM ..S
mGBA log: PASS: stmia sp, {r2, r3} ARM/ROM P.S
mGBA log: PASS: stmia sp, {r2, r3} ARM/ROM .NS
mGBA log: PASS: stmia sp, {r2, r3} ARM/ROM PNS
mGBA log: PASS: stmia sp, {r2, r3} ARM/WRAM
mGBA log: PASS: stmia sp, {r2, r3} ARM/IWRAM
mGBA log: Timing test: stmia sp, {r2-r7}
mGBA log: PASS: stmia sp, {r2-r7} ARM/ROM ...
mGBA log: PASS: stmia sp, {r2-r7} ARM/ROM P..
mGBA log: PASS: stmia sp, {r2-r7} ARM/ROM .N.
mGBA log: PASS: stmia sp, {r2-r7} ARM/ROM PN.
mGBA log: PASS: stmia sp, {r2-r7} ARM/ROM ..S
mGBA log: PASS: stmia sp, {r2-r7} ARM/ROM P.S
mGBA log: PASS: stmia sp, {r2-r7} ARM/ROM .NS
mGBA log: PASS: stmia sp, {r2-r7} ARM/ROM PNS
mGBA log: PASS: stmia sp, {r2-r7} ARM/WRAM
mGBA log: PASS: stmia sp, {r2-r7} ARM/IWRAM
mGBA log: Timing test: stmia sp, {r2} x2
mGBA log: PASS: stmia sp, {r2} x2 ARM/ROM ...
mGBA log: PASS: stmia sp, {r2} x2 ARM/ROM P..
mGBA log: PASS: stmia sp, {r2} x2 ARM/ROM .N.
mGBA log: PASS: stmia sp, {r2} x2 ARM/ROM PN.
mGBA log: PASS: stmia sp, {r2} x2 ARM/ROM ..S
mGBA log: PASS: stmia sp, {r2} x2 ARM/ROM P.S
mGBA log: PASS: stmia sp, {r2} x2 ARM/ROM .NS
mGBA log: PASS: stmia sp, {r2} x2 ARM/ROM PNS
mGBA log: PASS: stmia sp, {r2} x2 ARM/WRAM
mGBA log: PASS: stmia sp, {r2} x2 ARM/IWRAM
mGBA log: Timing test: stmia sp, {r2, r3} x2
mGBA log: PASS: stmia sp, {r2, r3} x2 ARM/ROM ...
mGBA log: PASS: stmia sp, {r2, r3} x2 ARM/ROM P..
mGBA log: PASS: stmia sp, {r2, r3} x2 ARM/ROM .N.
mGBA log: PASS: stmia sp, {r2, r3} x2 ARM/ROM PN.
mGBA log: PASS: stmia sp, {r2, r3} x2 ARM/ROM ..S
mGBA log: PASS: stmia sp, {r2, r3} x2 ARM/ROM P.S
mGBA log: PASS: stmia sp, {r2, r3} x2 ARM/ROM .NS
mGBA log: PASS: stmia sp, {r2, r3} x2 ARM/ROM PNS
mGBA log: PASS: stmia sp, {r2, r3} x2 ARM/WRAM
mGBA log: PASS: stmia sp, {r2, r3} x2 ARM/IWRAM
mGBA log: Timing test: stmia sp, {r2-r7} x2
mGBA log: PASS: stmia sp, {r2-r7} x2 ARM/ROM ...
mGBA log: PASS: stmia sp, {r2-r7} x2 ARM/ROM P..
mGBA log: PASS: stmia sp, {r2-r7} x2 ARM/ROM .N.
mGBA log: PASS: stmia sp, {r2-r7} x2 ARM/ROM PN.
mGBA log: PASS: stmia sp, {r2-r7} x2 ARM/ROM ..S
mGBA log: PASS: stmia sp, {r2-r7} x2 ARM/ROM P.S
mGBA log: PASS: stmia sp, {r2-r7} x2 ARM/ROM .NS
mGBA log: PASS: stmia sp, {r2-r7} x2 ARM/ROM PNS
mGBA log: PASS: stmia sp, {r2-r7} x2 ARM/WRAM
mGBA log: PASS: stmia sp, {r2-r7} x2 ARM/IWRAM
mGBA log: Timing test: ldmia [#0x07FFFFFC]!, {r3-r7}
mGBA log: PASS: ldmia [#0x07FFFFFC]!, {r3-r7} ARM/ROM ...
mGBA log: PASS: ldmia [#0x07FFFFFC]!, {r3-r7} ARM/ROM P..
mGBA log: PASS: ldmia [#0x07FFFFFC]!, {r3-r7} ARM/ROM .N.
mGBA log: PASS: ldmia [#0x07FFFFFC]!, {r3-r7} ARM/ROM PN.
mGBA log: PASS: ldmia [#0x07FFFFFC]!, {r3-r7} ARM/ROM ..S
mGBA log: PASS: ldmia [#0x07FFFFFC]!, {r3-r7} ARM/ROM P.S
mGBA log: PASS: ldmia [#0x07FFFFFC]!, {r3-r7} ARM/ROM .NS
mGBA log: PASS: ldmia [#0x07FFFFFC]!, {r3-r7} ARM/ROM PNS
mGBA log: PASS: ldmia [#0x07FFFFFC]!, {r3-r7} ARM/WRAM
mGBA log: PASS: ldmia [#0x07FFFFFC]!, {r3-r7} ARM/IWRAM
mGBA log: PASS: ldmia [#0x07FFFFFC]!, {r3-r7} Thumb/ROM ...
mGBA log: PASS: ldmia [#0x07FFFFFC]!, {r3-r7} Thumb/ROM P..
mGBA log: PASS: ldmia [#0x07FFFFFC]!, {r3-r7} Thumb/ROM .N.
mGBA log: PASS: ldmia [#0x07FFFFFC]!, {r3-r7} Thumb/ROM PN.
mGBA log: PASS: ldmia [#0x07FFFFFC]!, {r3-r7} Thumb/ROM ..S
mGBA log: PASS: ldmia [#0x07FFFFFC]!, {r3-r7} Thumb/ROM P.S
mGBA log: PASS: ldmia [#0x07FFFFFC]!, {r3-r7} Thumb/ROM .NS
mGBA log: PASS: ldmia [#0x07FFFFFC]!, {r3-r7} Thumb/ROM PNS
mGBA log: PASS: ldmia [#0x07FFFFFC]!, {r3-r7} Thumb/WRAM
mGBA log: PASS: ldmia [#0x07FFFFFC]!, {r3-r7} Thumb/IWRAM
mGBA log: Timing test: ldmia [#0x07FFFFF8]!, {r3-r7}
mGBA log: PASS: ldmia [#0x07FFFFF8]!, {r3-r7} ARM/ROM ...
mGBA log: PASS: ldmia [#0x07FFFFF8]!, {r3-r7} ARM/ROM P..
mGBA log: PASS: ldmia [#0x07FFFFF8]!, {r3-r7} ARM/ROM .N.
mGBA log: PASS: ldmia [#0x07FFFFF8]!, {r3-r7} ARM/ROM PN.
mGBA log: PASS: ldmia [#0x07FFFFF8]!, {r3-r7} ARM/ROM ..S
mGBA log: PASS: ldmia [#0x07FFFFF8]!, {r3-r7} ARM/ROM P.S
mGBA log: PASS: ldmia [#0x07FFFFF8]!, {r3-r7} ARM/ROM .NS
mGBA log: PASS: ldmia [#0x07FFFFF8]!, {r3-r7} ARM/ROM PNS
mGBA log: PASS: ldmia [#0x07FFFFF8]!, {r3-r7} ARM/WRAM
mGBA log: PASS: ldmia [#0x07FFFFF8]!, {r3-r7} ARM/IWRAM
mGBA log: PASS: ldmia [#0x07FFFFF8]!, {r3-r7} Thumb/ROM ...
mGBA log: PASS: ldmia [#0x07FFFFF8]!, {r3-r7} Thumb/ROM P..
mGBA log: PASS: ldmia [#0x07FFFFF8]!, {r3-r7} Thumb/ROM .N.
mGBA log: PASS: ldmia [#0x07FFFFF8]!, {r3-r7} Thumb/ROM PN.
mGBA log: PASS: ldmia [#0x07FFFFF8]!, {r3-r7} Thumb/ROM ..S
mGBA log: PASS: ldmia [#0x07FFFFF8]!, {r3-r7} Thumb/ROM P.S
mGBA log: PASS: ldmia [#0x07FFFFF8]!, {r3-r7} Thumb/ROM .NS
mGBA log: PASS: ldmia [#0x07FFFFF8]!, {r3-r7} Thumb/ROM PNS
mGBA log: PASS: ldmia [#0x07FFFFF8]!, {r3-r7} Thumb/WRAM
mGBA log: PASS: ldmia [#0x07FFFFF8]!, {r3-r7} Thumb/IWRAM
mGBA log: Timing test: ldmia [#0x07FFFFF4]!, {r3-r7}
mGBA log: PASS: ldmia [#0x07FFFFF4]!, {r3-r7} ARM/ROM ...
mGBA log: PASS: ldmia [#0x07FFFFF4]!, {r3-r7} ARM/ROM P..
mGBA log: PASS: ldmia [#0x07FFFFF4]!, {r3-r7} ARM/ROM .N.
mGBA log: PASS: ldmia [#0x07FFFFF4]!, {r3-r7} ARM/ROM PN.
mGBA log: PASS: ldmia [#0x07FFFFF4]!, {r3-r7} ARM/ROM ..S
mGBA log: PASS: ldmia [#0x07FFFFF4]!, {r3-r7} ARM/ROM P.S
mGBA log: PASS: ldmia [#0x07FFFFF4]!, {r3-r7} ARM/ROM .NS
mGBA log: PASS: ldmia [#0x07FFFFF4]!, {r3-r7} ARM/ROM PNS
mGBA log: PASS: ldmia [#0x07FFFFF4]!, {r3-r7} ARM/WRAM
mGBA log: PASS: ldmia [#0x07FFFFF4]!, {r3-r7} ARM/IWRAM
mGBA log: PASS: ldmia [#0x07FFFFF4]!, {r3-r7} Thumb/ROM ...
mGBA log: PASS: ldmia [#0x07FFFFF4]!, {r3-r7} Thumb/ROM P..
mGBA log: PASS: ldmia [#0x07FFFFF4]!, {r3-r7} Thumb/ROM .N.
mGBA log: PASS: ldmia [#0x07FFFFF4]!, {r3-r7} Thumb/ROM PN.
mGBA log: PASS: ldmia [#0x07FFFFF4]!, {r3-r7} Thumb/ROM ..S
mGBA log: PASS: ldmia [#0x07FFFFF4]!, {r3-r7} Thumb/ROM P.S
mGBA log: PASS: ldmia [#0x07FFFFF4]!, {r3-r7} Thumb/ROM .NS
mGBA log: PASS: ldmia [#0x07FFFFF4]!, {r3-r7} Thumb/ROM PNS
mGBA log: PASS: ldmia [#0x07FFFFF4]!, {r3-r7} Thumb/WRAM
mGBA log: PASS: ldmia [#0x07FFFFF4]!, {r3-r7} Thumb/IWRAM
mGBA log: Timing test: ldmia [#0x07FFFFF0]!, {r3-r7}
mGBA log: PASS: ldmia [#0x07FFFFF0]!, {r3-r7} ARM/ROM ...
mGBA log: PASS: ldmia [#0x07FFFFF0]!, {r3-r7} ARM/ROM P..
mGBA log: PASS: ldmia [#0x07FFFFF0]!, {r3-r7} ARM/ROM .N.
mGBA log: PASS: ldmia [#0x07FFFFF0]!, {r3-r7} ARM/ROM PN.
mGBA log: PASS: ldmia [#0x07FFFFF0]!, {r3-r7} ARM/ROM ..S
mGBA log: PASS: ldmia [#0x07FFFFF0]!, {r3-r7} ARM/ROM P.S
mGBA log: PASS: ldmia [#0x07FFFFF0]!, {r3-r7} ARM/ROM .NS
mGBA log: PASS: ldmia [#0x07FFFFF0]!, {r3-r7} ARM/ROM PNS
mGBA log: PASS: ldmia [#0x07FFFFF0]!, {r3-r7} ARM/WRAM
mGBA log: PASS: ldmia [#0x07FFFFF0]!, {r3-r7} ARM/IWRAM
mGBA log: PASS: ldmia [#0x07FFFFF0]!, {r3-r7} Thumb/ROM ...
mGBA log: PASS: ldmia [#0x07FFFFF0]!, {r3-r7} Thumb/ROM P..
mGBA log: PASS: ldmia [#0x07FFFFF0]!, {r3-r7} Thumb/ROM .N.
mGBA log: PASS: ldmia [#0x07FFFFF0]!, {r3-r7} Thumb/ROM PN.
mGBA log: PASS: ldmia [#0x07FFFFF0]!, {r3-r7} Thumb/ROM ..S
mGBA log: PASS: ldmia [#0x07FFFFF0]!, {r3-r7} Thumb/ROM P.S
mGBA log: PASS: ldmia [#0x07FFFFF0]!, {r3-r7} Thumb/ROM .NS
mGBA log: PASS: ldmia [#0x07FFFFF0]!, {r3-r7} Thumb/ROM PNS
mGBA log: PASS: ldmia [#0x07FFFFF0]!, {r3-r7} Thumb/WRAM
mGBA log: PASS: ldmia [#0x07FFFFF0]!, {r3-r7} Thumb/IWRAM
mGBA log: Timing test: ldmia [#0x07FFFFEC]!, {r3-r7}
mGBA log: PASS: ldmia [#0x07FFFFEC]!, {r3-r7} ARM/ROM ...
mGBA log: PASS: ldmia [#0x07FFFFEC]!, {r3-r7} ARM/ROM P..
mGBA log: PASS: ldmia [#0x07FFFFEC]!, {r3-r7} ARM/ROM .N.
mGBA log: PASS: ldmia [#0x07FFFFEC]!, {r3-r7} ARM/ROM PN.
mGBA log: PASS: ldmia [#0x07FFFFEC]!, {r3-r7} ARM/ROM ..S
mGBA log: PASS: ldmia [#0x07FFFFEC]!, {r3-r7} ARM/ROM P.S
mGBA log: PASS: ldmia [#0x07FFFFEC]!, {r3-r7} ARM/ROM .NS
mGBA log: PASS: ldmia [#0x07FFFFEC]!, {r3-r7} ARM/ROM PNS
mGBA log: PASS: ldmia [#0x07FFFFEC]!, {r3-r7} ARM/WRAM
mGBA log: PASS: ldmia [#0x07FFFFEC]!, {r3-r7} ARM/IWRAM
mGBA log: PASS: ldmia [#0x07FFFFEC]!, {r3-r7} Thumb/ROM ...
mGBA log: PASS: ldmia [#0x07FFFFEC]!, {r3-r7} Thumb/ROM P..
mGBA log: PASS: ldmia [#0x07FFFFEC]!, {r3-r7} Thumb/ROM .N.
mGBA log: PASS: ldmia [#0x07FFFFEC]!, {r3-r7} Thumb/ROM PN.
mGBA log: PASS: ldmia [#0x07FFFFEC]!, {r3-r7} Thumb/ROM ..S
mGBA log: PASS: ldmia [#0x07FFFFEC]!, {r3-r7} Thumb/ROM P.S
mGBA log: PASS: ldmia [#0x07FFFFEC]!, {r3-r7} Thumb/ROM .NS
mGBA log: PASS: ldmia [#0x07FFFFEC]!, {r3-r7} Thumb/ROM PNS
mGBA log: PASS: ldmia [#0x07FFFFEC]!, {r3-r7} Thumb/WRAM
mGBA log: PASS: ldmia [#0x07FFFFEC]!, {r3-r7} Thumb/IWRAM
mGBA log: Timing test: mul #0x00000000, #0xFF
mGBA log: PASS: mul #0x00000000, #0xFF ARM/ROM ...
mGBA log: PASS: mul #0x00000000, #0xFF ARM/ROM P..
mGBA log: PASS: mul #0x00000000, #0xFF ARM/ROM .N.
mGBA log: PASS: mul #0x00000000, #0xFF ARM/ROM PN.
mGBA log: PASS: mul #0x00000000, #0xFF ARM/ROM ..S
mGBA log: PASS: mul #0x00000000, #0xFF ARM/ROM P.S
mGBA log: PASS: mul #0x00000000, #0xFF ARM/ROM .NS
mGBA log: PASS: mul #0x00000000, #0xFF ARM/ROM PNS
mGBA log: PASS: mul #0x00000000, #0xFF ARM/WRAM
mGBA log: PASS: mul #0x00000000, #0xFF ARM/IWRAM
mGBA log: PASS: mul #0x00000000, #0xFF Thumb/ROM ...
mGBA log: PASS: mul #0x00000000, #0xFF Thumb/ROM P..
mGBA log: PASS: mul #0x00000000, #0xFF Thumb/ROM .N.
mGBA log: PASS: mul #0x00000000, #0xFF Thumb/ROM PN.
mGBA log: PASS: mul #0x00000000, #0xFF Thumb/ROM ..S
mGBA log: PASS: mul #0x00000000, #0xFF Thumb/ROM P.S
mGBA log: PASS: mul #0x00000000, #0xFF Thumb/ROM .NS
mGBA log: PASS: mul #0x00000000, #0xFF Thumb/ROM PNS
mGBA log: PASS: mul #0x00000000, #0xFF Thumb/WRAM
mGBA log: PASS: mul #0x00000000, #0xFF Thumb/IWRAM
mGBA log: Timing test: mul #0x00000078, #0xFF
mGBA log: PASS: mul #0x00000078, #0xFF ARM/ROM ...
mGBA log: PASS: mul #0x00000078, #0xFF ARM/ROM P..
mGBA log: PASS: mul #0x00000078, #0xFF ARM/ROM .N.
mGBA log: PASS: mul #0x00000078, #0xFF ARM/ROM PN.
mGBA log: PASS: mul #0x00000078, #0xFF ARM/ROM ..S
mGBA log: PASS: mul #0x00000078, #0xFF ARM/ROM P.S
mGBA log: PASS: mul #0x00000078, #0xFF ARM/ROM .NS
mGBA log: PASS: mul #0x00000078, #0xFF ARM/ROM PNS
mGBA log: PASS: mul #0x00000078, #0xFF ARM/WRAM
mGBA log: PASS: mul #0x00000078, #0xFF ARM/IWRAM
mGBA log: PASS: mul #0x00000078, #0xFF Thumb/ROM ...
mGBA log: PASS: mul #0x00000078, #0xFF Thumb/ROM P..
mGBA log: PASS: mul #0x00000078, #0xFF Thumb/ROM .N.
mGBA log: PASS: mul #0x00000078, #0xFF Thumb/ROM PN.
mGBA log: PASS: mul #0x00000078, #0xFF Thumb/ROM ..S
mGBA log: PASS: mul #0x00000078, #0xFF Thumb/ROM P.S
mGBA log: PASS: mul #0x00000078, #0xFF Thumb/ROM .NS
mGBA log: PASS: mul #0x00000078, #0xFF Thumb/ROM PNS
mGBA log: PASS: mul #0x00000078, #0xFF Thumb/WRAM
mGBA log: PASS: mul #0x00000078, #0xFF Thumb/IWRAM
mGBA log: Timing test: mul #0x00005678, #0xFF
mGBA log: PASS: mul #0x00005678, #0xFF ARM/ROM ...
mGBA log: PASS: mul #0x00005678, #0xFF ARM/ROM P..
mGBA log: PASS: mul #0x00005678, #0xFF ARM/ROM .N.
mGBA log: PASS: mul #0x00005678, #0xFF ARM/ROM PN.
mGBA log: PASS: mul #0x00005678, #0xFF ARM/ROM ..S
mGBA log: PASS: mul #0x00005678, #0xFF ARM/ROM P.S
mGBA log: PASS: mul #0x00005678, #0xFF ARM/ROM .NS
mGBA log: PASS: mul #0x00005678, #0xFF ARM/ROM PNS
mGBA log: PASS: mul #0x00005678, #0xFF ARM/WRAM
mGBA log: PASS: mul #0x00005678, #0xFF ARM/IWRAM
mGBA log: PASS: mul #0x00005678, #0xFF Thumb/ROM ...
mGBA log: PASS: mul #0x00005678, #0xFF Thumb/ROM P..
mGBA log: PASS: mul #0x00005678, #0xFF Thumb/ROM .N.
mGBA log: PASS: mul #0x00005678, #0xFF Thumb/ROM PN.
mGBA log: PASS: mul #0x00005678, #0xFF Thumb/ROM ..S
mGBA log: PASS: mul #0x00005678, #0xFF Thumb/ROM P.S
mGBA log: PASS: mul #0x00005678, #0xFF Thumb/ROM .NS
mGBA log: PASS: mul #0x00005678, #0xFF Thumb/ROM PNS
mGBA log: PASS: mul #0x00005678, #0xFF Thumb/WRAM
mGBA log: PASS: mul #0x00005678, #0xFF Thumb/IWRAM
mGBA log: Timing test: mul #0x00345678, #0xFF
mGBA log: PASS: mul #0x00345678, #0xFF ARM/ROM ...
mGBA log: PASS: mul #0x00345678, #0xFF ARM/ROM P..
mGBA log: PASS: mul #0x00345678, #0xFF ARM/ROM .N.
mGBA log: PASS: mul #0x00345678, #0xFF ARM/ROM PN.
mGBA log: PASS: mul #0x00345678, #0xFF ARM/ROM ..S
mGBA log: PASS: mul #0x00345678, #0xFF ARM/ROM P.S
mGBA log: PASS: mul #0x00345678, #0xFF ARM/ROM .NS
mGBA log: PASS: mul #0x00345678, #0xFF ARM/ROM PNS
mGBA log: PASS: mul #0x00345678, #0xFF ARM/WRAM
mGBA log: PASS: mul #0x00345678, #0xFF ARM/IWRAM
mGBA log: PASS: mul #0x00345678, #0xFF Thumb/ROM ...
mGBA log: PASS: mul #0x00345678, #0xFF Thumb/ROM P..
mGBA log: PASS: mul #0x00345678, #0xFF Thumb/ROM .N.
mGBA log: PASS: mul #0x00345678, #0xFF Thumb/ROM PN.
mGBA log: PASS: mul #0x00345678, #0xFF Thumb/ROM ..S
mGBA log: PASS: mul #0x00345678, #0xFF Thumb/ROM P.S
mGBA log: PASS: mul #0x00345678, #0xFF Thumb/ROM .NS
mGBA log: PASS: mul #0x00345678, #0xFF Thumb/ROM PNS
mGBA log: PASS: mul #0x00345678, #0xFF Thumb/WRAM
mGBA log: PASS: mul #0x00345678, #0xFF Thumb/IWRAM
mGBA log: Timing test: mul #0x12345678, #0xFF
mGBA log: PASS: mul #0x12345678, #0xFF ARM/ROM ...
mGBA log: PASS: mul #0x12345678, #0xFF ARM/ROM P..
mGBA log: PASS: mul #0x12345678, #0xFF ARM/ROM .N.
mGBA log: PASS: mul #0x12345678, #0xFF ARM/ROM PN.
mGBA log: PASS: mul #0x12345678, #0xFF ARM/ROM ..S
mGBA log: PASS: mul #0x12345678, #0xFF ARM/ROM P.S
mGBA log: PASS: mul #0x12345678, #0xFF ARM/ROM .NS
mGBA log: PASS: mul #0x12345678, #0xFF ARM/ROM PNS
mGBA log: PASS: mul #0x12345678, #0xFF ARM/WRAM
mGBA log: PASS: mul #0x12345678, #0xFF ARM/IWRAM
mGBA log: PASS: mul #0x12345678, #0xFF Thumb/ROM ...
mGBA log: PASS: mul #0x12345678, #0xFF Thumb/ROM P..
mGBA log: PASS: mul #0x12345678, #0xFF Thumb/ROM .N.
mGBA log: PASS: mul #0x12345678, #0xFF Thumb/ROM PN.
mGBA log: PASS: mul #0x12345678, #0xFF Thumb/ROM ..S
mGBA log: PASS: mul #0x12345678, #0xFF Thumb/ROM P.S
mGBA log: PASS: mul #0x12345678, #0xFF Thumb/ROM .NS
mGBA log: PASS: mul #0x12345678, #0xFF Thumb/ROM PNS
mGBA log: PASS: mul #0x12345678, #0xFF Thumb/WRAM
mGBA log: PASS: mul #0x12345678, #0xFF Thumb/IWRAM
mGBA log: Timing test: mul #0xFF000000, #0xFF
mGBA log: PASS: mul #0xFF000000, #0xFF ARM/ROM ...
mGBA log: PASS: mul #0xFF000000, #0xFF ARM/ROM P..
mGBA log: PASS: mul #0xFF000000, #0xFF ARM/ROM .N.
mGBA log: PASS: mul #0xFF000000, #0xFF ARM/ROM PN.
mGBA log: PASS: mul #0xFF000000, #0xFF ARM/ROM ..S
mGBA log: PASS: mul #0xFF000000, #0xFF ARM/ROM P.S
mGBA log: PASS: mul #0xFF000000, #0xFF ARM/ROM .NS
mGBA log: PASS: mul #0xFF000000, #0xFF ARM/ROM PNS
mGBA log: PASS: mul #0xFF000000, #0xFF ARM/WRAM
mGBA log: PASS: mul #0xFF000000, #0xFF ARM/IWRAM
mGBA log: PASS: mul #0xFF000000, #0xFF Thumb/ROM ...
mGBA log: PASS: mul #0xFF000000, #0xFF Thumb/ROM P..
mGBA log: PASS: mul #0xFF000000, #0xFF Thumb/ROM .N.
mGBA log: PASS: mul #0xFF000000, #0xFF Thumb/ROM PN.
mGBA log: PASS: mul #0xFF000000, #0xFF Thumb/ROM ..S
mGBA log: PASS: mul #0xFF000000, #0xFF Thumb/ROM P.S
mGBA log: PASS: mul #0xFF000000, #0xFF Thumb/ROM .NS
mGBA log: PASS: mul #0xFF000000, #0xFF Thumb/ROM PNS
mGBA log: PASS: mul #0xFF000000, #0xFF Thumb/WRAM
mGBA log: PASS: mul #0xFF000000, #0xFF Thumb/IWRAM
mGBA log: Timing test: mul #0xFFFF0000, #0xFF
mGBA log: PASS: mul #0xFFFF0000, #0xFF ARM/ROM ...
mGBA log: PASS: mul #0xFFFF0000, #0xFF ARM/ROM P..
mGBA log: PASS: mul #0xFFFF0000, #0xFF ARM/ROM .N.
mGBA log: PASS: mul #0xFFFF0000, #0xFF ARM/ROM PN.
mGBA log: PASS: mul #0xFFFF0000, #0xFF ARM/ROM ..S
mGBA log: PASS: mul #0xFFFF0000, #0xFF ARM/ROM P.S
mGBA log: PASS: mul #0xFFFF0000, #0xFF ARM/ROM .NS
mGBA log: PASS: mul #0xFFFF0000, #0xFF ARM/ROM PNS
mGBA log: PASS: mul #0xFFFF0000, #0xFF ARM/WRAM
mGBA log: PASS: mul #0xFFFF0000, #0xFF ARM/IWRAM
mGBA log: PASS: mul #0xFFFF0000, #0xFF Thumb/ROM ...
mGBA log: PASS: mul #0xFFFF0000, #0xFF Thumb/ROM P..
mGBA log: PASS: mul #0xFFFF0000, #0xFF Thumb/ROM .N.
mGBA log: PASS: mul #0xFFFF0000, #0xFF Thumb/ROM PN.
mGBA log: PASS: mul #0xFFFF0000, #0xFF Thumb/ROM ..S
mGBA log: PASS: mul #0xFFFF0000, #0xFF Thumb/ROM P.S
mGBA log: PASS: mul #0xFFFF0000, #0xFF Thumb/ROM .NS
mGBA log: PASS: mul #0xFFFF0000, #0xFF Thumb/ROM PNS
mGBA log: PASS: mul #0xFFFF0000, #0xFF Thumb/WRAM
mGBA log: PASS: mul #0xFFFF0000, #0xFF Thumb/IWRAM
mGBA log: Timing test: mul #0xFFFFFF00, #0xFF
mGBA log: PASS: mul #0xFFFFFF00, #0xFF ARM/ROM ...
mGBA log: PASS: mul #0xFFFFFF00, #0xFF ARM/ROM P..
mGBA log: PASS: mul #0xFFFFFF00, #0xFF ARM/ROM .N.
mGBA log: PASS: mul #0xFFFFFF00, #0xFF ARM/ROM PN.
mGBA log: PASS: mul #0xFFFFFF00, #0xFF ARM/ROM ..S
mGBA log: PASS: mul #0xFFFFFF00, #0xFF ARM/ROM P.S
mGBA log: PASS: mul #0xFFFFFF00, #0xFF ARM/ROM .NS
mGBA log: PASS: mul #0xFFFFFF00, #0xFF ARM/ROM PNS
mGBA log: PASS: mul #0xFFFFFF00, #0xFF ARM/WRAM
mGBA log: PASS: mul #0xFFFFFF00, #0xFF ARM/IWRAM
mGBA log: PASS: mul #0xFFFFFF00, #0xFF Thumb/ROM ...
mGBA log: PASS: mul #0xFFFFFF00, #0xFF Thumb/ROM P..
mGBA log: PASS: mul #0xFFFFFF00, #0xFF Thumb/ROM .N.
mGBA log: PASS: mul #0xFFFFFF00, #0xFF Thumb/ROM PN.
mGBA log: PASS: mul #0xFFFFFF00, #0xFF Thumb/ROM ..S
mGBA log: PASS: mul #0xFFFFFF00, #0xFF Thumb/ROM P.S
mGBA log: PASS: mul #0xFFFFFF00, #0xFF Thumb/ROM .NS
mGBA log: PASS: mul #0xFFFFFF00, #0xFF Thumb/ROM PNS
mGBA log: PASS: mul #0xFFFFFF00, #0xFF Thumb/WRAM
mGBA log: PASS: mul #0xFFFFFF00, #0xFF Thumb/IWRAM
mGBA log: Timing test: mul #0xFFFFFFFF, #0xFF
mGBA log: PASS: mul #0xFFFFFFFF, #0xFF ARM/ROM ...
mGBA log: PASS: mul #0xFFFFFFFF, #0xFF ARM/ROM P..
mGBA log: PASS: mul #0xFFFFFFFF, #0xFF ARM/ROM .N.
mGBA log: PASS: mul #0xFFFFFFFF, #0xFF ARM/ROM PN.
mGBA log: PASS: mul #0xFFFFFFFF, #0xFF ARM/ROM ..S
mGBA log: PASS: mul #0xFFFFFFFF, #0xFF ARM/ROM P.S
mGBA log: PASS: mul #0xFFFFFFFF, #0xFF ARM/ROM .NS
mGBA log: PASS: mul #0xFFFFFFFF, #0xFF ARM/ROM PNS
mGBA log: PASS: mul #0xFFFFFFFF, #0xFF ARM/WRAM
mGBA log: PASS: mul #0xFFFFFFFF, #0xFF ARM/IWRAM
mGBA log: PASS: mul #0xFFFFFFFF, #0xFF Thumb/ROM ...
mGBA log: PASS: mul #0xFFFFFFFF, #0xFF Thumb/ROM P..
mGBA log: PASS: mul #0xFFFFFFFF, #0xFF Thumb/ROM .N.
mGBA log: PASS: mul #0xFFFFFFFF, #0xFF Thumb/ROM PN.
mGBA log: PASS: mul #0xFFFFFFFF, #0xFF Thumb/ROM ..S
mGBA log: PASS: mul #0xFFFFFFFF, #0xFF Thumb/ROM P.S
mGBA log: PASS: mul #0xFFFFFFFF, #0xFF Thumb/ROM .NS
mGBA log: PASS: mul #0xFFFFFFFF, #0xFF Thumb/ROM PNS
mGBA log: PASS: mul #0xFFFFFFFF, #0xFF Thumb/WRAM
mGBA log: PASS: mul #0xFFFFFFFF, #0xFF Thumb/IWRAM
mGBA log: Timing test: mul #0xFFFFFFFF, #0x00
mGBA log: PASS: mul #0xFFFFFFFF, #0x00 ARM/ROM ...
mGBA log: PASS: mul #0xFFFFFFFF, #0x00 ARM/ROM P..
mGBA log: PASS: mul #0xFFFFFFFF, #0x00 ARM/ROM .N.
mGBA log: PASS: mul #0xFFFFFFFF, #0x00 ARM/ROM PN.
mGBA log: PASS: mul #0xFFFFFFFF, #0x00 ARM/ROM ..S
mGBA log: PASS: mul #0xFFFFFFFF, #0x00 ARM/ROM P.S
mGBA log: PASS: mul #0xFFFFFFFF, #0x00 ARM/ROM .NS
mGBA log: PASS: mul #0xFFFFFFFF, #0x00 ARM/ROM PNS
mGBA log: PASS: mul #0xFFFFFFFF, #0x00 ARM/WRAM
mGBA log: PASS: mul #0xFFFFFFFF, #0x00 ARM/IWRAM
mGBA log: PASS: mul #0xFFFFFFFF, #0x00 Thumb/ROM ...
mGBA log: PASS: mul #0xFFFFFFFF, #0x00 Thumb/ROM P..
mGBA log: PASS: mul #0xFFFFFFFF, #0x00 Thumb/ROM .N.
mGBA log: PASS: mul #0xFFFFFFFF, #0x00 Thumb/ROM PN.
mGBA log: PASS: mul #0xFFFFFFFF, #0x00 Thumb/ROM ..S
mGBA log: PASS: mul #0xFFFFFFFF, #0x00 Thumb/ROM P.S
mGBA log: PASS: mul #0xFFFFFFFF, #0x00 Thumb/ROM .NS
mGBA log: PASS: mul #0xFFFFFFFF, #0x00 Thumb/ROM PNS
mGBA log: PASS: mul #0xFFFFFFFF, #0x00 Thumb/WRAM
mGBA log: PASS: mul #0xFFFFFFFF, #0x00 Thumb/IWRAM
mGBA log: Timing test: mla #0x00000000, #0xFF
mGBA log: PASS: mla #0x00000000, #0xFF ARM/ROM ...
mGBA log: PASS: mla #0x00000000, #0xFF ARM/ROM P..
mGBA log: PASS: mla #0x00000000, #0xFF ARM/ROM .N.
mGBA log: PASS: mla #0x00000000, #0xFF ARM/ROM PN.
mGBA log: PASS: mla #0x00000000, #0xFF ARM/ROM ..S
mGBA log: PASS: mla #0x00000000, #0xFF ARM/ROM P.S
mGBA log: PASS: mla #0x00000000, #0xFF ARM/ROM .NS
mGBA log: PASS: mla #0x00000000, #0xFF ARM/ROM PNS
mGBA log: PASS: mla #0x00000000, #0xFF ARM/WRAM
mGBA log: PASS: mla #0x00000000, #0xFF ARM/IWRAM
mGBA log: Timing test: mla #0x00000078, #0xFF
mGBA log: PASS: mla #0x00000078, #0xFF ARM/ROM ...
mGBA log: PASS: mla #0x00000078, #0xFF ARM/ROM P..
mGBA log: PASS: mla #0x00000078, #0xFF ARM/ROM .N.
mGBA log: PASS: mla #0x00000078, #0xFF ARM/ROM PN.
mGBA log: PASS: mla #0x00000078, #0xFF ARM/ROM ..S
mGBA log: PASS: mla #0x00000078, #0xFF ARM/ROM P.S
mGBA log: PASS: mla #0x00000078, #0xFF ARM/ROM .NS
mGBA log: PASS: mla #0x00000078, #0xFF ARM/ROM PNS
mGBA log: PASS: mla #0x00000078, #0xFF ARM/WRAM
mGBA log: PASS: mla #0x00000078, #0xFF ARM/IWRAM
mGBA log: Timing test: mla #0x00005678, #0xFF
mGBA log: PASS: mla #0x00005678, #0xFF ARM/ROM ...
mGBA log: PASS: mla #0x00005678, #0xFF ARM/ROM P..
mGBA log: PASS: mla #0x00005678, #0xFF ARM/ROM .N.
mGBA log: PASS: mla #0x00005678, #0xFF ARM/ROM PN.
mGBA log: PASS: mla #0x00005678, #0xFF ARM/ROM ..S
mGBA log: PASS: mla #0x00005678, #0xFF ARM/ROM P.S
mGBA log: PASS: mla #0x00005678, #0xFF ARM/ROM .NS
mGBA log: PASS: mla #0x00005678, #0xFF ARM/ROM PNS
mGBA log: PASS: mla #0x00005678, #0xFF ARM/WRAM
mGBA log: PASS: mla #0x00005678, #0xFF ARM/IWRAM
mGBA log: Timing test: mla #0x00345678, #0xFF
mGBA log: PASS: mla #0x00345678, #0xFF ARM/ROM ...
mGBA log: PASS: mla #0x00345678, #0xFF ARM/ROM P..
mGBA log: PASS: mla #0x00345678, #0xFF ARM/ROM .N.
mGBA log: PASS: mla #0x00345678, #0xFF ARM/ROM PN.
mGBA log: PASS: mla #0x00345678, #0xFF ARM/ROM ..S
mGBA log: PASS: mla #0x00345678, #0xFF ARM/ROM P.S
mGBA log: PASS: mla #0x00345678, #0xFF ARM/ROM .NS
mGBA log: PASS: mla #0x00345678, #0xFF ARM/ROM PNS
mGBA log: PASS: mla #0x00345678, #0xFF ARM/WRAM
mGBA log: PASS: mla #0x00345678, #0xFF ARM/IWRAM
mGBA log: Timing test: mla #0x12345678, #0xFF
mGBA log: PASS: mla #0x12345678, #0xFF ARM/ROM ...
mGBA log: PASS: mla #0x12345678, #0xFF ARM/ROM P..
mGBA log: PASS: mla #0x12345678, #0xFF ARM/ROM .N.
mGBA log: PASS: mla #0x12345678, #0xFF ARM/ROM PN.
mGBA log: PASS: mla #0x12345678, #0xFF ARM/ROM ..S
mGBA log: PASS: mla #0x12345678, #0xFF ARM/ROM P.S
mGBA log: PASS: mla #0x12345678, #0xFF ARM/ROM .NS
mGBA log: PASS: mla #0x12345678, #0xFF ARM/ROM PNS
mGBA log: PASS: mla #0x12345678, #0xFF ARM/WRAM
mGBA log: PASS: mla #0x12345678, #0xFF ARM/IWRAM
mGBA log: Timing test: mla #0xFF000000, #0xFF
mGBA log: PASS: mla #0xFF000000, #0xFF ARM/ROM ...
mGBA log: PASS: mla #0xFF000000, #0xFF ARM/ROM P..
mGBA log: PASS: mla #0xFF000000, #0xFF ARM/ROM .N.
mGBA log: PASS: mla #0xFF000000, #0xFF ARM/ROM PN.
mGBA log: PASS: mla #0xFF000000, #0xFF ARM/ROM ..S
mGBA log: PASS: mla #0xFF000000, #0xFF ARM/ROM P.S
mGBA log: PASS: mla #0xFF000000, #0xFF ARM/ROM .NS
mGBA log: PASS: mla #0xFF000000, #0xFF ARM/ROM PNS
mGBA log: PASS: mla #0xFF000000, #0xFF ARM/WRAM
mGBA log: PASS: mla #0xFF000000, #0xFF ARM/IWRAM
mGBA log: Timing test: mla #0xFFFF0000, #0xFF
mGBA log: PASS: mla #0xFFFF0000, #0xFF ARM/ROM ...
mGBA log: PASS: mla #0xFFFF0000, #0xFF ARM/ROM P..
mGBA log: PASS: mla #0xFFFF0000, #0xFF ARM/ROM .N.
mGBA log: PASS: mla #0xFFFF0000, #0xFF ARM/ROM PN.
mGBA log: PASS: mla #0xFFFF0000, #0xFF ARM/ROM ..S
mGBA log: PASS: mla #0xFFFF0000, #0xFF ARM/ROM P.S
mGBA log: PASS: mla #0xFFFF0000, #0xFF ARM/ROM .NS
mGBA log: PASS: mla #0xFFFF0000, #0xFF ARM/ROM PNS
mGBA log: PASS: mla #0xFFFF0000, #0xFF ARM/WRAM
mGBA log: PASS: mla #0xFFFF0000, #0xFF ARM/IWRAM
mGBA log: Timing test: mla #0xFFFFFF00, #0xFF
mGBA log: PASS: mla #0xFFFFFF00, #0xFF ARM/ROM ...
mGBA log: PASS: mla #0xFFFFFF00, #0xFF ARM/ROM P..
mGBA log: PASS: mla #0xFFFFFF00, #0xFF ARM/ROM .N.
mGBA log: PASS: mla #0xFFFFFF00, #0xFF ARM/ROM PN.
mGBA log: PASS: mla #0xFFFFFF00, #0xFF ARM/ROM ..S
mGBA log: PASS: mla #0xFFFFFF00, #0xFF ARM/ROM P.S
mGBA log: PASS: mla #0xFFFFFF00, #0xFF ARM/ROM .NS
mGBA log: PASS: mla #0xFFFFFF00, #0xFF ARM/ROM PNS
mGBA log: PASS: mla #0xFFFFFF00, #0xFF ARM/WRAM
mGBA log: PASS: mla #0xFFFFFF00, #0xFF ARM/IWRAM
mGBA log: Timing test: mla #0xFFFFFFFF, #0xFF
mGBA log: PASS: mla #0xFFFFFFFF, #0xFF ARM/ROM ...
mGBA log: PASS: mla #0xFFFFFFFF, #0xFF ARM/ROM P..
mGBA log: PASS: mla #0xFFFFFFFF, #0xFF ARM/ROM .N.
mGBA log: PASS: mla #0xFFFFFFFF, #0xFF ARM/ROM PN.
mGBA log: PASS: mla #0xFFFFFFFF, #0xFF ARM/ROM ..S
mGBA log: PASS: mla #0xFFFFFFFF, #0xFF ARM/ROM P.S
mGBA log: PASS: mla #0xFFFFFFFF, #0xFF ARM/ROM .NS
mGBA log: PASS: mla #0xFFFFFFFF, #0xFF ARM/ROM PNS
mGBA log: PASS: mla #0xFFFFFFFF, #0xFF ARM/WRAM
mGBA log: PASS: mla #0xFFFFFFFF, #0xFF ARM/IWRAM
mGBA log: Timing test: mla #0xFFFFFFFF, #0x00
mGBA log: PASS: mla #0xFFFFFFFF, #0x00 ARM/ROM ...
mGBA log: PASS: mla #0xFFFFFFFF, #0x00 ARM/ROM P..
mGBA log: PASS: mla #0xFFFFFFFF, #0x00 ARM/ROM .N.
mGBA log: PASS: mla #0xFFFFFFFF, #0x00 ARM/ROM PN.
mGBA log: PASS: mla #0xFFFFFFFF, #0x00 ARM/ROM ..S
mGBA log: PASS: mla #0xFFFFFFFF, #0x00 ARM/ROM P.S
mGBA log: PASS: mla #0xFFFFFFFF, #0x00 ARM/ROM .NS
mGBA log: PASS: mla #0xFFFFFFFF, #0x00 ARM/ROM PNS
mGBA log: PASS: mla #0xFFFFFFFF, #0x00 ARM/WRAM
mGBA log: PASS: mla #0xFFFFFFFF, #0x00 ARM/IWRAM
mGBA log: Timing test: smull #0x00000000, #0xFF
mGBA log: PASS: smull #0x00000000, #0xFF ARM/ROM ...
mGBA log: PASS: smull #0x00000000, #0xFF ARM/ROM P..
mGBA log: PASS: smull #0x00000000, #0xFF ARM/ROM .N.
mGBA log: PASS: smull #0x00000000, #0xFF ARM/ROM PN.
mGBA log: PASS: smull #0x00000000, #0xFF ARM/ROM ..S
mGBA log: PASS: smull #0x00000000, #0xFF ARM/ROM P.S
mGBA log: PASS: smull #0x00000000, #0xFF ARM/ROM .NS
mGBA log: PASS: smull #0x00000000, #0xFF ARM/ROM PNS
mGBA log: PASS: smull #0x00000000, #0xFF ARM/WRAM
mGBA log: PASS: smull #0x00000000, #0xFF ARM/IWRAM
mGBA log: Timing test: smull #0x00000078, #0xFF
mGBA log: PASS: smull #0x00000078, #0xFF ARM/ROM ...
mGBA log: PASS: smull #0x00000078, #0xFF ARM/ROM P..
mGBA log: PASS: smull #0x00000078, #0xFF ARM/ROM .N.
mGBA log: PASS: smull #0x00000078, #0xFF ARM/ROM PN.
mGBA log: PASS: smull #0x00000078, #0xFF ARM/ROM ..S
mGBA log: PASS: smull #0x00000078, #0xFF ARM/ROM P.S
mGBA log: PASS: smull #0x00000078, #0xFF ARM/ROM .NS
mGBA log: PASS: smull #0x00000078, #0xFF ARM/ROM PNS
mGBA log: PASS: smull #0x00000078, #0xFF ARM/WRAM
mGBA log: PASS: smull #0x00000078, #0xFF ARM/IWRAM
mGBA log: Timing test: smull #0x00005678, #0xFF
mGBA log: PASS: smull #0x00005678, #0xFF ARM/ROM ...
mGBA log: PASS: smull #0x00005678, #0xFF ARM/ROM P..
mGBA log: PASS: smull #0x00005678, #0xFF ARM/ROM .N.
mGBA log: PASS: smull #0x00005678, #0xFF ARM/ROM PN.
mGBA log: PASS: smull #0x00005678, #0xFF ARM/ROM ..S
mGBA log: PASS: smull #0x00005678, #0xFF ARM/ROM P.S
mGBA log: PASS: smull #0x00005678, #0xFF ARM/ROM .NS
mGBA log: PASS: smull #0x00005678, #0xFF ARM/ROM PNS
mGBA log: PASS: smull #0x00005678, #0xFF ARM/WRAM
mGBA log: PASS: smull #0x00005678, #0xFF ARM/IWRAM
mGBA log: Timing test: smull #0x00345678, #0xFF
mGBA log: PASS: smull #0x00345678, #0xFF ARM/ROM ...
mGBA log: PASS: smull #0x00345678, #0xFF ARM/ROM P..
mGBA log: PASS: smull #0x00345678, #0xFF ARM/ROM .N.
mGBA log: PASS: smull #0x00345678, #0xFF ARM/ROM PN.
mGBA log: PASS: smull #0x00345678, #0xFF ARM/ROM ..S
mGBA log: PASS: smull #0x00345678, #0xFF ARM/ROM P.S
mGBA log: PASS: smull #0x00345678, #0xFF ARM/ROM .NS
mGBA log: PASS: smull #0x00345678, #0xFF ARM/ROM PNS
mGBA log: PASS: smull #0x00345678, #0xFF ARM/WRAM
mGBA log: PASS: smull #0x00345678, #0xFF ARM/IWRAM
mGBA log: Timing test: smull #0x12345678, #0xFF
mGBA log: PASS: smull #0x12345678, #0xFF ARM/ROM ...
mGBA log: PASS: smull #0x12345678, #0xFF ARM/ROM P..
mGBA log: PASS: smull #0x12345678, #0xFF ARM/ROM .N.
mGBA log: PASS: smull #0x12345678, #0xFF ARM/ROM PN.
mGBA log: PASS: smull #0x12345678, #0xFF ARM/ROM ..S
mGBA log: PASS: smull #0x12345678, #0xFF ARM/ROM P.S
mGBA log: PASS: smull #0x12345678, #0xFF ARM/ROM .NS
mGBA log: PASS: smull #0x12345678, #0xFF ARM/ROM PNS
mGBA log: PASS: smull #0x12345678, #0xFF ARM/WRAM
mGBA log: PASS: smull #0x12345678, #0xFF ARM/IWRAM
mGBA log: Timing test: smull #0xFF000000, #0xFF
mGBA log: PASS: smull #0xFF000000, #0xFF ARM/ROM ...
mGBA log: PASS: smull #0xFF000000, #0xFF ARM/ROM P..
mGBA log: PASS: smull #0xFF000000, #0xFF ARM/ROM .N.
mGBA log: PASS: smull #0xFF000000, #0xFF ARM/ROM PN.
mGBA log: PASS: smull #0xFF000000, #0xFF ARM/ROM ..S
mGBA log: PASS: smull #0xFF000000, #0xFF ARM/ROM P.S
mGBA log: PASS: smull #0xFF000000, #0xFF ARM/ROM .NS
mGBA log: PASS: smull #0xFF000000, #0xFF ARM/ROM PNS
mGBA log: PASS: smull #0xFF000000, #0xFF ARM/WRAM
mGBA log: PASS: smull #0xFF000000, #0xFF ARM/IWRAM
mGBA log: Timing test: smull #0xFFFF0000, #0xFF
mGBA log: PASS: smull #0xFFFF0000, #0xFF ARM/ROM ...
mGBA log: PASS: smull #0xFFFF0000, #0xFF ARM/ROM P..
mGBA log: PASS: smull #0xFFFF0000, #0xFF ARM/ROM .N.
mGBA log: PASS: smull #0xFFFF0000, #0xFF ARM/ROM PN.
mGBA log: PASS: smull #0xFFFF0000, #0xFF ARM/ROM ..S
mGBA log: PASS: smull #0xFFFF0000, #0xFF ARM/ROM P.S
mGBA log: PASS: smull #0xFFFF0000, #0xFF ARM/ROM .NS
mGBA log: PASS: smull #0xFFFF0000, #0xFF ARM/ROM PNS
mGBA log: PASS: smull #0xFFFF0000, #0xFF ARM/WRAM
mGBA log: PASS: smull #0xFFFF0000, #0xFF ARM/IWRAM
mGBA log: Timing test: smull #0xFFFFFF00, #0xFF
mGBA log: PASS: smull #0xFFFFFF00, #0xFF ARM/ROM ...
mGBA log: PASS: smull #0xFFFFFF00, #0xFF ARM/ROM P..
mGBA log: PASS: smull #0xFFFFFF00, #0xFF ARM/ROM .N.
mGBA log: PASS: smull #0xFFFFFF00, #0xFF ARM/ROM PN.
mGBA log: PASS: smull #0xFFFFFF00, #0xFF ARM/ROM ..S
mGBA log: PASS: smull #0xFFFFFF00, #0xFF ARM/ROM P.S
mGBA log: PASS: smull #0xFFFFFF00, #0xFF ARM/ROM .NS
mGBA log: PASS: smull #0xFFFFFF00, #0xFF ARM/ROM PNS
mGBA log: PASS: smull #0xFFFFFF00, #0xFF ARM/WRAM
mGBA log: PASS: smull #0xFFFFFF00, #0xFF ARM/IWRAM
mGBA log: Timing test: smull #0xFFFFFFFF, #0xFF
mGBA log: PASS: smull #0xFFFFFFFF, #0xFF ARM/ROM ...
mGBA log: PASS: smull #0xFFFFFFFF, #0xFF ARM/ROM P..
mGBA log: PASS: smull #0xFFFFFFFF, #0xFF ARM/ROM .N.
mGBA log: PASS: smull #0xFFFFFFFF, #0xFF ARM/ROM PN.
mGBA log: PASS: smull #0xFFFFFFFF, #0xFF ARM/ROM ..S
mGBA log: PASS: smull #0xFFFFFFFF, #0xFF ARM/ROM P.S
mGBA log: PASS: smull #0xFFFFFFFF, #0xFF ARM/ROM .NS
mGBA log: PASS: smull #0xFFFFFFFF, #0xFF ARM/ROM PNS
mGBA log: PASS: smull #0xFFFFFFFF, #0xFF ARM/WRAM
mGBA log: PASS: smull #0xFFFFFFFF, #0xFF ARM/IWRAM
mGBA log: Timing test: smull #0xFFFFFFFF, #0x00
mGBA log: PASS: smull #0xFFFFFFFF, #0x00 ARM/ROM ...
mGBA log: PASS: smull #0xFFFFFFFF, #0x00 ARM/ROM P..
mGBA log: PASS: smull #0xFFFFFFFF, #0x00 ARM/ROM .N.
mGBA log: PASS: smull #0xFFFFFFFF, #0x00 ARM/ROM PN.
mGBA log: PASS: smull #0xFFFFFFFF, #0x00 ARM/ROM ..S
mGBA log: PASS: smull #0xFFFFFFFF, #0x00 ARM/ROM P.S
mGBA log: PASS: smull #0xFFFFFFFF, #0x00 ARM/ROM .NS
mGBA log: PASS: smull #0xFFFFFFFF, #0x00 ARM/ROM PNS
mGBA log: PASS: smull #0xFFFFFFFF, #0x00 ARM/WRAM
mGBA log: PASS: smull #0xFFFFFFFF, #0x00 ARM/IWRAM
mGBA log: Timing test: smlal #0x00000000, #0xFF
mGBA log: PASS: smlal #0x00000000, #0xFF ARM/ROM ...
mGBA log: PASS: smlal #0x00000000, #0xFF ARM/ROM P..
mGBA log: PASS: smlal #0x00000000, #0xFF ARM/ROM .N.
mGBA log: PASS: smlal #0x00000000, #0xFF ARM/ROM PN.
mGBA log: PASS: smlal #0x00000000, #0xFF ARM/ROM ..S
mGBA log: PASS: smlal #0x00000000, #0xFF ARM/ROM P.S
mGBA log: PASS: smlal #0x00000000, #0xFF ARM/ROM .NS
mGBA log: PASS: smlal #0x00000000, #0xFF ARM/ROM PNS
mGBA log: PASS: smlal #0x00000000, #0xFF ARM/WRAM
mGBA log: PASS: smlal #0x00000000, #0xFF ARM/IWRAM
mGBA log: Timing test: smlal #0x00000078, #0xFF
mGBA log: PASS: smlal #0x00000078, #0xFF ARM/ROM ...
mGBA log: PASS: smlal #0x00000078, #0xFF ARM/ROM P..
mGBA log: PASS: smlal #0x00000078, #0xFF ARM/ROM .N.
mGBA log: PASS: smlal #0x00000078, #0xFF ARM/ROM PN.
mGBA log: PASS: smlal #0x00000078, #0xFF ARM/ROM ..S
mGBA log: PASS: smlal #0x00000078, #0xFF ARM/ROM P.S
mGBA log: PASS: smlal #0x00000078, #0xFF ARM/ROM .NS
mGBA log: PASS: smlal #0x00000078, #0xFF ARM/ROM PNS
mGBA log: PASS: smlal #0x00000078, #0xFF ARM/WRAM
mGBA log: PASS: smlal #0x00000078, #0xFF ARM/IWRAM
mGBA log: Timing test: smlal #0x00005678, #0xFF
mGBA log: PASS: smlal #0x00005678, #0xFF ARM/ROM ...
mGBA log: PASS: smlal #0x00005678, #0xFF ARM/ROM P..
mGBA log: PASS: smlal #0x00005678, #0xFF ARM/ROM .N.
mGBA log: PASS: smlal #0x00005678, #0xFF ARM/ROM PN.
mGBA log: PASS: smlal #0x00005678, #0xFF ARM/ROM ..S
mGBA log: PASS: smlal #0x00005678, #0xFF ARM/ROM P.S
mGBA log: PASS: smlal #0x00005678, #0xFF ARM/ROM .NS
mGBA log: PASS: smlal #0x00005678, #0xFF ARM/ROM PNS
mGBA log: PASS: smlal #0x00005678, #0xFF ARM/WRAM
mGBA log: PASS: smlal #0x00005678, #0xFF ARM/IWRAM
mGBA log: Timing test: smlal #0x00345678, #0xFF
mGBA log: PASS: smlal #0x00345678, #0xFF ARM/ROM ...
mGBA log: PASS: smlal #0x00345678, #0xFF ARM/ROM P..
mGBA log: PASS: smlal #0x00345678, #0xFF ARM/ROM .N.
mGBA log: PASS: smlal #0x00345678, #0xFF ARM/ROM PN.
mGBA log: PASS: smlal #0x00345678, #0xFF ARM/ROM ..S
mGBA log: PASS: smlal #0x00345678, #0xFF ARM/ROM P.S
mGBA log: PASS: smlal #0x00345678, #0xFF ARM/ROM .NS
mGBA log: PASS: smlal #0x00345678, #0xFF ARM/ROM PNS
mGBA log: PASS: smlal #0x00345678, #0xFF ARM/WRAM
mGBA log: PASS: smlal #0x00345678, #0xFF ARM/IWRAM
mGBA log: Timing test: smlal #0x12345678, #0xFF
mGBA log: PASS: smlal #0x12345678, #0xFF ARM/ROM ...
mGBA log: PASS: smlal #0x12345678, #0xFF ARM/ROM P..
mGBA log: PASS: smlal #0x12345678, #0xFF ARM/ROM .N.
mGBA log: PASS: smlal #0x12345678, #0xFF ARM/ROM PN.
mGBA log: PASS: smlal #0x12345678, #0xFF ARM/ROM ..S
mGBA log: PASS: smlal #0x12345678, #0xFF ARM/ROM P.S
mGBA log: PASS: smlal #0x12345678, #0xFF ARM/ROM .NS
mGBA log: PASS: smlal #0x12345678, #0xFF ARM/ROM PNS
mGBA log: PASS: smlal #0x12345678, #0xFF ARM/WRAM
mGBA log: PASS: smlal #0x12345678, #0xFF ARM/IWRAM
mGBA log: Timing test: smlal #0xFF000000, #0xFF
mGBA log: PASS: smlal #0xFF000000, #0xFF ARM/ROM ...
mGBA log: PASS: smlal #0xFF000000, #0xFF ARM/ROM P..
mGBA log: PASS: smlal #0xFF000000, #0xFF ARM/ROM .N.
mGBA log: PASS: smlal #0xFF000000, #0xFF ARM/ROM PN.
mGBA log: PASS: smlal #0xFF000000, #0xFF ARM/ROM ..S
mGBA log: PASS: smlal #0xFF000000, #0xFF ARM/ROM P.S
mGBA log: PASS: smlal #0xFF000000, #0xFF ARM/ROM .NS
mGBA log: PASS: smlal #0xFF000000, #0xFF ARM/ROM PNS
mGBA log: PASS: smlal #0xFF000000, #0xFF ARM/WRAM
mGBA log: PASS: smlal #0xFF000000, #0xFF ARM/IWRAM
mGBA log: Timing test: smlal #0xFFFF0000, #0xFF
mGBA log: PASS: smlal #0xFFFF0000, #0xFF ARM/ROM ...
mGBA log: PASS: smlal #0xFFFF0000, #0xFF ARM/ROM P..
mGBA log: PASS: smlal #0xFFFF0000, #0xFF ARM/ROM .N.
mGBA log: PASS: smlal #0xFFFF0000, #0xFF ARM/ROM PN.
mGBA log: PASS: smlal #0xFFFF0000, #0xFF ARM/ROM ..S
mGBA log: PASS: smlal #0xFFFF0000, #0xFF ARM/ROM P.S
mGBA log: PASS: smlal #0xFFFF0000, #0xFF ARM/ROM .NS
mGBA log: PASS: smlal #0xFFFF0000, #0xFF ARM/ROM PNS
mGBA log: PASS: smlal #0xFFFF0000, #0xFF ARM/WRAM
mGBA log: PASS: smlal #0xFFFF0000, #0xFF ARM/IWRAM
mGBA log: Timing test: smlal #0xFFFFFF00, #0xFF
mGBA log: PASS: smlal #0xFFFFFF00, #0xFF ARM/ROM ...
mGBA log: PASS: smlal #0xFFFFFF00, #0xFF ARM/ROM P..
mGBA log: PASS: smlal #0xFFFFFF00, #0xFF ARM/ROM .N.
mGBA log: PASS: smlal #0xFFFFFF00, #0xFF ARM/ROM PN.
mGBA log: PASS: smlal #0xFFFFFF00, #0xFF ARM/ROM ..S
mGBA log: PASS: smlal #0xFFFFFF00, #0xFF ARM/ROM P.S
mGBA log: PASS: smlal #0xFFFFFF00, #0xFF ARM/ROM .NS
mGBA log: PASS: smlal #0xFFFFFF00, #0xFF ARM/ROM PNS
mGBA log: PASS: smlal #0xFFFFFF00, #0xFF ARM/WRAM
mGBA log: PASS: smlal #0xFFFFFF00, #0xFF ARM/IWRAM
mGBA log: Timing test: smlal #0xFFFFFFFF, #0xFF
mGBA log: PASS: smlal #0xFFFFFFFF, #0xFF ARM/ROM ...
mGBA log: PASS: smlal #0xFFFFFFFF, #0xFF ARM/ROM P..
mGBA log: PASS: smlal #0xFFFFFFFF, #0xFF ARM/ROM .N.
mGBA log: PASS: smlal #0xFFFFFFFF, #0xFF ARM/ROM PN.
mGBA log: PASS: smlal #0xFFFFFFFF, #0xFF ARM/ROM ..S
mGBA log: PASS: smlal #0xFFFFFFFF, #0xFF ARM/ROM P.S
mGBA log: PASS: smlal #0xFFFFFFFF, #0xFF ARM/ROM .NS
mGBA log: PASS: smlal #0xFFFFFFFF, #0xFF ARM/ROM PNS
mGBA log: PASS: smlal #0xFFFFFFFF, #0xFF ARM/WRAM
mGBA log: PASS: smlal #0xFFFFFFFF, #0xFF ARM/IWRAM
mGBA log: Timing test: smlal #0xFFFFFFFF, #0x00
mGBA log: PASS: smlal #0xFFFFFFFF, #0x00 ARM/ROM ...
mGBA log: PASS: smlal #0xFFFFFFFF, #0x00 ARM/ROM P..
mGBA log: PASS: smlal #0xFFFFFFFF, #0x00 ARM/ROM .N.
mGBA log: PASS: smlal #0xFFFFFFFF, #0x00 ARM/ROM PN.
mGBA log: PASS: smlal #0xFFFFFFFF, #0x00 ARM/ROM ..S
mGBA log: PASS: smlal #0xFFFFFFFF, #0x00 ARM/ROM P.S
mGBA log: PASS: smlal #0xFFFFFFFF, #0x00 ARM/ROM .NS
mGBA log: PASS: smlal #0xFFFFFFFF, #0x00 ARM/ROM PNS
mGBA log: PASS: smlal #0xFFFFFFFF, #0x00 ARM/WRAM
mGBA log: PASS: smlal #0xFFFFFFFF, #0x00 ARM/IWRAM
mGBA log: Timing test: umull #0x00000000, #0xFF
mGBA log: PASS: umull #0x00000000, #0xFF ARM/ROM ...
mGBA log: PASS: umull #0x00000000, #0xFF ARM/ROM P..
mGBA log: PASS: umull #0x00000000, #0xFF ARM/ROM .N.
mGBA log: PASS: umull #0x00000000, #0xFF ARM/ROM PN.
mGBA log: PASS: umull #0x00000000, #0xFF ARM/ROM ..S
mGBA log: PASS: umull #0x00000000, #0xFF ARM/ROM P.S
mGBA log: PASS: umull #0x00000000, #0xFF ARM/ROM .NS
mGBA log: PASS: umull #0x00000000, #0xFF ARM/ROM PNS
mGBA log: PASS: umull #0x00000000, #0xFF ARM/WRAM
mGBA log: PASS: umull #0x00000000, #0xFF ARM/IWRAM
mGBA log: Timing test: umull #0x00000078, #0xFF
mGBA log: PASS: umull #0x00000078, #0xFF ARM/ROM ...
mGBA log: PASS: umull #0x00000078, #0xFF ARM/ROM P..
mGBA log: PASS: umull #0x00000078, #0xFF ARM/ROM .N.
mGBA log: PASS: umull #0x00000078, #0xFF ARM/ROM PN.
mGBA log: PASS: umull #0x00000078, #0xFF ARM/ROM ..S
mGBA log: PASS: umull #0x00000078, #0xFF ARM/ROM P.S
mGBA log: PASS: umull #0x00000078, #0xFF ARM/ROM .NS
mGBA log: PASS: umull #0x00000078, #0xFF ARM/ROM PNS
mGBA log: PASS: umull #0x00000078, #0xFF ARM/WRAM
mGBA log: PASS: umull #0x00000078, #0xFF ARM/IWRAM
mGBA log: Timing test: umull #0x00005678, #0xFF
mGBA log: PASS: umull #0x00005678, #0xFF ARM/ROM ...
mGBA log: PASS: umull #0x00005678, #0xFF ARM/ROM P..
mGBA log: PASS: umull #0x00005678, #0xFF ARM/ROM .N.
mGBA log: PASS: umull #0x00005678, #0xFF ARM/ROM PN.
mGBA log: PASS: umull #0x00005678, #0xFF ARM/ROM ..S
mGBA log: PASS: umull #0x00005678, #0xFF ARM/ROM P.S
mGBA log: PASS: umull #0x00005678, #0xFF ARM/ROM .NS
mGBA log: PASS: umull #0x00005678, #0xFF ARM/ROM PNS
mGBA log: PASS: umull #0x00005678, #0xFF ARM/WRAM
mGBA log: PASS: umull #0x00005678, #0xFF ARM/IWRAM
mGBA log: Timing test: umull #0x00345678, #0xFF
mGBA log: PASS: umull #0x00345678, #0xFF ARM/ROM ...
mGBA log: PASS: umull #0x00345678, #0xFF ARM/ROM P..
mGBA log: PASS: umull #0x00345678, #0xFF ARM/ROM .N.
mGBA log: PASS: umull #0x00345678, #0xFF ARM/ROM PN.
mGBA log: PASS: umull #0x00345678, #0xFF ARM/ROM ..S
mGBA log: PASS: umull #0x00345678, #0xFF ARM/ROM P.S
mGBA log: PASS: umull #0x00345678, #0xFF ARM/ROM .NS
mGBA log: PASS: umull #0x00345678, #0xFF ARM/ROM PNS
mGBA log: PASS: umull #0x00345678, #0xFF ARM/WRAM
mGBA log: PASS: umull #0x00345678, #0xFF ARM/IWRAM
mGBA log: Timing test: umull #0x12345678, #0xFF
mGBA log: PASS: umull #0x12345678, #0xFF ARM/ROM ...
mGBA log: PASS: umull #0x12345678, #0xFF ARM/ROM P..
mGBA log: PASS: umull #0x12345678, #0xFF ARM/ROM .N.
mGBA log: PASS: umull #0x12345678, #0xFF ARM/ROM PN.
mGBA log: PASS: umull #0x12345678, #0xFF ARM/ROM ..S
mGBA log: PASS: umull #0x12345678, #0xFF ARM/ROM P.S
mGBA log: PASS: umull #0x12345678, #0xFF ARM/ROM .NS
mGBA log: PASS: umull #0x12345678, #0xFF ARM/ROM PNS
mGBA log: PASS: umull #0x12345678, #0xFF ARM/WRAM
mGBA log: PASS: umull #0x12345678, #0xFF ARM/IWRAM
mGBA log: Timing test: umull #0xFF000000, #0xFF
mGBA log: PASS: umull #0xFF000000, #0xFF ARM/ROM ...
mGBA log: PASS: umull #0xFF000000, #0xFF ARM/ROM P..
mGBA log: PASS: umull #0xFF000000, #0xFF ARM/ROM .N.
mGBA log: PASS: umull #0xFF000000, #0xFF ARM/ROM PN.
mGBA log: PASS: umull #0xFF000000, #0xFF ARM/ROM ..S
mGBA log: PASS: umull #0xFF000000, #0xFF ARM/ROM P.S
mGBA log: PASS: umull #0xFF000000, #0xFF ARM/ROM .NS
mGBA log: PASS: umull #0xFF000000, #0xFF ARM/ROM PNS
mGBA log: PASS: umull #0xFF000000, #0xFF ARM/WRAM
mGBA log: PASS: umull #0xFF000000, #0xFF ARM/IWRAM
mGBA log: Timing test: umull #0xFFFF0000, #0xFF
mGBA log: PASS: umull #0xFFFF0000, #0xFF ARM/ROM ...
mGBA log: PASS: umull #0xFFFF0000, #0xFF ARM/ROM P..
mGBA log: PASS: umull #0xFFFF0000, #0xFF ARM/ROM .N.
mGBA log: PASS: umull #0xFFFF0000, #0xFF ARM/ROM PN.
mGBA log: PASS: umull #0xFFFF0000, #0xFF ARM/ROM ..S
mGBA log: PASS: umull #0xFFFF0000, #0xFF ARM/ROM P.S
mGBA log: PASS: umull #0xFFFF0000, #0xFF ARM/ROM .NS
mGBA log: PASS: umull #0xFFFF0000, #0xFF ARM/ROM PNS
mGBA log: PASS: umull #0xFFFF0000, #0xFF ARM/WRAM
mGBA log: PASS: umull #0xFFFF0000, #0xFF ARM/IWRAM
mGBA log: Timing test: umull #0xFFFFFF00, #0xFF
mGBA log: PASS: umull #0xFFFFFF00, #0xFF ARM/ROM ...
mGBA log: PASS: umull #0xFFFFFF00, #0xFF ARM/ROM P..
mGBA log: PASS: umull #0xFFFFFF00, #0xFF ARM/ROM .N.
mGBA log: PASS: umull #0xFFFFFF00, #0xFF ARM/ROM PN.
mGBA log: PASS: umull #0xFFFFFF00, #0xFF ARM/ROM ..S
mGBA log: PASS: umull #0xFFFFFF00, #0xFF ARM/ROM P.S
mGBA log: PASS: umull #0xFFFFFF00, #0xFF ARM/ROM .NS
mGBA log: PASS: umull #0xFFFFFF00, #0xFF ARM/ROM PNS
mGBA log: PASS: umull #0xFFFFFF00, #0xFF ARM/WRAM
mGBA log: PASS: umull #0xFFFFFF00, #0xFF ARM/IWRAM
mGBA log: Timing test: umull #0xFFFFFFFF, #0xFF
mGBA log: PASS: umull #0xFFFFFFFF, #0xFF ARM/ROM ...
mGBA log: PASS: umull #0xFFFFFFFF, #0xFF ARM/ROM P..
mGBA log: PASS: umull #0xFFFFFFFF, #0xFF ARM/ROM .N.
mGBA log: PASS: umull #0xFFFFFFFF, #0xFF ARM/ROM PN.
mGBA log: PASS: umull #0xFFFFFFFF, #0xFF ARM/ROM ..S
mGBA log: PASS: umull #0xFFFFFFFF, #0xFF ARM/ROM P.S
mGBA log: PASS: umull #0xFFFFFFFF, #0xFF ARM/ROM .NS
mGBA log: PASS: umull #0xFFFFFFFF, #0xFF ARM/ROM PNS
mGBA log: PASS: umull #0xFFFFFFFF, #0xFF ARM/WRAM
mGBA log: PASS: umull #0xFFFFFFFF, #0xFF ARM/IWRAM
mGBA log: Timing test: umull #0xFFFFFFFF, #0x00
mGBA log: PASS: umull #0xFFFFFFFF, #0x00 ARM/ROM ...
mGBA log: PASS: umull #0xFFFFFFFF, #0x00 ARM/ROM P..
mGBA log: PASS: umull #0xFFFFFFFF, #0x00 ARM/ROM .N.
mGBA log: PASS: umull #0xFFFFFFFF, #0x00 ARM/ROM PN.
mGBA log: PASS: umull #0xFFFFFFFF, #0x00 ARM/ROM ..S
mGBA log: PASS: umull #0xFFFFFFFF, #0x00 ARM/ROM P.S
mGBA log: PASS: umull #0xFFFFFFFF, #0x00 ARM/ROM .NS
mGBA log: PASS: umull #0xFFFFFFFF, #0x00 ARM/ROM PNS
mGBA log: PASS: umull #0xFFFFFFFF, #0x00 ARM/WRAM
mGBA log: PASS: umull #0xFFFFFFFF, #0x00 ARM/IWRAM
mGBA log: Timing test: umlal #0x00000000, #0xFF
mGBA log: PASS: umlal #0x00000000, #0xFF ARM/ROM ...
mGBA log: PASS: umlal #0x00000000, #0xFF ARM/ROM P..
mGBA log: PASS: umlal #0x00000000, #0xFF ARM/ROM .N.
mGBA log: PASS: umlal #0x00000000, #0xFF ARM/ROM PN.
mGBA log: PASS: umlal #0x00000000, #0xFF ARM/ROM ..S
mGBA log: PASS: umlal #0x00000000, #0xFF ARM/ROM P.S
mGBA log: PASS: umlal #0x00000000, #0xFF ARM/ROM .NS
mGBA log: PASS: umlal #0x00000000, #0xFF ARM/ROM PNS
mGBA log: PASS: umlal #0x00000000, #0xFF ARM/WRAM
mGBA log: PASS: umlal #0x00000000, #0xFF ARM/IWRAM
mGBA log: Timing test: umlal #0x00000078, #0xFF
mGBA log: PASS: umlal #0x00000078, #0xFF ARM/ROM ...
mGBA log: PASS: umlal #0x00000078, #0xFF ARM/ROM P..
mGBA log: PASS: umlal #0x00000078, #0xFF ARM/ROM .N.
mGBA log: PASS: umlal #0x00000078, #0xFF ARM/ROM PN.
mGBA log: PASS: umlal #0x00000078, #0xFF ARM/ROM ..S
mGBA log: PASS: umlal #0x00000078, #0xFF ARM/ROM P.S
mGBA log: PASS: umlal #0x00000078, #0xFF ARM/ROM .NS
mGBA log: PASS: umlal #0x00000078, #0xFF ARM/ROM PNS
mGBA log: PASS: umlal #0x00000078, #0xFF ARM/WRAM
mGBA log: PASS: umlal #0x00000078, #0xFF ARM/IWRAM
mGBA log: Timing test: umlal #0x00005678, #0xFF
mGBA log: PASS: umlal #0x00005678, #0xFF ARM/ROM ...
mGBA log: PASS: umlal #0x00005678, #0xFF ARM/ROM P..
mGBA log: PASS: umlal #0x00005678, #0xFF ARM/ROM .N.
mGBA log: PASS: umlal #0x00005678, #0xFF ARM/ROM PN.
mGBA log: PASS: umlal #0x00005678, #0xFF ARM/ROM ..S
mGBA log: PASS: umlal #0x00005678, #0xFF ARM/ROM P.S
mGBA log: PASS: umlal #0x00005678, #0xFF ARM/ROM .NS
mGBA log: PASS: umlal #0x00005678, #0xFF ARM/ROM PNS
mGBA log: PASS: umlal #0x00005678, #0xFF ARM/WRAM
mGBA log: PASS: umlal #0x00005678, #0xFF ARM/IWRAM
mGBA log: Timing test: umlal #0x00345678, #0xFF
mGBA log: PASS: umlal #0x00345678, #0xFF ARM/ROM ...
mGBA log: PASS: umlal #0x00345678, #0xFF ARM/ROM P..
mGBA log: PASS: umlal #0x00345678, #0xFF ARM/ROM .N.
mGBA log: PASS: umlal #0x00345678, #0xFF ARM/ROM PN.
mGBA log: PASS: umlal #0x00345678, #0xFF ARM/ROM ..S
mGBA log: PASS: umlal #0x00345678, #0xFF ARM/ROM P.S
mGBA log: PASS: umlal #0x00345678, #0xFF ARM/ROM .NS
mGBA log: PASS: umlal #0x00345678, #0xFF ARM/ROM PNS
mGBA log: PASS: umlal #0x00345678, #0xFF ARM/WRAM
mGBA log: PASS: umlal #0x00345678, #0xFF ARM/IWRAM
mGBA log: Timing test: umlal #0x12345678, #0xFF
mGBA log: PASS: umlal #0x12345678, #0xFF ARM/ROM ...
mGBA log: PASS: umlal #0x12345678, #0xFF ARM/ROM P..
mGBA log: PASS: umlal #0x12345678, #0xFF ARM/ROM .N.
mGBA log: PASS: umlal #0x12345678, #0xFF ARM/ROM PN.
mGBA log: PASS: umlal #0x12345678, #0xFF ARM/ROM ..S
mGBA log: PASS: umlal #0x12345678, #0xFF ARM/ROM P.S
mGBA log: PASS: umlal #0x12345678, #0xFF ARM/ROM .NS
mGBA log: PASS: umlal #0x12345678, #0xFF ARM/ROM PNS
mGBA log: PASS: umlal #0x12345678, #0xFF ARM/WRAM
mGBA log: PASS: umlal #0x12345678, #0xFF ARM/IWRAM
mGBA log: Timing test: umlal #0xFF000000, #0xFF
mGBA log: PASS: umlal #0xFF000000, #0xFF ARM/ROM ...
mGBA log: PASS: umlal #0xFF000000, #0xFF ARM/ROM P..
mGBA log: PASS: umlal #0xFF000000, #0xFF ARM/ROM .N.
mGBA log: PASS: umlal #0xFF000000, #0xFF ARM/ROM PN.
mGBA log: PASS: umlal #0xFF000000, #0xFF ARM/ROM ..S
mGBA log: PASS: umlal #0xFF000000, #0xFF ARM/ROM P.S
mGBA log: PASS: umlal #0xFF000000, #0xFF ARM/ROM .NS
mGBA log: PASS: umlal #0xFF000000, #0xFF ARM/ROM PNS
mGBA log: PASS: umlal #0xFF000000, #0xFF ARM/WRAM
mGBA log: PASS: umlal #0xFF000000, #0xFF ARM/IWRAM
mGBA log: Timing test: umlal #0xFFFF0000, #0xFF
mGBA log: PASS: umlal #0xFFFF0000, #0xFF ARM/ROM ...
mGBA log: PASS: umlal #0xFFFF0000, #0xFF ARM/ROM P..
mGBA log: PASS: umlal #0xFFFF0000, #0xFF ARM/ROM .N.
mGBA log: PASS: umlal #0xFFFF0000, #0xFF ARM/ROM PN.
mGBA log: PASS: umlal #0xFFFF0000, #0xFF ARM/ROM ..S
mGBA log: PASS: umlal #0xFFFF0000, #0xFF ARM/ROM P.S
mGBA log: PASS: umlal #0xFFFF0000, #0xFF ARM/ROM .NS
mGBA log: PASS: umlal #0xFFFF0000, #0xFF ARM/ROM PNS
mGBA log: PASS: umlal #0xFFFF0000, #0xFF ARM/WRAM
mGBA log: PASS: umlal #0xFFFF0000, #0xFF ARM/IWRAM
mGBA log: Timing test: umlal #0xFFFFFF00, #0xFF
mGBA log: PASS: umlal #0xFFFFFF00, #0xFF ARM/ROM ...
mGBA log: PASS: umlal #0xFFFFFF00, #0xFF ARM/ROM P..
mGBA log: PASS: umlal #0xFFFFFF00, #0xFF ARM/ROM .N.
mGBA log: PASS: umlal #0xFFFFFF00, #0xFF ARM/ROM PN.
mGBA log: PASS: umlal #0xFFFFFF00, #0xFF ARM/ROM ..S
mGBA log: PASS: umlal #0xFFFFFF00, #0xFF ARM/ROM P.S
mGBA log: PASS: umlal #0xFFFFFF00, #0xFF ARM/ROM .NS
mGBA log: PASS: umlal #0xFFFFFF00, #0xFF ARM/ROM PNS
mGBA log: PASS: umlal #0xFFFFFF00, #0xFF ARM/WRAM
mGBA log: PASS: umlal #0xFFFFFF00, #0xFF ARM/IWRAM
mGBA log: Timing test: umlal #0xFFFFFFFF, #0xFF
mGBA log: PASS: umlal #0xFFFFFFFF, #0xFF ARM/ROM ...
mGBA log: PASS: umlal #0xFFFFFFFF, #0xFF ARM/ROM P..
mGBA log: PASS: umlal #0xFFFFFFFF, #0xFF ARM/ROM .N.
mGBA log: PASS: umlal #0xFFFFFFFF, #0xFF ARM/ROM PN.
mGBA log: PASS: umlal #0xFFFFFFFF, #0xFF ARM/ROM ..S
mGBA log: PASS: umlal #0xFFFFFFFF, #0xFF ARM/ROM P.S
mGBA log: PASS: umlal #0xFFFFFFFF, #0xFF ARM/ROM .NS
mGBA log: PASS: umlal #0xFFFFFFFF, #0xFF ARM/ROM PNS
mGBA log: PASS: umlal #0xFFFFFFFF, #0xFF ARM/WRAM
mGBA log: PASS: umlal #0xFFFFFFFF, #0xFF ARM/IWRAM
mGBA log: Timing test: umlal #0xFFFFFFFF, #0x00
mGBA log: PASS: umlal #0xFFFFFFFF, #0x00 ARM/ROM ...
mGBA log: PASS: umlal #0xFFFFFFFF, #0x00 ARM/ROM P..
mGBA log: PASS: umlal #0xFFFFFFFF, #0x00 ARM/ROM .N.
mGBA log: PASS: umlal #0xFFFFFFFF, #0x00 ARM/ROM PN.
mGBA log: PASS: umlal #0xFFFFFFFF, #0x00 ARM/ROM ..S
mGBA log: PASS: umlal #0xFFFFFFFF, #0x00 ARM/ROM P.S
mGBA log: PASS: umlal #0xFFFFFFFF, #0x00 ARM/ROM .NS
mGBA log: PASS: umlal #0xFFFFFFFF, #0x00 ARM/ROM PNS
mGBA log: PASS: umlal #0xFFFFFFFF, #0x00 ARM/WRAM
mGBA log: PASS: umlal #0xFFFFFFFF, #0x00 ARM/IWRAM
mGBA log: Timing test: b pc
mGBA log: PASS: b pc ARM/ROM ...
mGBA log: PASS: b pc ARM/ROM P..
mGBA log: PASS: b pc ARM/ROM .N.
mGBA log: PASS: b pc ARM/ROM PN.
mGBA log: PASS: b pc ARM/ROM ..S
mGBA log: PASS: b pc ARM/ROM P.S
mGBA log: PASS: b pc ARM/ROM .NS
mGBA log: PASS: b pc ARM/ROM PNS
mGBA log: PASS: b pc ARM/WRAM
mGBA log: PASS: b pc ARM/IWRAM
mGBA log: PASS: b pc Thumb/ROM ...
mGBA log: PASS: b pc Thumb/ROM P..
mGBA log: PASS: b pc Thumb/ROM .N.
mGBA log: PASS: b pc Thumb/ROM PN.
mGBA log: PASS: b pc Thumb/ROM ..S
mGBA log: PASS: b pc Thumb/ROM P.S
mGBA log: PASS: b pc Thumb/ROM .NS
mGBA log: PASS: b pc Thumb/ROM PNS
mGBA log: PASS: b pc Thumb/WRAM
mGBA log: PASS: b pc Thumb/IWRAM
mGBA log: Timing test: nop ; b pc
mGBA log: PASS: nop ; b pc ARM/ROM ...
mGBA log: PASS: nop ; b pc ARM/ROM P..
mGBA log: PASS: nop ; b pc ARM/ROM .N.
mGBA log: PASS: nop ; b pc ARM/ROM PN.
mGBA log: PASS: nop ; b pc ARM/ROM ..S
mGBA log: PASS: nop ; b pc ARM/ROM P.S
mGBA log: PASS: nop ; b pc ARM/ROM .NS
mGBA log: PASS: nop ; b pc ARM/ROM PNS
mGBA log: PASS: nop ; b pc ARM/WRAM
mGBA log: PASS: nop ; b pc ARM/IWRAM
mGBA log: PASS: nop ; b pc Thumb/ROM ...
mGBA log: PASS: nop ; b pc Thumb/ROM P..
mGBA log: PASS: nop ; b pc Thumb/ROM .N.
mGBA log: PASS: nop ; b pc Thumb/ROM PN.
mGBA log: PASS: nop ; b pc Thumb/ROM ..S
mGBA log: PASS: nop ; b pc Thumb/ROM P.S
mGBA log: PASS: nop ; b pc Thumb/ROM .NS
mGBA log: PASS: nop ; b pc Thumb/ROM PNS
mGBA log: PASS: nop ; b pc Thumb/WRAM
mGBA log: PASS: nop ; b pc Thumb/IWRAM
mGBA log: Timing test: bx
mGBA log: PASS: bx ARM/ROM ...
mGBA log: PASS: bx ARM/ROM P..
mGBA log: PASS: bx ARM/ROM .N.
mGBA log: PASS: bx ARM/ROM PN.
mGBA log: PASS: bx ARM/ROM ..S
mGBA log: PASS: bx ARM/ROM P.S
mGBA log: PASS: bx ARM/ROM .NS
mGBA log: PASS: bx ARM/ROM PNS
mGBA log: PASS: bx ARM/WRAM
mGBA log: PASS: bx ARM/IWRAM
mGBA log: PASS: bx Thumb/ROM ...
mGBA log: PASS: bx Thumb/ROM P..
mGBA log: PASS: bx Thumb/ROM .N.
mGBA log: PASS: bx Thumb/ROM PN.
mGBA log: PASS: bx Thumb/ROM ..S
mGBA log: PASS: bx Thumb/ROM P.S
mGBA log: PASS: bx Thumb/ROM .NS
mGBA log: PASS: bx Thumb/ROM PNS
mGBA log: PASS: bx Thumb/WRAM
mGBA log: PASS: bx Thumb/IWRAM
mGBA log: Timing test: Trivial loop
mGBA log: PASS: Trivial loop ARM/ROM ...
mGBA log: PASS: Trivial loop ARM/ROM P..
mGBA log: PASS: Trivial loop ARM/ROM .N.
mGBA log: PASS: Trivial loop ARM/ROM PN.
mGBA log: PASS: Trivial loop ARM/ROM ..S
mGBA log: PASS: Trivial loop ARM/ROM P.S
mGBA log: PASS: Trivial loop ARM/ROM .NS
mGBA log: PASS: Trivial loop ARM/ROM PNS
mGBA log: PASS: Trivial loop ARM/WRAM
mGBA log: PASS: Trivial loop ARM/IWRAM
mGBA log: PASS: Trivial loop Thumb/ROM ...
mGBA log: PASS: Trivial loop Thumb/ROM P..
mGBA log: PASS: Trivial loop Thumb/ROM .N.
mGBA log: PASS: Trivial loop Thumb/ROM PN.
mGBA log: PASS: Trivial loop Thumb/ROM ..S
mGBA log: PASS: Trivial loop Thumb/ROM P.S
mGBA log: PASS: Trivial loop Thumb/ROM .NS
mGBA log: PASS: Trivial loop Thumb/ROM PNS
mGBA log: PASS: Trivial loop Thumb/WRAM
mGBA log: PASS: Trivial loop Thumb/IWRAM
mGBA log: Timing test: C loop
mGBA log: PASS: C loop ARM/ROM ...
mGBA log: PASS: C loop ARM/ROM P..
mGBA log: PASS: C loop ARM/ROM .N.
mGBA log: PASS: C loop ARM/ROM PN.
mGBA log: PASS: C loop ARM/ROM ..S
mGBA log: PASS: C loop ARM/ROM P.S
mGBA log: PASS: C loop ARM/ROM .NS
mGBA log: PASS: C loop ARM/ROM PNS
mGBA log: PASS: C loop ARM/WRAM
mGBA log: PASS: C loop ARM/IWRAM
mGBA log: PASS: C loop Thumb/ROM ...
mGBA log: PASS: C loop Thumb/ROM P..
mGBA log: PASS: C loop Thumb/ROM .N.
mGBA log: PASS: C loop Thumb/ROM PN.
mGBA log: PASS: C loop Thumb/ROM ..S
mGBA log: PASS: C loop Thumb/ROM P.S
mGBA log: PASS: C loop Thumb/ROM .NS
mGBA log: PASS: C loop Thumb/ROM PNS
mGBA log: PASS: C loop Thumb/WRAM
mGBA log: PASS: C loop Thumb/IWRAM
mGBA log: Timing test: BIOS Division
mGBA log: PASS: BIOS Division ARM/ROM ...
mGBA log: PASS: BIOS Division ARM/ROM P..
mGBA log: PASS: BIOS Division ARM/ROM .N.
mGBA log: PASS: BIOS Division ARM/ROM PN.
mGBA log: PASS: BIOS Division ARM/ROM ..S
mGBA log: PASS: BIOS Division ARM/ROM P.S
mGBA log: PASS: BIOS Division ARM/ROM .NS
mGBA log: PASS: BIOS Division ARM/ROM PNS
mGBA log: PASS: BIOS Division ARM/WRAM
mGBA log: PASS: BIOS Division ARM/IWRAM
mGBA log: PASS: BIOS Division Thumb/ROM ...
mGBA log: PASS: BIOS Division Thumb/ROM P..
mGBA log: PASS: BIOS Division Thumb/ROM .N.
mGBA log: PASS: BIOS Division Thumb/ROM PN.
mGBA log: PASS: BIOS Division Thumb/ROM ..S
mGBA log: PASS: BIOS Division Thumb/ROM P.S
mGBA log: PASS: BIOS Division Thumb/ROM .NS
mGBA log: PASS: BIOS Division Thumb/ROM PNS
mGBA log: PASS: BIOS Division Thumb/WRAM
mGBA log: PASS: BIOS Division Thumb/IWRAM
mGBA log: Timing test: BIOS Division 2
mGBA log: PASS: BIOS Division 2 ARM/ROM ...
mGBA log: PASS: BIOS Division 2 ARM/ROM P..
mGBA log: PASS: BIOS Division 2 ARM/ROM .N.
mGBA log: PASS: BIOS Division 2 ARM/ROM PN.
mGBA log: PASS: BIOS Division 2 ARM/ROM ..S
mGBA log: PASS: BIOS Division 2 ARM/ROM P.S
mGBA log: PASS: BIOS Division 2 ARM/ROM .NS
mGBA log: PASS: BIOS Division 2 ARM/ROM PNS
mGBA log: PASS: BIOS Division 2 ARM/WRAM
mGBA log: PASS: BIOS Division 2 ARM/IWRAM
mGBA log: PASS: BIOS Division 2 Thumb/ROM ...
mGBA log: PASS: BIOS Division 2 Thumb/ROM P..
mGBA log: PASS: BIOS Division 2 Thumb/ROM .N.
mGBA log: PASS: BIOS Division 2 Thumb/ROM PN.
mGBA log: PASS: BIOS Division 2 Thumb/ROM ..S
mGBA log: PASS: BIOS Division 2 Thumb/ROM P.S
mGBA log: PASS: BIOS Division 2 Thumb/ROM .NS
mGBA log: PASS: BIOS Division 2 Thumb/ROM PNS
mGBA log: PASS: BIOS Division 2 Thumb/WRAM
mGBA log: PASS: BIOS Division 2 Thumb/IWRAM
mGBA log: Timing test: BIOS Sqrt
mGBA log: PASS: BIOS Sqrt ARM/ROM ...
mGBA log: PASS: BIOS Sqrt ARM/ROM P..
mGBA log: PASS: BIOS Sqrt ARM/ROM .N.
mGBA log: PASS: BIOS Sqrt ARM/ROM PN.
mGBA log: PASS: BIOS Sqrt ARM/ROM ..S
mGBA log: PASS: BIOS Sqrt ARM/ROM P.S
mGBA log: PASS: BIOS Sqrt ARM/ROM .NS
mGBA log: PASS: BIOS Sqrt ARM/ROM PNS
mGBA log: PASS: BIOS Sqrt ARM/WRAM
mGBA log: PASS: BIOS Sqrt ARM/IWRAM
mGBA log: PASS: BIOS Sqrt Thumb/ROM ...
mGBA log: PASS: BIOS Sqrt Thumb/ROM P..
mGBA log: PASS: BIOS Sqrt Thumb/ROM .N.
mGBA log: PASS: BIOS Sqrt Thumb/ROM PN.
mGBA log: PASS: BIOS Sqrt Thumb/ROM ..S
mGBA log: PASS: BIOS Sqrt Thumb/ROM P.S
mGBA log: PASS: BIOS Sqrt Thumb/ROM .NS
mGBA log: PASS: BIOS Sqrt Thumb/ROM PNS
mGBA log: PASS: BIOS Sqrt Thumb/WRAM
mGBA log: PASS: BIOS Sqrt Thumb/IWRAM
mGBA log: Timing test: BIOS Sqrt 2
mGBA log: PASS: BIOS Sqrt 2 ARM/ROM ...
mGBA log: PASS: BIOS Sqrt 2 ARM/ROM P..
mGBA log: PASS: BIOS Sqrt 2 ARM/ROM .N.
mGBA log: PASS: BIOS Sqrt 2 ARM/ROM PN.
mGBA log: PASS: BIOS Sqrt 2 ARM/ROM ..S
mGBA log: PASS: BIOS Sqrt 2 ARM/ROM P.S
mGBA log: PASS: BIOS Sqrt 2 ARM/ROM .NS
mGBA log: PASS: BIOS Sqrt 2 ARM/ROM PNS
mGBA log: PASS: BIOS Sqrt 2 ARM/WRAM
mGBA log: PASS: BIOS Sqrt 2 ARM/IWRAM
mGBA log: PASS: BIOS Sqrt 2 Thumb/ROM ...
mGBA log: PASS: BIOS Sqrt 2 Thumb/ROM P..
mGBA log: PASS: BIOS Sqrt 2 Thumb/ROM .N.
mGBA log: PASS: BIOS Sqrt 2 Thumb/ROM PN.
mGBA log: PASS: BIOS Sqrt 2 Thumb/ROM ..S
mGBA log: PASS: BIOS Sqrt 2 Thumb/ROM P.S
mGBA log: PASS: BIOS Sqrt 2 Thumb/ROM .NS
mGBA log: PASS: BIOS Sqrt 2 Thumb/ROM PNS
mGBA log: PASS: BIOS Sqrt 2 Thumb/WRAM
mGBA log: PASS: BIOS Sqrt 2 Thumb/IWRAM
mGBA log: Timing test: BIOS Sqrt 3
mGBA log: PASS: BIOS Sqrt 3 ARM/ROM ...
mGBA log: PASS: BIOS Sqrt 3 ARM/ROM P..
mGBA log: PASS: BIOS Sqrt 3 ARM/ROM .N.
mGBA log: PASS: BIOS Sqrt 3 ARM/ROM PN.
mGBA log: PASS: BIOS Sqrt 3 ARM/ROM ..S
mGBA log: PASS: BIOS Sqrt 3 ARM/ROM P.S
mGBA log: PASS: BIOS Sqrt 3 ARM/ROM .NS
mGBA log: PASS: BIOS Sqrt 3 ARM/ROM PNS
mGBA log: PASS: BIOS Sqrt 3 ARM/WRAM
mGBA log: PASS: BIOS Sqrt 3 ARM/IWRAM
mGBA log: PASS: BIOS Sqrt 3 Thumb/ROM ...
mGBA log: PASS: BIOS Sqrt 3 Thumb/ROM P..
mGBA log: PASS: BIOS Sqrt 3 Thumb/ROM .N.
mGBA log: PASS: BIOS Sqrt 3 Thumb/ROM PN.
mGBA log: PASS: BIOS Sqrt 3 Thumb/ROM ..S
mGBA log: PASS: BIOS Sqrt 3 Thumb/ROM P.S
mGBA log: PASS: BIOS Sqrt 3 Thumb/ROM .NS
mGBA log: PASS: BIOS Sqrt 3 Thumb/ROM PNS
mGBA log: PASS: BIOS Sqrt 3 Thumb/WRAM
mGBA log: PASS: BIOS Sqrt 3 Thumb/IWRAM
mGBA log: Timing test: BIOS ArcTan
mGBA log: PASS: BIOS ArcTan ARM/ROM ...
mGBA log: PASS: BIOS ArcTan ARM/ROM P..
mGBA log: PASS: BIOS ArcTan ARM/ROM .N.
mGBA log: PASS: BIOS ArcTan ARM/ROM PN.
mGBA log: PASS: BIOS ArcTan ARM/ROM ..S
mGBA log: PASS: BIOS ArcTan ARM/ROM P.S
mGBA log: PASS: BIOS ArcTan ARM/ROM .NS
mGBA log: PASS: BIOS ArcTan ARM/ROM PNS
mGBA log: PASS: BIOS ArcTan ARM/WRAM
mGBA log: PASS: BIOS ArcTan ARM/IWRAM
mGBA log: PASS: BIOS ArcTan Thumb/ROM ...
mGBA log: PASS: BIOS ArcTan Thumb/ROM P..
mGBA log: PASS: BIOS ArcTan Thumb/ROM .N.
mGBA log: PASS: BIOS ArcTan Thumb/ROM PN.
mGBA log: PASS: BIOS ArcTan Thumb/ROM ..S
mGBA log: PASS: BIOS ArcTan Thumb/ROM P.S
mGBA log: PASS: BIOS ArcTan Thumb/ROM .NS
mGBA log: PASS: BIOS ArcTan Thumb/ROM PNS
mGBA log: PASS: BIOS ArcTan Thumb/WRAM
mGBA log: PASS: BIOS ArcTan Thumb/IWRAM
mGBA log: Timing test: CpuSet
mGBA log: PASS: CpuSet ARM/ROM ...
mGBA log: PASS: CpuSet ARM/ROM P..
mGBA log: PASS: CpuSet ARM/ROM .N.
mGBA log: PASS: CpuSet ARM/ROM PN.
mGBA log: PASS: CpuSet ARM/ROM ..S
mGBA log: PASS: CpuSet ARM/ROM P.S
mGBA log: PASS: CpuSet ARM/ROM .NS
mGBA log: PASS: CpuSet ARM/ROM PNS
mGBA log: PASS: CpuSet ARM/WRAM
mGBA log: PASS: CpuSet ARM/IWRAM
mGBA log: PASS: CpuSet Thumb/ROM ...
mGBA log: PASS: CpuSet Thumb/ROM P..
mGBA log: PASS: CpuSet Thumb/ROM .N.
mGBA log: PASS: CpuSet Thumb/ROM PN.
mGBA log: PASS: CpuSet Thumb/ROM ..S
mGBA log: PASS: CpuSet Thumb/ROM P.S
mGBA log: PASS: CpuSet Thumb/ROM .NS
mGBA log: PASS: CpuSet Thumb/ROM PNS
mGBA log: PASS: CpuSet Thumb/WRAM
mGBA log: PASS: CpuSet Thumb/IWRAM
mGBA log: Timing test: Trivial DMA (16)
mGBA log: PASS: Trivial DMA (16) ARM/ROM ...
mGBA log: PASS: Trivial DMA (16) ARM/ROM P..
mGBA log: PASS: Trivial DMA (16) ARM/ROM .N.
mGBA log: PASS: Trivial DMA (16) ARM/ROM PN.
mGBA log: PASS: Trivial DMA (16) ARM/ROM ..S
mGBA log: PASS: Trivial DMA (16) ARM/ROM P.S
mGBA log: PASS: Trivial DMA (16) ARM/ROM .NS
mGBA log: PASS: Trivial DMA (16) ARM/ROM PNS
mGBA log: PASS: Trivial DMA (16) ARM/WRAM
mGBA log: PASS: Trivial DMA (16) ARM/IWRAM
mGBA log: PASS: Trivial DMA (16) Thumb/ROM ...
mGBA log: PASS: Trivial DMA (16) Thumb/ROM P..
mGBA log: PASS: Trivial DMA (16) Thumb/ROM .N.
mGBA log: PASS: Trivial DMA (16) Thumb/ROM PN.
mGBA log: PASS: Trivial DMA (16) Thumb/ROM ..S
mGBA log: PASS: Trivial DMA (16) Thumb/ROM P.S
mGBA log: PASS: Trivial DMA (16) Thumb/ROM .NS
mGBA log: PASS: Trivial DMA (16) Thumb/ROM PNS
mGBA log: PASS: Trivial DMA (16) Thumb/WRAM
mGBA log: PASS: Trivial DMA (16) Thumb/IWRAM
mGBA log: Timing test: Trivial DMA (16/ROM)
mGBA log: PASS: Trivial DMA (16/ROM) ARM/ROM ...
mGBA log: PASS: Trivial DMA (16/ROM) ARM/ROM P..
mGBA log: PASS: Trivial DMA (16/ROM) ARM/ROM .N.
mGBA log: PASS: Trivial DMA (16/ROM) ARM/ROM PN.
mGBA log: PASS: Trivial DMA (16/ROM) ARM/ROM ..S
mGBA log: PASS: Trivial DMA (16/ROM) ARM/ROM P.S
mGBA log: PASS: Trivial DMA (16/ROM) ARM/ROM .NS
mGBA log: PASS: Trivial DMA (16/ROM) ARM/ROM PNS
mGBA log: PASS: Trivial DMA (16/ROM) ARM/WRAM
mGBA log: PASS: Trivial DMA (16/ROM) ARM/IWRAM
mGBA log: PASS: Trivial DMA (16/ROM) Thumb/ROM ...
mGBA log: PASS: Trivial DMA (16/ROM) Thumb/ROM P..
mGBA log: PASS: Trivial DMA (16/ROM) Thumb/ROM .N.
mGBA log: PASS: Trivial DMA (16/ROM) Thumb/ROM PN.
mGBA log: PASS: Trivial DMA (16/ROM) Thumb/ROM ..S
mGBA log: PASS: Trivial DMA (16/ROM) Thumb/ROM P.S
mGBA log: PASS: Trivial DMA (16/ROM) Thumb/ROM .NS
mGBA log: PASS: Trivial DMA (16/ROM) Thumb/ROM PNS
mGBA log: PASS: Trivial DMA (16/ROM) Thumb/WRAM
mGBA log: PASS: Trivial DMA (16/ROM) Thumb/IWRAM
mGBA log: Timing test: Trivial DMA (16/to ROM)
mGBA log: PASS: Trivial DMA (16/to ROM) ARM/ROM ...
mGBA log: PASS: Trivial DMA (16/to ROM) ARM/ROM P..
mGBA log: PASS: Trivial DMA (16/to ROM) ARM/ROM .N.
mGBA log: PASS: Trivial DMA (16/to ROM) ARM/ROM PN.
mGBA log: PASS: Trivial DMA (16/to ROM) ARM/ROM ..S
mGBA log: PASS: Trivial DMA (16/to ROM) ARM/ROM P.S
mGBA log: PASS: Trivial DMA (16/to ROM) ARM/ROM .NS
mGBA log: PASS: Trivial DMA (16/to ROM) ARM/ROM PNS
mGBA log: PASS: Trivial DMA (16/to ROM) ARM/WRAM
mGBA log: PASS: Trivial DMA (16/to ROM) ARM/IWRAM
mGBA log: PASS: Trivial DMA (16/to ROM) Thumb/ROM ...
mGBA log: PASS: Trivial DMA (16/to ROM) Thumb/ROM P..
mGBA log: PASS: Trivial DMA (16/to ROM) Thumb/ROM .N.
mGBA log: PASS: Trivial DMA (16/to ROM) Thumb/ROM PN.
mGBA log: PASS: Trivial DMA (16/to ROM) Thumb/ROM ..S
mGBA log: PASS: Trivial DMA (16/to ROM) Thumb/ROM P.S
mGBA log: PASS: Trivial DMA (16/to ROM) Thumb/ROM .NS
mGBA log: PASS: Trivial DMA (16/to ROM) Thumb/ROM PNS
mGBA log: PASS: Trivial DMA (16/to ROM) Thumb/WRAM
mGBA log: PASS: Trivial DMA (16/to ROM) Thumb/IWRAM
mGBA log: Timing test: Trivial DMA (16/ROM to ROM)
mGBA log: PASS: Trivial DMA (16/ROM to ROM) ARM/ROM ...
mGBA log: PASS: Trivial DMA (16/ROM to ROM) ARM/ROM P..
mGBA log: PASS: Trivial DMA (16/ROM to ROM) ARM/ROM .N.
mGBA log: PASS: Trivial DMA (16/ROM to ROM) ARM/ROM PN.
mGBA log: PASS: Trivial DMA (16/ROM to ROM) ARM/ROM ..S
mGBA log: PASS: Trivial DMA (16/ROM to ROM) ARM/ROM P.S
mGBA log: PASS: Trivial DMA (16/ROM to ROM) ARM/ROM .NS
mGBA log: PASS: Trivial DMA (16/ROM to ROM) ARM/ROM PNS
mGBA log: PASS: Trivial DMA (16/ROM to ROM) ARM/WRAM
mGBA log: PASS: Trivial DMA (16/ROM to ROM) ARM/IWRAM
mGBA log: PASS: Trivial DMA (16/ROM to ROM) Thumb/ROM ...
mGBA log: PASS: Trivial DMA (16/ROM to ROM) Thumb/ROM P..
mGBA log: PASS: Trivial DMA (16/ROM to ROM) Thumb/ROM .N.
mGBA log: PASS: Trivial DMA (16/ROM to ROM) Thumb/ROM PN.
mGBA log: PASS: Trivial DMA (16/ROM to ROM) Thumb/ROM ..S
mGBA log: PASS: Trivial DMA (16/ROM to ROM) Thumb/ROM P.S
mGBA log: PASS: Trivial DMA (16/ROM to ROM) Thumb/ROM .NS
mGBA log: PASS: Trivial DMA (16/ROM to ROM) Thumb/ROM PNS
mGBA log: PASS: Trivial DMA (16/ROM to ROM) Thumb/WRAM
mGBA log: PASS: Trivial DMA (16/ROM to ROM) Thumb/IWRAM
mGBA log: Timing test: Trivial DMA (32)
mGBA log: PASS: Trivial DMA (32) ARM/ROM ...
mGBA log: PASS: Trivial DMA (32) ARM/ROM P..
mGBA log: PASS: Trivial DMA (32) ARM/ROM .N.
mGBA log: PASS: Trivial DMA (32) ARM/ROM PN.
mGBA log: PASS: Trivial DMA (32) ARM/ROM ..S
mGBA log: PASS: Trivial DMA (32) ARM/ROM P.S
mGBA log: PASS: Trivial DMA (32) ARM/ROM .NS
mGBA log: PASS: Trivial DMA (32) ARM/ROM PNS
mGBA log: PASS: Trivial DMA (32) ARM/WRAM
mGBA log: PASS: Trivial DMA (32) ARM/IWRAM
mGBA log: PASS: Trivial DMA (32) Thumb/ROM ...
mGBA log: PASS: Trivial DMA (32) Thumb/ROM P..
mGBA log: PASS: Trivial DMA (32) Thumb/ROM .N.
mGBA log: PASS: Trivial DMA (32) Thumb/ROM PN.
mGBA log: PASS: Trivial DMA (32) Thumb/ROM ..S
mGBA log: PASS: Trivial DMA (32) Thumb/ROM P.S
mGBA log: PASS: Trivial DMA (32) Thumb/ROM .NS
mGBA log: PASS: Trivial DMA (32) Thumb/ROM PNS
mGBA log: PASS: Trivial DMA (32) Thumb/WRAM
mGBA log: PASS: Trivial DMA (32) Thumb/IWRAM
mGBA log: Timing test: Trivial DMA (32/from ROM)
mGBA log: PASS: Trivial DMA (32/from ROM) ARM/ROM ...
mGBA log: PASS: Trivial DMA (32/from ROM) ARM/ROM P..
mGBA log: PASS: Trivial DMA (32/from ROM) ARM/ROM .N.
mGBA log: PASS: Trivial DMA (32/from ROM) ARM/ROM PN.
mGBA log: PASS: Trivial DMA (32/from ROM) ARM/ROM ..S
mGBA log: PASS: Trivial DMA (32/from ROM) ARM/ROM P.S
mGBA log: PASS: Trivial DMA (32/from ROM) ARM/ROM .NS
mGBA log: PASS: Trivial DMA (32/from ROM) ARM/ROM PNS
mGBA log: PASS: Trivial DMA (32/from ROM) ARM/WRAM
mGBA log: PASS: Trivial DMA (32/from ROM) ARM/IWRAM
mGBA log: PASS: Trivial DMA (32/from ROM) Thumb/ROM ...
mGBA log: PASS: Trivial DMA (32/from ROM) Thumb/ROM P..
mGBA log: PASS: Trivial DMA (32/from ROM) Thumb/ROM .N.
mGBA log: PASS: Trivial DMA (32/from ROM) Thumb/ROM PN.
mGBA log: PASS: Trivial DMA (32/from ROM) Thumb/ROM ..S
mGBA log: PASS: Trivial DMA (32/from ROM) Thumb/ROM P.S
mGBA log: PASS: Trivial DMA (32/from ROM) Thumb/ROM .NS
mGBA log: PASS: Trivial DMA (32/from ROM) Thumb/ROM PNS
mGBA log: PASS: Trivial DMA (32/from ROM) Thumb/WRAM
mGBA log: PASS: Trivial DMA (32/from ROM) Thumb/IWRAM
mGBA log: Timing test: Trivial DMA (32/to ROM)
mGBA log: PASS: Trivial DMA (32/to ROM) ARM/ROM ...
mGBA log: PASS: Trivial DMA (32/to ROM) ARM/ROM P..
mGBA log: PASS: Trivial DMA (32/to ROM) ARM/ROM .N.
mGBA log: PASS: Trivial DMA (32/to ROM) ARM/ROM PN.
mGBA log: PASS: Trivial DMA (32/to ROM) ARM/ROM ..S
mGBA log: PASS: Trivial DMA (32/to ROM) ARM/ROM P.S
mGBA log: PASS: Trivial DMA (32/to ROM) ARM/ROM .NS
mGBA log: PASS: Trivial DMA (32/to ROM) ARM/ROM PNS
mGBA log: PASS: Trivial DMA (32/to ROM) ARM/WRAM
mGBA log: PASS: Trivial DMA (32/to ROM) ARM/IWRAM
mGBA log: PASS: Trivial DMA (32/to ROM) Thumb/ROM ...
mGBA log: PASS: Trivial DMA (32/to ROM) Thumb/ROM P..
mGBA log: PASS: Trivial DMA (32/to ROM) Thumb/ROM .N.
mGBA log: PASS: Trivial DMA (32/to ROM) Thumb/ROM PN.
mGBA log: PASS: Trivial DMA (32/to ROM) Thumb/ROM ..S
mGBA log: PASS: Trivial DMA (32/to ROM) Thumb/ROM P.S
mGBA log: PASS: Trivial DMA (32/to ROM) Thumb/ROM .NS
mGBA log: PASS: Trivial DMA (32/to ROM) Thumb/ROM PNS
mGBA log: PASS: Trivial DMA (32/to ROM) Thumb/WRAM
mGBA log: PASS: Trivial DMA (32/to ROM) Thumb/IWRAM
mGBA log: Timing test: Trivial DMA (32/ROM to ROM)
mGBA log: PASS: Trivial DMA (32/ROM to ROM) ARM/ROM ...
mGBA log: PASS: Trivial DMA (32/ROM to ROM) ARM/ROM P..
mGBA log: PASS: Trivial DMA (32/ROM to ROM) ARM/ROM .N.
mGBA log: PASS: Trivial DMA (32/ROM to ROM) ARM/ROM PN.
mGBA log: PASS: Trivial DMA (32/ROM to ROM) ARM/ROM ..S
mGBA log: PASS: Trivial DMA (32/ROM to ROM) ARM/ROM P.S
mGBA log: PASS: Trivial DMA (32/ROM to ROM) ARM/ROM .NS
mGBA log: PASS: Trivial DMA (32/ROM to ROM) ARM/ROM PNS
mGBA log: PASS: Trivial DMA (32/ROM to ROM) ARM/WRAM
mGBA log: PASS: Trivial DMA (32/ROM to ROM) ARM/IWRAM
mGBA log: PASS: Trivial DMA (32/ROM to ROM) Thumb/ROM ...
mGBA log: PASS: Trivial DMA (32/ROM to ROM) Thumb/ROM P..
mGBA log: PASS: Trivial DMA (32/ROM to ROM) Thumb/ROM .N.
mGBA log: PASS: Trivial DMA (32/ROM to ROM) Thumb/ROM PN.
mGBA log: PASS: Trivial DMA (32/ROM to ROM) Thumb/ROM ..S
mGBA log: PASS: Trivial DMA (32/ROM to ROM) Thumb/ROM P.S
mGBA log: PASS: Trivial DMA (32/ROM to ROM) Thumb/ROM .NS
mGBA log: PASS: Trivial DMA (32/ROM to ROM) Thumb/ROM PNS
mGBA log: PASS: Trivial DMA (32/ROM to ROM) Thumb/WRAM
mGBA log: PASS: Trivial DMA (32/ROM to ROM) Thumb/IWRAM
mGBA log: Timing test: Short DMA (16)
mGBA log: PASS: Short DMA (16) ARM/ROM ...
mGBA log: PASS: Short DMA (16) ARM/ROM P..
mGBA log: PASS: Short DMA (16) ARM/ROM .N.
mGBA log: PASS: Short DMA (16) ARM/ROM PN.
mGBA log: PASS: Short DMA (16) ARM/ROM ..S
mGBA log: PASS: Short DMA (16) ARM/ROM P.S
mGBA log: PASS: Short DMA (16) ARM/ROM .NS
mGBA log: PASS: Short DMA (16) ARM/ROM PNS
mGBA log: PASS: Short DMA (16) ARM/WRAM
mGBA log: PASS: Short DMA (16) ARM/IWRAM
mGBA log: PASS: Short DMA (16) Thumb/ROM ...
mGBA log: PASS: Short DMA (16) Thumb/ROM P..
mGBA log: PASS: Short DMA (16) Thumb/ROM .N.
mGBA log: PASS: Short DMA (16) Thumb/ROM PN.
mGBA log: PASS: Short DMA (16) Thumb/ROM ..S
mGBA log: PASS: Short DMA (16) Thumb/ROM P.S
mGBA log: PASS: Short DMA (16) Thumb/ROM .NS
mGBA log: PASS: Short DMA (16) Thumb/ROM PNS
mGBA log: PASS: Short DMA (16) Thumb/WRAM
mGBA log: PASS: Short DMA (16) Thumb/IWRAM
mGBA log: Timing test: Short DMA (16/from ROM)
mGBA log: PASS: Short DMA (16/from ROM) ARM/ROM ...
mGBA log: PASS: Short DMA (16/from ROM) ARM/ROM P..
mGBA log: PASS: Short DMA (16/from ROM) ARM/ROM .N.
mGBA log: PASS: Short DMA (16/from ROM) ARM/ROM PN.
mGBA log: PASS: Short DMA (16/from ROM) ARM/ROM ..S
mGBA log: PASS: Short DMA (16/from ROM) ARM/ROM P.S
mGBA log: PASS: Short DMA (16/from ROM) ARM/ROM .NS
mGBA log: PASS: Short DMA (16/from ROM) ARM/ROM PNS
mGBA log: PASS: Short DMA (16/from ROM) ARM/WRAM
mGBA log: PASS: Short DMA (16/from ROM) ARM/IWRAM
mGBA log: PASS: Short DMA (16/from ROM) Thumb/ROM ...
mGBA log: PASS: Short DMA (16/from ROM) Thumb/ROM P..
mGBA log: PASS: Short DMA (16/from ROM) Thumb/ROM .N.
mGBA log: PASS: Short DMA (16/from ROM) Thumb/ROM PN.
mGBA log: PASS: Short DMA (16/from ROM) Thumb/ROM ..S
mGBA log: PASS: Short DMA (16/from ROM) Thumb/ROM P.S
mGBA log: PASS: Short DMA (16/from ROM) Thumb/ROM .NS
mGBA log: PASS: Short DMA (16/from ROM) Thumb/ROM PNS
mGBA log: PASS: Short DMA (16/from ROM) Thumb/WRAM
mGBA log: PASS: Short DMA (16/from ROM) Thumb/IWRAM
mGBA log: Timing test: Short DMA (16/to ROM)
mGBA log: PASS: Short DMA (16/to ROM) ARM/ROM ...
mGBA log: PASS: Short DMA (16/to ROM) ARM/ROM P..
mGBA log: PASS: Short DMA (16/to ROM) ARM/ROM .N.
mGBA log: PASS: Short DMA (16/to ROM) ARM/ROM PN.
mGBA log: PASS: Short DMA (16/to ROM) ARM/ROM ..S
mGBA log: PASS: Short DMA (16/to ROM) ARM/ROM P.S
mGBA log: PASS: Short DMA (16/to ROM) ARM/ROM .NS
mGBA log: PASS: Short DMA (16/to ROM) ARM/ROM PNS
mGBA log: PASS: Short DMA (16/to ROM) ARM/WRAM
mGBA log: PASS: Short DMA (16/to ROM) ARM/IWRAM
mGBA log: PASS: Short DMA (16/to ROM) Thumb/ROM ...
mGBA log: PASS: Short DMA (16/to ROM) Thumb/ROM P..
mGBA log: PASS: Short DMA (16/to ROM) Thumb/ROM .N.
mGBA log: PASS: Short DMA (16/to ROM) Thumb/ROM PN.
mGBA log: PASS: Short DMA (16/to ROM) Thumb/ROM ..S
mGBA log: PASS: Short DMA (16/to ROM) Thumb/ROM P.S
mGBA log: PASS: Short DMA (16/to ROM) Thumb/ROM .NS
mGBA log: PASS: Short DMA (16/to ROM) Thumb/ROM PNS
mGBA log: PASS: Short DMA (16/to ROM) Thumb/WRAM
mGBA log: PASS: Short DMA (16/to ROM) Thumb/IWRAM
mGBA log: Timing test: Short DMA (16/ROM to ROM)
mGBA log: PASS: Short DMA (16/ROM to ROM) ARM/ROM ...
mGBA log: PASS: Short DMA (16/ROM to ROM) ARM/ROM P..
mGBA log: PASS: Short DMA (16/ROM to ROM) ARM/ROM .N.
mGBA log: PASS: Short DMA (16/ROM to ROM) ARM/ROM PN.
mGBA log: PASS: Short DMA (16/ROM to ROM) ARM/ROM ..S
mGBA log: PASS: Short DMA (16/ROM to ROM) ARM/ROM P.S
mGBA log: PASS: Short DMA (16/ROM to ROM) ARM/ROM .NS
mGBA log: PASS: Short DMA (16/ROM to ROM) ARM/ROM PNS
mGBA log: PASS: Short DMA (16/ROM to ROM) ARM/WRAM
mGBA log: PASS: Short DMA (16/ROM to ROM) ARM/IWRAM
mGBA log: PASS: Short DMA (16/ROM to ROM) Thumb/ROM ...
mGBA log: PASS: Short DMA (16/ROM to ROM) Thumb/ROM P..
mGBA log: PASS: Short DMA (16/ROM to ROM) Thumb/ROM .N.
mGBA log: PASS: Short DMA (16/ROM to ROM) Thumb/ROM PN.
mGBA log: PASS: Short DMA (16/ROM to ROM) Thumb/ROM ..S
mGBA log: PASS: Short DMA (16/ROM to ROM) Thumb/ROM P.S
mGBA log: PASS: Short DMA (16/ROM to ROM) Thumb/ROM .NS
mGBA log: PASS: Short DMA (16/ROM to ROM) Thumb/ROM PNS
mGBA log: PASS: Short DMA (16/ROM to ROM) Thumb/WRAM
mGBA log: PASS: Short DMA (16/ROM to ROM) Thumb/IWRAM
mGBA log: Timing test: Short DMA (32)
mGBA log: PASS: Short DMA (32) ARM/ROM ...
mGBA log: PASS: Short DMA (32) ARM/ROM P..
mGBA log: PASS: Short DMA (32) ARM/ROM .N.
mGBA log: PASS: Short DMA (32) ARM/ROM PN.
mGBA log: PASS: Short DMA (32) ARM/ROM ..S
mGBA log: PASS: Short DMA (32) ARM/ROM P.S
mGBA log: PASS: Short DMA (32) ARM/ROM .NS
mGBA log: PASS: Short DMA (32) ARM/ROM PNS
mGBA log: PASS: Short DMA (32) ARM/WRAM
mGBA log: PASS: Short DMA (32) ARM/IWRAM
mGBA log: PASS: Short DMA (32) Thumb/ROM ...
mGBA log: PASS: Short DMA (32) Thumb/ROM P..
mGBA log: PASS: Short DMA (32) Thumb/ROM .N.
mGBA log: PASS: Short DMA (32) Thumb/ROM PN.
mGBA log: PASS: Short DMA (32) Thumb/ROM ..S
mGBA log: PASS: Short DMA (32) Thumb/ROM P.S
mGBA log: PASS: Short DMA (32) Thumb/ROM .NS
mGBA log: PASS: Short DMA (32) Thumb/ROM PNS
mGBA log: PASS: Short DMA (32) Thumb/WRAM
mGBA log: PASS: Short DMA (32) Thumb/IWRAM
mGBA log: Timing test: Short DMA (32/from ROM)
mGBA log: PASS: Short DMA (32/from ROM) ARM/ROM ...
mGBA log: PASS: Short DMA (32/from ROM) ARM/ROM P..
mGBA log: PASS: Short DMA (32/from ROM) ARM/ROM .N.
mGBA log: PASS: Short DMA (32/from ROM) ARM/ROM PN.
mGBA log: PASS: Short DMA (32/from ROM) ARM/ROM ..S
mGBA log: PASS: Short DMA (32/from ROM) ARM/ROM P.S
mGBA log: PASS: Short DMA (32/from ROM) ARM/ROM .NS
mGBA log: PASS: Short DMA (32/from ROM) ARM/ROM PNS
mGBA log: PASS: Short DMA (32/from ROM) ARM/WRAM
mGBA log: PASS: Short DMA (32/from ROM) ARM/IWRAM
mGBA log: PASS: Short DMA (32/from ROM) Thumb/ROM ...
mGBA log: PASS: Short DMA (32/from ROM) Thumb/ROM P..
mGBA log: PASS: Short DMA (32/from ROM) Thumb/ROM .N.
mGBA log: PASS: Short DMA (32/from ROM) Thumb/ROM PN.
mGBA log: PASS: Short DMA (32/from ROM) Thumb/ROM ..S
mGBA log: PASS: Short DMA (32/from ROM) Thumb/ROM P.S
mGBA log: PASS: Short DMA (32/from ROM) Thumb/ROM .NS
mGBA log: PASS: Short DMA (32/from ROM) Thumb/ROM PNS
mGBA log: PASS: Short DMA (32/from ROM) Thumb/WRAM
mGBA log: PASS: Short DMA (32/from ROM) Thumb/IWRAM
mGBA log: Timing test: Short DMA (32/to ROM)
mGBA log: PASS: Short DMA (32/to ROM) ARM/ROM ...
mGBA log: PASS: Short DMA (32/to ROM) ARM/ROM P..
mGBA log: PASS: Short DMA (32/to ROM) ARM/ROM .N.
mGBA log: PASS: Short DMA (32/to ROM) ARM/ROM PN.
mGBA log: PASS: Short DMA (32/to ROM) ARM/ROM ..S
mGBA log: PASS: Short DMA (32/to ROM) ARM/ROM P.S
mGBA log: PASS: Short DMA (32/to ROM) ARM/ROM .NS
mGBA log: PASS: Short DMA (32/to ROM) ARM/ROM PNS
mGBA log: PASS: Short DMA (32/to ROM) ARM/WRAM
mGBA log: PASS: Short DMA (32/to ROM) ARM/IWRAM
mGBA log: PASS: Short DMA (32/to ROM) Thumb/ROM ...
mGBA log: PASS: Short DMA (32/to ROM) Thumb/ROM P..
mGBA log: PASS: Short DMA (32/to ROM) Thumb/ROM .N.
mGBA log: PASS: Short DMA (32/to ROM) Thumb/ROM PN.
mGBA log: PASS: Short DMA (32/to ROM) Thumb/ROM ..S
mGBA log: PASS: Short DMA (32/to ROM) Thumb/ROM P.S
mGBA log: PASS: Short DMA (32/to ROM) Thumb/ROM .NS
mGBA log: PASS: Short DMA (32/to ROM) Thumb/ROM PNS
mGBA log: PASS: Short DMA (32/to ROM) Thumb/WRAM
mGBA log: PASS: Short DMA (32/to ROM) Thumb/IWRAM
mGBA log: Timing test: Short DMA (32/ROM to ROM)
mGBA log: PASS: Short DMA (32/ROM to ROM) ARM/ROM ...
mGBA log: PASS: Short DMA (32/ROM to ROM) ARM/ROM P..
mGBA log: PASS: Short DMA (32/ROM to ROM) ARM/ROM .N.
mGBA log: PASS: Short DMA (32/ROM to ROM) ARM/ROM PN.
mGBA log: PASS: Short DMA (32/ROM to ROM) ARM/ROM ..S
mGBA log: PASS: Short DMA (32/ROM to ROM) ARM/ROM P.S
mGBA log: PASS: Short DMA (32/ROM to ROM) ARM/ROM .NS
mGBA log: PASS: Short DMA (32/ROM to ROM) ARM/ROM PNS
mGBA log: PASS: Short DMA (32/ROM to ROM) ARM/WRAM
mGBA log: PASS: Short DMA (32/ROM to ROM) ARM/IWRAM
mGBA log: PASS: Short DMA (32/ROM to ROM) Thumb/ROM ...
mGBA log: PASS: Short DMA (32/ROM to ROM) Thumb/ROM P..
mGBA log: PASS: Short DMA (32/ROM to ROM) Thumb/ROM .N.
mGBA log: PASS: Short DMA (32/ROM to ROM) Thumb/ROM PN.
mGBA log: PASS: Short DMA (32/ROM to ROM) Thumb/ROM ..S
mGBA log: PASS: Short DMA (32/ROM to ROM) Thumb/ROM P.S
mGBA log: PASS: Short DMA (32/ROM to ROM) Thumb/ROM .NS
mGBA log: PASS: Short DMA (32/ROM to ROM) Thumb/ROM PNS
mGBA log: PASS: Short DMA (32/ROM to ROM) Thumb/WRAM
mGBA log: PASS: Short DMA (32/ROM to ROM) Thumb/IWRAM
mGBA log: END: 2020/2020

--- Suite 03: Timing ---
Frames: 286
[sram]
Game Boy Advance Test Suite
===
Timing test: Calibration
Timing test: nop
Timing test: nop / nop
Timing test: ldrh r2, [sp]
Timing test: ldrh r2, [sp] / nop
Timing test: nop / ldrh r2, [sp]
Timing test: nop / ldrh r2, [sp] / nop
Timing test: ldrh r2, [#0x08000000]
Timing test: ldrh r2, [#0x08000000] / nop
Timing test: nop / ldrh r2, [#0x08000000]
Timing test: ldr r2, [sp]
Timing test: ldr r2, [sp] / nop
Timing test: nop / ldr r2, [sp]
Timing test: ldr r2, [#0x08000000]
Timing test: ldr r2, [#0x08000000] / nop
Timing test: nop / ldr r2, [#0x08000000]
Timing test: strh r3, [sp]
Timing test: strh r3, [sp] / nop
Timing test: nop / strh r3, [sp]
Timing test: nop / strh r3, [sp] / nop
Timing test: ldr r2, [sp] x2
Timing test: ldr r2, [#0x08000000] / ldr r2, [sp]
Timing test: ldr r2, [sp] / ldr r2, [#0x08000000]
Timing test: ldr r2, [#0x08000000] x2
Timing test: str r3, [sp] x2
Timing test: ldr r2, [sp] / str r2, [sp]
Timing test: str r3, [sp] / ldr r3, [sp]
Timing test: ldmia sp, {r2}
Timing test: ldmia sp, {r2, r3}
Timing test: ldmia sp, {r2-r7}
Timing test: ldmia sp, {r2} x2
Timing test: ldmia sp, {r2, r3} x2
Timing test: ldmia sp, {r2-r7} x2
Timing test: stmia sp, {r2}
Timing test: stmia sp, {r2, r3}
Timing test: stmia sp, {r2-r7}
Timing test: stmia sp, {r2} x2
Timing test: stmia sp, {r2, r3} x2
Timing test: stmia sp, {r2-r7} x2
Timing test: ldmia [#0x07FFFFFC]!, {r3-r7}
Timing test: ldmia [#0x07FFFFF8]!, {r3-r7}
Timing test: ldmia [#0x07FFFFF4]!, {r3-r7}
Timing test: ldmia [#0x07FFFFF0]!, {r3-r7}
Timing test: ldmia [#0x07FFFFEC]!, {r3-r7}
Timing test: mul #0x00000000, #0xFF
Timing test: mul #0x00000078, #0xFF
Timing test: mul #0x00005678, #0xFF
Timing test: mul #0x00345678, #0xFF
Timing test: mul #0x12345678, #0xFF
Timing test: mul #0xFF000000, #0xFF
Timing test: mul #0xFFFF0000, #0xFF
Timing test: mul #0xFFFFFF00, #0xFF
Timing test: mul #0xFFFFFFFF, #0xFF
Timing test: mul #0xFFFFFFFF, #0x00
Timing test: mla #0x00000000, #0xFF
Timing test: mla #0x00000078, #0xFF
Timing test: mla #0x00005678, #0xFF
Timing test: mla #0x00345678, #0xFF
Timing test: mla #0x12345678, #0xFF
Timing test: mla #0xFF000000, #0xFF
Timing test: mla #0xFFFF0000, #0xFF
Timing test: mla #0xFFFFFF00, #0xFF
Timing test: mla #0xFFFFFFFF, #0xFF
Timing test: mla #0xFFFFFFFF, #0x00
Timing test: smull #0x00000000, #0xFF
Timing test: smull #0x00000078, #0xFF
Timing test: smull #0x00005678, #0xFF
Timing test: smull #0x00345678, #0xFF
Timing test: smull #0x12345678, #0xFF
Timing test: smull #0xFF000000, #0xFF
Timing test: smull #0xFFFF0000, #0xFF
Timing test: smull #0xFFFFFF00, #0xFF
Timing test: smull #0xFFFFFFFF, #0xFF
Timing test: smull #0xFFFFFFFF, #0x00
Timing test: smlal #0x00000000, #0xFF
Timing test: smlal #0x00000078, #0xFF
Timing test: smlal #0x00005678, #0xFF
Timing test: smlal #0x00345678, #0xFF
Timing test: smlal #0x12345678, #0xFF
Timing test: smlal #0xFF000000, #0xFF
Timing test: smlal #0xFFFF0000, #0xFF
Timing test: smlal #0xFFFFFF00, #0xFF
Timing test: smlal #0xFFFFFFFF, #0xFF
Timing test: smlal #0xFFFFFFFF, #0x00
Timing test: umull #0x00000000, #0xFF
Timing test: umull #0x00000078, #0xFF
Timing test: umull #0x00005678, #0xFF
Timing test: umull #0x00345678, #0xFF
Timing test: umull #0x12345678, #0xFF
Timing test: umull #0xFF000000, #0xFF
Timing test: umull #0xFFFF0000, #0xFF
Timing test: umull #0xFFFFFF00, #0xFF
Timing test: umull #0xFFFFFFFF, #0xFF
Timing test: umull #0xFFFFFFFF, #0x00
Timing test: umlal #0x00000000, #0xFF
Timing test: umlal #0x00000078, #0xFF
Timing test: umlal #0x00005678, #0xFF
Timing test: umlal #0x00345678, #0xFF
Timing test: umlal #0x12345678, #0xFF
Timing test: umlal #0xFF000000, #0xFF
Timing test: umlal #0xFFFF0000, #0xFF
Timing test: umlal #0xFFFFFF00, #0xFF
Timing test: umlal #0xFFFFFFFF, #0xFF
Timing test: umlal #0xFFFFFFFF, #0x00
Timing test: b pc
Timing test: nop ; b pc
Timing test: bx
Timing test: Trivial loop
Timing test: C loop
Timing test: BIOS Division
Timing test: BIOS Division 2
Timing test: BIOS Sqrt
Timing test: BIOS Sqrt 2
Timing test: BIOS Sqrt 3
Timing test: BIOS ArcTan
Timing test: CpuSet
Timing test: Trivial DMA (16)
Timing test: Trivial DMA (16/ROM)
Timing test: Trivial DMA (16/to ROM)
Timing test: Trivial DMA (16/ROM to ROM)
Timing test: Trivial DMA (32)
Timing test: Trivial DMA (32/from ROM)
Timing test: Trivial DMA (32/to ROM)
Timing test: Trivial DMA (32/ROM to ROM)
Timing test: Short DMA (16)
Timing test: Short DMA (16/from ROM)
Timing test: Short DMA (16/to ROM)
Timing test: Short DMA (16/ROM to ROM)
Timing test: Short DMA (32)
Timing test: Short DMA (32/from ROM)
Timing test: Short DMA (32/to ROM)
Timing test: Short DMA (32/ROM to ROM)
mGBA log: Game Boy Advance Test Suite
===
mGBA log: BEGIN: Timer count-up tests
mGBA log: Timer count-up test: 0b, 0x0001
mGBA log: PASS: 0b, 0x0001 1xs 1d 1i
mGBA log: PASS: 0b, 0x0001 16xs 1d 1i
mGBA log: PASS: 0b, 0x0001 1xv 1d 1i
mGBA log: PASS: 0b, 0x0001 16xv 1d 1i
mGBA log: PASS: 0b, 0x0001 1xs 2d 1i
mGBA log: PASS: 0b, 0x0001 16xs 2d 1i
mGBA log: PASS: 0b, 0x0001 1xv 2d 1i
mGBA log: PASS: 0b, 0x0001 16xv 2d 1i
mGBA log: PASS: 0b, 0x0001 1xs 4d 1i
mGBA log: PASS: 0b, 0x0001 16xs 4d 1i
mGBA log: PASS: 0b, 0x0001 1xv 4d 1i
mGBA log: PASS: 0b, 0x0001 16xv 4d 1i
mGBA log: PASS: 0b, 0x0001 1xs 1d 2i
mGBA log: PASS: 0b, 0x0001 16xs 1d 2i
mGBA log: PASS: 0b, 0x0001 1xv 1d 2i
mGBA log: PASS: 0b, 0x0001 16xv 1d 2i
mGBA log: PASS: 0b, 0x0001 1xs 2d 2i
mGBA log: PASS: 0b, 0x0001 16xs 2d 2i
mGBA log: PASS: 0b, 0x0001 1xv 2d 2i
mGBA log: PASS: 0b, 0x0001 16xv 2d 2i
mGBA log: PASS: 0b, 0x0001 1xs 4d 2i
mGBA log: PASS: 0b, 0x0001 16xs 4d 2i
mGBA log: PASS: 0b, 0x0001 1xv 4d 2i
mGBA log: PASS: 0b, 0x0001 16xv 4d 2i
mGBA log: PASS: 0b, 0x0001 1xs 1d 4i
mGBA log: PASS: 0b, 0x0001 16xs 1d 4i
mGBA log: PASS: 0b, 0x0001 1xv 1d 4i
mGBA log: PASS: 0b, 0x0001 16xv 1d 4i
mGBA log: PASS: 0b, 0x0001 1xs 2d 4i
mGBA log: PASS: 0b, 0x0001 16xs 2d 4i
mGBA log: PASS: 0b, 0x0001 1xv 2d 4i
mGBA log: PASS: 0b, 0x0001 16xv 2d 4i
mGBA log: PASS: 0b, 0x0001 1xs 4d 4i
mGBA log: PASS: 0b, 0x0001 16xs 4d 4i
mGBA log: PASS: 0b, 0x0001 1xv 4d 4i
mGBA log: PASS: 0b, 0x0001 16xv 4d 4i
mGBA log: Timer count-up test: 0b, 0x0005
mGBA log: PASS: 0b, 0x0005 1xs 1d 1i
mGBA log: PASS: 0b, 0x0005 16xs 1d 1i
mGBA log: PASS: 0b, 0x0005 1xv 1d 1i
mGBA log: PASS: 0b, 0x0005 16xv 1d 1i
mGBA log: PASS: 0b, 0x0005 1xs 2d 1i
mGBA log: PASS: 0b, 0x0005 16xs 2d 1i
mGBA log: PASS: 0b, 0x0005 1xv 2d 1i
mGBA log: PASS: 0b, 0x0005 16xv 2d 1i
mGBA log: PASS: 0b, 0x0005 1xs 4d 1i
mGBA log: PASS: 0b, 0x0005 16xs 4d 1i
mGBA log: PASS: 0b, 0x0005 1xv 4d 1i
mGBA log: PASS: 0b, 0x0005 16xv 4d 1i
mGBA log: PASS: 0b, 0x0005 1xs 1d 2i
mGBA log: PASS: 0b, 0x0005 16xs 1d 2i
mGBA log: PASS: 0b, 0x0005 1xv 1d 2i
mGBA log: PASS: 0b, 0x0005 16xv 1d 2i
mGBA log: PASS: 0b, 0x0005 1xs 2d 2i
mGBA log: PASS: 0b, 0x0005 16xs 2d 2i
mGBA log: PASS: 0b, 0x0005 1xv 2d 2i
mGBA log: PASS: 0b, 0x0005 16xv 2d 2i
mGBA log: PASS: 0b, 0x0005 1xs 4d 2i
mGBA log: PASS: 0b, 0x0005 16xs 4d 2i
mGBA log: PASS: 0b, 0x0005 1xv 4d 2i
mGBA log: PASS: 0b, 0x0005 16xv 4d 2i
mGBA log: PASS: 0b, 0x0005 1xs 1d 4i
mGBA log: PASS: 0b, 0x0005 16xs 1d 4i
mGBA log: PASS: 0b, 0x0005 1xv 1d 4i
mGBA log: PASS: 0b, 0x0005 16xv 1d 4i
mGBA log: PASS: 0b, 0x0005 1xs 2d 4i
mGBA log: PASS: 0b, 0x0005 16xs 2d 4i
mGBA log: PASS: 0b, 0x0005 1xv 2d 4i
mGBA log: PASS: 0b, 0x0005 16xv 2d 4i
mGBA log: PASS: 0b, 0x0005 1xs 4d 4i
mGBA log: PASS: 0b, 0x0005 16xs 4d 4i
mGBA log: PASS: 0b, 0x0005 1xv 4d 4i
mGBA log: PASS: 0b, 0x0005 16xv 4d 4i
mGBA log: Timer count-up test: 0b, 0x000C
mGBA log: PASS: 0b, 0x000C 1xs 1d 1i
mGBA log: PASS: 0b, 0x000C 16xs 1d 1i
mGBA log: PASS: 0b, 0x000C 1xv 1d 1i
mGBA log: PASS: 0b, 0x000C 16xv 1d 1i
mGBA log: PASS: 0b, 0x000C 1xs 2d 1i
mGBA log: PASS: 0b, 0x000C 16xs 2d 1i
mGBA log: PASS: 0b, 0x000C 1xv 2d 1i
mGBA log: PASS: 0b, 0x000C 16xv 2d 1i
mGBA log: PASS: 0b, 0x000C 1xs 4d 1i
mGBA log: PASS: 0b, 0x000C 16xs 4d 1i
mGBA log: PASS: 0b, 0x000C 1xv 4d 1i
mGBA log: PASS: 0b, 0x000C 16xv 4d 1i
mGBA log: PASS: 0b, 0x000C 1xs 1d 2i
mGBA log: PASS: 0b, 0x000C 16xs 1d 2i
mGBA log: PASS: 0b, 0x000C 1xv 1d 2i
mGBA log: PASS: 0b, 0x000C 16xv 1d 2i
mGBA log: PASS: 0b, 0x000C 1xs 2d 2i
mGBA log: PASS: 0b, 0x000C 16xs 2d 2i
mGBA log: PASS: 0b, 0x000C 1xv 2d 2i
mGBA log: PASS: 0b, 0x000C 16xv 2d 2i
mGBA log: PASS: 0b, 0x000C 1xs 4d 2i
mGBA log: PASS: 0b, 0x000C 16xs 4d 2i
mGBA log: PASS: 0b, 0x000C 1xv 4d 2i
mGBA log: PASS: 0b, 0x000C 16xv 4d 2i
mGBA log: PASS: 0b, 0x000C 1xs 1d 4i
mGBA log: PASS: 0b, 0x000C 16xs 1d 4i
mGBA log: PASS: 0b, 0x000C 1xv 1d 4i
mGBA log: PASS: 0b, 0x000C 16xv 1d 4i
mGBA log: PASS: 0b, 0x000C 1xs 2d 4i
mGBA log: PASS: 0b, 0x000C 16xs 2d 4i
mGBA log: PASS: 0b, 0x000C 1xv 2d 4i
mGBA log: PASS: 0b, 0x000C 16xv 2d 4i
mGBA log: PASS: 0b, 0x000C 1xs 4d 4i
mGBA log: PASS: 0b, 0x000C 16xs 4d 4i
mGBA log: PASS: 0b, 0x000C 1xv 4d 4i
mGBA log: PASS: 0b, 0x000C 16xv 4d 4i
mGBA log: Timer count-up test: 0b, 0x000D
mGBA log: PASS: 0b, 0x000D 1xs 1d 1i
mGBA log: PASS: 0b, 0x000D 16xs 1d 1i
mGBA log: PASS: 0b, 0x000D 1xv 1d 1i
mGBA log: PASS: 0b, 0x000D 16xv 1d 1i
mGBA log: PASS: 0b, 0x000D 1xs 2d 1i
mGBA log: PASS: 0b, 0x000D 16xs 2d 1i
mGBA log: PASS: 0b, 0x000D 1xv 2d 1i
mGBA log: PASS: 0b, 0x000D 16xv 2d 1i
mGBA log: PASS: 0b, 0x000D 1xs 4d 1i
mGBA log: PASS: 0b, 0x000D 16xs 4d 1i
mGBA log: PASS: 0b, 0x000D 1xv 4d 1i
mGBA log: PASS: 0b, 0x000D 16xv 4d 1i
mGBA log: PASS: 0b, 0x000D 1xs 1d 2i
mGBA log: PASS: 0b, 0x000D 16xs 1d 2i
mGBA log: PASS: 0b, 0x000D 1xv 1d 2i
mGBA log: PASS: 0b, 0x000D 16xv 1d 2i
mGBA log: PASS: 0b, 0x000D 1xs 2d 2i
mGBA log: PASS: 0b, 0x000D 16xs 2d 2i
mGBA log: PASS: 0b, 0x000D 1xv 2d 2i
mGBA log: PASS: 0b, 0x000D 16xv 2d 2i
mGBA log: PASS: 0b, 0x000D 1xs 4d 2i
mGBA log: PASS: 0b, 0x000D 16xs 4d 2i
mGBA log: PASS: 0b, 0x000D 1xv 4d 2i
mGBA log: PASS: 0b, 0x000D 16xv 4d 2i
mGBA log: PASS: 0b, 0x000D 1xs 1d 4i
mGBA log: PASS: 0b, 0x000D 16xs 1d 4i
mGBA log: PASS: 0b, 0x000D 1xv 1d 4i
mGBA log: PASS: 0b, 0x000D 16xv 1d 4i
mGBA log: PASS: 0b, 0x000D 1xs 2d 4i
mGBA log: PASS: 0b, 0x000D 16xs 2d 4i
mGBA log: PASS: 0b, 0x000D 1xv 2d 4i
mGBA log: PASS: 0b, 0x000D 16xv 2d 4i
mGBA log: PASS: 0b, 0x000D 1xs 4d 4i
mGBA log: PASS: 0b, 0x000D 16xs 4d 4i
mGBA log: PASS: 0b, 0x000D 1xv 4d 4i
mGBA log: PASS: 0b, 0x000D 16xv 4d 4i
mGBA log: Timer count-up test: 0b, 0x0010
mGBA log: PASS: 0b, 0x0010 1xs 1d 1i
mGBA log: PASS: 0b, 0x0010 16xs 1d 1i
mGBA log: PASS: 0b, 0x0010 1xv 1d 1i
mGBA log: PASS: 0b, 0x0010 16xv 1d 1i
mGBA log: PASS: 0b, 0x0010 1xs 2d 1i
mGBA log: PASS: 0b, 0x0010 16xs 2d 1i
mGBA log: PASS: 0b, 0x0010 1xv 2d 1i
mGBA log: PASS: 0b, 0x0010 16xv 2d 1i
mGBA log: PASS: 0b, 0x0010 1xs 4d 1i
mGBA log: PASS: 0b, 0x0010 16xs 4d 1i
mGBA log: PASS: 0b, 0x0010 1xv 4d 1i
mGBA log: PASS: 0b, 0x0010 16xv 4d 1i
mGBA log: PASS: 0b, 0x0010 1xs 1d 2i
mGBA log: PASS: 0b, 0x0010 16xs 1d 2i
mGBA log: PASS: 0b, 0x0010 1xv 1d 2i
mGBA log: PASS: 0b, 0x0010 16xv 1d 2i
mGBA log: PASS: 0b, 0x0010 1xs 2d 2i
mGBA log: PASS: 0b, 0x0010 16xs 2d 2i
mGBA log: PASS: 0b, 0x0010 1xv 2d 2i
mGBA log: PASS: 0b, 0x0010 16xv 2d 2i
mGBA log: PASS: 0b, 0x0010 1xs 4d 2i
mGBA log: PASS: 0b, 0x0010 16xs 4d 2i
mGBA log: PASS: 0b, 0x0010 1xv 4d 2i
mGBA log: PASS: 0b, 0x0010 16xv 4d 2i
mGBA log: PASS: 0b, 0x0010 1xs 1d 4i
mGBA log: PASS: 0b, 0x0010 16xs 1d 4i
mGBA log: PASS: 0b, 0x0010 1xv 1d 4i
mGBA log: PASS: 0b, 0x0010 16xv 1d 4i
mGBA log: PASS: 0b, 0x0010 1xs 2d 4i
mGBA log: PASS: 0b, 0x0010 16xs 2d 4i
mGBA log: PASS: 0b, 0x0010 1xv 2d 4i
mGBA log: PASS: 0b, 0x0010 16xv 2d 4i
mGBA log: PASS: 0b, 0x0010 1xs 4d 4i
mGBA log: PASS: 0b, 0x0010 16xs 4d 4i
mGBA log: PASS: 0b, 0x0010 1xv 4d 4i
mGBA log: PASS: 0b, 0x0010 16xv 4d 4i
mGBA log: Timer count-up test: 0b, 0x0014
mGBA log: PASS: 0b, 0x0014 1xs 1d 1i
mGBA log: PASS: 0b, 0x0014 16xs 1d 1i
mGBA log: PASS: 0b, 0x0014 1xv 1d 1i
mGBA log: PASS: 0b, 0x0014 16xv 1d 1i
mGBA log: PASS: 0b, 0x0014 1xs 2d 1i
mGBA log: PASS: 0b, 0x0014 16xs 2d 1i
mGBA log: PASS: 0b, 0x0014 1xv 2d 1i
mGBA log: PASS: 0b, 0x0014 16xv 2d 1i
mGBA log: PASS: 0b, 0x0014 1xs 4d 1i
mGBA log: PASS: 0b, 0x0014 16xs 4d 1i
mGBA log: PASS: 0b, 0x0014 1xv 4d 1i
mGBA log: PASS: 0b, 0x0014 16xv 4d 1i
mGBA log: PASS: 0b, 0x0014 1xs 1d 2i
mGBA log: PASS: 0b, 0x0014 16xs 1d 2i
mGBA log: PASS: 0b, 0x0014 1xv 1d 2i
mGBA log: PASS: 0b, 0x0014 16xv 1d 2i
mGBA log: PASS: 0b, 0x0014 1xs 2d 2i
mGBA log: PASS: 0b, 0x0014 16xs 2d 2i
mGBA log: PASS: 0b, 0x0014 1xv 2d 2i
mGBA log: PASS: 0b, 0x0014 16xv 2d 2i
mGBA log: PASS: 0b, 0x0014 1xs 4d 2i
mGBA log: PASS: 0b, 0x0014 16xs 4d 2i
mGBA log: PASS: 0b, 0x0014 1xv 4d 2i
mGBA log: PASS: 0b, 0x0014 16xv 4d 2i
mGBA log: PASS: 0b, 0x0014 1xs 1d 4i
mGBA log: PASS: 0b, 0x0014 16xs 1d 4i
mGBA log: PASS: 0b, 0x0014 1xv 1d 4i
mGBA log: PASS: 0b, 0x0014 16xv 1d 4i
mGBA log: PASS: 0b, 0x0014 1xs 2d 4i
mGBA log: PASS: 0b, 0x0014 16xs 2d 4i
mGBA log: PASS: 0b, 0x0014 1xv 2d 4i
mGBA log: PASS: 0b, 0x0014 16xv 2d 4i
mGBA log: PASS: 0b, 0x0014 1xs 4d 4i
mGBA log: PASS: 0b, 0x0014 16xs 4d 4i
mGBA log: PASS: 0b, 0x0014 1xv 4d 4i
mGBA log: PASS: 0b, 0x0014 16xv 4d 4i
mGBA log: Timer count-up test: 0b, 0x0015
mGBA log: PASS: 0b, 0x0015 1xs 1d 1i
mGBA log: PASS: 0b, 0x0015 16xs 1d 1i
mGBA log: PASS: 0b, 0x0015 1xv 1d 1i
mGBA log: PASS: 0b, 0x0015 16xv 1d 1i
mGBA log: PASS: 0b, 0x0015 1xs 2d 1i
mGBA log: PASS: 0b, 0x0015 16xs 2d 1i
mGBA log: PASS: 0b, 0x0015 1xv 2d 1i
mGBA log: PASS: 0b, 0x0015 16xv 2d 1i
mGBA log: PASS: 0b, 0x0015 1xs 4d 1i
mGBA log: PASS: 0b, 0x0015 16xs 4d 1i
mGBA log: PASS: 0b, 0x0015 1xv 4d 1i
mGBA log: PASS: 0b, 0x0015 16xv 4d 1i
mGBA log: PASS: 0b, 0x0015 1xs 1d 2i
mGBA log: PASS: 0b, 0x0015 16xs 1d 2i
mGBA log: PASS: 0b, 0x0015 1xv 1d 2i
mGBA log: PASS: 0b, 0x0015 16xv 1d 2i
mGBA log: PASS: 0b, 0x0015 1xs 2d 2i
mGBA log: PASS: 0b, 0x0015 16xs 2d 2i
mGBA log: PASS: 0b, 0x0015 1xv 2d 2i
mGBA log: PASS: 0b, 0x0015 16xv 2d 2i
mGBA log: PASS: 0b, 0x0015 1xs 4d 2i
mGBA log: PASS: 0b, 0x0015 16xs 4d 2i
mGBA log: PASS: 0b, 0x0015 1xv 4d 2i
mGBA log: PASS: 0b, 0x0015 16xv 4d 2i
mGBA log: PASS: 0b, 0x0015 1xs 1d 4i
mGBA log: PASS: 0b, 0x0015 16xs 1d 4i
mGBA log: PASS: 0b, 0x0015 1xv 1d 4i
mGBA log: PASS: 0b, 0x0015 16xv 1d 4i
mGBA log: PASS: 0b, 0x0015 1xs 2d 4i
mGBA log: PASS: 0b, 0x0015 16xs 2d 4i
mGBA log: PASS: 0b, 0x0015 1xv 2d 4i
mGBA log: PASS: 0b, 0x0015 16xv 2d 4i
mGBA log: PASS: 0b, 0x0015 1xs 4d 4i
mGBA log: PASS: 0b, 0x0015 16xs 4d 4i
mGBA log: PASS: 0b, 0x0015 1xv 4d 4i
mGBA log: PASS: 0b, 0x0015 16xv 4d 4i
mGBA log: Timer count-up test: 0b, 0x0020
mGBA log: PASS: 0b, 0x0020 1xs 1d 1i
mGBA log: PASS: 0b, 0x0020 16xs 1d 1i
mGBA log: PASS: 0b, 0x0020 1xv 1d 1i
mGBA log: PASS: 0b, 0x0020 16xv 1d 1i
mGBA log: PASS: 0b, 0x0020 1xs 2d 1i
mGBA log: PASS: 0b, 0x0020 16xs 2d 1i
mGBA log: PASS: 0b, 0x0020 1xv 2d 1i
mGBA log: PASS: 0b, 0x0020 16xv 2d 1i
mGBA log: PASS: 0b, 0x0020 1xs 4d 1i
mGBA log: PASS: 0b, 0x0020 16xs 4d 1i
mGBA log: PASS: 0b, 0x0020 1xv 4d 1i
mGBA log: PASS: 0b, 0x0020 16xv 4d 1i
mGBA log: PASS: 0b, 0x0020 1xs 1d 2i
mGBA log: PASS: 0b, 0x0020 16xs 1d 2i
mGBA log: PASS: 0b, 0x0020 1xv 1d 2i
mGBA log: PASS: 0b, 0x0020 16xv 1d 2i
mGBA log: PASS: 0b, 0x0020 1xs 2d 2i
mGBA log: PASS: 0b, 0x0020 16xs 2d 2i
mGBA log: PASS: 0b, 0x0020 1xv 2d 2i
mGBA log: PASS: 0b, 0x0020 16xv 2d 2i
mGBA log: PASS: 0b, 0x0020 1xs 4d 2i
mGBA log: PASS: 0b, 0x0020 16xs 4d 2i
mGBA log: PASS: 0b, 0x0020 1xv 4d 2i
mGBA log: PASS: 0b, 0x0020 16xv 4d 2i
mGBA log: PASS: 0b, 0x0020 1xs 1d 4i
mGBA log: PASS: 0b, 0x0020 16xs 1d 4i
mGBA log: PASS: 0b, 0x0020 1xv 1d 4i
mGBA log: PASS: 0b, 0x0020 16xv 1d 4i
mGBA log: PASS: 0b, 0x0020 1xs 2d 4i
mGBA log: PASS: 0b, 0x0020 16xs 2d 4i
mGBA log: PASS: 0b, 0x0020 1xv 2d 4i
mGBA log: PASS: 0b, 0x0020 16xv 2d 4i
mGBA log: PASS: 0b, 0x0020 1xs 4d 4i
mGBA log: PASS: 0b, 0x0020 16xs 4d 4i
mGBA log: PASS: 0b, 0x0020 1xv 4d 4i
mGBA log: PASS: 0b, 0x0020 16xv 4d 4i
mGBA log: Timer count-up test: 0b, 0x0024
mGBA log: PASS: 0b, 0x0024 1xs 1d 1i
mGBA log: PASS: 0b, 0x0024 16xs 1d 1i
mGBA log: PASS: 0b, 0x0024 1xv 1d 1i
mGBA log: PASS: 0b, 0x0024 16xv 1d 1i
mGBA log: PASS: 0b, 0x0024 1xs 2d 1i
mGBA log: PASS: 0b, 0x0024 16xs 2d 1i
mGBA log: PASS: 0b, 0x0024 1xv 2d 1i
mGBA log: PASS: 0b, 0x0024 16xv 2d 1i
mGBA log: PASS: 0b, 0x0024 1xs 4d 1i
mGBA log: PASS: 0b, 0x0024 16xs 4d 1i
mGBA log: PASS: 0b, 0x0024 1xv 4d 1i
mGBA log: PASS: 0b, 0x0024 16xv 4d 1i
mGBA log: PASS: 0b, 0x0024 1xs 1d 2i
mGBA log: PASS: 0b, 0x0024 16xs 1d 2i
mGBA log: PASS: 0b, 0x0024 1xv 1d 2i
mGBA log: PASS: 0b, 0x0024 16xv 1d 2i
mGBA log: PASS: 0b, 0x0024 1xs 2d 2i
mGBA log: PASS: 0b, 0x0024 16xs 2d 2i
mGBA log: PASS: 0b, 0x0024 1xv 2d 2i
mGBA log: PASS: 0b, 0x0024 16xv 2d 2i
mGBA log: PASS: 0b, 0x0024 1xs 4d 2i
mGBA log: PASS: 0b, 0x0024 16xs 4d 2i
mGBA log: PASS: 0b, 0x0024 1xv 4d 2i
mGBA log: PASS: 0b, 0x0024 16xv 4d 2i
mGBA log: PASS: 0b, 0x0024 1xs 1d 4i
mGBA log: PASS: 0b, 0x0024 16xs 1d 4i
mGBA log: PASS: 0b, 0x0024 1xv 1d 4i
mGBA log: PASS: 0b, 0x0024 16xv 1d 4i
mGBA log: PASS: 0b, 0x0024 1xs 2d 4i
mGBA log: PASS: 0b, 0x0024 16xs 2d 4i
mGBA log: PASS: 0b, 0x0024 1xv 2d 4i
mGBA log: PASS: 0b, 0x0024 16xv 2d 4i
mGBA log: PASS: 0b, 0x0024 1xs 4d 4i
mGBA log: PASS: 0b, 0x0024 16xs 4d 4i
mGBA log: PASS: 0b, 0x0024 1xv 4d 4i
mGBA log: PASS: 0b, 0x0024 16xv 4d 4i
mGBA log: Timer count-up test: 0b, 0x0025
mGBA log: PASS: 0b, 0x0025 1xs 1d 1i
mGBA log: PASS: 0b, 0x0025 16xs 1d 1i
mGBA log: PASS: 0b, 0x0025 1xv 1d 1i
mGBA log: PASS: 0b, 0x0025 16xv 1d 1i
mGBA log: PASS: 0b, 0x0025 1xs 2d 1i
mGBA log: PASS: 0b, 0x0025 16xs 2d 1i
mGBA log: PASS: 0b, 0x0025 1xv 2d 1i
mGBA log: PASS: 0b, 0x0025 16xv 2d 1i
mGBA log: PASS: 0b, 0x0025 1xs 4d 1i
mGBA log: PASS: 0b, 0x0025 16xs 4d 1i
mGBA log: PASS: 0b, 0x0025 1xv 4d 1i
mGBA log: PASS: 0b, 0x0025 16xv 4d 1i
mGBA log: PASS: 0b, 0x0025 1xs 1d 2i
mGBA log: PASS: 0b, 0x0025 16xs 1d 2i
mGBA log: PASS: 0b, 0x0025 1xv 1d 2i
mGBA log: PASS: 0b, 0x0025 16xv 1d 2i
mGBA log: PASS: 0b, 0x0025 1xs 2d 2i
mGBA log: PASS: 0b, 0x0025 16xs 2d 2i
mGBA log: PASS: 0b, 0x0025 1xv 2d 2i
mGBA log: PASS: 0b, 0x0025 16xv 2d 2i
mGBA log: PASS: 0b, 0x0025 1xs 4d 2i
mGBA log: PASS: 0b, 0x0025 16xs 4d 2i
mGBA log: PASS: 0b, 0x0025 1xv 4d 2i
mGBA log: PASS: 0b, 0x0025 16xv 4d 2i
mGBA log: PASS: 0b, 0x0025 1xs 1d 4i
mGBA log: PASS: 0b, 0x0025 16xs 1d 4i
mGBA log: PASS: 0b, 0x0025 1xv 1d 4i
mGBA log: PASS: 0b, 0x0025 16xv 1d 4i
mGBA log: PASS: 0b, 0x0025 1xs 2d 4i
mGBA log: PASS: 0b, 0x0025 16xs 2d 4i
mGBA log: PASS: 0b, 0x0025 1xv 2d 4i
mGBA log: PASS: 0b, 0x0025 16xv 2d 4i
mGBA log: PASS: 0b, 0x0025 1xs 4d 4i
mGBA log: PASS: 0b, 0x0025 16xs 4d 4i
mGBA log: PASS: 0b, 0x0025 1xv 4d 4i
mGBA log: PASS: 0b, 0x0025 16xv 4d 4i
mGBA log: Timer count-up test: 0b, 0x0040
mGBA log: PASS: 0b, 0x0040 1xs 1d 1i
mGBA log: PASS: 0b, 0x0040 16xs 1d 1i
mGBA log: PASS: 0b, 0x0040 1xv 1d 1i
mGBA log: PASS: 0b, 0x0040 16xv 1d 1i
mGBA log: PASS: 0b, 0x0040 1xs 2d 1i
mGBA log: PASS: 0b, 0x0040 16xs 2d 1i
mGBA log: PASS: 0b, 0x0040 1xv 2d 1i
mGBA log: PASS: 0b, 0x0040 16xv 2d 1i
mGBA log: PASS: 0b, 0x0040 1xs 4d 1i
mGBA log: PASS: 0b, 0x0040 16xs 4d 1i
mGBA log: PASS: 0b, 0x0040 1xv 4d 1i
mGBA log: PASS: 0b, 0x0040 16xv 4d 1i
mGBA log: PASS: 0b, 0x0040 1xs 1d 2i
mGBA log: PASS: 0b, 0x0040 16xs 1d 2i
mGBA log: PASS: 0b, 0x0040 1xv 1d 2i
mGBA log: PASS: 0b, 0x0040 16xv 1d 2i
mGBA log: PASS: 0b, 0x0040 1xs 2d 2i
mGBA log: PASS: 0b, 0x0040 16xs 2d 2i
mGBA log: PASS: 0b, 0x0040 1xv 2d 2i
mGBA log: PASS: 0b, 0x0040 16xv 2d 2i
mGBA log: PASS: 0b, 0x0040 1xs 4d 2i
mGBA log: PASS: 0b, 0x0040 16xs 4d 2i
mGBA log: PASS: 0b, 0x0040 1xv 4d 2i
mGBA log: PASS: 0b, 0x0040 16xv 4d 2i
mGBA log: PASS: 0b, 0x0040 1xs 1d 4i
mGBA log: PASS: 0b, 0x0040 16xs 1d 4i
mGBA log: PASS: 0b, 0x0040 1xv 1d 4i
mGBA log: PASS: 0b, 0x0040 16xv 1d 4i
mGBA log: PASS: 0b, 0x0040 1xs 2d 4i
mGBA log: PASS: 0b, 0x0040 16xs 2d 4i
mGBA log: PASS: 0b, 0x0040 1xv 2d 4i
mGBA log: PASS: 0b, 0x0040 16xv 2d 4i
mGBA log: PASS: 0b, 0x0040 1xs 4d 4i
mGBA log: PASS: 0b, 0x0040 16xs 4d 4i
mGBA log: PASS: 0b, 0x0040 1xv 4d 4i
mGBA log: PASS: 0b, 0x0040 16xv 4d 4i
mGBA log: Timer count-up test: 0b, 0x0080
mGBA log: PASS: 0b, 0x0080 1xs 1d 1i
mGBA log: PASS: 0b, 0x0080 16xs 1d 1i
mGBA log: PASS: 0b, 0x0080 1xv 1d 1i
mGBA log: PASS: 0b, 0x0080 16xv 1d 1i
mGBA log: PASS: 0b, 0x0080 1xs 2d 1i
mGBA log: PASS: 0b, 0x0080 16xs 2d 1i
mGBA log: PASS: 0b, 0x0080 1xv 2d 1i
mGBA log: PASS: 0b, 0x0080 16xv 2d 1i
mGBA log: PASS: 0b, 0x0080 1xs 4d 1i
mGBA log: PASS: 0b, 0x0080 16xs 4d 1i
mGBA log: PASS: 0b, 0x0080 1xv 4d 1i
mGBA log: PASS: 0b, 0x0080 16xv 4d 1i
mGBA log: PASS: 0b, 0x0080 1xs 1d 2i
mGBA log: PASS: 0b, 0x0080 16xs 1d 2i
mGBA log: PASS: 0b, 0x0080 1xv 1d 2i
mGBA log: PASS: 0b, 0x0080 16xv 1d 2i
mGBA log: PASS: 0b, 0x0080 1xs 2d 2i
mGBA log: PASS: 0b, 0x0080 16xs 2d 2i
mGBA log: PASS: 0b, 0x0080 1xv 2d 2i
mGBA log: PASS: 0b, 0x0080 16xv 2d 2i
mGBA log: PASS: 0b, 0x0080 1xs 4d 2i
mGBA log: PASS: 0b, 0x0080 16xs 4d 2i
mGBA log: PASS: 0b, 0x0080 1xv 4d 2i
mGBA log: PASS: 0b, 0x0080 16xv 4d 2i
mGBA log: PASS: 0b, 0x0080 1xs 1d 4i
mGBA log: PASS: 0b, 0x0080 16xs 1d 4i
mGBA log: PASS: 0b, 0x0080 1xv 1d 4i
mGBA log: PASS: 0b, 0x0080 16xv 1d 4i
mGBA log: PASS: 0b, 0x0080 1xs 2d 4i
mGBA log: PASS: 0b, 0x0080 16xs 2d 4i
mGBA log: PASS: 0b, 0x0080 1xv 2d 4i
mGBA log: PASS: 0b, 0x0080 16xv 2d 4i
mGBA log: PASS: 0b, 0x0080 1xs 4d 4i
mGBA log: PASS: 0b, 0x0080 16xs 4d 4i
mGBA log: PASS: 0b, 0x0080 1xv 4d 4i
mGBA log: PASS: 0b, 0x0080 16xv 4d 4i
mGBA log: Timer count-up test: 0b, 0x0800
mGBA log: PASS: 0b, 0x0800 1xs 1d 1i
mGBA log: PASS: 0b, 0x0800 16xs 1d 1i
mGBA log: PASS: 0b, 0x0800 1xv 1d 1i
mGBA log: PASS: 0b, 0x0800 16xv 1d 1i
mGBA log: PASS: 0b, 0x0800 1xs 2d 1i
mGBA log: PASS: 0b, 0x0800 16xs 2d 1i
mGBA log: PASS: 0b, 0x0800 1xv 2d 1i
mGBA log: PASS: 0b, 0x0800 16xv 2d 1i
mGBA log: PASS: 0b, 0x0800 1xs 4d 1i
mGBA log: PASS: 0b, 0x0800 16xs 4d 1i
mGBA log: PASS: 0b, 0x0800 1xv 4d 1i
mGBA log: PASS: 0b, 0x0800 16xv 4d 1i
mGBA log: PASS: 0b, 0x0800 1xs 1d 2i
mGBA log: PASS: 0b, 0x0800 16xs 1d 2i
mGBA log: PASS: 0b, 0x0800 1xv 1d 2i
mGBA log: PASS: 0b, 0x0800 16xv 1d 2i
mGBA log: PASS: 0b, 0x0800 1xs 2d 2i
mGBA log: PASS: 0b, 0x0800 16xs 2d 2i
mGBA log: PASS: 0b, 0x0800 1xv 2d 2i
mGBA log: PASS: 0b, 0x0800 16xv 2d 2i
mGBA log: PASS: 0b, 0x0800 1xs 4d 2i
mGBA log: PASS: 0b, 0x0800 16xs 4d 2i
mGBA log: PASS: 0b, 0x0800 1xv 4d 2i
mGBA log: PASS: 0b, 0x0800 16xv 4d 2i
mGBA log: PASS: 0b, 0x0800 1xs 1d 4i
mGBA log: PASS: 0b, 0x0800 16xs 1d 4i
mGBA log: PASS: 0b, 0x0800 1xv 1d 4i
mGBA log: PASS: 0b, 0x0800 16xv 1d 4i
mGBA log: PASS: 0b, 0x0800 1xs 2d 4i
mGBA log: PASS: 0b, 0x0800 16xs 2d 4i
mGBA log: PASS: 0b, 0x0800 1xv 2d 4i
mGBA log: PASS: 0b, 0x0800 16xv 2d 4i
mGBA log: PASS: 0b, 0x0800 1xs 4d 4i
mGBA log: PASS: 0b, 0x0800 16xs 4d 4i
mGBA log: PASS: 0b, 0x0800 1xv 4d 4i
mGBA log: PASS: 0b, 0x0800 16xv 4d 4i
mGBA log: Timer count-up test: 0b, 0x8000
mGBA log: PASS: 0b, 0x8000 1xs 1d 1i
mGBA log: PASS: 0b, 0x8000 16xs 1d 1i
mGBA log: PASS: 0b, 0x8000 1xv 1d 1i
mGBA log: PASS: 0b, 0x8000 16xv 1d 1i
mGBA log: PASS: 0b, 0x8000 1xs 2d 1i
mGBA log: PASS: 0b, 0x8000 16xs 2d 1i
mGBA log: PASS: 0b, 0x8000 1xv 2d 1i
mGBA log: PASS: 0b, 0x8000 16xv 2d 1i
mGBA log: PASS: 0b, 0x8000 1xs 4d 1i
mGBA log: PASS: 0b, 0x8000 16xs 4d 1i
mGBA log: PASS: 0b, 0x8000 1xv 4d 1i
mGBA log: PASS: 0b, 0x8000 16xv 4d 1i
mGBA log: PASS: 0b, 0x8000 1xs 1d 2i
mGBA log: PASS: 0b, 0x8000 16xs 1d 2i
mGBA log: PASS: 0b, 0x8000 1xv 1d 2i
mGBA log: PASS: 0b, 0x8000 16xv 1d 2i
mGBA log: PASS: 0b, 0x8000 1xs 2d 2i
mGBA log: PASS: 0b, 0x8000 16xs 2d 2i
mGBA log: PASS: 0b, 0x8000 1xv 2d 2i
mGBA log: PASS: 0b, 0x8000 16xv 2d 2i
mGBA log: PASS: 0b, 0x8000 1xs 4d 2i
mGBA log: PASS: 0b, 0x8000 16xs 4d 2i
mGBA log: PASS: 0b, 0x8000 1xv 4d 2i
mGBA log: PASS: 0b, 0x8000 16xv 4d 2i
mGBA log: PASS: 0b, 0x8000 1xs 1d 4i
mGBA log: PASS: 0b, 0x8000 16xs 1d 4i
mGBA log: PASS: 0b, 0x8000 1xv 1d 4i
mGBA log: PASS: 0b, 0x8000 16xv 1d 4i
mGBA log: PASS: 0b, 0x8000 1xs 2d 4i
mGBA log: PASS: 0b, 0x8000 16xs 2d 4i
mGBA log: PASS: 0b, 0x8000 1xv 2d 4i
mGBA log: PASS: 0b, 0x8000 16xv 2d 4i
mGBA log: PASS: 0b, 0x8000 1xs 4d 4i
mGBA log: PASS: 0b, 0x8000 16xs 4d 4i
mGBA log: PASS: 0b, 0x8000 1xv 4d 4i
mGBA log: PASS: 0b, 0x8000 16xv 4d 4i
mGBA log: Timer count-up test: 6b, 0x0010
mGBA log: PASS: 6b, 0x0010 1xs 1d 1i
mGBA log: PASS: 6b, 0x0010 16xs 1d 1i
mGBA log: PASS: 6b, 0x0010 1xv 1d 1i
mGBA log: PASS: 6b, 0x0010 16xv 1d 1i
mGBA log: PASS: 6b, 0x0010 1xs 2d 1i
mGBA log: PASS: 6b, 0x0010 16xs 2d 1i
mGBA log: PASS: 6b, 0x0010 1xv 2d 1i
mGBA log: PASS: 6b, 0x0010 16xv 2d 1i
mGBA log: PASS: 6b, 0x0010 1xs 4d 1i
mGBA log: PASS: 6b, 0x0010 16xs 4d 1i
mGBA log: PASS: 6b, 0x0010 1xv 4d 1i
mGBA log: PASS: 6b, 0x0010 16xv 4d 1i
mGBA log: PASS: 6b, 0x0010 1xs 1d 2i
mGBA log: PASS: 6b, 0x0010 16xs 1d 2i
mGBA log: PASS: 6b, 0x0010 1xv 1d 2i
mGBA log: PASS: 6b, 0x0010 16xv 1d 2i
mGBA log: PASS: 6b, 0x0010 1xs 2d 2i
mGBA log: PASS: 6b, 0x0010 16xs 2d 2i
mGBA log: PASS: 6b, 0x0010 1xv 2d 2i
mGBA log: PASS: 6b, 0x0010 16xv 2d 2i
mGBA log: PASS: 6b, 0x0010 1xs 4d 2i
mGBA log: PASS: 6b, 0x0010 16xs 4d 2i
mGBA log: PASS: 6b, 0x0010 1xv 4d 2i
mGBA log: PASS: 6b, 0x0010 16xv 4d 2i
mGBA log: PASS: 6b, 0x0010 1xs 1d 4i
mGBA log: PASS: 6b, 0x0010 16xs 1d 4i
mGBA log: PASS: 6b, 0x0010 1xv 1d 4i
mGBA log: PASS: 6b, 0x0010 16xv 1d 4i
mGBA log: PASS: 6b, 0x0010 1xs 2d 4i
mGBA log: PASS: 6b, 0x0010 16xs 2d 4i
mGBA log: PASS: 6b, 0x0010 1xv 2d 4i
mGBA log: PASS: 6b, 0x0010 16xv 2d 4i
mGBA log: PASS: 6b, 0x0010 1xs 4d 4i
mGBA log: PASS: 6b, 0x0010 16xs 4d 4i
mGBA log: PASS: 6b, 0x0010 1xv 4d 4i
mGBA log: PASS: 6b, 0x0010 16xv 4d 4i
mGBA log: Timer count-up test: 6b, 0x0011
mGBA log: PASS: 6b, 0x0011 1xs 1d 1i
mGBA log: PASS: 6b, 0x0011 16xs 1d 1i
mGBA log: PASS: 6b, 0x0011 1xv 1d 1i
mGBA log: PASS: 6b, 0x0011 16xv 1d 1i
mGBA log: PASS: 6b, 0x0011 1xs 2d 1i
mGBA log: PASS: 6b, 0x0011 16xs 2d 1i
mGBA log: PASS: 6b, 0x0011 1xv 2d 1i
mGBA log: PASS: 6b, 0x0011 16xv 2d 1i
mGBA log: PASS: 6b, 0x0011 1xs 4d 1i
mGBA log: PASS: 6b, 0x0011 16xs 4d 1i
mGBA log: PASS: 6b, 0x0011 1xv 4d 1i
mGBA log: PASS: 6b, 0x0011 16xv 4d 1i
mGBA log: PASS: 6b, 0x0011 1xs 1d 2i
mGBA log: PASS: 6b, 0x0011 16xs 1d 2i
mGBA log: PASS: 6b, 0x0011 1xv 1d 2i
mGBA log: PASS: 6b, 0x0011 16xv 1d 2i
mGBA log: PASS: 6b, 0x0011 1xs 2d 2i
mGBA log: PASS: 6b, 0x0011 16xs 2d 2i
mGBA log: PASS: 6b, 0x0011 1xv 2d 2i
mGBA log: PASS: 6b, 0x0011 16xv 2d 2i
mGBA log: PASS: 6b, 0x0011 1xs 4d 2i
mGBA log: PASS: 6b, 0x0011 16xs 4d 2i
mGBA log: PASS: 6b, 0x0011 1xv 4d 2i
mGBA log: PASS: 6b, 0x0011 16xv 4d 2i
mGBA log: PASS: 6b, 0x0011 1xs 1d 4i
mGBA log: PASS: 6b, 0x0011 16xs 1d 4i
mGBA log: PASS: 6b, 0x0011 1xv 1d 4i
mGBA log: PASS: 6b, 0x0011 16xv 1d 4i
mGBA log: PASS: 6b, 0x0011 1xs 2d 4i
mGBA log: PASS: 6b, 0x0011 16xs 2d 4i
mGBA log: PASS: 6b, 0x0011 1xv 2d 4i
mGBA log: PASS: 6b, 0x0011 16xv 2d 4i
mGBA log: PASS: 6b, 0x0011 1xs 4d 4i
mGBA log: PASS: 6b, 0x0011 16xs 4d 4i
mGBA log: PASS: 6b, 0x0011 1xv 4d 4i
mGBA log: PASS: 6b, 0x0011 16xv 4d 4i
mGBA log: Timer count-up test: 6b, 0x0012
mGBA log: PASS: 6b, 0x0012 1xs 1d 1i
mGBA log: PASS: 6b, 0x0012 16xs 1d 1i
mGBA log: PASS: 6b, 0x0012 1xv 1d 1i
mGBA log: PASS: 6b, 0x0012 16xv 1d 1i
mGBA log: PASS: 6b, 0x0012 1xs 2d 1i
mGBA log: PASS: 6b, 0x0012 16xs 2d 1i
mGBA log: PASS: 6b, 0x0012 1xv 2d 1i
mGBA log: PASS: 6b, 0x0012 16xv 2d 1i
mGBA log: PASS: 6b, 0x0012 1xs 4d 1i
mGBA log: PASS: 6b, 0x0012 16xs 4d 1i
mGBA log: PASS: 6b, 0x0012 1xv 4d 1i
mGBA log: PASS: 6b, 0x0012 16xv 4d 1i
mGBA log: PASS: 6b, 0x0012 1xs 1d 2i
mGBA log: PASS: 6b, 0x0012 16xs 1d 2i
mGBA log: PASS: 6b, 0x0012 1xv 1d 2i
mGBA log: PASS: 6b, 0x0012 16xv 1d 2i
mGBA log: PASS: 6b, 0x0012 1xs 2d 2i
mGBA log: PASS: 6b, 0x0012 16xs 2d 2i
mGBA log: PASS: 6b, 0x0012 1xv 2d 2i
mGBA log: PASS: 6b, 0x0012 16xv 2d 2i
mGBA log: PASS: 6b, 0x0012 1xs 4d 2i
mGBA log: PASS: 6b, 0x0012 16xs 4d 2i
mGBA log: PASS: 6b, 0x0012 1xv 4d 2i
mGBA log: PASS: 6b, 0x0012 16xv 4d 2i
mGBA log: PASS: 6b, 0x0012 1xs 1d 4i
mGBA log: PASS: 6b, 0x0012 16xs 1d 4i
mGBA log: PASS: 6b, 0x0012 1xv 1d 4i
mGBA log: PASS: 6b, 0x0012 16xv 1d 4i
mGBA log: PASS: 6b, 0x0012 1xs 2d 4i
mGBA log: PASS: 6b, 0x0012 16xs 2d 4i
mGBA log: PASS: 6b, 0x0012 1xv 2d 4i
mGBA log: PASS: 6b, 0x0012 16xv 2d 4i
mGBA log: PASS: 6b, 0x0012 1xs 4d 4i
mGBA log: PASS: 6b, 0x0012 16xs 4d 4i
mGBA log: PASS: 6b, 0x0012 1xv 4d 4i
mGBA log: PASS: 6b, 0x0012 16xv 4d 4i
mGBA log: Timer count-up test: 6b, 0x0013
mGBA log: PASS: 6b, 0x0013 1xs 1d 1i
mGBA log: PASS: 6b, 0x0013 16xs 1d 1i
mGBA log: PASS: 6b, 0x0013 1xv 1d 1i
mGBA log: PASS: 6b, 0x0013 16xv 1d 1i
mGBA log: PASS: 6b, 0x0013 1xs 2d 1i
mGBA log: PASS: 6b, 0x0013 16xs 2d 1i
mGBA log: PASS: 6b, 0x0013 1xv 2d 1i
mGBA log: PASS: 6b, 0x0013 16xv 2d 1i
mGBA log: PASS: 6b, 0x0013 1xs 4d 1i
mGBA log: PASS: 6b, 0x0013 16xs 4d 1i
mGBA log: PASS: 6b, 0x0013 1xv 4d 1i
mGBA log: PASS: 6b, 0x0013 16xv 4d 1i
mGBA log: PASS: 6b, 0x0013 1xs 1d 2i
mGBA log: PASS: 6b, 0x0013 16xs 1d 2i
mGBA log: PASS: 6b, 0x0013 1xv 1d 2i
mGBA log: PASS: 6b, 0x0013 16xv 1d 2i
mGBA log: PASS: 6b, 0x0013 1xs 2d 2i
mGBA log: PASS: 6b, 0x0013 16xs 2d 2i
mGBA log: PASS: 6b, 0x0013 1xv 2d 2i
mGBA log: PASS: 6b, 0x0013 16xv 2d 2i
mGBA log: PASS: 6b, 0x0013 1xs 4d 2i
mGBA log: PASS: 6b, 0x0013 16xs 4d 2i
mGBA log: PASS: 6b, 0x0013 1xv 4d 2i
mGBA log: PASS: 6b, 0x0013 16xv 4d 2i
mGBA log: PASS: 6b, 0x0013 1xs 1d 4i
mGBA log: PASS: 6b, 0x0013 16xs 1d 4i
mGBA log: PASS: 6b, 0x0013 1xv 1d 4i
mGBA log: PASS: 6b, 0x0013 16xv 1d 4i
mGBA log: PASS: 6b, 0x0013 1xs 2d 4i
mGBA log: PASS: 6b, 0x0013 16xs 2d 4i
mGBA log: PASS: 6b, 0x0013 1xv 2d 4i
mGBA log: PASS: 6b, 0x0013 16xv 2d 4i
mGBA log: PASS: 6b, 0x0013 1xs 4d 4i
mGBA log: PASS: 6b, 0x0013 16xs 4d 4i
mGBA log: PASS: 6b, 0x0013 1xv 4d 4i
mGBA log: PASS: 6b, 0x0013 16xv 4d 4i
mGBA log: Timer count-up test: 8b, 0x0010
mGBA log: PASS: 8b, 0x0010 1xs 1d 1i
mGBA log: PASS: 8b, 0x0010 16xs 1d 1i
mGBA log: PASS: 8b, 0x0010 1xv 1d 1i
mGBA log: PASS: 8b, 0x0010 16xv 1d 1i
mGBA log: PASS: 8b, 0x0010 1xs 2d 1i
mGBA log: PASS: 8b, 0x0010 16xs 2d 1i
mGBA log: PASS: 8b, 0x0010 1xv 2d 1i
mGBA log: PASS: 8b, 0x0010 16xv 2d 1i
mGBA log: PASS: 8b, 0x0010 1xs 4d 1i
mGBA log: PASS: 8b, 0x0010 16xs 4d 1i
mGBA log: PASS: 8b, 0x0010 1xv 4d 1i
mGBA log: PASS: 8b, 0x0010 16xv 4d 1i
mGBA log: PASS: 8b, 0x0010 1xs 1d 2i
mGBA log: PASS: 8b, 0x0010 16xs 1d 2i
mGBA log: PASS: 8b, 0x0010 1xv 1d 2i
mGBA log: PASS: 8b, 0x0010 16xv 1d 2i
mGBA log: PASS: 8b, 0x0010 1xs 2d 2i
mGBA log: PASS: 8b, 0x0010 16xs 2d 2i
mGBA log: PASS: 8b, 0x0010 1xv 2d 2i
mGBA log: PASS: 8b, 0x0010 16xv 2d 2i
mGBA log: PASS: 8b, 0x0010 1xs 4d 2i
mGBA log: PASS: 8b, 0x0010 16xs 4d 2i
mGBA log: PASS: 8b, 0x0010 1xv 4d 2i
mGBA log: PASS: 8b, 0x0010 16xv 4d 2i
mGBA log: PASS: 8b, 0x0010 1xs 1d 4i
mGBA log: PASS: 8b, 0x0010 16xs 1d 4i
mGBA log: PASS: 8b, 0x0010 1xv 1d 4i
mGBA log: PASS: 8b, 0x0010 16xv 1d 4i
mGBA log: PASS: 8b, 0x0010 1xs 2d 4i
mGBA log: PASS: 8b, 0x0010 16xs 2d 4i
mGBA log: PASS: 8b, 0x0010 1xv 2d 4i
mGBA log: PASS: 8b, 0x0010 16xv 2d 4i
mGBA log: PASS: 8b, 0x0010 1xs 4d 4i
mGBA log: PASS: 8b, 0x0010 16xs 4d 4i
mGBA log: PASS: 8b, 0x0010 1xv 4d 4i
mGBA log: PASS: 8b, 0x0010 16xv 4d 4i
mGBA log: Timer count-up test: 8b, 0x0011
mGBA log: PASS: 8b, 0x0011 1xs 1d 1i
mGBA log: PASS: 8b, 0x0011 16xs 1d 1i
mGBA log: PASS: 8b, 0x0011 1xv 1d 1i
mGBA log: PASS: 8b, 0x0011 16xv 1d 1i
mGBA log: PASS: 8b, 0x0011 1xs 2d 1i
mGBA log: PASS: 8b, 0x0011 16xs 2d 1i
mGBA log: PASS: 8b, 0x0011 1xv 2d 1i
mGBA log: PASS: 8b, 0x0011 16xv 2d 1i
mGBA log: PASS: 8b, 0x0011 1xs 4d 1i
mGBA log: PASS: 8b, 0x0011 16xs 4d 1i
mGBA log: PASS: 8b, 0x0011 1xv 4d 1i
mGBA log: PASS: 8b, 0x0011 16xv 4d 1i
mGBA log: PASS: 8b, 0x0011 1xs 1d 2i
mGBA log: PASS: 8b, 0x0011 16xs 1d 2i
mGBA log: PASS: 8b, 0x0011 1xv 1d 2i
mGBA log: PASS: 8b, 0x0011 16xv 1d 2i
mGBA log: PASS: 8b, 0x0011 1xs 2d 2i
mGBA log: PASS: 8b, 0x0011 16xs 2d 2i
mGBA log: PASS: 8b, 0x0011 1xv 2d 2i
mGBA log: PASS: 8b, 0x0011 16xv 2d 2i
mGBA log: PASS: 8b, 0x0011 1xs 4d 2i
mGBA log: PASS: 8b, 0x0011 16xs 4d 2i
mGBA log: PASS: 8b, 0x0011 1xv 4d 2i
mGBA log: PASS: 8b, 0x0011 16xv 4d 2i
mGBA log: PASS: 8b, 0x0011 1xs 1d 4i
mGBA log: PASS: 8b, 0x0011 16xs 1d 4i
mGBA log: PASS: 8b, 0x0011 1xv 1d 4i
mGBA log: PASS: 8b, 0x0011 16xv 1d 4i
mGBA log: PASS: 8b, 0x0011 1xs 2d 4i
mGBA log: PASS: 8b, 0x0011 16xs 2d 4i
mGBA log: PASS: 8b, 0x0011 1xv 2d 4i
mGBA log: PASS: 8b, 0x0011 16xv 2d 4i
mGBA log: PASS: 8b, 0x0011 1xs 4d 4i
mGBA log: PASS: 8b, 0x0011 16xs 4d 4i
mGBA log: PASS: 8b, 0x0011 1xv 4d 4i
mGBA log: PASS: 8b, 0x0011 16xv 4d 4i
mGBA log: Timer count-up test: 8b, 0x0012
mGBA log: PASS: 8b, 0x0012 1xs 1d 1i
mGBA log: PASS: 8b, 0x0012 16xs 1d 1i
mGBA log: PASS: 8b, 0x0012 1xv 1d 1i
mGBA log: PASS: 8b, 0x0012 16xv 1d 1i
mGBA log: PASS: 8b, 0x0012 1xs 2d 1i
mGBA log: PASS: 8b, 0x0012 16xs 2d 1i
mGBA log: PASS: 8b, 0x0012 1xv 2d 1i
mGBA log: PASS: 8b, 0x0012 16xv 2d 1i
mGBA log: PASS: 8b, 0x0012 1xs 4d 1i
mGBA log: PASS: 8b, 0x0012 16xs 4d 1i
mGBA log: PASS: 8b, 0x0012 1xv 4d 1i
mGBA log: PASS: 8b, 0x0012 16xv 4d 1i
mGBA log: PASS: 8b, 0x0012 1xs 1d 2i
mGBA log: PASS: 8b, 0x0012 16xs 1d 2i
mGBA log: PASS: 8b, 0x0012 1xv 1d 2i
mGBA log: PASS: 8b, 0x0012 16xv 1d 2i
mGBA log: PASS: 8b, 0x0012 1xs 2d 2i
mGBA log: PASS: 8b, 0x0012 16xs 2d 2i
mGBA log: PASS: 8b, 0x0012 1xv 2d 2i
mGBA log: PASS: 8b, 0x0012 16xv 2d 2i
mGBA log: PASS: 8b, 0x0012 1xs 4d 2i
mGBA log: PASS: 8b, 0x0012 16xs 4d 2i
mGBA log: PASS: 8b, 0x0012 1xv 4d 2i
mGBA log: PASS: 8b, 0x0012 16xv 4d 2i
mGBA log: PASS: 8b, 0x0012 1xs 1d 4i
mGBA log: PASS: 8b, 0x0012 16xs 1d 4i
mGBA log: PASS: 8b, 0x0012 1xv 1d 4i
mGBA log: PASS: 8b, 0x0012 16xv 1d 4i
mGBA log: PASS: 8b, 0x0012 1xs 2d 4i
mGBA log: PASS: 8b, 0x0012 16xs 2d 4i
mGBA log: PASS: 8b, 0x0012 1xv 2d 4i
mGBA log: PASS: 8b, 0x0012 16xv 2d 4i
mGBA log: PASS: 8b, 0x0012 1xs 4d 4i
mGBA log: PASS: 8b, 0x0012 16xs 4d 4i
mGBA log: PASS: 8b, 0x0012 1xv 4d 4i
mGBA log: PASS: 8b, 0x0012 16xv 4d 4i
mGBA log: Timer count-up test: 8b, 0x0013
mGBA log: PASS: 8b, 0x0013 1xs 1d 1i
mGBA log: PASS: 8b, 0x0013 16xs 1d 1i
mGBA log: PASS: 8b, 0x0013 1xv 1d 1i
mGBA log: PASS: 8b, 0x0013 16xv 1d 1i
mGBA log: PASS: 8b, 0x0013 1xs 2d 1i
mGBA log: PASS: 8b, 0x0013 16xs 2d 1i
mGBA log: PASS: 8b, 0x0013 1xv 2d 1i
mGBA log: PASS: 8b, 0x0013 16xv 2d 1i
mGBA log: PASS: 8b, 0x0013 1xs 4d 1i
mGBA log: PASS: 8b, 0x0013 16xs 4d 1i
mGBA log: PASS: 8b, 0x0013 1xv 4d 1i
mGBA log: PASS: 8b, 0x0013 16xv 4d 1i
mGBA log: PASS: 8b, 0x0013 1xs 1d 2i
mGBA log: PASS: 8b, 0x0013 16xs 1d 2i
mGBA log: PASS: 8b, 0x0013 1xv 1d 2i
mGBA log: PASS: 8b, 0x0013 16xv 1d 2i
mGBA log: PASS: 8b, 0x0013 1xs 2d 2i
mGBA log: PASS: 8b, 0x0013 16xs 2d 2i
mGBA log: PASS: 8b, 0x0013 1xv 2d 2i
mGBA log: PASS: 8b, 0x0013 16xv 2d 2i
mGBA log: PASS: 8b, 0x0013 1xs 4d 2i
mGBA log: PASS: 8b, 0x0013 16xs 4d 2i
mGBA log: PASS: 8b, 0x0013 1xv 4d 2i
mGBA log: PASS: 8b, 0x0013 16xv 4d 2i
mGBA log: PASS: 8b, 0x0013 1xs 1d 4i
mGBA log: PASS: 8b, 0x0013 16xs 1d 4i
mGBA log: PASS: 8b, 0x0013 1xv 1d 4i
mGBA log: PASS: 8b, 0x0013 16xv 1d 4i
mGBA log: PASS: 8b, 0x0013 1xs 2d 4i
mGBA log: PASS: 8b, 0x0013 16xs 2d 4i
mGBA log: PASS: 8b, 0x0013 1xv 2d 4i
mGBA log: PASS: 8b, 0x0013 16xv 2d 4i
mGBA log: PASS: 8b, 0x0013 1xs 4d 4i
mGBA log: PASS: 8b, 0x0013 16xs 4d 4i
mGBA log: PASS: 8b, 0x0013 1xv 4d 4i
mGBA log: PASS: 8b, 0x0013 16xv 4d 4i
mGBA log: Timer count-up test: 10b, 0x0010
mGBA log: PASS: 10b, 0x0010 1xs 1d 1i
mGBA log: PASS: 10b, 0x0010 16xs 1d 1i
mGBA log: PASS: 10b, 0x0010 1xv 1d 1i
mGBA log: PASS: 10b, 0x0010 16xv 1d 1i
mGBA log: PASS: 10b, 0x0010 1xs 2d 1i
mGBA log: PASS: 10b, 0x0010 16xs 2d 1i
mGBA log: PASS: 10b, 0x0010 1xv 2d 1i
mGBA log: PASS: 10b, 0x0010 16xv 2d 1i
mGBA log: PASS: 10b, 0x0010 1xs 4d 1i
mGBA log: PASS: 10b, 0x0010 16xs 4d 1i
mGBA log: PASS: 10b, 0x0010 1xv 4d 1i
mGBA log: PASS: 10b, 0x0010 16xv 4d 1i
mGBA log: PASS: 10b, 0x0010 1xs 1d 2i
mGBA log: PASS: 10b, 0x0010 16xs 1d 2i
mGBA log: PASS: 10b, 0x0010 1xv 1d 2i
mGBA log: PASS: 10b, 0x0010 16xv 1d 2i
mGBA log: PASS: 10b, 0x0010 1xs 2d 2i
mGBA log: PASS: 10b, 0x0010 16xs 2d 2i
mGBA log: PASS: 10b, 0x0010 1xv 2d 2i
mGBA log: PASS: 10b, 0x0010 16xv 2d 2i
mGBA log: PASS: 10b, 0x0010 1xs 4d 2i
mGBA log: PASS: 10b, 0x0010 16xs 4d 2i
mGBA log: PASS: 10b, 0x0010 1xv 4d 2i
mGBA log: PASS: 10b, 0x0010 16xv 4d 2i
mGBA log: PASS: 10b, 0x0010 1xs 1d 4i
mGBA log: PASS: 10b, 0x0010 16xs 1d 4i
mGBA log: PASS: 10b, 0x0010 1xv 1d 4i
mGBA log: PASS: 10b, 0x0010 16xv 1d 4i
mGBA log: PASS: 10b, 0x0010 1xs 2d 4i
mGBA log: PASS: 10b, 0x0010 16xs 2d 4i
mGBA log: PASS: 10b, 0x0010 1xv 2d 4i
mGBA log: PASS: 10b, 0x0010 16xv 2d 4i
mGBA log: PASS: 10b, 0x0010 1xs 4d 4i
mGBA log: PASS: 10b, 0x0010 16xs 4d 4i
mGBA log: PASS: 10b, 0x0010 1xv 4d 4i
mGBA log: PASS: 10b, 0x0010 16xv 4d 4i
mGBA log: Timer count-up test: 10b, 0x0011
mGBA log: PASS: 10b, 0x0011 1xs 1d 1i
mGBA log: PASS: 10b, 0x0011 16xs 1d 1i
mGBA log: PASS: 10b, 0x0011 1xv 1d 1i
mGBA log: PASS: 10b, 0x0011 16xv 1d 1i
mGBA log: PASS: 10b, 0x0011 1xs 2d 1i
mGBA log: PASS: 10b, 0x0011 16xs 2d 1i
mGBA log: PASS: 10b, 0x0011 1xv 2d 1i
mGBA log: PASS: 10b, 0x0011 16xv 2d 1i
mGBA log: PASS: 10b, 0x0011 1xs 4d 1i
mGBA log: PASS: 10b, 0x0011 16xs 4d 1i
mGBA log: PASS: 10b, 0x0011 1xv 4d 1i
mGBA log: PASS: 10b, 0x0011 16xv 4d 1i
mGBA log: PASS: 10b, 0x0011 1xs 1d 2i
mGBA log: PASS: 10b, 0x0011 16xs 1d 2i
mGBA log: PASS: 10b, 0x0011 1xv 1d 2i
mGBA log: PASS: 10b, 0x0011 16xv 1d 2i
mGBA log: PASS: 10b, 0x0011 1xs 2d 2i
mGBA log: PASS: 10b, 0x0011 16xs 2d 2i
mGBA log: PASS: 10b, 0x0011 1xv 2d 2i
mGBA log: PASS: 10b, 0x0011 16xv 2d 2i
mGBA log: PASS: 10b, 0x0011 1xs 4d 2i
mGBA log: PASS: 10b, 0x0011 16xs 4d 2i
mGBA log: PASS: 10b, 0x0011 1xv 4d 2i
mGBA log: PASS: 10b, 0x0011 16xv 4d 2i
mGBA log: PASS: 10b, 0x0011 1xs 1d 4i
mGBA log: PASS: 10b, 0x0011 16xs 1d 4i
mGBA log: PASS: 10b, 0x0011 1xv 1d 4i
mGBA log: PASS: 10b, 0x0011 16xv 1d 4i
mGBA log: PASS: 10b, 0x0011 1xs 2d 4i
mGBA log: PASS: 10b, 0x0011 16xs 2d 4i
mGBA log: PASS: 10b, 0x0011 1xv 2d 4i
mGBA log: PASS: 10b, 0x0011 16xv 2d 4i
mGBA log: PASS: 10b, 0x0011 1xs 4d 4i
mGBA log: PASS: 10b, 0x0011 16xs 4d 4i
mGBA log: PASS: 10b, 0x0011 1xv 4d 4i
mGBA log: PASS: 10b, 0x0011 16xv 4d 4i
mGBA log: Timer count-up test: 10b, 0x0012
mGBA log: PASS: 10b, 0x0012 1xs 1d 1i
mGBA log: PASS: 10b, 0x0012 16xs 1d 1i
mGBA log: PASS: 10b, 0x0012 1xv 1d 1i
mGBA log: PASS: 10b, 0x0012 16xv 1d 1i
mGBA log: PASS: 10b, 0x0012 1xs 2d 1i
mGBA log: PASS: 10b, 0x0012 16xs 2d 1i
mGBA log: PASS: 10b, 0x0012 1xv 2d 1i
mGBA log: PASS: 10b, 0x0012 16xv 2d 1i
mGBA log: PASS: 10b, 0x0012 1xs 4d 1i
mGBA log: PASS: 10b, 0x0012 16xs 4d 1i
mGBA log: PASS: 10b, 0x0012 1xv 4d 1i
mGBA log: PASS: 10b, 0x0012 16xv 4d 1i
mGBA log: PASS: 10b, 0x0012 1xs 1d 2i
mGBA log: PASS: 10b, 0x0012 16xs 1d 2i
mGBA log: PASS: 10b, 0x0012 1xv 1d 2i
mGBA log: PASS: 10b, 0x0012 16xv 1d 2i
mGBA log: PASS: 10b, 0x0012 1xs 2d 2i
mGBA log: PASS: 10b, 0x0012 16xs 2d 2i
mGBA log: PASS: 10b, 0x0012 1xv 2d 2i
mGBA log: PASS: 10b, 0x0012 16xv 2d 2i
mGBA log: PASS: 10b, 0x0012 1xs 4d 2i
mGBA log: PASS: 10b, 0x0012 16xs 4d 2i
mGBA log: PASS: 10b, 0x0012 1xv 4d 2i
mGBA log: PASS: 10b, 0x0012 16xv 4d 2i
mGBA log: PASS: 10b, 0x0012 1xs 1d 4i
mGBA log: PASS: 10b, 0x0012 16xs 1d 4i
mGBA log: PASS: 10b, 0x0012 1xv 1d 4i
mGBA log: PASS: 10b, 0x0012 16xv 1d 4i
mGBA log: PASS: 10b, 0x0012 1xs 2d 4i
mGBA log: PASS: 10b, 0x0012 16xs 2d 4i
mGBA log: PASS: 10b, 0x0012 1xv 2d 4i
mGBA log: PASS: 10b, 0x0012 16xv 2d 4i
mGBA log: PASS: 10b, 0x0012 1xs 4d 4i
mGBA log: PASS: 10b, 0x0012 16xs 4d 4i
mGBA log: PASS: 10b, 0x0012 1xv 4d 4i
mGBA log: PASS: 10b, 0x0012 16xv 4d 4i
mGBA log: Timer count-up test: 10b, 0x0013
mGBA log: PASS: 10b, 0x0013 1xs 1d 1i
mGBA log: PASS: 10b, 0x0013 16xs 1d 1i
mGBA log: PASS: 10b, 0x0013 1xv 1d 1i
mGBA log: PASS: 10b, 0x0013 16xv 1d 1i
mGBA log: PASS: 10b, 0x0013 1xs 2d 1i
mGBA log: PASS: 10b, 0x0013 16xs 2d 1i
mGBA log: PASS: 10b, 0x0013 1xv 2d 1i
mGBA log: PASS: 10b, 0x0013 16xv 2d 1i
mGBA log: PASS: 10b, 0x0013 1xs 4d 1i
mGBA log: PASS: 10b, 0x0013 16xs 4d 1i
mGBA log: PASS: 10b, 0x0013 1xv 4d 1i
mGBA log: PASS: 10b, 0x0013 16xv 4d 1i
mGBA log: PASS: 10b, 0x0013 1xs 1d 2i
mGBA log: PASS: 10b, 0x0013 16xs 1d 2i
mGBA log: PASS: 10b, 0x0013 1xv 1d 2i
mGBA log: PASS: 10b, 0x0013 16xv 1d 2i
mGBA log: PASS: 10b, 0x0013 1xs 2d 2i
mGBA log: PASS: 10b, 0x0013 16xs 2d 2i
mGBA log: PASS: 10b, 0x0013 1xv 2d 2i
mGBA log: PASS: 10b, 0x0013 16xv 2d 2i
mGBA log: PASS: 10b, 0x0013 1xs 4d 2i
mGBA log: PASS: 10b, 0x0013 16xs 4d 2i
mGBA log: PASS: 10b, 0x0013 1xv 4d 2i
mGBA log: PASS: 10b, 0x0013 16xv 4d 2i
mGBA log: PASS: 10b, 0x0013 1xs 1d 4i
mGBA log: PASS: 10b, 0x0013 16xs 1d 4i
mGBA log: PASS: 10b, 0x0013 1xv 1d 4i
mGBA log: PASS: 10b, 0x0013 16xv 1d 4i
mGBA log: PASS: 10b, 0x0013 1xs 2d 4i
mGBA log: PASS: 10b, 0x0013 16xs 2d 4i
mGBA log: PASS: 10b, 0x0013 1xv 2d 4i
mGBA log: PASS: 10b, 0x0013 16xv 2d 4i
mGBA log: PASS: 10b, 0x0013 1xs 4d 4i
mGBA log: PASS: 10b, 0x0013 16xs 4d 4i
mGBA log: PASS: 10b, 0x0013 1xv 4d 4i
mGBA log: PASS: 10b, 0x0013 16xv 4d 4i
mGBA log: END: 936/936

--- Suite 04: Timer count-up ---
Frames: 180
[sram]
Game Boy Advance Test Suite
===
Timer count-up test: 0b, 0x0001
Timer count-up test: 0b, 0x0005
Timer count-up test: 0b, 0x000C
Timer count-up test: 0b, 0x000D
Timer count-up test: 0b, 0x0010
Timer count-up test: 0b, 0x0014
Timer count-up test: 0b, 0x0015
Timer count-up test: 0b, 0x0020
Timer count-up test: 0b, 0x0024
Timer count-up test: 0b, 0x0025
Timer count-up test: 0b, 0x0040
Timer count-up test: 0b, 0x0080
Timer count-up test: 0b, 0x0800
Timer count-up test: 0b, 0x8000
Timer count-up test: 6b, 0x0010
Timer count-up test: 6b, 0x0011
Timer count-up test: 6b, 0x0012
Timer count-up test: 6b, 0x0013
Timer count-up test: 8b, 0x0010
Timer count-up test: 8b, 0x0011
Timer count-up test: 8b, 0x0012
Timer count-up test: 8b, 0x0013
Timer count-up test: 10b, 0x0010
Timer count-up test: 10b, 0x0011
Timer count-up test: 10b, 0x0012
Timer count-up test: 10b, 0x0013
mGBA log: Game Boy Advance Test Suite
===
mGBA log: BEGIN: Timer IRQ tests
mGBA log: Timer IRQ test: FFFF
mGBA log: PASS: FFFF 0 nops
mGBA log: PASS: FFFF 1 nop 
mGBA log: PASS: FFFF 2 nops
mGBA log: PASS: FFFF 3 nops
mGBA log: PASS: FFFF 4 nops
mGBA log: PASS: FFFF 5 nops
mGBA log: PASS: FFFF 6 nops
mGBA log: PASS: FFFF 7 nops
mGBA log: PASS: FFFF 8 nops
mGBA log: PASS: FFFF 9 nops
mGBA log: Timer IRQ test: FFFE
mGBA log: PASS: FFFE 0 nops
mGBA log: PASS: FFFE 1 nop 
mGBA log: PASS: FFFE 2 nops
mGBA log: PASS: FFFE 3 nops
mGBA log: PASS: FFFE 4 nops
mGBA log: PASS: FFFE 5 nops
mGBA log: PASS: FFFE 6 nops
mGBA log: PASS: FFFE 7 nops
mGBA log: PASS: FFFE 8 nops
mGBA log: PASS: FFFE 9 nops
mGBA log: Timer IRQ test: FFFD
mGBA log: PASS: FFFD 0 nops
mGBA log: PASS: FFFD 1 nop 
mGBA log: PASS: FFFD 2 nops
mGBA log: PASS: FFFD 3 nops
mGBA log: PASS: FFFD 4 nops
mGBA log: PASS: FFFD 5 nops
mGBA log: PASS: FFFD 6 nops
mGBA log: PASS: FFFD 7 nops
mGBA log: PASS: FFFD 8 nops
mGBA log: PASS: FFFD 9 nops
mGBA log: Timer IRQ test: FFFC
mGBA log: PASS: FFFC 0 nops
mGBA log: PASS: FFFC 1 nop 
mGBA log: PASS: FFFC 2 nops
mGBA log: PASS: FFFC 3 nops
mGBA log: PASS: FFFC 4 nops
mGBA log: PASS: FFFC 5 nops
mGBA log: PASS: FFFC 6 nops
mGBA log: PASS: FFFC 7 nops
mGBA log: PASS: FFFC 8 nops
mGBA log: PASS: FFFC 9 nops
mGBA log: Timer IRQ test: FFFB
mGBA log: PASS: FFFB 0 nops
mGBA log: PASS: FFFB 1 nop 
mGBA log: PASS: FFFB 2 nops
mGBA log: PASS: FFFB 3 nops
mGBA log: PASS: FFFB 4 nops
mGBA log: PASS: FFFB 5 nops
mGBA log: PASS: FFFB 6 nops
mGBA log: PASS: FFFB 7 nops
mGBA log: PASS: FFFB 8 nops
mGBA log: PASS: FFFB 9 nops
mGBA log: Timer IRQ test: FFFA
mGBA log: PASS: FFFA 0 nops
mGBA log: PASS: FFFA 1 nop 
mGBA log: PASS: FFFA 2 nops
mGBA log: PASS: FFFA 3 nops
mGBA log: PASS: FFFA 4 nops
mGBA log: PASS: FFFA 5 nops
mGBA log: PASS: FFFA 6 nops
mGBA log: PASS: FFFA 7 nops
mGBA log: PASS: FFFA 8 nops
mGBA log: PASS: FFFA 9 nops
mGBA log: Timer IRQ test: FFF9
mGBA log: PASS: FFF9 0 nops
mGBA log: PASS: FFF9 1 nop 
mGBA log: PASS: FFF9 2 nops
mGBA log: PASS: FFF9 3 nops
mGBA log: PASS: FFF9 4 nops
mGBA log: PASS: FFF9 5 nops
mGBA log: PASS: FFF9 6 nops
mGBA log: PASS: FFF9 7 nops
mGBA log: PASS: FFF9 8 nops
mGBA log: PASS: FFF9 9 nops
mGBA log: Timer IRQ test: FFF8
mGBA log: PASS: FFF8 0 nops
mGBA log: PASS: FFF8 1 nop 
mGBA log: PASS: FFF8 2 nops
mGBA log: PASS: FFF8 3 nops
mGBA log: PASS: FFF8 4 nops
mGBA log: PASS: FFF8 5 nops
mGBA log: PASS: FFF8 6 nops
mGBA log: PASS: FFF8 7 nops
mGBA log: PASS: FFF8 8 nops
mGBA log: PASS: FFF8 9 nops
mGBA log: Timer IRQ test: FFF7
mGBA log: PASS: FFF7 0 nops
mGBA log: PASS: FFF7 1 nop 
mGBA log: PASS: FFF7 2 nops
mGBA log: PASS: FFF7 3 nops
mGBA log: PASS: FFF7 4 nops
mGBA log: PASS: FFF7 5 nops
mGBA log: PASS: FFF7 6 nops
mGBA log: PASS: FFF7 7 nops
mGBA log: PASS: FFF7 8 nops
mGBA log: PASS: FFF7 9 nops
mGBA log: END: 90/90

--- Suite 05: Timer IRQ ---
Frames: 91
[sram]
Game Boy Advance Test Suite
===
Timer IRQ test: FFFF
Timer IRQ test: FFFE
Timer IRQ test: FFFD
Timer IRQ test: FFFC
Timer IRQ test: FFFB
Timer IRQ test: FFFA
Timer IRQ test: FFF9
Timer IRQ test: FFF8
Timer IRQ test: FFF7
mGBA log: Game Boy Advance Test Suite
===
mGBA log: BEGIN: Shifter tests
mGBA log: Shifter test: #0
mGBA log: PASS: #0 r0
mGBA log: PASS: #0 cpsr
mGBA log: Shifter test: #FF
mGBA log: PASS: #FF r0
mGBA log: PASS: #FF cpsr
mGBA log: Shifter test: #FF000000
mGBA log: PASS: #FF000000 r0
mGBA log: PASS: #FF000000 cpsr
mGBA log: Shifter test: #F000000F
mGBA log: PASS: #F000000F r0
mGBA log: PASS: #F000000F cpsr
mGBA log: Shifter test: r1
mGBA log: PASS: r1 r0
mGBA log: PASS: r1 cpsr
mGBA log: Shifter test: r1, lsl #0
mGBA log: PASS: r1, lsl #0 r0
mGBA log: PASS: r1, lsl #0 cpsr
mGBA log: Shifter test: r1, lsl #1
mGBA log: PASS: r1, lsl #1 r0
mGBA log: PASS: r1, lsl #1 cpsr
mGBA log: Shifter test: r1, lsl #31
mGBA log: PASS: r1, lsl #31 r0
mGBA log: PASS: r1, lsl #31 cpsr
mGBA log: Shifter test: r1, lsl r0 (0)
mGBA log: PASS: r1, lsl r0 (0) r0
mGBA log: PASS: r1, lsl r0 (0) cpsr
mGBA log: Shifter test: r1, lsl r0 (1)
mGBA log: PASS: r1, lsl r0 (1) r0
mGBA log: PASS: r1, lsl r0 (1) cpsr
mGBA log: Shifter test: r1, lsl r0 (31)
mGBA log: PASS: r1, lsl r0 (31) r0
mGBA log: PASS: r1, lsl r0 (31) cpsr
mGBA log: Shifter test: r1, lsl r0 (32)
mGBA log: PASS: r1, lsl r0 (32) r0
mGBA log: PASS: r1, lsl r0 (32) cpsr
mGBA log: Shifter test: r1, lsl r0 (33)
mGBA log: PASS: r1, lsl r0 (33) r0
mGBA log: PASS: r1, lsl r0 (33) cpsr
mGBA log: Shifter test: r1, lsl r0 (-1)
mGBA log: PASS: r1, lsl r0 (-1) r0
mGBA log: PASS: r1, lsl r0 (-1) cpsr
mGBA log: Shifter test: r1, lsr #1
mGBA log: PASS: r1, lsr #1 r0
mGBA log: PASS: r1, lsr #1 cpsr
mGBA log: Shifter test: r1, lsr #31
mGBA log: PASS: r1, lsr #31 r0
mGBA log: PASS: r1, lsr #31 cpsr
mGBA log: Shifter test: r1, lsr #32
mGBA log: PASS: r1, lsr #32 r0
mGBA log: PASS: r1, lsr #32 cpsr
mGBA log: Shifter test: r1, lsr r0 (0)
mGBA log: PASS: r1, lsr r0 (0) r0
mGBA log: PASS: r1, lsr r0 (0) cpsr
mGBA log: Shifter test: r1, lsr r0 (1)
mGBA log: PASS: r1, lsr r0 (1) r0
mGBA log: PASS: r1, lsr r0 (1) cpsr
mGBA log: Shifter test: r1, lsr r0 (31)
mGBA log: PASS: r1, lsr r0 (31) r0
mGBA log: PASS: r1, lsr r0 (31) cpsr
mGBA log: Shifter test: r1, lsr r0 (32)
mGBA log: PASS: r1, lsr r0 (32) r0
mGBA log: PASS: r1, lsr r0 (32) cpsr
mGBA log: Shifter test: r1, lsr r0 (33)
mGBA log: PASS: r1, lsr r0 (33) r0
mGBA log: PASS: r1, lsr r0 (33) cpsr
mGBA log: Shifter test: r1, lsr r0 (-1)
mGBA log: PASS: r1, lsr r0 (-1) r0
mGBA log: PASS: r1, lsr r0 (-1) cpsr
mGBA log: Shifter test: r1, asr #1
mGBA log: PASS: r1, asr #1 r0
mGBA log: PASS: r1, asr #1 cpsr
mGBA log: Shifter test: r1, asr #31
mGBA log: PASS: r1, asr #31 r0
mGBA log: PASS: r1, asr #31 cpsr
mGBA log: Shifter test: r1, asr #32
mGBA log: PASS: r1, asr #32 r0
mGBA log: PASS: r1, asr #32 cpsr
mGBA log: Shifter test: r1, asr r0 (0)
mGBA log: PASS: r1, asr r0 (0) r0
mGBA log: PASS: r1, asr r0 (0) cpsr
mGBA log: Shifter test: r1, asr r0 (1)
mGBA log: PASS: r1, asr r0 (1) r0
mGBA log: PASS: r1, asr r0 (1) cpsr
mGBA log: Shifter test: r1, asr r0 (31)
mGBA log: PASS: r1, asr r0 (31) r0
mGBA log: PASS: r1, asr r0 (31) cpsr
mGBA log: Shifter test: r1, asr r0 (32)
mGBA log: PASS: r1, asr r0 (32) r0
mGBA log: PASS: r1, asr r0 (32) cpsr
mGBA log: Shifter test: r1, asr r0 (33)
mGBA log: PASS: r1, asr r0 (33) r0
mGBA log: PASS: r1, asr r0 (33) cpsr
mGBA log: Shifter test: r1, asr r0 (-1)
mGBA log: PASS: r1, asr r0 (-1) r0
mGBA log: PASS: r1, asr r0 (-1) cpsr
mGBA log: Shifter test: r1, ror #1
mGBA log: PASS: r1, ror #1 r0
mGBA log: PASS: r1, ror #1 cpsr
mGBA log: Shifter test: r1, ror #31
mGBA log: PASS: r1, ror #31 r0
mGBA log: PASS: r1, ror #31 cpsr
mGBA log: Shifter test: r1, ror r0 (0)
mGBA log: PASS: r1, ror r0 (0) r0
mGBA log: PASS: r1, ror r0 (0) cpsr
mGBA log: Shifter test: r1, ror r0 (1)
mGBA log: PASS: r1, ror r0 (1) r0
mGBA log: PASS: r1, ror r0 (1) cpsr
mGBA log: Shifter test: r1, ror r0 (31)
mGBA log: PASS: r1, ror r0 (31) r0
mGBA log: PASS: r1, ror r0 (31) cpsr
mGBA log: Shifter test: r1, ror r0 (32)
mGBA log: PASS: r1, ror r0 (32) r0
mGBA log: PASS: r1, ror r0 (32) cpsr
mGBA log: Shifter test: r1, ror r0 (33)
mGBA log: PASS: r1, ror r0 (33) r0
mGBA log: PASS: r1, ror r0 (33) cpsr
mGBA log: Shifter test: r1, ror r0 (-1)
mGBA log: PASS: r1, ror r0 (-1) r0
mGBA log: PASS: r1, ror r0 (-1) cpsr
mGBA log: Shifter test: r1, rrx (+)
mGBA log: PASS: r1, rrx (+) r0
mGBA log: PASS: r1, rrx (+) cpsr
mGBA log: Shifter test: r1, rrx (-)
mGBA log: PASS: r1, rrx (-) r0
mGBA log: PASS: r1, rrx (-) cpsr
mGBA log: Shifter test: pc
mGBA log: PASS: pc r0
mGBA log: PASS: pc cpsr
mGBA log: Shifter test: pc, lsl #0
mGBA log: PASS: pc, lsl #0 r0
mGBA log: PASS: pc, lsl #0 cpsr
mGBA log: Shifter test: pc, lsl #31
mGBA log: PASS: pc, lsl #31 r0
mGBA log: PASS: pc, lsl #31 cpsr
mGBA log: Shifter test: pc, lsl r0 (0)
mGBA log: PASS: pc, lsl r0 (0) r0
mGBA log: PASS: pc, lsl r0 (0) cpsr
mGBA log: Shifter test: pc, lsr #31
mGBA log: PASS: pc, lsr #31 r0
mGBA log: PASS: pc, lsr #31 cpsr
mGBA log: Shifter test: pc, lsr #32
mGBA log: PASS: pc, lsr #32 r0
mGBA log: PASS: pc, lsr #32 cpsr
mGBA log: Shifter test: pc, lsr r0 (0)
mGBA log: PASS: pc, lsr r0 (0) r0
mGBA log: PASS: pc, lsr r0 (0) cpsr
mGBA log: Shifter test: pc, lsr r0 (24)
mGBA log: PASS: pc, lsr r0 (24) r0
mGBA log: PASS: pc, lsr r0 (24) cpsr
mGBA log: Shifter test: pc, asr #31
mGBA log: PASS: pc, asr #31 r0
mGBA log: PASS: pc, asr #31 cpsr
mGBA log: Shifter test: pc, asr #32
mGBA log: PASS: pc, asr #32 r0
mGBA log: PASS: pc, asr #32 cpsr
mGBA log: Shifter test: pc, asr r0 (0)
mGBA log: PASS: pc, asr r0 (0) r0
mGBA log: PASS: pc, asr r0 (0) cpsr
mGBA log: Shifter test: pc, asr r0 (24)
mGBA log: PASS: pc, asr r0 (24) r0
mGBA log: PASS: pc, asr r0 (24) cpsr
mGBA log: Shifter test: add r0, pc, r1
mGBA log: PASS: add r0, pc, r1 r0
mGBA log: PASS: add r0, pc, r1 cpsr
mGBA log: Shifter test: add r0, pc, r1, lsl #0
mGBA log: PASS: add r0, pc, r1, lsl #0 r0
mGBA log: PASS: add r0, pc, r1, lsl #0 cpsr
mGBA log: Shifter test: add r0, pc, r1, lsl #1
mGBA log: PASS: add r0, pc, r1, lsl #1 r0
mGBA log: PASS: add r0, pc, r1, lsl #1 cpsr
mGBA log: Shifter test: add r0, pc, r1, lsl r0 (0)
mGBA log: PASS: add r0, pc, r1, lsl r0 (0) r0
mGBA log: PASS: add r0, pc, r1, lsl r0 (0) cpsr
mGBA log: Shifter test: add r0, pc, r1, lsl r0 (1)
mGBA log: PASS: add r0, pc, r1, lsl r0 (1) r0
mGBA log: PASS: add r0, pc, r1, lsl r0 (1) cpsr
mGBA log: Shifter test: add r0, pc, r1, lsr #1
mGBA log: PASS: add r0, pc, r1, lsr #1 r0
mGBA log: PASS: add r0, pc, r1, lsr #1 cpsr
mGBA log: Shifter test: add r0, pc, r1, lsr #32
mGBA log: PASS: add r0, pc, r1, lsr #32 r0
mGBA log: PASS: add r0, pc, r1, lsr #32 cpsr
mGBA log: Shifter test: add r0, pc, r1, lsr r0 (0)
mGBA log: PASS: add r0, pc, r1, lsr r0 (0) r0
mGBA log: PASS: add r0, pc, r1, lsr r0 (0) cpsr
mGBA log: Shifter test: add r0, pc, r1, lsr r0 (1)
mGBA log: PASS: add r0, pc, r1, lsr r0 (1) r0
mGBA log: PASS: add r0, pc, r1, lsr r0 (1) cpsr
mGBA log: Shifter test: add r0, pc, r1, asr #1
mGBA log: PASS: add r0, pc, r1, asr #1 r0
mGBA log: PASS: add r0, pc, r1, asr #1 cpsr
mGBA log: Shifter test: add r0, pc, r1, asr #32
mGBA log: PASS: add r0, pc, r1, asr #32 r0
mGBA log: PASS: add r0, pc, r1, asr #32 cpsr
mGBA log: Shifter test: add r0, pc, r1, asr r0 (0)
mGBA log: PASS: add r0, pc, r1, asr r0 (0) r0
mGBA log: PASS: add r0, pc, r1, asr r0 (0) cpsr
mGBA log: Shifter test: add r0, pc, r1, asr r0 (1)
mGBA log: PASS: add r0, pc, r1, asr r0 (1) r0
mGBA log: PASS: add r0, pc, r1, asr r0 (1) cpsr
mGBA log: Shifter test: add r0, pc, r1, ror #1
mGBA log: PASS: add r0, pc, r1, ror #1 r0
mGBA log: PASS: add r0, pc, r1, ror #1 cpsr
mGBA log: Shifter test: add r0, pc, r1, ror r0 (0)
mGBA log: PASS: add r0, pc, r1, ror r0 (0) r0
mGBA log: PASS: add r0, pc, r1, ror r0 (0) cpsr
mGBA log: Shifter test: add r0, pc, r1, ror r0 (1)
mGBA log: PASS: add r0, pc, r1, ror r0 (1) r0
mGBA log: PASS: add r0, pc, r1, ror r0 (1) cpsr
mGBA log: END: 140/140

--- Suite 06: Shifter ---
Frames: 100
[sram]
Game Boy Advance Test Suite
===
Shifter test: #0
Shifter test: #FF
Shifter test: #FF000000
Shifter test: #F000000F
Shifter test: r1
Shifter test: r1, lsl #0
Shifter test: r1, lsl #1
Shifter test: r1, lsl #31
Shifter test: r1, lsl r0 (0)
Shifter test: r1, lsl r0 (1)
Shifter test: r1, lsl r0 (31)
Shifter test: r1, lsl r0 (32)
Shifter test: r1, lsl r0 (33)
Shifter test: r1, lsl r0 (-1)
Shifter test: r1, lsr #1
Shifter test: r1, lsr #31
Shifter test: r1, lsr #32
Shifter test: r1, lsr r0 (0)
Shifter test: r1, lsr r0 (1)
Shifter test: r1, lsr r0 (31)
Shifter test: r1, lsr r0 (32)
Shifter test: r1, lsr r0 (33)
Shifter test: r1, lsr r0 (-1)
Shifter test: r1, asr #1
Shifter test: r1, asr #31
Shifter test: r1, asr #32
Shifter test: r1, asr r0 (0)
Shifter test: r1, asr r0 (1)
Shifter test: r1, asr r0 (31)
Shifter test: r1, asr r0 (32)
Shifter test: r1, asr r0 (33)
Shifter test: r1, asr r0 (-1)
Shifter test: r1, ror #1
Shifter test: r1, ror #31
Shifter test: r1, ror r0 (0)
Shifter test: r1, ror r0 (1)
Shifter test: r1, ror r0 (31)
Shifter test: r1, ror r0 (32)
Shifter test: r1, ror r0 (33)
Shifter test: r1, ror r0 (-1)
Shifter test: r1, rrx (+)
Shifter test: r1, rrx (-)
Shifter test: pc
Shifter test: pc, lsl #0
Shifter test: pc, lsl #31
Shifter test: pc, lsl r0 (0)
Shifter test: pc, lsr #31
Shifter test: pc, lsr #32
Shifter test: pc, lsr r0 (0)
Shifter test: pc, lsr r0 (24)
Shifter test: pc, asr #31
Shifter test: pc, asr #32
Shifter test: pc, asr r0 (0)
Shifter test: pc, asr r0 (24)
Shifter test: add r0, pc, r1
Shifter test: add r0, pc, r1, lsl #0
Shifter test: add r0, pc, r1, lsl #1
Shifter test: add r0, pc, r1, lsl r0 (0)
Shifter test: add r0, pc, r1, lsl r0 (1)
Shifter test: add r0, pc, r1, lsr #1
Shifter test: add r0, pc, r1, lsr #32
Shifter test: add r0, pc, r1, lsr r0 (0)
Shifter test: add r0, pc, r1, lsr r0 (1)
Shifter test: add r0, pc, r1, asr #1
Shifter test: add r0, pc, r1, asr #32
Shifter test: add r0, pc, r1, asr r0 (0)
Shifter test: add r0, pc, r1, asr r0 (1)
Shifter test: add r0, pc, r1, ror #1
Shifter test: add r0, pc, r1, ror r0 (0)
Shifter test: add r0, pc, r1, ror r0 (1)
mGBA log: Game Boy Advance Test Suite
===
mGBA log: BEGIN: Carry tests
mGBA log: Carry test: 0, 0 (.)
mGBA log: PASS: 0, 0 (.) adcs
mGBA log: PASS: 0, 0 (.) sbcs
mGBA log: PASS: 0, 0 (.) rscs
mGBA log: Carry test: 0, 0 (C)
mGBA log: PASS: 0, 0 (C) adcs
mGBA log: PASS: 0, 0 (C) sbcs
mGBA log: PASS: 0, 0 (C) rscs
mGBA log: Carry test: 0, 0x7FFFFFFF (.)
mGBA log: PASS: 0, 0x7FFFFFFF (.) adcs
mGBA log: PASS: 0, 0x7FFFFFFF (.) sbcs
mGBA log: PASS: 0, 0x7FFFFFFF (.) rscs
mGBA log: Carry test: 0, 0x7FFFFFFF (C)
mGBA log: PASS: 0, 0x7FFFFFFF (C) adcs
mGBA log: PASS: 0, 0x7FFFFFFF (C) sbcs
mGBA log: PASS: 0, 0x7FFFFFFF (C) rscs
mGBA log: Carry test: 0, 0x80000000 (.)
mGBA log: PASS: 0, 0x80000000 (.) adcs
mGBA log: PASS: 0, 0x80000000 (.) sbcs
mGBA log: PASS: 0, 0x80000000 (.) rscs
mGBA log: Carry test: 0, 0x80000000 (C)
mGBA log: PASS: 0, 0x80000000 (C) adcs
mGBA log: PASS: 0, 0x80000000 (C) sbcs
mGBA log: PASS: 0, 0x80000000 (C) rscs
mGBA log: Carry test: 0, 0xFFFFFFFF (.)
mGBA log: PASS: 0, 0xFFFFFFFF (.) adcs
mGBA log: PASS: 0, 0xFFFFFFFF (.) sbcs
mGBA log: PASS: 0, 0xFFFFFFFF (.) rscs
mGBA log: Carry test: 0, 0xFFFFFFFF (C)
mGBA log: PASS: 0, 0xFFFFFFFF (C) adcs
mGBA log: PASS: 0, 0xFFFFFFFF (C) sbcs
mGBA log: PASS: 0, 0xFFFFFFFF (C) rscs
mGBA log: Carry test: 0x7FFFFFFF, 0 (.)
mGBA log: PASS: 0x7FFFFFFF, 0 (.) adcs
mGBA log: PASS: 0x7FFFFFFF, 0 (.) sbcs
mGBA log: PASS: 0x7FFFFFFF, 0 (.) rscs
mGBA log: Carry test: 0x7FFFFFFF, 0 (C)
mGBA log: PASS: 0x7FFFFFFF, 0 (C) adcs
mGBA log: PASS: 0x7FFFFFFF, 0 (C) sbcs
mGBA log: PASS: 0x7FFFFFFF, 0 (C) rscs
mGBA log: Carry test: 0x7FFFFFFF, 0x7FFFFFFF (.)
mGBA log: PASS: 0x7FFFFFFF, 0x7FFFFFFF (.) adcs
mGBA log: PASS: 0x7FFFFFFF, 0x7FFFFFFF (.) sbcs
mGBA log: PASS: 0x7FFFFFFF, 0x7FFFFFFF (.) rscs
mGBA log: Carry test: 0x7FFFFFFF, 0x7FFFFFFF (C)
mGBA log: PASS: 0x7FFFFFFF, 0x7FFFFFFF (C) adcs
mGBA log: PASS: 0x7FFFFFFF, 0x7FFFFFFF (C) sbcs
mGBA log: PASS: 0x7FFFFFFF, 0x7FFFFFFF (C) rscs
mGBA log: Carry test: 0x7FFFFFFF, 0x80000000 (.)
mGBA log: PASS: 0x7FFFFFFF, 0x80000000 (.) adcs
mGBA log: PASS: 0x7FFFFFFF, 0x80000000 (.) sbcs
mGBA log: PASS: 0x7FFFFFFF, 0x80000000 (.) rscs
mGBA log: Carry test: 0x7FFFFFFF, 0x80000000 (C)
mGBA log: PASS: 0x7FFFFFFF, 0x80000000 (C) adcs
mGBA log: PASS: 0x7FFFFFFF, 0x80000000 (C) sbcs
mGBA log: PASS: 0x7FFFFFFF, 0x80000000 (C) rscs
mGBA log: Carry test: 0x7FFFFFFF, 0xFFFFFFFF (.)
mGBA log: PASS: 0x7FFFFFFF, 0xFFFFFFFF (.) adcs
mGBA log: PASS: 0x7FFFFFFF, 0xFFFFFFFF (.) sbcs
mGBA log: PASS: 0x7FFFFFFF, 0xFFFFFFFF (.) rscs
mGBA log: Carry test: 0x80000000, 0 (.)
mGBA log: PASS: 0x80000000, 0 (.) adcs
mGBA log: PASS: 0x80000000, 0 (.) sbcs
mGBA log: PASS: 0x80000000, 0 (.) rscs
mGBA log: Carry test: 0x80000000, 0 (C)
mGBA log: PASS: 0x80000000, 0 (C) adcs
mGBA log: PASS: 0x80000000, 0 (C) sbcs
mGBA log: PASS: 0x80000000, 0 (C) rscs
mGBA log: Carry test: 0x80000000, 0x7FFFFFFF (.)
mGBA log: PASS: 0x80000000, 0x7FFFFFFF (.) adcs
mGBA log: PASS: 0x80000000, 0x7FFFFFFF (.) sbcs
mGBA log: PASS: 0x80000000, 0x7FFFFFFF (.) rscs
mGBA log: Carry test: 0x80000000, 0x7FFFFFFF (C)
mGBA log: PASS: 0x80000000, 0x7FFFFFFF (C) adcs
mGBA log: PASS: 0x80000000, 0x7FFFFFFF (C) sbcs
mGBA log: PASS: 0x80000000, 0x7FFFFFFF (C) rscs
mGBA log: Carry test: 0x80000000, 0x80000000 (.)
mGBA log: PASS: 0x80000000, 0x80000000 (.) adcs
mGBA log: PASS: 0x80000000, 0x80000000 (.) sbcs
mGBA log: PASS: 0x80000000, 0x80000000 (.) rscs
mGBA log: Carry test: 0x80000000, 0x80000000 (C)
mGBA log: PASS: 0x80000000, 0x80000000 (C) adcs
mGBA log: PASS: 0x80000000, 0x80000000 (C) sbcs
mGBA log: PASS: 0x80000000, 0x80000000 (C) rscs
mGBA log: Carry test: 0x80000000, 0xFFFFFFFF (.)
mGBA log: PASS: 0x80000000, 0xFFFFFFFF (.) adcs
mGBA log: PASS: 0x80000000, 0xFFFFFFFF (.) sbcs
mGBA log: PASS: 0x80000000, 0xFFFFFFFF (.) rscs
mGBA log: Carry test: 0x80000000, 0xFFFFFFFF (C)
mGBA log: PASS: 0x80000000, 0xFFFFFFFF (C) adcs
mGBA log: PASS: 0x80000000, 0xFFFFFFFF (C) sbcs
mGBA log: PASS: 0x80000000, 0xFFFFFFFF (C) rscs
mGBA log: Carry test: 0xFFFFFFFF, 0 (.)
mGBA log: PASS: 0xFFFFFFFF, 0 (.) adcs
mGBA log: PASS: 0xFFFFFFFF, 0 (.) sbcs
mGBA log: PASS: 0xFFFFFFFF, 0 (.) rscs
mGBA log: Carry test: 0xFFFFFFFF, 0 (C)
mGBA log: PASS: 0xFFFFFFFF, 0 (C) adcs
mGBA log: PASS: 0xFFFFFFFF, 0 (C) sbcs
mGBA log: PASS: 0xFFFFFFFF, 0 (C) rscs
mGBA log: Carry test: 0xFFFFFFFF, 0x7FFFFFFF (.)
mGBA log: PASS: 0xFFFFFFFF, 0x7FFFFFFF (.) adcs
mGBA log: PASS: 0xFFFFFFFF, 0x7FFFFFFF (.) sbcs
mGBA log: PASS: 0xFFFFFFFF, 0x7FFFFFFF (.) rscs
mGBA log: Carry test: 0xFFFFFFFF, 0x7FFFFFFF (C)
mGBA log: PASS: 0xFFFFFFFF, 0x7FFFFFFF (C) adcs
mGBA log: PASS: 0xFFFFFFFF, 0x7FFFFFFF (C) sbcs
mGBA log: PASS: 0xFFFFFFFF, 0x7FFFFFFF (C) rscs
mGBA log: Carry test: 0xFFFFFFFF, 0x80000000 (.)
mGBA log: PASS: 0xFFFFFFFF, 0x80000000 (.) adcs
mGBA log: PASS: 0xFFFFFFFF, 0x80000000 (.) sbcs
mGBA log: PASS: 0xFFFFFFFF, 0x80000000 (.) rscs
mGBA log: Carry test: 0xFFFFFFFF, 0x80000000 (C)
mGBA log: PASS: 0xFFFFFFFF, 0x80000000 (C) adcs
mGBA log: PASS: 0xFFFFFFFF, 0x80000000 (C) sbcs
mGBA log: PASS: 0xFFFFFFFF, 0x80000000 (C) rscs
mGBA log: Carry test: 0xFFFFFFFF, 0xFFFFFFFF (.)
mGBA log: PASS: 0xFFFFFFFF, 0xFFFFFFFF (.) adcs
mGBA log: PASS: 0xFFFFFFFF, 0xFFFFFFFF (.) sbcs
mGBA log: PASS: 0xFFFFFFFF, 0xFFFFFFFF (.) rscs
mGBA log: Carry test: 0xFFFFFFFF, 0xFFFFFFFF (C)
mGBA log: PASS: 0xFFFFFFFF, 0xFFFFFFFF (C) adcs
mGBA log: PASS: 0xFFFFFFFF, 0xFFFFFFFF (C) sbcs
mGBA log: PASS: 0xFFFFFFFF, 0xFFFFFFFF (C) rscs
mGBA log: END: 93/93

--- Suite 07: Carry ---
Frames: 94
[sram]
Game Boy Advance Test Suite
===
Carry test: 0, 0 (.)
Carry test: 0, 0 (C)
Carry test: 0, 0x7FFFFFFF (.)
Carry test: 0, 0x7FFFFFFF (C)
Carry test: 0, 0x80000000 (.)
Carry test: 0, 0x80000000 (C)
Carry test: 0, 0xFFFFFFFF (.)
Carry test: 0, 0xFFFFFFFF (C)
Carry test: 0x7FFFFFFF, 0 (.)
Carry test: 0x7FFFFFFF, 0 (C)
Carry test: 0x7FFFFFFF, 0x7FFFFFFF (.)
Carry test: 0x7FFFFFFF, 0x7FFFFFFF (C)
Carry test: 0x7FFFFFFF, 0x80000000 (.)
Carry test: 0x7FFFFFFF, 0x80000000 (C)
Carry test: 0x7FFFFFFF, 0xFFFFFFFF (.)
Carry test: 0x80000000, 0 (.)
Carry test: 0x80000000, 0 (C)
Carry test: 0x80000000, 0x7FFFFFFF (.)
Carry test: 0x80000000, 0x7FFFFFFF (C)
Carry test: 0x80000000, 0x80000000 (.)
Carry test: 0x80000000, 0x80000000 (C)
Carry test: 0x80000000, 0xFFFFFFFF (.)
Carry test: 0x80000000, 0xFFFFFFFF (C)
Carry test: 0xFFFFFFFF, 0 (.)
Carry test: 0xFFFFFFFF, 0 (C)
Carry test: 0xFFFFFFFF, 0x7FFFFFFF (.)
Carry test: 0xFFFFFFFF, 0x7FFFFFFF (C)
Carry test: 0xFFFFFFFF, 0x80000000 (.)
Carry test: 0xFFFFFFFF, 0x80000000 (C)
Carry test: 0xFFFFFFFF, 0xFFFFFFFF (.)
Carry test: 0xFFFFFFFF, 0xFFFFFFFF (C)
mGBA log: Game Boy Advance Test Suite
===
mGBA log: BEGIN: Multiply long tests
mGBA log: Multiply Long test:   0 *   0
mGBA log: PASS:   0 *   0 smulls
mGBA log: PASS:   0 *   0 umulls
mGBA log: Multiply Long test:   1 *   0
mGBA log: PASS:   1 *   0 smulls
mGBA log: PASS:   1 *   0 umulls
mGBA log: Multiply Long test:  -1 *   0
mGBA log: PASS:  -1 *   0 smulls
mGBA log: PASS:  -1 *   0 umulls
mGBA log: Multiply Long test: $7F *   0
mGBA log: PASS: $7F *   0 smulls
mGBA log: PASS: $7F *   0 umulls
mGBA log: Multiply Long test: $80 *   0
mGBA log: PASS: $80 *   0 smulls
mGBA log: PASS: $80 *   0 umulls
mGBA log: Multiply Long test: $81 *   0
mGBA log: PASS: $81 *   0 smulls
mGBA log: PASS: $81 *   0 umulls
mGBA log: Multiply Long test:   0 *   1
mGBA log: PASS:   0 *   1 smulls
mGBA log: PASS:   0 *   1 umulls
mGBA log: Multiply Long test:   1 *   1
mGBA log: PASS:   1 *   1 smulls
mGBA log: PASS:   1 *   1 umulls
mGBA log: Multiply Long test:  -1 *   1
mGBA log: PASS:  -1 *   1 smulls
mGBA log: PASS:  -1 *   1 umulls
mGBA log: Multiply Long test: $7F *   1
mGBA log: PASS: $7F *   1 smulls
mGBA log: PASS: $7F *   1 umulls
mGBA log: Multiply Long test: $80 *   1
mGBA log: PASS: $80 *   1 smulls
mGBA log: PASS: $80 *   1 umulls
mGBA log: Multiply Long test: $81 *   1
mGBA log: PASS: $81 *   1 smulls
mGBA log: PASS: $81 *   1 umulls
mGBA log: Multiply Long test:   0 *  -1
mGBA log: PASS:   0 *  -1 smulls
mGBA log: PASS:   0 *  -1 umulls
mGBA log: Multiply Long test:   1 *  -1
mGBA log: PASS:   1 *  -1 smulls
mGBA log: PASS:   1 *  -1 umulls
mGBA log: Multiply Long test:  -1 *  -1
mGBA log: PASS:  -1 *  -1 smulls
mGBA log: PASS:  -1 *  -1 umulls
mGBA log: Multiply Long test: $7F *  -1
mGBA log: PASS: $7F *  -1 smulls
mGBA log: PASS: $7F *  -1 umulls
mGBA log: Multiply Long test: $80 *  -1
mGBA log: PASS: $80 *  -1 smulls
mGBA log: PASS: $80 *  -1 umulls
mGBA log: Multiply Long test: $81 *  -1
mGBA log: PASS: $81 *  -1 smulls
mGBA log: PASS: $81 *  -1 umulls
mGBA log: Multiply Long test:   0 * $7F
mGBA log: PASS:   0 * $7F smulls
mGBA log: PASS:   0 * $7F umulls
mGBA log: Multiply Long test:   1 * $7F
mGBA log: PASS:   1 * $7F smulls
mGBA log: PASS:   1 * $7F umulls
mGBA log: Multiply Long test:  -1 * $7F
mGBA log: PASS:  -1 * $7F smulls
mGBA log: PASS:  -1 * $7F umulls
mGBA log: Multiply Long test: $7F * $7F
mGBA log: PASS: $7F * $7F smulls
mGBA log: PASS: $7F * $7F umulls
mGBA log: Multiply Long test: $80 * $7F
mGBA log: PASS: $80 * $7F smulls
mGBA log: PASS: $80 * $7F umulls
mGBA log: Multiply Long test: $81 * $7F
mGBA log: PASS: $81 * $7F smulls
mGBA log: PASS: $81 * $7F umulls
mGBA log: Multiply Long test:   0 * $80
mGBA log: PASS:   0 * $80 smulls
mGBA log: PASS:   0 * $80 umulls
mGBA log: Multiply Long test:   1 * $80
mGBA log: PASS:   1 * $80 smulls
mGBA log: PASS:   1 * $80 umulls
mGBA log: Multiply Long test:  -1 * $80
mGBA log: PASS:  -1 * $80 smulls
mGBA log: PASS:  -1 * $80 umulls
mGBA log: Multiply Long test: $7F * $80
mGBA log: PASS: $7F * $80 smulls
mGBA log: PASS: $7F * $80 umulls
mGBA log: Multiply Long test: $80 * $80
mGBA log: PASS: $80 * $80 smulls
mGBA log: PASS: $80 * $80 umulls
mGBA log: Multiply Long test: $81 * $80
mGBA log: PASS: $81 * $80 smulls
mGBA log: PASS: $81 * $80 umulls
mGBA log: Multiply Long test:   0 * $81
mGBA log: PASS:   0 * $81 smulls
mGBA log: PASS:   0 * $81 umulls
mGBA log: Multiply Long test:   1 * $81
mGBA log: PASS:   1 * $81 smulls
mGBA log: PASS:   1 * $81 umulls
mGBA log: Multiply Long test:  -1 * $81
mGBA log: PASS:  -1 * $81 smulls
mGBA log: PASS:  -1 * $81 umulls
mGBA log: Multiply Long test: $7F * $81
mGBA log: PASS: $7F * $81 smulls
mGBA log: PASS: $7F * $81 umulls
mGBA log: Multiply Long test: $80 * $81
mGBA log: PASS: $80 * $81 smulls
mGBA log: PASS: $80 * $81 umulls
mGBA log: Multiply Long test: $81 * $81
mGBA log: PASS: $81 * $81 smulls
mGBA log: PASS: $81 * $81 umulls
mGBA log: END: 72/72

--- Suite 08: Multiply long ---
Frames: 93
[sram]
Game Boy Advance Test Suite
===
Multiply Long test:   0 *   0
Multiply Long test:   1 *   0
Multiply Long test:  -1 *   0
Multiply Long test: $7F *   0
Multiply Long test: $80 *   0
Multiply Long test: $81 *   0
Multiply Long test:   0 *   1
Multiply Long test:   1 *   1
Multiply Long test:  -1 *   1
Multiply Long test: $7F *   1
Multiply Long test: $80 *   1
Multiply Long test: $81 *   1
Multiply Long test:   0 *  -1
Multiply Long test:   1 *  -1
Multiply Long test:  -1 *  -1
Multiply Long test: $7F *  -1
Multiply Long test: $80 *  -1
Multiply Long test: $81 *  -1
Multiply Long test:   0 * $7F
Multiply Long test:   1 * $7F
Multiply Long test:  -1 * $7F
Multiply Long test: $7F * $7F
Multiply Long test: $80 * $7F
Multiply Long test: $81 * $7F
Multiply Long test:   0 * $80
Multiply Long test:   1 * $80
Multiply Long test:  -1 * $80
Multiply Long test: $7F * $80
Multiply Long test: $80 * $80
Multiply Long test: $81 * $80
Multiply Long test:   0 * $81
Multiply Long test:   1 * $81
Multiply Long test:  -1 * $81
Multiply Long test: $7F * $81
Multiply Long test: $80 * $81
Multiply Long test: $81 * $81
mGBA log: Game Boy Advance Test Suite
===
mGBA log: BEGIN: BIOS math tests
mGBA log: Math test: ArcTan 00000000
mGBA log: PASS: ArcTan 00000000 r0
mGBA log: PASS: ArcTan 00000000 r1
mGBA log: PASS: ArcTan 00000000 r2
mGBA log: PASS: ArcTan 00000000 r3
mGBA log: PASS: ArcTan 00000000 cpsr
mGBA log: Math test: ArcTan 00000001
mGBA log: PASS: ArcTan 00000001 r0
mGBA log: PASS: ArcTan 00000001 r1
mGBA log: PASS: ArcTan 00000001 r2
mGBA log: PASS: ArcTan 00000001 r3
mGBA log: PASS: ArcTan 00000001 cpsr
mGBA log: Math test: ArcTan 00003FFF
mGBA log: PASS: ArcTan 00003FFF r0
mGBA log: PASS: ArcTan 00003FFF r1
mGBA log: PASS: ArcTan 00003FFF r2
mGBA log: PASS: ArcTan 00003FFF r3
mGBA log: PASS: ArcTan 00003FFF cpsr
mGBA log: Math test: ArcTan 00004000
mGBA log: PASS: ArcTan 00004000 r0
mGBA log: PASS: ArcTan 00004000 r1
mGBA log: PASS: ArcTan 00004000 r2
mGBA log: PASS: ArcTan 00004000 r3
mGBA log: PASS: ArcTan 00004000 cpsr
mGBA log: Math test: ArcTan 00004001
mGBA log: PASS: ArcTan 00004001 r0
mGBA log: PASS: ArcTan 00004001 r1
mGBA log: PASS: ArcTan 00004001 r2
mGBA log: PASS: ArcTan 00004001 r3
mGBA log: PASS: ArcTan 00004001 cpsr
mGBA log: Math test: ArcTan 00007FFF
mGBA log: PASS: ArcTan 00007FFF r0
mGBA log: PASS: ArcTan 00007FFF r1
mGBA log: PASS: ArcTan 00007FFF r2
mGBA log: PASS: ArcTan 00007FFF r3
mGBA log: PASS: ArcTan 00007FFF cpsr
mGBA log: Math test: ArcTan 00008000
mGBA log: PASS: ArcTan 00008000 r0
mGBA log: PASS: ArcTan 00008000 r1
mGBA log: PASS: ArcTan 00008000 r2
mGBA log: PASS: ArcTan 00008000 r3
mGBA log: PASS: ArcTan 00008000 cpsr
mGBA log: Math test: ArcTan 00008001
mGBA log: PASS: ArcTan 00008001 r0
mGBA log: PASS: ArcTan 00008001 r1
mGBA log: PASS: ArcTan 00008001 r2
mGBA log: PASS: ArcTan 00008001 r3
mGBA log: PASS: ArcTan 00008001 cpsr
mGBA log: Math test: ArcTan 0000BFFF
mGBA log: PASS: ArcTan 0000BFFF r0
mGBA log: PASS: ArcTan 0000BFFF r1
mGBA log: PASS: ArcTan 0000BFFF r2
mGBA log: PASS: ArcTan 0000BFFF r3
mGBA log: PASS: ArcTan 0000BFFF cpsr
mGBA log: Math test: ArcTan 0000C000
mGBA log: PASS: ArcTan 0000C000 r0
mGBA log: PASS: ArcTan 0000C000 r1
mGBA log: PASS: ArcTan 0000C000 r2
mGBA log: PASS: ArcTan 0000C000 r3
mGBA log: PASS: ArcTan 0000C000 cpsr
mGBA log: Math test: ArcTan 0000C001
mGBA log: PASS: ArcTan 0000C001 r0
mGBA log: PASS: ArcTan 0000C001 r1
mGBA log: PASS: ArcTan 0000C001 r2
mGBA log: PASS: ArcTan 0000C001 r3
mGBA log: PASS: ArcTan 0000C001 cpsr
mGBA log: Math test: ArcTan 0000FFFF
mGBA log: PASS: ArcTan 0000FFFF r0
mGBA log: PASS: ArcTan 0000FFFF r1
mGBA log: PASS: ArcTan 0000FFFF r2
mGBA log: PASS: ArcTan 0000FFFF r3
mGBA log: PASS: ArcTan 0000FFFF cpsr
mGBA log: Math test: ArcTan FFFF0000
mGBA log: PASS: ArcTan FFFF0000 r0
mGBA log: PASS: ArcTan FFFF0000 r1
mGBA log: PASS: ArcTan FFFF0000 r2
mGBA log: PASS: ArcTan FFFF0000 r3
mGBA log: PASS: ArcTan FFFF0000 cpsr
mGBA log: Math test: ArcTan FFFF0001
mGBA log: PASS: ArcTan FFFF0001 r0
mGBA log: PASS: ArcTan FFFF0001 r1
mGBA log: PASS: ArcTan FFFF0001 r2
mGBA log: PASS: ArcTan FFFF0001 r3
mGBA log: PASS: ArcTan FFFF0001 cpsr
mGBA log: Math test: ArcTan FFFF3FFF
mGBA log: PASS: ArcTan FFFF3FFF r0
mGBA log: PASS: ArcTan FFFF3FFF r1
mGBA log: PASS: ArcTan FFFF3FFF r2
mGBA log: PASS: ArcTan FFFF3FFF r3
mGBA log: PASS: ArcTan FFFF3FFF cpsr
mGBA log: Math test: ArcTan FFFF4000
mGBA log: PASS: ArcTan FFFF4000 r0
mGBA log: PASS: ArcTan FFFF4000 r1
mGBA log: PASS: ArcTan FFFF4000 r2
mGBA log: PASS: ArcTan FFFF4000 r3
mGBA log: PASS: ArcTan FFFF4000 cpsr
mGBA log: Math test: ArcTan FFFF4001
mGBA log: PASS: ArcTan FFFF4001 r0
mGBA log: PASS: ArcTan FFFF4001 r1
mGBA log: PASS: ArcTan FFFF4001 r2
mGBA log: PASS: ArcTan FFFF4001 r3
mGBA log: PASS: ArcTan FFFF4001 cpsr
mGBA log: Math test: ArcTan FFFF7FFF
mGBA log: PASS: ArcTan FFFF7FFF r0
mGBA log: PASS: ArcTan FFFF7FFF r1
mGBA log: PASS: ArcTan FFFF7FFF r2
mGBA log: PASS: ArcTan FFFF7FFF r3
mGBA log: PASS: ArcTan FFFF7FFF cpsr
mGBA log: Math test: ArcTan FFFF8000
mGBA log: PASS: ArcTan FFFF8000 r0
mGBA log: PASS: ArcTan FFFF8000 r1
mGBA log: PASS: ArcTan FFFF8000 r2
mGBA log: PASS: ArcTan FFFF8000 r3
mGBA log: PASS: ArcTan FFFF8000 cpsr
mGBA log: Math test: ArcTan FFFF8001
mGBA log: PASS: ArcTan FFFF8001 r0
mGBA log: PASS: ArcTan FFFF8001 r1
mGBA log: PASS: ArcTan FFFF8001 r2
mGBA log: PASS: ArcTan FFFF8001 r3
mGBA log: PASS: ArcTan FFFF8001 cpsr
mGBA log: Math test: ArcTan FFFFBFFF
mGBA log: PASS: ArcTan FFFFBFFF r0
mGBA log: PASS: ArcTan FFFFBFFF r1
mGBA log: PASS: ArcTan FFFFBFFF r2
mGBA log: PASS: ArcTan FFFFBFFF r3
mGBA log: PASS: ArcTan FFFFBFFF cpsr
mGBA log: Math test: ArcTan FFFFC000
mGBA log: PASS: ArcTan FFFFC000 r0
mGBA log: PASS: ArcTan FFFFC000 r1
mGBA log: PASS: ArcTan FFFFC000 r2
mGBA log: PASS: ArcTan FFFFC000 r3
mGBA log: PASS: ArcTan FFFFC000 cpsr
mGBA log: Math test: ArcTan FFFFC001
mGBA log: PASS: ArcTan FFFFC001 r0
mGBA log: PASS: ArcTan FFFFC001 r1
mGBA log: PASS: ArcTan FFFFC001 r2
mGBA log: PASS: ArcTan FFFFC001 r3
mGBA log: PASS: ArcTan FFFFC001 cpsr
mGBA log: Math test: ArcTan FFFFFFFF
mGBA log: PASS: ArcTan FFFFFFFF r0
mGBA log: PASS: ArcTan FFFFFFFF r1
mGBA log: PASS: ArcTan FFFFFFFF r2
mGBA log: PASS: ArcTan FFFFFFFF r3
mGBA log: PASS: ArcTan FFFFFFFF cpsr
mGBA log: Math test: ArcTan2 00000000,00000000
mGBA log: PASS: ArcTan2 00000000,00000000 r0
mGBA log: PASS: ArcTan2 00000000,00000000 r1
mGBA log: PASS: ArcTan2 00000000,00000000 r2
mGBA log: PASS: ArcTan2 00000000,00000000 r3
mGBA log: PASS: ArcTan2 00000000,00000000 cpsr
mGBA log: Math test: ArcTan2 00000001,00000000
mGBA log: PASS: ArcTan2 00000001,00000000 r0
mGBA log: PASS: ArcTan2 00000001,00000000 r1
mGBA log: PASS: ArcTan2 00000001,00000000 r2
mGBA log: PASS: ArcTan2 00000001,00000000 r3
mGBA log: PASS: ArcTan2 00000001,00000000 cpsr
mGBA log: Math test: ArcTan2 00003FFF,00000000
mGBA log: PASS: ArcTan2 00003FFF,00000000 r0
mGBA log: PASS: ArcTan2 00003FFF,00000000 r1
mGBA log: PASS: ArcTan2 00003FFF,00000000 r2
mGBA log: PASS: ArcTan2 00003FFF,00000000 r3
mGBA log: PASS: ArcTan2 00003FFF,00000000 cpsr
mGBA log: Math test: ArcTan2 00004000,00000000
mGBA log: PASS: ArcTan2 00004000,00000000 r0
mGBA log: PASS: ArcTan2 00004000,00000000 r1
mGBA log: PASS: ArcTan2 00004000,00000000 r2
mGBA log: PASS: ArcTan2 00004000,00000000 r3
mGBA log: PASS: ArcTan2 00004000,00000000 cpsr
mGBA log: Math test: ArcTan2 00004001,00000000
mGBA log: PASS: ArcTan2 00004001,00000000 r0
mGBA log: PASS: ArcTan2 00004001,00000000 r1
mGBA log: PASS: ArcTan2 00004001,00000000 r2
mGBA log: PASS: ArcTan2 00004001,00000000 r3
mGBA log: PASS: ArcTan2 00004001,00000000 cpsr
mGBA log: Math test: ArcTan2 00007FFF,00000000
mGBA log: PASS: ArcTan2 00007FFF,00000000 r0
mGBA log: PASS: ArcTan2 00007FFF,00000000 r1
mGBA log: PASS: ArcTan2 00007FFF,00000000 r2
mGBA log: PASS: ArcTan2 00007FFF,00000000 r3
mGBA log: PASS: ArcTan2 00007FFF,00000000 cpsr
mGBA log: Math test: ArcTan2 00008000,00000000
mGBA log: PASS: ArcTan2 00008000,00000000 r0
mGBA log: PASS: ArcTan2 00008000,00000000 r1
mGBA log: PASS: ArcTan2 00008000,00000000 r2
mGBA log: PASS: ArcTan2 00008000,00000000 r3
mGBA log: PASS: ArcTan2 00008000,00000000 cpsr
mGBA log: Math test: ArcTan2 00008001,00000000
mGBA log: PASS: ArcTan2 00008001,00000000 r0
mGBA log: PASS: ArcTan2 00008001,00000000 r1
mGBA log: PASS: ArcTan2 00008001,00000000 r2
mGBA log: PASS: ArcTan2 00008001,00000000 r3
mGBA log: PASS: ArcTan2 00008001,00000000 cpsr
mGBA log: Math test: ArcTan2 0000BFFF,00000000
mGBA log: PASS: ArcTan2 0000BFFF,00000000 r0
mGBA log: PASS: ArcTan2 0000BFFF,00000000 r1
mGBA log: PASS: ArcTan2 0000BFFF,00000000 r2
mGBA log: PASS: ArcTan2 0000BFFF,00000000 r3
mGBA log: PASS: ArcTan2 0000BFFF,00000000 cpsr
mGBA log: Math test: ArcTan2 0000C000,00000000
mGBA log: PASS: ArcTan2 0000C000,00000000 r0
mGBA log: PASS: ArcTan2 0000C000,00000000 r1
mGBA log: PASS: ArcTan2 0000C000,00000000 r2
mGBA log: PASS: ArcTan2 0000C000,00000000 r3
mGBA log: PASS: ArcTan2 0000C000,00000000 cpsr
mGBA log: Math test: ArcTan2 0000C001,00000000
mGBA log: PASS: ArcTan2 0000C001,00000000 r0
mGBA log: PASS: ArcTan2 0000C001,00000000 r1
mGBA log: PASS: ArcTan2 0000C001,00000000 r2
mGBA log: PASS: ArcTan2 0000C001,00000000 r3
mGBA log: PASS: ArcTan2 0000C001,00000000 cpsr
mGBA log: Math test: ArcTan2 0000FFFF,00000000
mGBA log: PASS: ArcTan2 0000FFFF,00000000 r0
mGBA log: PASS: ArcTan2 0000FFFF,00000000 r1
mGBA log: PASS: ArcTan2 0000FFFF,00000000 r2
mGBA log: PASS: ArcTan2 0000FFFF,00000000 r3
mGBA log: PASS: ArcTan2 0000FFFF,00000000 cpsr
mGBA log: Math test: ArcTan2 FFFF0000,00000000
mGBA log: PASS: ArcTan2 FFFF0000,00000000 r0
mGBA log: PASS: ArcTan2 FFFF0000,00000000 r1
mGBA log: PASS: ArcTan2 FFFF0000,00000000 r2
mGBA log: PASS: ArcTan2 FFFF0000,00000000 r3
mGBA log: PASS: ArcTan2 FFFF0000,00000000 cpsr
mGBA log: Math test: ArcTan2 FFFF0001,00000000
mGBA log: PASS: ArcTan2 FFFF0001,00000000 r0
mGBA log: PASS: ArcTan2 FFFF0001,00000000 r1
mGBA log: PASS: ArcTan2 FFFF0001,00000000 r2
mGBA log: PASS: ArcTan2 FFFF0001,00000000 r3
mGBA log: PASS: ArcTan2 FFFF0001,00000000 cpsr
mGBA log: Math test: ArcTan2 FFFF3FFF,00000000
mGBA log: PASS: ArcTan2 FFFF3FFF,00000000 r0
mGBA log: PASS: ArcTan2 FFFF3FFF,00000000 r1
mGBA log: PASS: ArcTan2 FFFF3FFF,00000000 r2
mGBA log: PASS: ArcTan2 FFFF3FFF,00000000 r3
mGBA log: PASS: ArcTan2 FFFF3FFF,00000000 cpsr
mGBA log: Math test: ArcTan2 FFFF4000,00000000
mGBA log: PASS: ArcTan2 FFFF4000,00000000 r0
mGBA log: PASS: ArcTan2 FFFF4000,00000000 r1
mGBA log: PASS: ArcTan2 FFFF4000,00000000 r2
mGBA log: PASS: ArcTan2 FFFF4000,00000000 r3
mGBA log: PASS: ArcTan2 FFFF4000,00000000 cpsr
mGBA log: Math test: ArcTan2 FFFF4001,00000000
mGBA log: PASS: ArcTan2 FFFF4001,00000000 r0
mGBA log: PASS: ArcTan2 FFFF4001,00000000 r1
mGBA log: PASS: ArcTan2 FFFF4001,00000000 r2
mGBA log: PASS: ArcTan2 FFFF4001,00000000 r3
mGBA log: PASS: ArcTan2 FFFF4001,00000000 cpsr
mGBA log: Math test: ArcTan2 FFFF7FFF,00000000
mGBA log: PASS: ArcTan2 FFFF7FFF,00000000 r0
mGBA log: PASS: ArcTan2 FFFF7FFF,00000000 r1
mGBA log: PASS: ArcTan2 FFFF7FFF,00000000 r2
mGBA log: PASS: ArcTan2 FFFF7FFF,00000000 r3
mGBA log: PASS: ArcTan2 FFFF7FFF,00000000 cpsr
mGBA log: Math test: ArcTan2 FFFF8000,00000000
mGBA log: PASS: ArcTan2 FFFF8000,00000000 r0
mGBA log: PASS: ArcTan2 FFFF8000,00000000 r1
mGBA log: PASS: ArcTan2 FFFF8000,00000000 r2
mGBA log: PASS: ArcTan2 FFFF8000,00000000 r3
mGBA log: PASS: ArcTan2 FFFF8000,00000000 cpsr
mGBA log: Math test: ArcTan2 FFFF8001,00000000
mGBA log: PASS: ArcTan2 FFFF8001,00000000 r0
mGBA log: PASS: ArcTan2 FFFF8001,00000000 r1
mGBA log: PASS: ArcTan2 FFFF8001,00000000 r2
mGBA log: PASS: ArcTan2 FFFF8001,00000000 r3
mGBA log: PASS: ArcTan2 FFFF8001,00000000 cpsr
mGBA log: Math test: ArcTan2 FFFFBFFF,00000000
mGBA log: PASS: ArcTan2 FFFFBFFF,00000000 r0
mGBA log: PASS: ArcTan2 FFFFBFFF,00000000 r1
mGBA log: PASS: ArcTan2 FFFFBFFF,00000000 r2
mGBA log: PASS: ArcTan2 FFFFBFFF,00000000 r3
mGBA log: PASS: ArcTan2 FFFFBFFF,00000000 cpsr
mGBA log: Math test: ArcTan2 FFFFC000,00000000
mGBA log: PASS: ArcTan2 FFFFC000,00000000 r0
mGBA log: PASS: ArcTan2 FFFFC000,00000000 r1
mGBA log: PASS: ArcTan2 FFFFC000,00000000 r2
mGBA log: PASS: ArcTan2 FFFFC000,00000000 r3
mGBA log: PASS: ArcTan2 FFFFC000,00000000 cpsr
mGBA log: Math test: ArcTan2 FFFFC001,00000000
mGBA log: PASS: ArcTan2 FFFFC001,00000000 r0
mGBA log: PASS: ArcTan2 FFFFC001,00000000 r1
mGBA log: PASS: ArcTan2 FFFFC001,00000000 r2
mGBA log: PASS: ArcTan2 FFFFC001,00000000 r3
mGBA log: PASS: ArcTan2 FFFFC001,00000000 cpsr
mGBA log: Math test: ArcTan2 FFFFFFFF,00000000
mGBA log: PASS: ArcTan2 FFFFFFFF,00000000 r0
mGBA log: PASS: ArcTan2 FFFFFFFF,00000000 r1
mGBA log: PASS: ArcTan2 FFFFFFFF,00000000 r2
mGBA log: PASS: ArcTan2 FFFFFFFF,00000000 r3
mGBA log: PASS: ArcTan2 FFFFFFFF,00000000 cpsr
mGBA log: Math test: ArcTan2 00000000,00000001
mGBA log: PASS: ArcTan2 00000000,00000001 r0
mGBA log: PASS: ArcTan2 00000000,00000001 r1
mGBA log: PASS: ArcTan2 00000000,00000001 r2
mGBA log: PASS: ArcTan2 00000000,00000001 r3
mGBA log: PASS: ArcTan2 00000000,00000001 cpsr
mGBA log: Math test: ArcTan2 00000001,00000001
mGBA log: PASS: ArcTan2 00000001,00000001 r0
mGBA log: PASS: ArcTan2 00000001,00000001 r1
mGBA log: PASS: ArcTan2 00000001,00000001 r2
mGBA log: PASS: ArcTan2 00000001,00000001 r3
mGBA log: PASS: ArcTan2 00000001,00000001 cpsr
mGBA log: Math test: ArcTan2 00004000,00000001
mGBA log: PASS: ArcTan2 00004000,00000001 r0
mGBA log: PASS: ArcTan2 00004000,00000001 r1
mGBA log: PASS: ArcTan2 00004000,00000001 r2
mGBA log: PASS: ArcTan2 00004000,00000001 r3
mGBA log: PASS: ArcTan2 00004000,00000001 cpsr
mGBA log: Math test: ArcTan2 00008000,00000001
mGBA log: PASS: ArcTan2 00008000,00000001 r0
mGBA log: PASS: ArcTan2 00008000,00000001 r1
mGBA log: PASS: ArcTan2 00008000,00000001 r2
mGBA log: PASS: ArcTan2 00008000,00000001 r3
mGBA log: PASS: ArcTan2 00008000,00000001 cpsr
mGBA log: Math test: ArcTan2 0000C000,00000001
mGBA log: PASS: ArcTan2 0000C000,00000001 r0
mGBA log: PASS: ArcTan2 0000C000,00000001 r1
mGBA log: PASS: ArcTan2 0000C000,00000001 r2
mGBA log: PASS: ArcTan2 0000C000,00000001 r3
mGBA log: PASS: ArcTan2 0000C000,00000001 cpsr
mGBA log: Math test: ArcTan2 0000FFFF,00000001
mGBA log: PASS: ArcTan2 0000FFFF,00000001 r0
mGBA log: PASS: ArcTan2 0000FFFF,00000001 r1
mGBA log: PASS: ArcTan2 0000FFFF,00000001 r2
mGBA log: PASS: ArcTan2 0000FFFF,00000001 r3
mGBA log: PASS: ArcTan2 0000FFFF,00000001 cpsr
mGBA log: Math test: ArcTan2 FFFF0000,00000001
mGBA log: PASS: ArcTan2 FFFF0000,00000001 r0
mGBA log: PASS: ArcTan2 FFFF0000,00000001 r1
mGBA log: PASS: ArcTan2 FFFF0000,00000001 r2
mGBA log: PASS: ArcTan2 FFFF0000,00000001 r3
mGBA log: PASS: ArcTan2 FFFF0000,00000001 cpsr
mGBA log: Math test: ArcTan2 FFFF4000,00000001
mGBA log: PASS: ArcTan2 FFFF4000,00000001 r0
mGBA log: PASS: ArcTan2 FFFF4000,00000001 r1
mGBA log: PASS: ArcTan2 FFFF4000,00000001 r2
mGBA log: PASS: ArcTan2 FFFF4000,00000001 r3
mGBA log: PASS: ArcTan2 FFFF4000,00000001 cpsr
mGBA log: Math test: ArcTan2 FFFF8000,00000001
mGBA log: PASS: ArcTan2 FFFF8000,00000001 r0
mGBA log: PASS: ArcTan2 FFFF8000,00000001 r1
mGBA log: PASS: ArcTan2 FFFF8000,00000001 r2
mGBA log: PASS: ArcTan2 FFFF8000,00000001 r3
mGBA log: PASS: ArcTan2 FFFF8000,00000001 cpsr
mGBA log: Math test: ArcTan2 FFFFC000,00000001
mGBA log: PASS: ArcTan2 FFFFC000,00000001 r0
mGBA log: PASS: ArcTan2 FFFFC000,00000001 r1
mGBA log: PASS: ArcTan2 FFFFC000,00000001 r2
mGBA log: PASS: ArcTan2 FFFFC000,00000001 r3
mGBA log: PASS: ArcTan2 FFFFC000,00000001 cpsr
mGBA log: Math test: ArcTan2 FFFFFFFF,00000001
mGBA log: PASS: ArcTan2 FFFFFFFF,00000001 r0
mGBA log: PASS: ArcTan2 FFFFFFFF,00000001 r1
mGBA log: PASS: ArcTan2 FFFFFFFF,00000001 r2
mGBA log: PASS: ArcTan2 FFFFFFFF,00000001 r3
mGBA log: PASS: ArcTan2 FFFFFFFF,00000001 cpsr
mGBA log: Math test: ArcTan2 00000000,00004000
mGBA log: PASS: ArcTan2 00000000,00004000 r0
mGBA log: PASS: ArcTan2 00000000,00004000 r1
mGBA log: PASS: ArcTan2 00000000,00004000 r2
mGBA log: PASS: ArcTan2 00000000,00004000 r3
mGBA log: PASS: ArcTan2 00000000,00004000 cpsr
mGBA log: Math test: ArcTan2 00000001,00004000
mGBA log: PASS: ArcTan2 00000001,00004000 r0
mGBA log: PASS: ArcTan2 00000001,00004000 r1
mGBA log: PASS: ArcTan2 00000001,00004000 r2
mGBA log: PASS: ArcTan2 00000001,00004000 r3
mGBA log: PASS: ArcTan2 00000001,00004000 cpsr
mGBA log: Math test: ArcTan2 00004000,00004000
mGBA log: PASS: ArcTan2 00004000,00004000 r0
mGBA log: PASS: ArcTan2 00004000,00004000 r1
mGBA log: PASS: ArcTan2 00004000,00004000 r2
mGBA log: PASS: ArcTan2 00004000,00004000 r3
mGBA log: PASS: ArcTan2 00004000,00004000 cpsr
mGBA log: Math test: ArcTan2 00008000,00004000
mGBA log: PASS: ArcTan2 00008000,00004000 r0
mGBA log: PASS: ArcTan2 00008000,00004000 r1
mGBA log: PASS: ArcTan2 00008000,00004000 r2
mGBA log: PASS: ArcTan2 00008000,00004000 r3
mGBA log: PASS: ArcTan2 00008000,00004000 cpsr
mGBA log: Math test: ArcTan2 0000C000,00004000
mGBA log: PASS: ArcTan2 0000C000,00004000 r0
mGBA log: PASS: ArcTan2 0000C000,00004000 r1
mGBA log: PASS: ArcTan2 0000C000,00004000 r2
mGBA log: PASS: ArcTan2 0000C000,00004000 r3
mGBA log: PASS: ArcTan2 0000C000,00004000 cpsr
mGBA log: Math test: ArcTan2 0000FFFF,00004000
mGBA log: PASS: ArcTan2 0000FFFF,00004000 r0
mGBA log: PASS: ArcTan2 0000FFFF,00004000 r1
mGBA log: PASS: ArcTan2 0000FFFF,00004000 r2
mGBA log: PASS: ArcTan2 0000FFFF,00004000 r3
mGBA log: PASS: ArcTan2 0000FFFF,00004000 cpsr
mGBA log: Math test: ArcTan2 FFFF0000,00004000
mGBA log: PASS: ArcTan2 FFFF0000,00004000 r0
mGBA log: PASS: ArcTan2 FFFF0000,00004000 r1
mGBA log: PASS: ArcTan2 FFFF0000,00004000 r2
mGBA log: PASS: ArcTan2 FFFF0000,00004000 r3
mGBA log: PASS: ArcTan2 FFFF0000,00004000 cpsr
mGBA log: Math test: ArcTan2 FFFF0001,00004000
mGBA log: PASS: ArcTan2 FFFF0001,00004000 r0
mGBA log: PASS: ArcTan2 FFFF0001,00004000 r1
mGBA log: PASS: ArcTan2 FFFF0001,00004000 r2
mGBA log: PASS: ArcTan2 FFFF0001,00004000 r3
mGBA log: PASS: ArcTan2 FFFF0001,00004000 cpsr
mGBA log: Math test: ArcTan2 FFFF4000,00004000
mGBA log: PASS: ArcTan2 FFFF4000,00004000 r0
mGBA log: PASS: ArcTan2 FFFF4000,00004000 r1
mGBA log: PASS: ArcTan2 FFFF4000,00004000 r2
mGBA log: PASS: ArcTan2 FFFF4000,00004000 r3
mGBA log: PASS: ArcTan2 FFFF4000,00004000 cpsr
mGBA log: Math test: ArcTan2 FFFF8000,00004000
mGBA log: PASS: ArcTan2 FFFF8000,00004000 r0
mGBA log: PASS: ArcTan2 FFFF8000,00004000 r1
mGBA log: PASS: ArcTan2 FFFF8000,00004000 r2
mGBA log: PASS: ArcTan2 FFFF8000,00004000 r3
mGBA log: PASS: ArcTan2 FFFF8000,00004000 cpsr
mGBA log: Math test: ArcTan2 FFFFC000,00004000
mGBA log: PASS: ArcTan2 FFFFC000,00004000 r0
mGBA log: PASS: ArcTan2 FFFFC000,00004000 r1
mGBA log: PASS: ArcTan2 FFFFC000,00004000 r2
mGBA log: PASS: ArcTan2 FFFFC000,00004000 r3
mGBA log: PASS: ArcTan2 FFFFC000,00004000 cpsr
mGBA log: Math test: ArcTan2 FFFFFFFF,00004000
mGBA log: PASS: ArcTan2 FFFFFFFF,00004000 r0
mGBA log: PASS: ArcTan2 FFFFFFFF,00004000 r1
mGBA log: PASS: ArcTan2 FFFFFFFF,00004000 r2
mGBA log: PASS: ArcTan2 FFFFFFFF,00004000 r3
mGBA log: PASS: ArcTan2 FFFFFFFF,00004000 cpsr
mGBA log: Math test: ArcTan2 00000000,00008000
mGBA log: PASS: ArcTan2 00000000,00008000 r0
mGBA log: PASS: ArcTan2 00000000,00008000 r1
mGBA log: PASS: ArcTan2 00000000,00008000 r2
mGBA log: PASS: ArcTan2 00000000,00008000 r3
mGBA log: PASS: ArcTan2 00000000,00008000 cpsr
mGBA log: Math test: ArcTan2 00000001,00008000
mGBA log: PASS: ArcTan2 00000001,00008000 r0
mGBA log: PASS: ArcTan2 00000001,00008000 r1
mGBA log: PASS: ArcTan2 00000001,00008000 r2
mGBA log: PASS: ArcTan2 00000001,00008000 r3
mGBA log: PASS: ArcTan2 00000001,00008000 cpsr
mGBA log: Math test: ArcTan2 00004000,00008000
mGBA log: PASS: ArcTan2 00004000,00008000 r0
mGBA log: PASS: ArcTan2 00004000,00008000 r1
mGBA log: PASS: ArcTan2 00004000,00008000 r2
mGBA log: PASS: ArcTan2 00004000,00008000 r3
mGBA log: PASS: ArcTan2 00004000,00008000 cpsr
mGBA log: Math test: ArcTan2 00008000,00008000
mGBA log: PASS: ArcTan2 00008000,00008000 r0
mGBA log: PASS: ArcTan2 00008000,00008000 r1
mGBA log: PASS: ArcTan2 00008000,00008000 r2
mGBA log: PASS: ArcTan2 00008000,00008000 r3
mGBA log: PASS: ArcTan2 00008000,00008000 cpsr
mGBA log: Math test: ArcTan2 0000C000,00008000
mGBA log: PASS: ArcTan2 0000C000,00008000 r0
mGBA log: PASS: ArcTan2 0000C000,00008000 r1
mGBA log: PASS: ArcTan2 0000C000,00008000 r2
mGBA log: PASS: ArcTan2 0000C000,00008000 r3
mGBA log: PASS: ArcTan2 0000C000,00008000 cpsr
mGBA log: Math test: ArcTan2 0000FFFF,00008000
mGBA log: PASS: ArcTan2 0000FFFF,00008000 r0
mGBA log: PASS: ArcTan2 0000FFFF,00008000 r1
mGBA log: PASS: ArcTan2 0000FFFF,00008000 r2
mGBA log: PASS: ArcTan2 0000FFFF,00008000 r3
mGBA log: PASS: ArcTan2 0000FFFF,00008000 cpsr
mGBA log: Math test: ArcTan2 FFFF0000,00008000
mGBA log: PASS: ArcTan2 FFFF0000,00008000 r0
mGBA log: PASS: ArcTan2 FFFF0000,00008000 r1
mGBA log: PASS: ArcTan2 FFFF0000,00008000 r2
mGBA log: PASS: ArcTan2 FFFF0000,00008000 r3
mGBA log: PASS: ArcTan2 FFFF0000,00008000 cpsr
mGBA log: Math test: ArcTan2 FFFF0001,00008000
mGBA log: PASS: ArcTan2 FFFF0001,00008000 r0
mGBA log: PASS: ArcTan2 FFFF0001,00008000 r1
mGBA log: PASS: ArcTan2 FFFF0001,00008000 r2
mGBA log: PASS: ArcTan2 FFFF0001,00008000 r3
mGBA log: PASS: ArcTan2 FFFF0001,00008000 cpsr
mGBA log: Math test: ArcTan2 FFFF4000,00008000
mGBA log: PASS: ArcTan2 FFFF4000,00008000 r0
mGBA log: PASS: ArcTan2 FFFF4000,00008000 r1
mGBA log: PASS: ArcTan2 FFFF4000,00008000 r2
mGBA log: PASS: ArcTan2 FFFF4000,00008000 r3
mGBA log: PASS: ArcTan2 FFFF4000,00008000 cpsr
mGBA log: Math test: ArcTan2 FFFF8000,00008000
mGBA log: PASS: ArcTan2 FFFF8000,00008000 r0
mGBA log: PASS: ArcTan2 FFFF8000,00008000 r1
mGBA log: PASS: ArcTan2 FFFF8000,00008000 r2
mGBA log: PASS: ArcTan2 FFFF8000,00008000 r3
mGBA log: PASS: ArcTan2 FFFF8000,00008000 cpsr
mGBA log: Math test: ArcTan2 FFFFC000,00008000
mGBA log: PASS: ArcTan2 FFFFC000,00008000 r0
mGBA log: PASS: ArcTan2 FFFFC000,00008000 r1
mGBA log: PASS: ArcTan2 FFFFC000,00008000 r2
mGBA log: PASS: ArcTan2 FFFFC000,00008000 r3
mGBA log: PASS: ArcTan2 FFFFC000,00008000 cpsr
mGBA log: Math test: ArcTan2 FFFFFFFF,00008000
mGBA log: PASS: ArcTan2 FFFFFFFF,00008000 r0
mGBA log: PASS: ArcTan2 FFFFFFFF,00008000 r1
mGBA log: PASS: ArcTan2 FFFFFFFF,00008000 r2
mGBA log: PASS: ArcTan2 FFFFFFFF,00008000 r3
mGBA log: PASS: ArcTan2 FFFFFFFF,00008000 cpsr
mGBA log: Math test: ArcTan2 00000000,0000C000
mGBA log: PASS: ArcTan2 00000000,0000C000 r0
mGBA log: PASS: ArcTan2 00000000,0000C000 r1
mGBA log: PASS: ArcTan2 00000000,0000C000 r2
mGBA log: PASS: ArcTan2 00000000,0000C000 r3
mGBA log: PASS: ArcTan2 00000000,0000C000 cpsr
mGBA log: Math test: ArcTan2 00000001,0000C000
mGBA log: PASS: ArcTan2 00000001,0000C000 r0
mGBA log: PASS: ArcTan2 00000001,0000C000 r1
mGBA log: PASS: ArcTan2 00000001,0000C000 r2
mGBA log: PASS: ArcTan2 00000001,0000C000 r3
mGBA log: PASS: ArcTan2 00000001,0000C000 cpsr
mGBA log: Math test: ArcTan2 00004000,0000C000
mGBA log: PASS: ArcTan2 00004000,0000C000 r0
mGBA log: PASS: ArcTan2 00004000,0000C000 r1
mGBA log: PASS: ArcTan2 00004000,0000C000 r2
mGBA log: PASS: ArcTan2 00004000,0000C000 r3
mGBA log: PASS: ArcTan2 00004000,0000C000 cpsr
mGBA log: Math test: ArcTan2 00008000,0000C000
mGBA log: PASS: ArcTan2 00008000,0000C000 r0
mGBA log: PASS: ArcTan2 00008000,0000C000 r1
mGBA log: PASS: ArcTan2 00008000,0000C000 r2
mGBA log: PASS: ArcTan2 00008000,0000C000 r3
mGBA log: PASS: ArcTan2 00008000,0000C000 cpsr
mGBA log: Math test: ArcTan2 0000C000,0000C000
mGBA log: PASS: ArcTan2 0000C000,0000C000 r0
mGBA log: PASS: ArcTan2 0000C000,0000C000 r1
mGBA log: PASS: ArcTan2 0000C000,0000C000 r2
mGBA log: PASS: ArcTan2 0000C000,0000C000 r3
mGBA log: PASS: ArcTan2 0000C000,0000C000 cpsr
mGBA log: Math test: ArcTan2 0000FFFF,0000C000
mGBA log: PASS: ArcTan2 0000FFFF,0000C000 r0
mGBA log: PASS: ArcTan2 0000FFFF,0000C000 r1
mGBA log: PASS: ArcTan2 0000FFFF,0000C000 r2
mGBA log: PASS: ArcTan2 0000FFFF,0000C000 r3
mGBA log: PASS: ArcTan2 0000FFFF,0000C000 cpsr
mGBA log: Math test: ArcTan2 FFFF0000,0000C000
mGBA log: PASS: ArcTan2 FFFF0000,0000C000 r0
mGBA log: PASS: ArcTan2 FFFF0000,0000C000 r1
mGBA log: PASS: ArcTan2 FFFF0000,0000C000 r2
mGBA log: PASS: ArcTan2 FFFF0000,0000C000 r3
mGBA log: PASS: ArcTan2 FFFF0000,0000C000 cpsr
mGBA log: Math test: ArcTan2 FFFF0001,0000C000
mGBA log: PASS: ArcTan2 FFFF0001,0000C000 r0
mGBA log: PASS: ArcTan2 FFFF0001,0000C000 r1
mGBA log: PASS: ArcTan2 FFFF0001,0000C000 r2
mGBA log: PASS: ArcTan2 FFFF0001,0000C000 r3
mGBA log: PASS: ArcTan2 FFFF0001,0000C000 cpsr
mGBA log: Math test: ArcTan2 FFFF4000,0000C000
mGBA log: PASS: ArcTan2 FFFF4000,0000C000 r0
mGBA log: PASS: ArcTan2 FFFF4000,0000C000 r1
mGBA log: PASS: ArcTan2 FFFF4000,0000C000 r2
mGBA log: PASS: ArcTan2 FFFF4000,0000C000 r3
mGBA log: PASS: ArcTan2 FFFF4000,0000C000 cpsr
mGBA log: Math test: ArcTan2 FFFF8000,0000C000
mGBA log: PASS: ArcTan2 FFFF8000,0000C000 r0
mGBA log: PASS: ArcTan2 FFFF8000,0000C000 r1
mGBA log: PASS: ArcTan2 FFFF8000,0000C000 r2
mGBA log: PASS: ArcTan2 FFFF8000,0000C000 r3
mGBA log: PASS: ArcTan2 FFFF8000,0000C000 cpsr
mGBA log: Math test: ArcTan2 FFFFC000,0000C000
mGBA log: PASS: ArcTan2 FFFFC000,0000C000 r0
mGBA log: PASS: ArcTan2 FFFFC000,0000C000 r1
mGBA log: PASS: ArcTan2 FFFFC000,0000C000 r2
mGBA log: PASS: ArcTan2 FFFFC000,0000C000 r3
mGBA log: PASS: ArcTan2 FFFFC000,0000C000 cpsr
mGBA log: Math test: ArcTan2 FFFFFFFF,0000C000
mGBA log: PASS: ArcTan2 FFFFFFFF,0000C000 r0
mGBA log: PASS: ArcTan2 FFFFFFFF,0000C000 r1
mGBA log: PASS: ArcTan2 FFFFFFFF,0000C000 r2
mGBA log: PASS: ArcTan2 FFFFFFFF,0000C000 r3
mGBA log: PASS: ArcTan2 FFFFFFFF,0000C000 cpsr
mGBA log: Math test: ArcTan2 00000000,00010000
mGBA log: PASS: ArcTan2 00000000,00010000 r0
mGBA log: PASS: ArcTan2 00000000,00010000 r1
mGBA log: PASS: ArcTan2 00000000,00010000 r2
mGBA log: PASS: ArcTan2 00000000,00010000 r3
mGBA log: PASS: ArcTan2 00000000,00010000 cpsr
mGBA log: Math test: ArcTan2 00000001,00010000
mGBA log: PASS: ArcTan2 00000001,00010000 r0
mGBA log: PASS: ArcTan2 00000001,00010000 r1
mGBA log: PASS: ArcTan2 00000001,00010000 r2
mGBA log: PASS: ArcTan2 00000001,00010000 r3
mGBA log: PASS: ArcTan2 00000001,00010000 cpsr
mGBA log: Math test: ArcTan2 00004000,00010000
mGBA log: PASS: ArcTan2 00004000,00010000 r0
mGBA log: PASS: ArcTan2 00004000,00010000 r1
mGBA log: PASS: ArcTan2 00004000,00010000 r2
mGBA log: PASS: ArcTan2 00004000,00010000 r3
mGBA log: PASS: ArcTan2 00004000,00010000 cpsr
mGBA log: Math test: ArcTan2 00008000,00010000
mGBA log: PASS: ArcTan2 00008000,00010000 r0
mGBA log: PASS: ArcTan2 00008000,00010000 r1
mGBA log: PASS: ArcTan2 00008000,00010000 r2
mGBA log: PASS: ArcTan2 00008000,00010000 r3
mGBA log: PASS: ArcTan2 00008000,00010000 cpsr
mGBA log: Math test: ArcTan2 0000C000,00010000
mGBA log: PASS: ArcTan2 0000C000,00010000 r0
mGBA log: PASS: ArcTan2 0000C000,00010000 r1
mGBA log: PASS: ArcTan2 0000C000,00010000 r2
mGBA log: PASS: ArcTan2 0000C000,00010000 r3
mGBA log: PASS: ArcTan2 0000C000,00010000 cpsr
mGBA log: Math test: ArcTan2 0000FFFF,00010000
mGBA log: PASS: ArcTan2 0000FFFF,00010000 r0
mGBA log: PASS: ArcTan2 0000FFFF,00010000 r1
mGBA log: PASS: ArcTan2 0000FFFF,00010000 r2
mGBA log: PASS: ArcTan2 0000FFFF,00010000 r3
mGBA log: PASS: ArcTan2 0000FFFF,00010000 cpsr
mGBA log: Math test: ArcTan2 FFFF0000,00010000
mGBA log: PASS: ArcTan2 FFFF0000,00010000 r0
mGBA log: PASS: ArcTan2 FFFF0000,00010000 r1
mGBA log: PASS: ArcTan2 FFFF0000,00010000 r2
mGBA log: PASS: ArcTan2 FFFF0000,00010000 r3
mGBA log: PASS: ArcTan2 FFFF0000,00010000 cpsr
mGBA log: Math test: ArcTan2 FFFF0001,00010000
mGBA log: PASS: ArcTan2 FFFF0001,00010000 r0
mGBA log: PASS: ArcTan2 FFFF0001,00010000 r1
mGBA log: PASS: ArcTan2 FFFF0001,00010000 r2
mGBA log: PASS: ArcTan2 FFFF0001,00010000 r3
mGBA log: PASS: ArcTan2 FFFF0001,00010000 cpsr
mGBA log: Math test: ArcTan2 FFFF4000,00010000
mGBA log: PASS: ArcTan2 FFFF4000,00010000 r0
mGBA log: PASS: ArcTan2 FFFF4000,00010000 r1
mGBA log: PASS: ArcTan2 FFFF4000,00010000 r2
mGBA log: PASS: ArcTan2 FFFF4000,00010000 r3
mGBA log: PASS: ArcTan2 FFFF4000,00010000 cpsr
mGBA log: Math test: ArcTan2 FFFF8000,00010000
mGBA log: PASS: ArcTan2 FFFF8000,00010000 r0
mGBA log: PASS: ArcTan2 FFFF8000,00010000 r1
mGBA log: PASS: ArcTan2 FFFF8000,00010000 r2
mGBA log: PASS: ArcTan2 FFFF8000,00010000 r3
mGBA log: PASS: ArcTan2 FFFF8000,00010000 cpsr
mGBA log: Math test: ArcTan2 FFFFC000,00010000
mGBA log: PASS: ArcTan2 FFFFC000,00010000 r0
mGBA log: PASS: ArcTan2 FFFFC000,00010000 r1
mGBA log: PASS: ArcTan2 FFFFC000,00010000 r2
mGBA log: PASS: ArcTan2 FFFFC000,00010000 r3
mGBA log: PASS: ArcTan2 FFFFC000,00010000 cpsr
mGBA log: Math test: ArcTan2 FFFFFFFF,00010000
mGBA log: PASS: ArcTan2 FFFFFFFF,00010000 r0
mGBA log: PASS: ArcTan2 FFFFFFFF,00010000 r1
mGBA log: PASS: ArcTan2 FFFFFFFF,00010000 r2
mGBA log: PASS: ArcTan2 FFFFFFFF,00010000 r3
mGBA log: PASS: ArcTan2 FFFFFFFF,00010000 cpsr
mGBA log: Math test: ArcTan2 00000000,FFFF0000
mGBA log: PASS: ArcTan2 00000000,FFFF0000 r0
mGBA log: PASS: ArcTan2 00000000,FFFF0000 r1
mGBA log: PASS: ArcTan2 00000000,FFFF0000 r2
mGBA log: PASS: ArcTan2 00000000,FFFF0000 r3
mGBA log: PASS: ArcTan2 00000000,FFFF0000 cpsr
mGBA log: Math test: ArcTan2 00000001,FFFF0000
mGBA log: PASS: ArcTan2 00000001,FFFF0000 r0
mGBA log: PASS: ArcTan2 00000001,FFFF0000 r1
mGBA log: PASS: ArcTan2 00000001,FFFF0000 r2
mGBA log: PASS: ArcTan2 00000001,FFFF0000 r3
mGBA log: PASS: ArcTan2 00000001,FFFF0000 cpsr
mGBA log: Math test: ArcTan2 00004000,FFFF0000
mGBA log: PASS: ArcTan2 00004000,FFFF0000 r0
mGBA log: PASS: ArcTan2 00004000,FFFF0000 r1
mGBA log: PASS: ArcTan2 00004000,FFFF0000 r2
mGBA log: PASS: ArcTan2 00004000,FFFF0000 r3
mGBA log: PASS: ArcTan2 00004000,FFFF0000 cpsr
mGBA log: Math test: ArcTan2 00008000,FFFF0000
mGBA log: PASS: ArcTan2 00008000,FFFF0000 r0
mGBA log: PASS: ArcTan2 00008000,FFFF0000 r1
mGBA log: PASS: ArcTan2 00008000,FFFF0000 r2
mGBA log: PASS: ArcTan2 00008000,FFFF0000 r3
mGBA log: PASS: ArcTan2 00008000,FFFF0000 cpsr
mGBA log: Math test: ArcTan2 0000C000,FFFF0000
mGBA log: PASS: ArcTan2 0000C000,FFFF0000 r0
mGBA log: PASS: ArcTan2 0000C000,FFFF0000 r1
mGBA log: PASS: ArcTan2 0000C000,FFFF0000 r2
mGBA log: PASS: ArcTan2 0000C000,FFFF0000 r3
mGBA log: PASS: ArcTan2 0000C000,FFFF0000 cpsr
mGBA log: Math test: ArcTan2 0000FFFF,FFFF0000
mGBA log: PASS: ArcTan2 0000FFFF,FFFF0000 r0
mGBA log: PASS: ArcTan2 0000FFFF,FFFF0000 r1
mGBA log: PASS: ArcTan2 0000FFFF,FFFF0000 r2
mGBA log: PASS: ArcTan2 0000FFFF,FFFF0000 r3
mGBA log: PASS: ArcTan2 0000FFFF,FFFF0000 cpsr
mGBA log: Math test: ArcTan2 FFFF0000,FFFF0000
mGBA log: PASS: ArcTan2 FFFF0000,FFFF0000 r0
mGBA log: PASS: ArcTan2 FFFF0000,FFFF0000 r1
mGBA log: PASS: ArcTan2 FFFF0000,FFFF0000 r2
mGBA log: PASS: ArcTan2 FFFF0000,FFFF0000 r3
mGBA log: PASS: ArcTan2 FFFF0000,FFFF0000 cpsr
mGBA log: Math test: ArcTan2 FFFF0001,FFFF0000
mGBA log: PASS: ArcTan2 FFFF0001,FFFF0000 r0
mGBA log: PASS: ArcTan2 FFFF0001,FFFF0000 r1
mGBA log: PASS: ArcTan2 FFFF0001,FFFF0000 r2
mGBA log: PASS: ArcTan2 FFFF0001,FFFF0000 r3
mGBA log: PASS: ArcTan2 FFFF0001,FFFF0000 cpsr
mGBA log: Math test: ArcTan2 FFFF4000,FFFF0000
mGBA log: PASS: ArcTan2 FFFF4000,FFFF0000 r0
mGBA log: PASS: ArcTan2 FFFF4000,FFFF0000 r1
mGBA log: PASS: ArcTan2 FFFF4000,FFFF0000 r2
mGBA log: PASS: ArcTan2 FFFF4000,FFFF0000 r3
mGBA log: PASS: ArcTan2 FFFF4000,FFFF0000 cpsr
mGBA log: Math test: ArcTan2 FFFF8000,FFFF0000
mGBA log: PASS: ArcTan2 FFFF8000,FFFF0000 r0
mGBA log: PASS: ArcTan2 FFFF8000,FFFF0000 r1
mGBA log: PASS: ArcTan2 FFFF8000,FFFF0000 r2
mGBA log: PASS: ArcTan2 FFFF8000,FFFF0000 r3
mGBA log: PASS: ArcTan2 FFFF8000,FFFF0000 cpsr
mGBA log: Math test: ArcTan2 FFFFC000,FFFF0000
mGBA log: PASS: ArcTan2 FFFFC000,FFFF0000 r0
mGBA log: PASS: ArcTan2 FFFFC000,FFFF0000 r1
mGBA log: PASS: ArcTan2 FFFFC000,FFFF0000 r2
mGBA log: PASS: ArcTan2 FFFFC000,FFFF0000 r3
mGBA log: PASS: ArcTan2 FFFFC000,FFFF0000 cpsr
mGBA log: Math test: ArcTan2 FFFFFFFF,FFFF0000
mGBA log: PASS: ArcTan2 FFFFFFFF,FFFF0000 r0
mGBA log: PASS: ArcTan2 FFFFFFFF,FFFF0000 r1
mGBA log: PASS: ArcTan2 FFFFFFFF,FFFF0000 r2
mGBA log: PASS: ArcTan2 FFFFFFFF,FFFF0000 r3
mGBA log: PASS: ArcTan2 FFFFFFFF,FFFF0000 cpsr
mGBA log: Math test: Div 00000000/00000000
mGBA log: PASS: Div 00000000/00000000 r0
mGBA log: PASS: Div 00000000/00000000 r1
mGBA log: PASS: Div 00000000/00000000 r2
mGBA log: PASS: Div 00000000/00000000 r3
mGBA log: PASS: Div 00000000/00000000 cpsr
mGBA log: Math test: Div 00000001/00000000
mGBA log: PASS: Div 00000001/00000000 r0
mGBA log: PASS: Div 00000001/00000000 r1
mGBA log: PASS: Div 00000001/00000000 r2
mGBA log: PASS: Div 00000001/00000000 r3
mGBA log: PASS: Div 00000001/00000000 cpsr
mGBA log: Math test: Div FFFFFFFF/00000000
mGBA log: PASS: Div FFFFFFFF/00000000 r0
mGBA log: PASS: Div FFFFFFFF/00000000 r1
mGBA log: PASS: Div FFFFFFFF/00000000 r2
mGBA log: PASS: Div FFFFFFFF/00000000 r3
mGBA log: PASS: Div FFFFFFFF/00000000 cpsr
mGBA log: Math test: Div 80000000/FFFFFFFF
mGBA log: PASS: Div 80000000/FFFFFFFF r0
mGBA log: PASS: Div 80000000/FFFFFFFF r1
mGBA log: PASS: Div 80000000/FFFFFFFF r2
mGBA log: PASS: Div 80000000/FFFFFFFF r3
mGBA log: PASS: Div 80000000/FFFFFFFF cpsr
mGBA log: END: 615/615

--- Suite 09: BIOS math ---
Frames: 136
[sram]
Game Boy Advance Test Suite
===
Math test: ArcTan 00000000
Math test: ArcTan 00000001
Math test: ArcTan 00003FFF
Math test: ArcTan 00004000
Math test: ArcTan 00004001
Math test: ArcTan 00007FFF
Math test: ArcTan 00008000
Math test: ArcTan 00008001
Math test: ArcTan 0000BFFF
Math test: ArcTan 0000C000
Math test: ArcTan 0000C001
Math test: ArcTan 0000FFFF
Math test: ArcTan FFFF0000
Math test: ArcTan FFFF0001
Math test: ArcTan FFFF3FFF
Math test: ArcTan FFFF4000
Math test: ArcTan FFFF4001
Math test: ArcTan FFFF7FFF
Math test: ArcTan FFFF8000
Math test: ArcTan FFFF8001
Math test: ArcTan FFFFBFFF
Math test: ArcTan FFFFC000
Math test: ArcTan FFFFC001
Math test: ArcTan FFFFFFFF
Math test: ArcTan2 00000000,00000000
Math test: ArcTan2 00000001,00000000
Math test: ArcTan2 00003FFF,00000000
Math test: ArcTan2 00004000,00000000
Math test: ArcTan2 00004001,00000000
Math test: ArcTan2 00007FFF,00000000
Math test: ArcTan2 00008000,00000000
Math test: ArcTan2 00008001,00000000
Math test: ArcTan2 0000BFFF,00000000
Math test: ArcTan2 0000C000,00000000
Math test: ArcTan2 0000C001,00000000
Math test: ArcTan2 0000FFFF,00000000
Math test: ArcTan2 FFFF0000,00000000
Math test: ArcTan2 FFFF0001,00000000
Math test: ArcTan2 FFFF3FFF,00000000
Math test: ArcTan2 FFFF4000,00000000
Math test: ArcTan2 FFFF4001,00000000
Math test: ArcTan2 FFFF7FFF,00000000
Math test: ArcTan2 FFFF8000,00000000
Math test: ArcTan2 FFFF8001,00000000
Math test: ArcTan2 FFFFBFFF,00000000
Math test: ArcTan2 FFFFC000,00000000
Math test: ArcTan2 FFFFC001,00000000
Math test: ArcTan2 FFFFFFFF,00000000
Math test: ArcTan2 00000000,00000001
Math test: ArcTan2 00000001,00000001
Math test: ArcTan2 00004000,00000001
Math test: ArcTan2 00008000,00000001
Math test: ArcTan2 0000C000,00000001
Math test: ArcTan2 0000FFFF,00000001
Math test: ArcTan2 FFFF0000,00000001
Math test: ArcTan2 FFFF4000,00000001
Math test: ArcTan2 FFFF8000,00000001
Math test: ArcTan2 FFFFC000,00000001
Math test: ArcTan2 FFFFFFFF,00000001
Math test: ArcTan2 00000000,00004000
Math test: ArcTan2 00000001,00004000
Math test: ArcTan2 00004000,00004000
Math test: ArcTan2 00008000,00004000
Math test: ArcTan2 0000C000,00004000
Math test: ArcTan2 0000FFFF,00004000
Math test: ArcTan2 FFFF0000,00004000
Math test: ArcTan2 FFFF0001,00004000
Math test: ArcTan2 FFFF4000,00004000
Math test: ArcTan2 FFFF8000,00004000
Math test: ArcTan2 FFFFC000,00004000
Math test: ArcTan2 FFFFFFFF,00004000
Math test: ArcTan2 00000000,00008000
Math test: ArcTan2 00000001,00008000
Math test: ArcTan2 00004000,00008000
Math test: ArcTan2 00008000,00008000
Math test: ArcTan2 0000C000,00008000
Math test: ArcTan2 0000FFFF,00008000
Math test: ArcTan2 FFFF0000,00008000
Math test: ArcTan2 FFFF0001,00008000
Math test: ArcTan2 FFFF4000,00008000
Math test: ArcTan2 FFFF8000,00008000
Math test: ArcTan2 FFFFC000,00008000
Math test: ArcTan2 FFFFFFFF,00008000
Math test: ArcTan2 00000000,0000C000
Math test: ArcTan2 00000001,0000C000
Math test: ArcTan2 00004000,0000C000
Math test: ArcTan2 00008000,0000C000
Math test: ArcTan2 0000C000,0000C000
Math test: ArcTan2 0000FFFF,0000C000
Math test: ArcTan2 FFFF0000,0000C000
Math test: ArcTan2 FFFF0001,0000C000
Math test: ArcTan2 FFFF4000,0000C000
Math test: ArcTan2 FFFF8000,0000C000
Math test: ArcTan2 FFFFC000,0000C000
Math test: ArcTan2 FFFFFFFF,0000C000
Math test: ArcTan2 00000000,00010000
Math test: ArcTan2 00000001,00010000
Math test: ArcTan2 00004000,00010000
Math test: ArcTan2 00008000,00010000
Math test: ArcTan2 0000C000,00010000
Math test: ArcTan2 0000FFFF,00010000
Math test: ArcTan2 FFFF0000,00010000
Math test: ArcTan2 FFFF0001,00010000
Math test: ArcTan2 FFFF4000,00010000
Math test: ArcTan2 FFFF8000,00010000
Math test: ArcTan2 FFFFC000,00010000
Math test: ArcTan2 FFFFFFFF,00010000
Math test: ArcTan2 00000000,FFFF0000
Math test: ArcTan2 00000001,FFFF0000
Math test: ArcTan2 00004000,FFFF0000
Math test: ArcTan2 00008000,FFFF0000
Math test: ArcTan2 0000C000,FFFF0000
Math test: ArcTan2 0000FFFF,FFFF0000
Math test: ArcTan2 FFFF0000,FFFF0000
Math test: ArcTan2 FFFF0001,FFFF0000
Math test: ArcTan2 FFFF4000,FFFF0000
Math test: ArcTan2 FFFF8000,FFFF0000
Math test: ArcTan2 FFFFC000,FFFF0000
Math test: ArcTan2 FFFFFFFF,FFFF0000
Math test: Div 00000000/00000000
Math test: Div 00000001/00000000
Math test: Div FFFFFFFF/00000000
Math test: Div 80000000/FFFFFFFF
mGBA log: Game Boy Advance Test Suite
===
mGBA log: BEGIN: DMA tests
mGBA log: DMA test: 0 Imm H =IWRAM/=IWRAM
mGBA log: PASS: 0 Imm H =IWRAM/=IWRAM 3
mGBA log: DMA test: 1 Imm H =IWRAM/=IWRAM
mGBA log: PASS: 1 Imm H =IWRAM/=IWRAM 3
mGBA log: DMA test: 2 Imm H =IWRAM/=IWRAM
mGBA log: PASS: 2 Imm H =IWRAM/=IWRAM 3
mGBA log: DMA test: 3 Imm H =IWRAM/=IWRAM
mGBA log: PASS: 3 Imm H =IWRAM/=IWRAM 3
mGBA log: DMA test: 0 Imm H =IWRAM/=EWRAM
mGBA log: PASS: 0 Imm H =IWRAM/=EWRAM 3
mGBA log: PASS: 0 Imm H =IWRAM/=EWRAM Old 3
mGBA log: DMA test: 1 Imm H =IWRAM/=EWRAM
mGBA log: PASS: 1 Imm H =IWRAM/=EWRAM 3
mGBA log: PASS: 1 Imm H =IWRAM/=EWRAM Old 3
mGBA log: DMA test: 2 Imm H =IWRAM/=EWRAM
mGBA log: PASS: 2 Imm H =IWRAM/=EWRAM 3
mGBA log: PASS: 2 Imm H =IWRAM/=EWRAM Old 3
mGBA log: DMA test: 3 Imm H =IWRAM/=EWRAM
mGBA log: PASS: 3 Imm H =IWRAM/=EWRAM 3
mGBA log: PASS: 3 Imm H =IWRAM/=EWRAM Old 3
mGBA log: DMA test: 0 Imm H =IWRAM/=ROM
mGBA log: PASS: 0 Imm H =IWRAM/=ROM 3
mGBA log: PASS: 0 Imm H =IWRAM/=ROM Old 3
mGBA log: DMA test: 1 Imm H =IWRAM/=ROM
mGBA log: PASS: 1 Imm H =IWRAM/=ROM 3
mGBA log: PASS: 1 Imm H =IWRAM/=ROM Old 3
mGBA log: DMA test: 2 Imm H =IWRAM/=ROM
mGBA log: PASS: 2 Imm H =IWRAM/=ROM 3
mGBA log: PASS: 2 Imm H =IWRAM/=ROM Old 3
mGBA log: DMA test: 3 Imm H =IWRAM/=ROM
mGBA log: PASS: 3 Imm H =IWRAM/=ROM 3
mGBA log: PASS: 3 Imm H =IWRAM/=ROM Old 3
mGBA log: DMA test: 0 Imm H =EWRAM/=IWRAM
mGBA log: PASS: 0 Imm H =EWRAM/=IWRAM 3
mGBA log: DMA test: 1 Imm H =EWRAM/=IWRAM
mGBA log: PASS: 1 Imm H =EWRAM/=IWRAM 3
mGBA log: DMA test: 2 Imm H =EWRAM/=IWRAM
mGBA log: PASS: 2 Imm H =EWRAM/=IWRAM 3
mGBA log: DMA test: 3 Imm H =EWRAM/=IWRAM
mGBA log: PASS: 3 Imm H =EWRAM/=IWRAM 3
mGBA log: DMA test: 0 Imm H =EWRAM/=EWRAM
mGBA log: PASS: 0 Imm H =EWRAM/=EWRAM 3
mGBA log: PASS: 0 Imm H =EWRAM/=EWRAM Old 3
mGBA log: DMA test: 1 Imm H =EWRAM/=EWRAM
mGBA log: PASS: 1 Imm H =EWRAM/=EWRAM 3
mGBA log: PASS: 1 Imm H =EWRAM/=EWRAM Old 3
mGBA log: DMA test: 2 Imm H =EWRAM/=EWRAM
mGBA log: PASS: 2 Imm H =EWRAM/=EWRAM 3
mGBA log: PASS: 2 Imm H =EWRAM/=EWRAM Old 3
mGBA log: DMA test: 3 Imm H =EWRAM/=EWRAM
mGBA log: PASS: 3 Imm H =EWRAM/=EWRAM 3
mGBA log: PASS: 3 Imm H =EWRAM/=EWRAM Old 3
mGBA log: DMA test: 0 Imm H =EWRAM/=ROM
mGBA log: PASS: 0 Imm H =EWRAM/=ROM 3
mGBA log: PASS: 0 Imm H =EWRAM/=ROM Old 3
mGBA log: DMA test: 1 Imm H =EWRAM/=ROM
mGBA log: PASS: 1 Imm H =EWRAM/=ROM 3
mGBA log: PASS: 1 Imm H =EWRAM/=ROM Old 3
mGBA log: DMA test: 2 Imm H =EWRAM/=ROM
mGBA log: PASS: 2 Imm H =EWRAM/=ROM 3
mGBA log: PASS: 2 Imm H =EWRAM/=ROM Old 3
mGBA log: DMA test: 3 Imm H =EWRAM/=ROM
mGBA log: PASS: 3 Imm H =EWRAM/=ROM 3
mGBA log: PASS: 3 Imm H =EWRAM/=ROM Old 3
mGBA log: DMA test: 0 Imm H =ROM/=IWRAM
mGBA log: PASS: 0 Imm H =ROM/=IWRAM 3
mGBA log: DMA test: 1 Imm H =ROM/=IWRAM
mGBA log: PASS: 1 Imm H =ROM/=IWRAM 3
mGBA log: DMA test: 2 Imm H =ROM/=IWRAM
mGBA log: PASS: 2 Imm H =ROM/=IWRAM 3
mGBA log: DMA test: 3 Imm H =ROM/=IWRAM
mGBA log: PASS: 3 Imm H =ROM/=IWRAM 3
mGBA log: DMA test: 0 Imm H =ROM/=EWRAM
mGBA log: PASS: 0 Imm H =ROM/=EWRAM 3
mGBA log: PASS: 0 Imm H =ROM/=EWRAM Old 3
mGBA log: DMA test: 1 Imm H =ROM/=EWRAM
mGBA log: PASS: 1 Imm H =ROM/=EWRAM 3
mGBA log: PASS: 1 Imm H =ROM/=EWRAM Old 3
mGBA log: DMA test: 2 Imm H =ROM/=EWRAM
mGBA log: PASS: 2 Imm H =ROM/=EWRAM 3
mGBA log: PASS: 2 Imm H =ROM/=EWRAM Old 3
mGBA log: DMA test: 3 Imm H =ROM/=EWRAM
mGBA log: PASS: 3 Imm H =ROM/=EWRAM 3
mGBA log: PASS: 3 Imm H =ROM/=EWRAM Old 3
mGBA log: DMA test: 0 Imm H =ROM/=ROM
mGBA log: PASS: 0 Imm H =ROM/=ROM 3
mGBA log: PASS: 0 Imm H =ROM/=ROM Old 3
mGBA log: DMA test: 1 Imm H =ROM/=ROM
mGBA log: PASS: 1 Imm H =ROM/=ROM 3
mGBA log: PASS: 1 Imm H =ROM/=ROM Old 3
mGBA log: DMA test: 2 Imm H =ROM/=ROM
mGBA log: PASS: 2 Imm H =ROM/=ROM 3
mGBA log: PASS: 2 Imm H =ROM/=ROM Old 3
mGBA log: DMA test: 3 Imm H =ROM/=ROM
mGBA log: PASS: 3 Imm H =ROM/=ROM 3
mGBA log: PASS: 3 Imm H =ROM/=ROM Old 3
mGBA log: DMA test: 0 Imm H =BIOS/=IWRAM
mGBA log: PASS: 0 Imm H =BIOS/=IWRAM 3
mGBA log: DMA test: 1 Imm H =BIOS/=IWRAM
mGBA log: PASS: 1 Imm H =BIOS/=IWRAM 3
mGBA log: DMA test: 2 Imm H =BIOS/=IWRAM
mGBA log: PASS: 2 Imm H =BIOS/=IWRAM 3
mGBA log: DMA test: 3 Imm H =BIOS/=IWRAM
mGBA log: PASS: 3 Imm H =BIOS/=IWRAM 3
mGBA log: DMA test: 0 Imm H =BIOS/=EWRAM
mGBA log: PASS: 0 Imm H =BIOS/=EWRAM 3
mGBA log: PASS: 0 Imm H =BIOS/=EWRAM Old 3
mGBA log: DMA test: 1 Imm H =BIOS/=EWRAM
mGBA log: PASS: 1 Imm H =BIOS/=EWRAM 3
mGBA log: PASS: 1 Imm H =BIOS/=EWRAM Old 3
mGBA log: DMA test: 2 Imm H =BIOS/=EWRAM
mGBA log: PASS: 2 Imm H =BIOS/=EWRAM 3
mGBA log: PASS: 2 Imm H =BIOS/=EWRAM Old 3
mGBA log: DMA test: 3 Imm H =BIOS/=EWRAM
mGBA log: PASS: 3 Imm H =BIOS/=EWRAM 3
mGBA log: PASS: 3 Imm H =BIOS/=EWRAM Old 3
mGBA log: DMA test: 0 Imm H =BIOS/=ROM
mGBA log: PASS: 0 Imm H =BIOS/=ROM 3
mGBA log: PASS: 0 Imm H =BIOS/=ROM Old 3
mGBA log: DMA test: 1 Imm H =BIOS/=ROM
mGBA log: PASS: 1 Imm H =BIOS/=ROM 3
mGBA log: PASS: 1 Imm H =BIOS/=ROM Old 3
mGBA log: DMA test: 2 Imm H =BIOS/=ROM
mGBA log: PASS: 2 Imm H =BIOS/=ROM 3
mGBA log: PASS: 2 Imm H =BIOS/=ROM Old 3
mGBA log: DMA test: 3 Imm H =BIOS/=ROM
mGBA log: PASS: 3 Imm H =BIOS/=ROM 3
mGBA log: PASS: 3 Imm H =BIOS/=ROM Old 3
mGBA log: DMA test: 0 Imm H =SRAM/=IWRAM
mGBA log: PASS: 0 Imm H =SRAM/=IWRAM 3
mGBA log: DMA test: 1 Imm H =SRAM/=IWRAM
mGBA log: PASS: 1 Imm H =SRAM/=IWRAM 3
mGBA log: DMA test: 2 Imm H =SRAM/=IWRAM
mGBA log: PASS: 2 Imm H =SRAM/=IWRAM 3
mGBA log: DMA test: 3 Imm H =SRAM/=IWRAM
mGBA log: PASS: 3 Imm H =SRAM/=IWRAM 3
mGBA log: DMA test: 0 Imm H =SRAM/=EWRAM
mGBA log: PASS: 0 Imm H =SRAM/=EWRAM 3
mGBA log: PASS: 0 Imm H =SRAM/=EWRAM Old 3
mGBA log: DMA test: 1 Imm H =SRAM/=EWRAM
mGBA log: PASS: 1 Imm H =SRAM/=EWRAM 3
mGBA log: PASS: 1 Imm H =SRAM/=EWRAM Old 3
mGBA log: DMA test: 2 Imm H =SRAM/=EWRAM
mGBA log: PASS: 2 Imm H =SRAM/=EWRAM 3
mGBA log: PASS: 2 Imm H =SRAM/=EWRAM Old 3
mGBA log: DMA test: 3 Imm H =SRAM/=EWRAM
mGBA log: PASS: 3 Imm H =SRAM/=EWRAM 3
mGBA log: PASS: 3 Imm H =SRAM/=EWRAM Old 3
mGBA log: DMA test: 0 Imm H =SRAM/=ROM
mGBA log: PASS: 0 Imm H =SRAM/=ROM 3
mGBA log: PASS: 0 Imm H =SRAM/=ROM Old 3
mGBA log: DMA test: 1 Imm H =SRAM/=ROM
mGBA log: PASS: 1 Imm H =SRAM/=ROM 3
mGBA log: PASS: 1 Imm H =SRAM/=ROM Old 3
mGBA log: DMA test: 2 Imm H =SRAM/=ROM
mGBA log: PASS: 2 Imm H =SRAM/=ROM 3
mGBA log: PASS: 2 Imm H =SRAM/=ROM Old 3
mGBA log: DMA test: 0 Imm W =IWRAM/=IWRAM
mGBA log: PASS: 0 Imm W =IWRAM/=IWRAM 3
mGBA log: DMA test: 1 Imm W =IWRAM/=IWRAM
mGBA log: PASS: 1 Imm W =IWRAM/=IWRAM 3
mGBA log: DMA test: 2 Imm W =IWRAM/=IWRAM
mGBA log: PASS: 2 Imm W =IWRAM/=IWRAM 3
mGBA log: DMA test: 3 Imm W =IWRAM/=IWRAM
mGBA log: PASS: 3 Imm W =IWRAM/=IWRAM 3
mGBA log: DMA test: 0 Imm W =IWRAM/=EWRAM
mGBA log: PASS: 0 Imm W =IWRAM/=EWRAM 3
mGBA log: PASS: 0 Imm W =IWRAM/=EWRAM Old 3
mGBA log: DMA test: 1 Imm W =IWRAM/=EWRAM
mGBA log: PASS: 1 Imm W =IWRAM/=EWRAM 3
mGBA log: PASS: 1 Imm W =IWRAM/=EWRAM Old 3
mGBA log: DMA test: 2 Imm W =IWRAM/=EWRAM
mGBA log: PASS: 2 Imm W =IWRAM/=EWRAM 3
mGBA log: PASS: 2 Imm W =IWRAM/=EWRAM Old 3
mGBA log: DMA test: 3 Imm W =IWRAM/=EWRAM
mGBA log: PASS: 3 Imm W =IWRAM/=EWRAM 3
mGBA log: PASS: 3 Imm W =IWRAM/=EWRAM Old 3
mGBA log: DMA test: 0 Imm W =IWRAM/=ROM
mGBA log: PASS: 0 Imm W =IWRAM/=ROM 3
mGBA log: PASS: 0 Imm W =IWRAM/=ROM Old 3
mGBA log: DMA test: 1 Imm W =IWRAM/=ROM
mGBA log: PASS: 1 Imm W =IWRAM/=ROM 3
mGBA log: PASS: 1 Imm W =IWRAM/=ROM Old 3
mGBA log: DMA test: 2 Imm W =IWRAM/=ROM
mGBA log: PASS: 2 Imm W =IWRAM/=ROM 3
mGBA log: PASS: 2 Imm W =IWRAM/=ROM Old 3
mGBA log: DMA test: 3 Imm W =IWRAM/=ROM
mGBA log: PASS: 3 Imm W =IWRAM/=ROM 3
mGBA log: PASS: 3 Imm W =IWRAM/=ROM Old 3
mGBA log: DMA test: 0 Imm W =EWRAM/=IWRAM
mGBA log: PASS: 0 Imm W =EWRAM/=IWRAM 3
mGBA log: DMA test: 1 Imm W =EWRAM/=IWRAM
mGBA log: PASS: 1 Imm W =EWRAM/=IWRAM 3
mGBA log: DMA test: 2 Imm W =EWRAM/=IWRAM
mGBA log: PASS: 2 Imm W =EWRAM/=IWRAM 3
mGBA log: DMA test: 3 Imm W =EWRAM/=IWRAM
mGBA log: PASS: 3 Imm W =EWRAM/=IWRAM 3
mGBA log: DMA test: 0 Imm W =EWRAM/=EWRAM
mGBA log: PASS: 0 Imm W =EWRAM/=EWRAM 3
mGBA log: PASS: 0 Imm W =EWRAM/=EWRAM Old 3
mGBA log: DMA test: 1 Imm W =EWRAM/=EWRAM
mGBA log: PASS: 1 Imm W =EWRAM/=EWRAM 3
mGBA log: PASS: 1 Imm W =EWRAM/=EWRAM Old 3
mGBA log: DMA test: 2 Imm W =EWRAM/=EWRAM
mGBA log: PASS: 2 Imm W =EWRAM/=EWRAM 3
mGBA log: PASS: 2 Imm W =EWRAM/=EWRAM Old 3
mGBA log: DMA test: 3 Imm W =EWRAM/=EWRAM
mGBA log: PASS: 3 Imm W =EWRAM/=EWRAM 3
mGBA log: PASS: 3 Imm W =EWRAM/=EWRAM Old 3
mGBA log: DMA test: 0 Imm W =EWRAM/=ROM
mGBA log: PASS: 0 Imm W =EWRAM/=ROM 3
mGBA log: PASS: 0 Imm W =EWRAM/=ROM Old 3
mGBA log: DMA test: 1 Imm W =EWRAM/=ROM
mGBA log: PASS: 1 Imm W =EWRAM/=ROM 3
mGBA log: PASS: 1 Imm W =EWRAM/=ROM Old 3
mGBA log: DMA test: 2 Imm W =EWRAM/=ROM
mGBA log: PASS: 2 Imm W =EWRAM/=ROM 3
mGBA log: PASS: 2 Imm W =EWRAM/=ROM Old 3
mGBA log: DMA test: 3 Imm W =EWRAM/=ROM
mGBA log: PASS: 3 Imm W =EWRAM/=ROM 3
mGBA log: PASS: 3 Imm W =EWRAM/=ROM Old 3
mGBA log: DMA test: 0 Imm W =ROM/=IWRAM
mGBA log: PASS: 0 Imm W =ROM/=IWRAM 3
mGBA log: DMA test: 1 Imm W =ROM/=IWRAM
mGBA log: PASS: 1 Imm W =ROM/=IWRAM 3
mGBA log: DMA test: 2 Imm W =ROM/=IWRAM
mGBA log: PASS: 2 Imm W =ROM/=IWRAM 3
mGBA log: DMA test: 3 Imm W =ROM/=IWRAM
mGBA log: PASS: 3 Imm W =ROM/=IWRAM 3
mGBA log: DMA test: 0 Imm W =ROM/=EWRAM
mGBA log: PASS: 0 Imm W =ROM/=EWRAM 3
mGBA log: PASS: 0 Imm W =ROM/=EWRAM Old 3
mGBA log: DMA test: 1 Imm W =ROM/=EWRAM
mGBA log: PASS: 1 Imm W =ROM/=EWRAM 3
mGBA log: PASS: 1 Imm W =ROM/=EWRAM Old 3
mGBA log: DMA test: 2 Imm W =ROM/=EWRAM
mGBA log: PASS: 2 Imm W =ROM/=EWRAM 3
mGBA log: PASS: 2 Imm W =ROM/=EWRAM Old 3
mGBA log: DMA test: 3 Imm W =ROM/=EWRAM
mGBA log: PASS: 3 Imm W =ROM/=EWRAM 3
mGBA log: PASS: 3 Imm W =ROM/=EWRAM Old 3
mGBA log: DMA test: 0 Imm W =ROM/=ROM
mGBA log: PASS: 0 Imm W =ROM/=ROM 3
mGBA log: PASS: 0 Imm W =ROM/=ROM Old 3
mGBA log: DMA test: 1 Imm W =ROM/=ROM
mGBA log: PASS: 1 Imm W =ROM/=ROM 3
mGBA log: PASS: 1 Imm W =ROM/=ROM Old 3
mGBA log: DMA test: 2 Imm W =ROM/=ROM
mGBA log: PASS: 2 Imm W =ROM/=ROM 3
mGBA log: PASS: 2 Imm W =ROM/=ROM Old 3
mGBA log: DMA test: 3 Imm W =ROM/=ROM
mGBA log: PASS: 3 Imm W =ROM/=ROM 3
mGBA log: PASS: 3 Imm W =ROM/=ROM Old 3
mGBA log: DMA test: 0 Imm W =BIOS/=IWRAM
mGBA log: PASS: 0 Imm W =BIOS/=IWRAM 3
mGBA log: DMA test: 1 Imm W =BIOS/=IWRAM
mGBA log: PASS: 1 Imm W =BIOS/=IWRAM 3
mGBA log: DMA test: 2 Imm W =BIOS/=IWRAM
mGBA log: PASS: 2 Imm W =BIOS/=IWRAM 3
mGBA log: DMA test: 3 Imm W =BIOS/=IWRAM
mGBA log: PASS: 3 Imm W =BIOS/=IWRAM 3
mGBA log: DMA test: 0 Imm W =BIOS/=EWRAM
mGBA log: PASS: 0 Imm W =BIOS/=EWRAM 3
mGBA log: PASS: 0 Imm W =BIOS/=EWRAM Old 3
mGBA log: DMA test: 1 Imm W =BIOS/=EWRAM
mGBA log: PASS: 1 Imm W =BIOS/=EWRAM 3
mGBA log: PASS: 1 Imm W =BIOS/=EWRAM Old 3
mGBA log: DMA test: 2 Imm W =BIOS/=EWRAM
mGBA log: PASS: 2 Imm W =BIOS/=EWRAM 3
mGBA log: PASS: 2 Imm W =BIOS/=EWRAM Old 3
mGBA log: DMA test: 3 Imm W =BIOS/=EWRAM
mGBA log: PASS: 3 Imm W =BIOS/=EWRAM 3
mGBA log: PASS: 3 Imm W =BIOS/=EWRAM Old 3
mGBA log: DMA test: 0 Imm W =BIOS/=ROM
mGBA log: PASS: 0 Imm W =BIOS/=ROM 3
mGBA log: PASS: 0 Imm W =BIOS/=ROM Old 3
mGBA log: DMA test: 1 Imm W =BIOS/=ROM
mGBA log: PASS: 1 Imm W =BIOS/=ROM 3
mGBA log: PASS: 1 Imm W =BIOS/=ROM Old 3
mGBA log: DMA test: 2 Imm W =BIOS/=ROM
mGBA log: PASS: 2 Imm W =BIOS/=ROM 3
mGBA log: PASS: 2 Imm W =BIOS/=ROM Old 3
mGBA log: DMA test: 3 Imm W =BIOS/=ROM
mGBA log: PASS: 3 Imm W =BIOS/=ROM 3
mGBA log: PASS: 3 Imm W =BIOS/=ROM Old 3
mGBA log: DMA test: 0 Imm W =SRAM/=IWRAM
mGBA log: PASS: 0 Imm W =SRAM/=IWRAM 3
mGBA log: DMA test: 1 Imm W =SRAM/=IWRAM
mGBA log: PASS: 1 Imm W =SRAM/=IWRAM 3
mGBA log: DMA test: 2 Imm W =SRAM/=IWRAM
mGBA log: PASS: 2 Imm W =SRAM/=IWRAM 3
mGBA log: DMA test: 3 Imm W =SRAM/=IWRAM
mGBA log: PASS: 3 Imm W =SRAM/=IWRAM 3
mGBA log: DMA test: 0 Imm W =SRAM/=EWRAM
mGBA log: PASS: 0 Imm W =SRAM/=EWRAM 3
mGBA log: PASS: 0 Imm W =SRAM/=EWRAM Old 3
mGBA log: DMA test: 1 Imm W =SRAM/=EWRAM
mGBA log: PASS: 1 Imm W =SRAM/=EWRAM 3
mGBA log: PASS: 1 Imm W =SRAM/=EWRAM Old 3
mGBA log: DMA test: 2 Imm W =SRAM/=EWRAM
mGBA log: PASS: 2 Imm W =SRAM/=EWRAM 3
mGBA log: PASS: 2 Imm W =SRAM/=EWRAM Old 3
mGBA log: DMA test: 3 Imm W =SRAM/=EWRAM
mGBA log: PASS: 3 Imm W =SRAM/=EWRAM 3
mGBA log: PASS: 3 Imm W =SRAM/=EWRAM Old 3
mGBA log: DMA test: 0 Imm W =SRAM/=ROM
mGBA log: PASS: 0 Imm W =SRAM/=ROM 3
mGBA log: PASS: 0 Imm W =SRAM/=ROM Old 3
mGBA log: DMA test: 1 Imm W =SRAM/=ROM
mGBA log: PASS: 1 Imm W =SRAM/=ROM 3
mGBA log: PASS: 1 Imm W =SRAM/=ROM Old 3
mGBA log: DMA test: 2 Imm W =SRAM/=ROM
mGBA log: PASS: 2 Imm W =SRAM/=ROM 3
mGBA log: PASS: 2 Imm W =SRAM/=ROM Old 3
mGBA log: DMA test: 0 Imm H +IWRAM/=IWRAM
mGBA log: PASS: 0 Imm H +IWRAM/=IWRAM 3
mGBA log: DMA test: 1 Imm H +IWRAM/=IWRAM
mGBA log: PASS: 1 Imm H +IWRAM/=IWRAM 3
mGBA log: DMA test: 2 Imm H +IWRAM/=IWRAM
mGBA log: PASS: 2 Imm H +IWRAM/=IWRAM 3
mGBA log: DMA test: 3 Imm H +IWRAM/=IWRAM
mGBA log: PASS: 3 Imm H +IWRAM/=IWRAM 3
mGBA log: DMA test: 0 Imm H +IWRAM/=EWRAM
mGBA log: PASS: 0 Imm H +IWRAM/=EWRAM 3
mGBA log: PASS: 0 Imm H +IWRAM/=EWRAM Old 3
mGBA log: DMA test: 1 Imm H +IWRAM/=EWRAM
mGBA log: PASS: 1 Imm H +IWRAM/=EWRAM 3
mGBA log: PASS: 1 Imm H +IWRAM/=EWRAM Old 3
mGBA log: DMA test: 2 Imm H +IWRAM/=EWRAM
mGBA log: PASS: 2 Imm H +IWRAM/=EWRAM 3
mGBA log: PASS: 2 Imm H +IWRAM/=EWRAM Old 3
mGBA log: DMA test: 3 Imm H +IWRAM/=EWRAM
mGBA log: PASS: 3 Imm H +IWRAM/=EWRAM 3
mGBA log: PASS: 3 Imm H +IWRAM/=EWRAM Old 3
mGBA log: DMA test: 0 Imm H +IWRAM/=ROM
mGBA log: PASS: 0 Imm H +IWRAM/=ROM 3
mGBA log: PASS: 0 Imm H +IWRAM/=ROM Old 3
mGBA log: DMA test: 1 Imm H +IWRAM/=ROM
mGBA log: PASS: 1 Imm H +IWRAM/=ROM 3
mGBA log: PASS: 1 Imm H +IWRAM/=ROM Old 3
mGBA log: DMA test: 2 Imm H +IWRAM/=ROM
mGBA log: PASS: 2 Imm H +IWRAM/=ROM 3
mGBA log: PASS: 2 Imm H +IWRAM/=ROM Old 3
mGBA log: DMA test: 3 Imm H +IWRAM/=ROM
mGBA log: PASS: 3 Imm H +IWRAM/=ROM 3
mGBA log: PASS: 3 Imm H +IWRAM/=ROM Old 3
mGBA log: DMA test: 0 Imm H +EWRAM/=IWRAM
mGBA log: PASS: 0 Imm H +EWRAM/=IWRAM 3
mGBA log: DMA test: 1 Imm H +EWRAM/=IWRAM
mGBA log: PASS: 1 Imm H +EWRAM/=IWRAM 3
mGBA log: DMA test: 2 Imm H +EWRAM/=IWRAM
mGBA log: PASS: 2 Imm H +EWRAM/=IWRAM 3
mGBA log: DMA test: 3 Imm H +EWRAM/=IWRAM
mGBA log: PASS: 3 Imm H +EWRAM/=IWRAM 3
mGBA log: DMA test: 0 Imm H +EWRAM/=EWRAM
mGBA log: PASS: 0 Imm H +EWRAM/=EWRAM 3
mGBA log: PASS: 0 Imm H +EWRAM/=EWRAM Old 3
mGBA log: DMA test: 1 Imm H +EWRAM/=EWRAM
mGBA log: PASS: 1 Imm H +EWRAM/=EWRAM 3
mGBA log: PASS: 1 Imm H +EWRAM/=EWRAM Old 3
mGBA log: DMA test: 2 Imm H +EWRAM/=EWRAM
mGBA log: PASS: 2 Imm H +EWRAM/=EWRAM 3
mGBA log: PASS: 2 Imm H +EWRAM/=EWRAM Old 3
mGBA log: DMA test: 3 Imm H +EWRAM/=EWRAM
mGBA log: PASS: 3 Imm H +EWRAM/=EWRAM 3
mGBA log: PASS: 3 Imm H +EWRAM/=EWRAM Old 3
mGBA log: DMA test: 0 Imm H +EWRAM/=ROM
mGBA log: PASS: 0 Imm H +EWRAM/=ROM 3
mGBA log: PASS: 0 Imm H +EWRAM/=ROM Old 3
mGBA log: DMA test: 1 Imm H +EWRAM/=ROM
mGBA log: PASS: 1 Imm H +EWRAM/=ROM 3
mGBA log: PASS: 1 Imm H +EWRAM/=ROM Old 3
mGBA log: DMA test: 2 Imm H +EWRAM/=ROM
mGBA log: PASS: 2 Imm H +EWRAM/=ROM 3
mGBA log: PASS: 2 Imm H +EWRAM/=ROM Old 3
mGBA log: DMA test: 3 Imm H +EWRAM/=ROM
mGBA log: PASS: 3 Imm H +EWRAM/=ROM 3
mGBA log: PASS: 3 Imm H +EWRAM/=ROM Old 3
mGBA log: DMA test: 0 Imm H +ROM/=IWRAM
mGBA log: PASS: 0 Imm H +ROM/=IWRAM 3
mGBA log: DMA test: 1 Imm H +ROM/=IWRAM
mGBA log: PASS: 1 Imm H +ROM/=IWRAM 3
mGBA log: DMA test: 2 Imm H +ROM/=IWRAM
mGBA log: PASS: 2 Imm H +ROM/=IWRAM 3
mGBA log: DMA test: 3 Imm H +ROM/=IWRAM
mGBA log: PASS: 3 Imm H +ROM/=IWRAM 3
mGBA log: DMA test: 0 Imm H +ROM/=EWRAM
mGBA log: PASS: 0 Imm H +ROM/=EWRAM 3
mGBA log: PASS: 0 Imm H +ROM/=EWRAM Old 3
mGBA log: DMA test: 1 Imm H +ROM/=EWRAM
mGBA log: PASS: 1 Imm H +ROM/=EWRAM 3
mGBA log: PASS: 1 Imm H +ROM/=EWRAM Old 3
mGBA log: DMA test: 2 Imm H +ROM/=EWRAM
mGBA log: PASS: 2 Imm H +ROM/=EWRAM 3
mGBA log: PASS: 2 Imm H +ROM/=EWRAM Old 3
mGBA log: DMA test: 3 Imm H +ROM/=EWRAM
mGBA log: PASS: 3 Imm H +ROM/=EWRAM 3
mGBA log: PASS: 3 Imm H +ROM/=EWRAM Old 3
mGBA log: DMA test: 0 Imm H +ROM/=ROM
mGBA log: PASS: 0 Imm H +ROM/=ROM 3
mGBA log: PASS: 0 Imm H +ROM/=ROM Old 3
mGBA log: DMA test: 1 Imm H +ROM/=ROM
mGBA log: PASS: 1 Imm H +ROM/=ROM 3
mGBA log: PASS: 1 Imm H +ROM/=ROM Old 3
mGBA log: DMA test: 2 Imm H +ROM/=ROM
mGBA log: PASS: 2 Imm H +ROM/=ROM 3
mGBA log: PASS: 2 Imm H +ROM/=ROM Old 3
mGBA log: DMA test: 3 Imm H +ROM/=ROM
mGBA log: PASS: 3 Imm H +ROM/=ROM 3
mGBA log: PASS: 3 Imm H +ROM/=ROM Old 3
mGBA log: DMA test: 0 Imm H +BIOS/=IWRAM
mGBA log: PASS: 0 Imm H +BIOS/=IWRAM 3
mGBA log: DMA test: 1 Imm H +BIOS/=IWRAM
mGBA log: PASS: 1 Imm H +BIOS/=IWRAM 3
mGBA log: DMA test: 2 Imm H +BIOS/=IWRAM
mGBA log: PASS: 2 Imm H +BIOS/=IWRAM 3
mGBA log: DMA test: 3 Imm H +BIOS/=IWRAM
mGBA log: PASS: 3 Imm H +BIOS/=IWRAM 3
mGBA log: DMA test: 0 Imm H +BIOS/=EWRAM
mGBA log: PASS: 0 Imm H +BIOS/=EWRAM 3
mGBA log: PASS: 0 Imm H +BIOS/=EWRAM Old 3
mGBA log: DMA test: 1 Imm H +BIOS/=EWRAM
mGBA log: PASS: 1 Imm H +BIOS/=EWRAM 3
mGBA log: PASS: 1 Imm H +BIOS/=EWRAM Old 3
mGBA log: DMA test: 2 Imm H +BIOS/=EWRAM
mGBA log: PASS: 2 Imm H +BIOS/=EWRAM 3
mGBA log: PASS: 2 Imm H +BIOS/=EWRAM Old 3
mGBA log: DMA test: 3 Imm H +BIOS/=EWRAM
mGBA log: PASS: 3 Imm H +BIOS/=EWRAM 3
mGBA log: PASS: 3 Imm H +BIOS/=EWRAM Old 3
mGBA log: DMA test: 0 Imm H +BIOS/=ROM
mGBA log: PASS: 0 Imm H +BIOS/=ROM 3
mGBA log: PASS: 0 Imm H +BIOS/=ROM Old 3
mGBA log: DMA test: 1 Imm H +BIOS/=ROM
mGBA log: PASS: 1 Imm H +BIOS/=ROM 3
mGBA log: PASS: 1 Imm H +BIOS/=ROM Old 3
mGBA log: DMA test: 2 Imm H +BIOS/=ROM
mGBA log: PASS: 2 Imm H +BIOS/=ROM 3
mGBA log: PASS: 2 Imm H +BIOS/=ROM Old 3
mGBA log: DMA test: 3 Imm H +BIOS/=ROM
mGBA log: PASS: 3 Imm H +BIOS/=ROM 3
mGBA log: PASS: 3 Imm H +BIOS/=ROM Old 3
mGBA log: DMA test: 0 Imm H +SRAM/=IWRAM
mGBA log: PASS: 0 Imm H +SRAM/=IWRAM 3
mGBA log: DMA test: 1 Imm H +SRAM/=IWRAM
mGBA log: PASS: 1 Imm H +SRAM/=IWRAM 3
mGBA log: DMA test: 2 Imm H +SRAM/=IWRAM
mGBA log: PASS: 2 Imm H +SRAM/=IWRAM 3
mGBA log: DMA test: 3 Imm H +SRAM/=IWRAM
mGBA log: PASS: 3 Imm H +SRAM/=IWRAM 3
mGBA log: DMA test: 0 Imm H +SRAM/=EWRAM
mGBA log: PASS: 0 Imm H +SRAM/=EWRAM 3
mGBA log: PASS: 0 Imm H +SRAM/=EWRAM Old 3
mGBA log: DMA test: 1 Imm H +SRAM/=EWRAM
mGBA log: PASS: 1 Imm H +SRAM/=EWRAM 3
mGBA log: PASS: 1 Imm H +SRAM/=EWRAM Old 3
mGBA log: DMA test: 2 Imm H +SRAM/=EWRAM
mGBA log: PASS: 2 Imm H +SRAM/=EWRAM 3
mGBA log: PASS: 2 Imm H +SRAM/=EWRAM Old 3
mGBA log: DMA test: 3 Imm H +SRAM/=EWRAM
mGBA log: PASS: 3 Imm H +SRAM/=EWRAM 3
mGBA log: PASS: 3 Imm H +SRAM/=EWRAM Old 3
mGBA log: DMA test: 0 Imm H +SRAM/=ROM
mGBA log: PASS: 0 Imm H +SRAM/=ROM 3
mGBA log: PASS: 0 Imm H +SRAM/=ROM Old 3
mGBA log: DMA test: 1 Imm H +SRAM/=ROM
mGBA log: PASS: 1 Imm H +SRAM/=ROM 3
mGBA log: PASS: 1 Imm H +SRAM/=ROM Old 3
mGBA log: DMA test: 2 Imm H +SRAM/=ROM
mGBA log: PASS: 2 Imm H +SRAM/=ROM 3
mGBA log: PASS: 2 Imm H +SRAM/=ROM Old 3
mGBA log: DMA test: 0 Imm W +IWRAM/=IWRAM
mGBA log: PASS: 0 Imm W +IWRAM/=IWRAM 3
mGBA log: DMA test: 1 Imm W +IWRAM/=IWRAM
mGBA log: PASS: 1 Imm W +IWRAM/=IWRAM 3
mGBA log: DMA test: 2 Imm W +IWRAM/=IWRAM
mGBA log: PASS: 2 Imm W +IWRAM/=IWRAM 3
mGBA log: DMA test: 3 Imm W +IWRAM/=IWRAM
mGBA log: PASS: 3 Imm W +IWRAM/=IWRAM 3
mGBA log: DMA test: 0 Imm W +IWRAM/=EWRAM
mGBA log: PASS: 0 Imm W +IWRAM/=EWRAM 3
mGBA log: PASS: 0 Imm W +IWRAM/=EWRAM Old 3
mGBA log: DMA test: 1 Imm W +IWRAM/=EWRAM
mGBA log: PASS: 1 Imm W +IWRAM/=EWRAM 3
mGBA log: PASS: 1 Imm W +IWRAM/=EWRAM Old 3
mGBA log: DMA test: 2 Imm W +IWRAM/=EWRAM
mGBA log: PASS: 2 Imm W +IWRAM/=EWRAM 3
mGBA log: PASS: 2 Imm W +IWRAM/=EWRAM Old 3
mGBA log: DMA test: 3 Imm W +IWRAM/=EWRAM
mGBA log: PASS: 3 Imm W +IWRAM/=EWRAM 3
mGBA log: PASS: 3 Imm W +IWRAM/=EWRAM Old 3
mGBA log: DMA test: 0 Imm W +IWRAM/=ROM
mGBA log: PASS: 0 Imm W +IWRAM/=ROM 3
mGBA log: PASS: 0 Imm W +IWRAM/=ROM Old 3
mGBA log: DMA test: 1 Imm W +IWRAM/=ROM
mGBA log: PASS: 1 Imm W +IWRAM/=ROM 3
mGBA log: PASS: 1 Imm W +IWRAM/=ROM Old 3
mGBA log: DMA test: 2 Imm W +IWRAM/=ROM
mGBA log: PASS: 2 Imm W +IWRAM/=ROM 3
mGBA log: PASS: 2 Imm W +IWRAM/=ROM Old 3
mGBA log: DMA test: 3 Imm W +IWRAM/=ROM
mGBA log: PASS: 3 Imm W +IWRAM/=ROM 3
mGBA log: PASS: 3 Imm W +IWRAM/=ROM Old 3
mGBA log: DMA test: 0 Imm W +EWRAM/=IWRAM
mGBA log: PASS: 0 Imm W +EWRAM/=IWRAM 3
mGBA log: DMA test: 1 Imm W +EWRAM/=IWRAM
mGBA log: PASS: 1 Imm W +EWRAM/=IWRAM 3
mGBA log: DMA test: 2 Imm W +EWRAM/=IWRAM
mGBA log: PASS: 2 Imm W +EWRAM/=IWRAM 3
mGBA log: DMA test: 3 Imm W +EWRAM/=IWRAM
mGBA log: PASS: 3 Imm W +EWRAM/=IWRAM 3
mGBA log: DMA test: 0 Imm W +EWRAM/=EWRAM
mGBA log: PASS: 0 Imm W +EWRAM/=EWRAM 3
mGBA log: PASS: 0 Imm W +EWRAM/=EWRAM Old 3
mGBA log: DMA test: 1 Imm W +EWRAM/=EWRAM
mGBA log: PASS: 1 Imm W +EWRAM/=EWRAM 3
mGBA log: PASS: 1 Imm W +EWRAM/=EWRAM Old 3
mGBA log: DMA test: 2 Imm W +EWRAM/=EWRAM
mGBA log: PASS: 2 Imm W +EWRAM/=EWRAM 3
mGBA log: PASS: 2 Imm W +EWRAM/=EWRAM Old 3
mGBA log: DMA test: 3 Imm W +EWRAM/=EWRAM
mGBA log: PASS: 3 Imm W +EWRAM/=EWRAM 3
mGBA log: PASS: 3 Imm W +EWRAM/=EWRAM Old 3
mGBA log: DMA test: 0 Imm W +EWRAM/=ROM
mGBA log: PASS: 0 Imm W +EWRAM/=ROM 3
mGBA log: PASS: 0 Imm W +EWRAM/=ROM Old 3
mGBA log: DMA test: 1 Imm W +EWRAM/=ROM
mGBA log: PASS: 1 Imm W +EWRAM/=ROM 3
mGBA log: PASS: 1 Imm W +EWRAM/=ROM Old 3
mGBA log: DMA test: 2 Imm W +EWRAM/=ROM
mGBA log: PASS: 2 Imm W +EWRAM/=ROM 3
mGBA log: PASS: 2 Imm W +EWRAM/=ROM Old 3
mGBA log: DMA test: 3 Imm W +EWRAM/=ROM
mGBA log: PASS: 3 Imm W +EWRAM/=ROM 3
mGBA log: PASS: 3 Imm W +EWRAM/=ROM Old 3
mGBA log: DMA test: 0 Imm W +ROM/=IWRAM
mGBA log: PASS: 0 Imm W +ROM/=IWRAM 3
mGBA log: DMA test: 1 Imm W +ROM/=IWRAM
mGBA log: PASS: 1 Imm W +ROM/=IWRAM 3
mGBA log: DMA test: 2 Imm W +ROM/=IWRAM
mGBA log: PASS: 2 Imm W +ROM/=IWRAM 3
mGBA log: DMA test: 3 Imm W +ROM/=IWRAM
mGBA log: PASS: 3 Imm W +ROM/=IWRAM 3
mGBA log: DMA test: 0 Imm W +ROM/=EWRAM
mGBA log: PASS: 0 Imm W +ROM/=EWRAM 3
mGBA log: PASS: 0 Imm W +ROM/=EWRAM Old 3
mGBA log: DMA test: 1 Imm W +ROM/=EWRAM
mGBA log: PASS: 1 Imm W +ROM/=EWRAM 3
mGBA log: PASS: 1 Imm W +ROM/=EWRAM Old 3
mGBA log: DMA test: 2 Imm W +ROM/=EWRAM
mGBA log: PASS: 2 Imm W +ROM/=EWRAM 3
mGBA log: PASS: 2 Imm W +ROM/=EWRAM Old 3
mGBA log: DMA test: 3 Imm W +ROM/=EWRAM
mGBA log: PASS: 3 Imm W +ROM/=EWRAM 3
mGBA log: PASS: 3 Imm W +ROM/=EWRAM Old 3
mGBA log: DMA test: 0 Imm W +ROM/=ROM
mGBA log: PASS: 0 Imm W +ROM/=ROM 3
mGBA log: PASS: 0 Imm W +ROM/=ROM Old 3
mGBA log: DMA test: 1 Imm W +ROM/=ROM
mGBA log: PASS: 1 Imm W +ROM/=ROM 3
mGBA log: PASS: 1 Imm W +ROM/=ROM Old 3
mGBA log: DMA test: 2 Imm W +ROM/=ROM
mGBA log: PASS: 2 Imm W +ROM/=ROM 3
mGBA log: PASS: 2 Imm W +ROM/=ROM Old 3
mGBA log: DMA test: 3 Imm W +ROM/=ROM
mGBA log: PASS: 3 Imm W +ROM/=ROM 3
mGBA log: PASS: 3 Imm W +ROM/=ROM Old 3
mGBA log: DMA test: 0 Imm W +BIOS/=IWRAM
mGBA log: PASS: 0 Imm W +BIOS/=IWRAM 3
mGBA log: DMA test: 1 Imm W +BIOS/=IWRAM
mGBA log: PASS: 1 Imm W +BIOS/=IWRAM 3
mGBA log: DMA test: 2 Imm W +BIOS/=IWRAM
mGBA log: PASS: 2 Imm W +BIOS/=IWRAM 3
mGBA log: DMA test: 3 Imm W +BIOS/=IWRAM
mGBA log: PASS: 3 Imm W +BIOS/=IWRAM 3
mGBA log: DMA test: 0 Imm W +BIOS/=EWRAM
mGBA log: PASS: 0 Imm W +BIOS/=EWRAM 3
mGBA log: PASS: 0 Imm W +BIOS/=EWRAM Old 3
mGBA log: DMA test: 1 Imm W +BIOS/=EWRAM
mGBA log: PASS: 1 Imm W +BIOS/=EWRAM 3
mGBA log: PASS: 1 Imm W +BIOS/=EWRAM Old 3
mGBA log: DMA test: 2 Imm W +BIOS/=EWRAM
mGBA log: PASS: 2 Imm W +BIOS/=EWRAM 3
mGBA log: PASS: 2 Imm W +BIOS/=EWRAM Old 3
mGBA log: DMA test: 3 Imm W +BIOS/=EWRAM
mGBA log: PASS: 3 Imm W +BIOS/=EWRAM 3
mGBA log: PASS: 3 Imm W +BIOS/=EWRAM Old 3
mGBA log: DMA test: 0 Imm W +BIOS/=ROM
mGBA log: PASS: 0 Imm W +BIOS/=ROM 3
mGBA log: PASS: 0 Imm W +BIOS/=ROM Old 3
mGBA log: DMA test: 1 Imm W +BIOS/=ROM
mGBA log: PASS: 1 Imm W +BIOS/=ROM 3
mGBA log: PASS: 1 Imm W +BIOS/=ROM Old 3
mGBA log: DMA test: 2 Imm W +BIOS/=ROM
mGBA log: PASS: 2 Imm W +BIOS/=ROM 3
mGBA log: PASS: 2 Imm W +BIOS/=ROM Old 3
mGBA log: DMA test: 3 Imm W +BIOS/=ROM
mGBA log: PASS: 3 Imm W +BIOS/=ROM 3
mGBA log: PASS: 3 Imm W +BIOS/=ROM Old 3
mGBA log: DMA test: 0 Imm W +SRAM/=IWRAM
mGBA log: PASS: 0 Imm W +SRAM/=IWRAM 3
mGBA log: DMA test: 1 Imm W +SRAM/=IWRAM
mGBA log: PASS: 1 Imm W +SRAM/=IWRAM 3
mGBA log: DMA test: 2 Imm W +SRAM/=IWRAM
mGBA log: PASS: 2 Imm W +SRAM/=IWRAM 3
mGBA log: DMA test: 3 Imm W +SRAM/=IWRAM
mGBA log: PASS: 3 Imm W +SRAM/=IWRAM 3
mGBA log: DMA test: 0 Imm W +SRAM/=EWRAM
mGBA log: PASS: 0 Imm W +SRAM/=EWRAM 3
mGBA log: PASS: 0 Imm W +SRAM/=EWRAM Old 3
mGBA log: DMA test: 1 Imm W +SRAM/=EWRAM
mGBA log: PASS: 1 Imm W +SRAM/=EWRAM 3
mGBA log: PASS: 1 Imm W +SRAM/=EWRAM Old 3
mGBA log: DMA test: 2 Imm W +SRAM/=EWRAM
mGBA log: PASS: 2 Imm W +SRAM/=EWRAM 3
mGBA log: PASS: 2 Imm W +SRAM/=EWRAM Old 3
mGBA log: DMA test: 3 Imm W +SRAM/=EWRAM
mGBA log: PASS: 3 Imm W +SRAM/=EWRAM 3
mGBA log: PASS: 3 Imm W +SRAM/=EWRAM Old 3
mGBA log: DMA test: 0 Imm W +SRAM/=ROM
mGBA log: PASS: 0 Imm W +SRAM/=ROM 3
mGBA log: PASS: 0 Imm W +SRAM/=ROM Old 3
mGBA log: DMA test: 1 Imm W +SRAM/=ROM
mGBA log: PASS: 1 Imm W +SRAM/=ROM 3
mGBA log: PASS: 1 Imm W +SRAM/=ROM Old 3
mGBA log: DMA test: 2 Imm W +SRAM/=ROM
mGBA log: PASS: 2 Imm W +SRAM/=ROM 3
mGBA log: PASS: 2 Imm W +SRAM/=ROM Old 3
mGBA log: DMA test: 0 Imm H -IWRAM/=IWRAM
mGBA log: PASS: 0 Imm H -IWRAM/=IWRAM 3
mGBA log: DMA test: 1 Imm H -IWRAM/=IWRAM
mGBA log: PASS: 1 Imm H -IWRAM/=IWRAM 3
mGBA log: DMA test: 2 Imm H -IWRAM/=IWRAM
mGBA log: PASS: 2 Imm H -IWRAM/=IWRAM 3
mGBA log: DMA test: 3 Imm H -IWRAM/=IWRAM
mGBA log: PASS: 3 Imm H -IWRAM/=IWRAM 3
mGBA log: DMA test: 0 Imm H -IWRAM/=EWRAM
mGBA log: PASS: 0 Imm H -IWRAM/=EWRAM 3
mGBA log: PASS: 0 Imm H -IWRAM/=EWRAM Old 3
mGBA log: DMA test: 1 Imm H -IWRAM/=EWRAM
mGBA log: PASS: 1 Imm H -IWRAM/=EWRAM 3
mGBA log: PASS: 1 Imm H -IWRAM/=EWRAM Old 3
mGBA log: DMA test: 2 Imm H -IWRAM/=EWRAM
mGBA log: PASS: 2 Imm H -IWRAM/=EWRAM 3
mGBA log: PASS: 2 Imm H -IWRAM/=EWRAM Old 3
mGBA log: DMA test: 3 Imm H -IWRAM/=EWRAM
mGBA log: PASS: 3 Imm H -IWRAM/=EWRAM 3
mGBA log: PASS: 3 Imm H -IWRAM/=EWRAM Old 3
mGBA log: DMA test: 0 Imm H -IWRAM/=ROM
mGBA log: PASS: 0 Imm H -IWRAM/=ROM 3
mGBA log: PASS: 0 Imm H -IWRAM/=ROM Old 3
mGBA log: DMA test: 1 Imm H -IWRAM/=ROM
mGBA log: PASS: 1 Imm H -IWRAM/=ROM 3
mGBA log: PASS: 1 Imm H -IWRAM/=ROM Old 3
mGBA log: DMA test: 2 Imm H -IWRAM/=ROM
mGBA log: PASS: 2 Imm H -IWRAM/=ROM 3
mGBA log: PASS: 2 Imm H -IWRAM/=ROM Old 3
mGBA log: DMA test: 3 Imm H -IWRAM/=ROM
mGBA log: PASS: 3 Imm H -IWRAM/=ROM 3
mGBA log: PASS: 3 Imm H -IWRAM/=ROM Old 3
mGBA log: DMA test: 0 Imm H -EWRAM/=IWRAM
mGBA log: PASS: 0 Imm H -EWRAM/=IWRAM 3
mGBA log: DMA test: 1 Imm H -EWRAM/=IWRAM
mGBA log: PASS: 1 Imm H -EWRAM/=IWRAM 3
mGBA log: DMA test: 2 Imm H -EWRAM/=IWRAM
mGBA log: PASS: 2 Imm H -EWRAM/=IWRAM 3
mGBA log: DMA test: 3 Imm H -EWRAM/=IWRAM
mGBA log: PASS: 3 Imm H -EWRAM/=IWRAM 3
mGBA log: DMA test: 0 Imm H -EWRAM/=EWRAM
mGBA log: PASS: 0 Imm H -EWRAM/=EWRAM 3
mGBA log: PASS: 0 Imm H -EWRAM/=EWRAM Old 3
mGBA log: DMA test: 1 Imm H -EWRAM/=EWRAM
mGBA log: PASS: 1 Imm H -EWRAM/=EWRAM 3
mGBA log: PASS: 1 Imm H -EWRAM/=EWRAM Old 3
mGBA log: DMA test: 2 Imm H -EWRAM/=EWRAM
mGBA log: PASS: 2 Imm H -EWRAM/=EWRAM 3
mGBA log: PASS: 2 Imm H -EWRAM/=EWRAM Old 3
mGBA log: DMA test: 3 Imm H -EWRAM/=EWRAM
mGBA log: PASS: 3 Imm H -EWRAM/=EWRAM 3
mGBA log: PASS: 3 Imm H -EWRAM/=EWRAM Old 3
mGBA log: DMA test: 0 Imm H -EWRAM/=ROM
mGBA log: PASS: 0 Imm H -EWRAM/=ROM 3
mGBA log: PASS: 0 Imm H -EWRAM/=ROM Old 3
mGBA log: DMA test: 1 Imm H -EWRAM/=ROM
mGBA log: PASS: 1 Imm H -EWRAM/=ROM 3
mGBA log: PASS: 1 Imm H -EWRAM/=ROM Old 3
mGBA log: DMA test: 2 Imm H -EWRAM/=ROM
mGBA log: PASS: 2 Imm H -EWRAM/=ROM 3
mGBA log: PASS: 2 Imm H -EWRAM/=ROM Old 3
mGBA log: DMA test: 3 Imm H -EWRAM/=ROM
mGBA log: PASS: 3 Imm H -EWRAM/=ROM 3
mGBA log: PASS: 3 Imm H -EWRAM/=ROM Old 3
mGBA log: DMA test: 0 Imm H -ROM/=IWRAM
mGBA log: PASS: 0 Imm H -ROM/=IWRAM 3
mGBA log: DMA test: 1 Imm H -ROM/=IWRAM
mGBA log: PASS: 1 Imm H -ROM/=IWRAM 3
mGBA log: DMA test: 2 Imm H -ROM/=IWRAM
mGBA log: PASS: 2 Imm H -ROM/=IWRAM 3
mGBA log: DMA test: 3 Imm H -ROM/=IWRAM
mGBA log: PASS: 3 Imm H -ROM/=IWRAM 3
mGBA log: DMA test: 0 Imm H -ROM/=EWRAM
mGBA log: PASS: 0 Imm H -ROM/=EWRAM 3
mGBA log: PASS: 0 Imm H -ROM/=EWRAM Old 3
mGBA log: DMA test: 1 Imm H -ROM/=EWRAM
mGBA log: PASS: 1 Imm H -ROM/=EWRAM 3
mGBA log: PASS: 1 Imm H -ROM/=EWRAM Old 3
mGBA log: DMA test: 2 Imm H -ROM/=EWRAM
mGBA log: PASS: 2 Imm H -ROM/=EWRAM 3
mGBA log: PASS: 2 Imm H -ROM/=EWRAM Old 3
mGBA log: DMA test: 3 Imm H -ROM/=EWRAM
mGBA log: PASS: 3 Imm H -ROM/=EWRAM 3
mGBA log: PASS: 3 Imm H -ROM/=EWRAM Old 3
mGBA log: DMA test: 0 Imm H -ROM/=ROM
mGBA log: PASS: 0 Imm H -ROM/=ROM 3
mGBA log: PASS: 0 Imm H -ROM/=ROM Old 3
mGBA log: DMA test: 1 Imm H -ROM/=ROM
mGBA log: PASS: 1 Imm H -ROM/=ROM 3
mGBA log: PASS: 1 Imm H -ROM/=ROM Old 3
mGBA log: DMA test: 2 Imm H -ROM/=ROM
mGBA log: PASS: 2 Imm H -ROM/=ROM 3
mGBA log: PASS: 2 Imm H -ROM/=ROM Old 3
mGBA log: DMA test: 3 Imm H -ROM/=ROM
mGBA log: PASS: 3 Imm H -ROM/=ROM 3
mGBA log: PASS: 3 Imm H -ROM/=ROM Old 3
mGBA log: DMA test: 0 Imm H -BIOS/=IWRAM
mGBA log: PASS: 0 Imm H -BIOS/=IWRAM 3
mGBA log: DMA test: 1 Imm H -BIOS/=IWRAM
mGBA log: PASS: 1 Imm H -BIOS/=IWRAM 3
mGBA log: DMA test: 2 Imm H -BIOS/=IWRAM
mGBA log: PASS: 2 Imm H -BIOS/=IWRAM 3
mGBA log: DMA test: 3 Imm H -BIOS/=IWRAM
mGBA log: PASS: 3 Imm H -BIOS/=IWRAM 3
mGBA log: DMA test: 0 Imm H -BIOS/=EWRAM
mGBA log: PASS: 0 Imm H -BIOS/=EWRAM 3
mGBA log: PASS: 0 Imm H -BIOS/=EWRAM Old 3
mGBA log: DMA test: 1 Imm H -BIOS/=EWRAM
mGBA log: PASS: 1 Imm H -BIOS/=EWRAM 3
mGBA log: PASS: 1 Imm H -BIOS/=EWRAM Old 3
mGBA log: DMA test: 2 Imm H -BIOS/=EWRAM
mGBA log: PASS: 2 Imm H -BIOS/=EWRAM 3
mGBA log: PASS: 2 Imm H -BIOS/=EWRAM Old 3
mGBA log: DMA test: 3 Imm H -BIOS/=EWRAM
mGBA log: PASS: 3 Imm H -BIOS/=EWRAM 3
mGBA log: PASS: 3 Imm H -BIOS/=EWRAM Old 3
mGBA log: DMA test: 0 Imm H -BIOS/=ROM
mGBA log: PASS: 0 Imm H -BIOS/=ROM 3
mGBA log: PASS: 0 Imm H -BIOS/=ROM Old 3
mGBA log: DMA test: 1 Imm H -BIOS/=ROM
mGBA log: PASS: 1 Imm H -BIOS/=ROM 3
mGBA log: PASS: 1 Imm H -BIOS/=ROM Old 3
mGBA log: DMA test: 2 Imm H -BIOS/=ROM
mGBA log: PASS: 2 Imm H -BIOS/=ROM 3
mGBA log: PASS: 2 Imm H -BIOS/=ROM Old 3
mGBA log: DMA test: 3 Imm H -BIOS/=ROM
mGBA log: PASS: 3 Imm H -BIOS/=ROM 3
mGBA log: PASS: 3 Imm H -BIOS/=ROM Old 3
mGBA log: DMA test: 0 Imm H -SRAM/=IWRAM
mGBA log: PASS: 0 Imm H -SRAM/=IWRAM 3
mGBA log: DMA test: 1 Imm H -SRAM/=IWRAM
mGBA log: PASS: 1 Imm H -SRAM/=IWRAM 3
mGBA log: DMA test: 2 Imm H -SRAM/=IWRAM
mGBA log: PASS: 2 Imm H -SRAM/=IWRAM 3
mGBA log: DMA test: 3 Imm H -SRAM/=IWRAM
mGBA log: PASS: 3 Imm H -SRAM/=IWRAM 3
mGBA log: DMA test: 0 Imm H -SRAM/=EWRAM
mGBA log: PASS: 0 Imm H -SRAM/=EWRAM 3
mGBA log: PASS: 0 Imm H -SRAM/=EWRAM Old 3
mGBA log: DMA test: 1 Imm H -SRAM/=EWRAM
mGBA log: PASS: 1 Imm H -SRAM/=EWRAM 3
mGBA log: PASS: 1 Imm H -SRAM/=EWRAM Old 3
mGBA log: DMA test: 2 Imm H -SRAM/=EWRAM
mGBA log: PASS: 2 Imm H -SRAM/=EWRAM 3
mGBA log: PASS: 2 Imm H -SRAM/=EWRAM Old 3
mGBA log: DMA test: 3 Imm H -SRAM/=EWRAM
mGBA log: PASS: 3 Imm H -SRAM/=EWRAM 3
mGBA log: PASS: 3 Imm H -SRAM/=EWRAM Old 3
mGBA log: DMA test: 0 Imm H -SRAM/=ROM
mGBA log: PASS: 0 Imm H -SRAM/=ROM 3
mGBA log: PASS: 0 Imm H -SRAM/=ROM Old 3
mGBA log: DMA test: 1 Imm H -SRAM/=ROM
mGBA log: PASS: 1 Imm H -SRAM/=ROM 3
mGBA log: PASS: 1 Imm H -SRAM/=ROM Old 3
mGBA log: DMA test: 2 Imm H -SRAM/=ROM
mGBA log: PASS: 2 Imm H -SRAM/=ROM 3
mGBA log: PASS: 2 Imm H -SRAM/=ROM Old 3
mGBA log: DMA test: 0 Imm W -IWRAM/=IWRAM
mGBA log: PASS: 0 Imm W -IWRAM/=IWRAM 3
mGBA log: DMA test: 1 Imm W -IWRAM/=IWRAM
mGBA log: PASS: 1 Imm W -IWRAM/=IWRAM 3
mGBA log: DMA test: 2 Imm W -IWRAM/=IWRAM
mGBA log: PASS: 2 Imm W -IWRAM/=IWRAM 3
mGBA log: DMA test: 3 Imm W -IWRAM/=IWRAM
mGBA log: PASS: 3 Imm W -IWRAM/=IWRAM 3
mGBA log: DMA test: 0 Imm W -IWRAM/=EWRAM
mGBA log: PASS: 0 Imm W -IWRAM/=EWRAM 3
mGBA log: PASS: 0 Imm W -IWRAM/=EWRAM Old 3
mGBA log: DMA test: 1 Imm W -IWRAM/=EWRAM
mGBA log: PASS: 1 Imm W -IWRAM/=EWRAM 3
mGBA log: PASS: 1 Imm W -IWRAM/=EWRAM Old 3
mGBA log: DMA test: 2 Imm W -IWRAM/=EWRAM
mGBA log: PASS: 2 Imm W -IWRAM/=EWRAM 3
mGBA log: PASS: 2 Imm W -IWRAM/=EWRAM Old 3
mGBA log: DMA test: 3 Imm W -IWRAM/=EWRAM
mGBA log: PASS: 3 Imm W -IWRAM/=EWRAM 3
mGBA log: PASS: 3 Imm W -IWRAM/=EWRAM Old 3
mGBA log: DMA test: 0 Imm W -IWRAM/=ROM
mGBA log: PASS: 0 Imm W -IWRAM/=ROM 3
mGBA log: PASS: 0 Imm W -IWRAM/=ROM Old 3
mGBA log: DMA test: 1 Imm W -IWRAM/=ROM
mGBA log: PASS: 1 Imm W -IWRAM/=ROM 3
mGBA log: PASS: 1 Imm W -IWRAM/=ROM Old 3
mGBA log: DMA test: 2 Imm W -IWRAM/=ROM
mGBA log: PASS: 2 Imm W -IWRAM/=ROM 3
mGBA log: PASS: 2 Imm W -IWRAM/=ROM Old 3
mGBA log: DMA test: 3 Imm W -IWRAM/=ROM
mGBA log: PASS: 3 Imm W -IWRAM/=ROM 3
mGBA log: PASS: 3 Imm W -IWRAM/=ROM Old 3
mGBA log: DMA test: 0 Imm W -EWRAM/=IWRAM
mGBA log: PASS: 0 Imm W -EWRAM/=IWRAM 3
mGBA log: DMA test: 1 Imm W -EWRAM/=IWRAM
mGBA log: PASS: 1 Imm W -EWRAM/=IWRAM 3
mGBA log: DMA test: 2 Imm W -EWRAM/=IWRAM
mGBA log: PASS: 2 Imm W -EWRAM/=IWRAM 3
mGBA log: DMA test: 3 Imm W -EWRAM/=IWRAM
mGBA log: PASS: 3 Imm W -EWRAM/=IWRAM 3
mGBA log: DMA test: 0 Imm W -EWRAM/=EWRAM
mGBA log: PASS: 0 Imm W -EWRAM/=EWRAM 3
mGBA log: PASS: 0 Imm W -EWRAM/=EWRAM Old 3
mGBA log: DMA test: 1 Imm W -EWRAM/=EWRAM
mGBA log: PASS: 1 Imm W -EWRAM/=EWRAM 3
mGBA log: PASS: 1 Imm W -EWRAM/=EWRAM Old 3
mGBA log: DMA test: 2 Imm W -EWRAM/=EWRAM
mGBA log: PASS: 2 Imm W -EWRAM/=EWRAM 3
mGBA log: PASS: 2 Imm W -EWRAM/=EWRAM Old 3
mGBA log: DMA test: 3 Imm W -EWRAM/=EWRAM
mGBA log: PASS: 3 Imm W -EWRAM/=EWRAM 3
mGBA log: PASS: 3 Imm W -EWRAM/=EWRAM Old 3
mGBA log: DMA test: 0 Imm W -EWRAM/=ROM
mGBA log: PASS: 0 Imm W -EWRAM/=ROM 3
mGBA log: PASS: 0 Imm W -EWRAM/=ROM Old 3
mGBA log: DMA test: 1 Imm W -EWRAM/=ROM
mGBA log: PASS: 1 Imm W -EWRAM/=ROM 3
mGBA log: PASS: 1 Imm W -EWRAM/=ROM Old 3
mGBA log: DMA test: 2 Imm W -EWRAM/=ROM
mGBA log: PASS: 2 Imm W -EWRAM/=ROM 3
mGBA log: PASS: 2 Imm W -EWRAM/=ROM Old 3
mGBA log: DMA test: 3 Imm W -EWRAM/=ROM
mGBA log: PASS: 3 Imm W -EWRAM/=ROM 3
mGBA log: PASS: 3 Imm W -EWRAM/=ROM Old 3
mGBA log: DMA test: 0 Imm W -ROM/=IWRAM
mGBA log: PASS: 0 Imm W -ROM/=IWRAM 3
mGBA log: DMA test: 1 Imm W -ROM/=IWRAM
mGBA log: PASS: 1 Imm W -ROM/=IWRAM 3
mGBA log: DMA test: 2 Imm W -ROM/=IWRAM
mGBA log: PASS: 2 Imm W -ROM/=IWRAM 3
mGBA log: DMA test: 3 Imm W -ROM/=IWRAM
mGBA log: PASS: 3 Imm W -ROM/=IWRAM 3
mGBA log: DMA test: 0 Imm W -ROM/=EWRAM
mGBA log: PASS: 0 Imm W -ROM/=EWRAM 3
mGBA log: PASS: 0 Imm W -ROM/=EWRAM Old 3
mGBA log: DMA test: 1 Imm W -ROM/=EWRAM
mGBA log: PASS: 1 Imm W -ROM/=EWRAM 3
mGBA log: PASS: 1 Imm W -ROM/=EWRAM Old 3
mGBA log: DMA test: 2 Imm W -ROM/=EWRAM
mGBA log: PASS: 2 Imm W -ROM/=EWRAM 3
mGBA log: PASS: 2 Imm W -ROM/=EWRAM Old 3
mGBA log: DMA test: 3 Imm W -ROM/=EWRAM
mGBA log: PASS: 3 Imm W -ROM/=EWRAM 3
mGBA log: PASS: 3 Imm W -ROM/=EWRAM Old 3
mGBA log: DMA test: 0 Imm W -ROM/=ROM
mGBA log: PASS: 0 Imm W -ROM/=ROM 3
mGBA log: PASS: 0 Imm W -ROM/=ROM Old 3
mGBA log: DMA test: 1 Imm W -ROM/=ROM
mGBA log: PASS: 1 Imm W -ROM/=ROM 3
mGBA log: PASS: 1 Imm W -ROM/=ROM Old 3
mGBA log: DMA test: 2 Imm W -ROM/=ROM
mGBA log: PASS: 2 Imm W -ROM/=ROM 3
mGBA log: PASS: 2 Imm W -ROM/=ROM Old 3
mGBA log: DMA test: 3 Imm W -ROM/=ROM
mGBA log: PASS: 3 Imm W -ROM/=ROM 3
mGBA log: PASS: 3 Imm W -ROM/=ROM Old 3
mGBA log: DMA test: 0 Imm W -BIOS/=IWRAM
mGBA log: PASS: 0 Imm W -BIOS/=IWRAM 3
mGBA log: DMA test: 1 Imm W -BIOS/=IWRAM
mGBA log: PASS: 1 Imm W -BIOS/=IWRAM 3
mGBA log: DMA test: 2 Imm W -BIOS/=IWRAM
mGBA log: PASS: 2 Imm W -BIOS/=IWRAM 3
mGBA log: DMA test: 3 Imm W -BIOS/=IWRAM
mGBA log: PASS: 3 Imm W -BIOS/=IWRAM 3
mGBA log: DMA test: 0 Imm W -BIOS/=EWRAM
mGBA log: PASS: 0 Imm W -BIOS/=EWRAM 3
mGBA log: PASS: 0 Imm W -BIOS/=EWRAM Old 3
mGBA log: DMA test: 1 Imm W -BIOS/=EWRAM
mGBA log: PASS: 1 Imm W -BIOS/=EWRAM 3
mGBA log: PASS: 1 Imm W -BIOS/=EWRAM Old 3
mGBA log: DMA test: 2 Imm W -BIOS/=EWRAM
mGBA log: PASS: 2 Imm W -BIOS/=EWRAM 3
mGBA log: PASS: 2 Imm W -BIOS/=EWRAM Old 3
mGBA log: DMA test: 3 Imm W -BIOS/=EWRAM
mGBA log: PASS: 3 Imm W -BIOS/=EWRAM 3
mGBA log: PASS: 3 Imm W -BIOS/=EWRAM Old 3
mGBA log: DMA test: 0 Imm W -BIOS/=ROM
mGBA log: PASS: 0 Imm W -BIOS/=ROM 3
mGBA log: PASS: 0 Imm W -BIOS/=ROM Old 3
mGBA log: DMA test: 1 Imm W -BIOS/=ROM
mGBA log: PASS: 1 Imm W -BIOS/=ROM 3
mGBA log: PASS: 1 Imm W -BIOS/=ROM Old 3
mGBA log: DMA test: 2 Imm W -BIOS/=ROM
mGBA log: PASS: 2 Imm W -BIOS/=ROM 3
mGBA log: PASS: 2 Imm W -BIOS/=ROM Old 3
mGBA log: DMA test: 3 Imm W -BIOS/=ROM
mGBA log: PASS: 3 Imm W -BIOS/=ROM 3
mGBA log: PASS: 3 Imm W -BIOS/=ROM Old 3
mGBA log: DMA test: 0 Imm W -SRAM/=IWRAM
mGBA log: PASS: 0 Imm W -SRAM/=IWRAM 3
mGBA log: DMA test: 1 Imm W -SRAM/=IWRAM
mGBA log: PASS: 1 Imm W -SRAM/=IWRAM 3
mGBA log: DMA test: 2 Imm W -SRAM/=IWRAM
mGBA log: PASS: 2 Imm W -SRAM/=IWRAM 3
mGBA log: DMA test: 3 Imm W -SRAM/=IWRAM
mGBA log: PASS: 3 Imm W -SRAM/=IWRAM 3
mGBA log: DMA test: 0 Imm W -SRAM/=EWRAM
mGBA log: PASS: 0 Imm W -SRAM/=EWRAM 3
mGBA log: PASS: 0 Imm W -SRAM/=EWRAM Old 3
mGBA log: DMA test: 1 Imm W -SRAM/=EWRAM
mGBA log: PASS: 1 Imm W -SRAM/=EWRAM 3
mGBA log: PASS: 1 Imm W -SRAM/=EWRAM Old 3
mGBA log: DMA test: 2 Imm W -SRAM/=EWRAM
mGBA log: PASS: 2 Imm W -SRAM/=EWRAM 3
mGBA log: PASS: 2 Imm W -SRAM/=EWRAM Old 3
mGBA log: DMA test: 3 Imm W -SRAM/=EWRAM
mGBA log: PASS: 3 Imm W -SRAM/=EWRAM 3
mGBA log: PASS: 3 Imm W -SRAM/=EWRAM Old 3
mGBA log: DMA test: 0 Imm W -SRAM/=ROM
mGBA log: PASS: 0 Imm W -SRAM/=ROM 3
mGBA log: PASS: 0 Imm W -SRAM/=ROM Old 3
mGBA log: DMA test: 1 Imm W -SRAM/=ROM
mGBA log: PASS: 1 Imm W -SRAM/=ROM 3
mGBA log: PASS: 1 Imm W -SRAM/=ROM Old 3
mGBA log: DMA test: 2 Imm W -SRAM/=ROM
mGBA log: PASS: 2 Imm W -SRAM/=ROM 3
mGBA log: PASS: 2 Imm W -SRAM/=ROM Old 3
mGBA log: DMA test: 0 HBl H =IWRAM/=IWRAM
mGBA log: PASS: 0 HBl H =IWRAM/=IWRAM 3
mGBA log: DMA test: 1 HBl H =IWRAM/=IWRAM
mGBA log: PASS: 1 HBl H =IWRAM/=IWRAM 3
mGBA log: DMA test: 2 HBl H =IWRAM/=IWRAM
mGBA log: PASS: 2 HBl H =IWRAM/=IWRAM 3
mGBA log: DMA test: 3 HBl H =IWRAM/=IWRAM
mGBA log: PASS: 3 HBl H =IWRAM/=IWRAM 3
mGBA log: DMA test: 0 HBl H =IWRAM/=EWRAM
mGBA log: PASS: 0 HBl H =IWRAM/=EWRAM 3
mGBA log: PASS: 0 HBl H =IWRAM/=EWRAM Old 3
mGBA log: DMA test: 1 HBl H =IWRAM/=EWRAM
mGBA log: PASS: 1 HBl H =IWRAM/=EWRAM 3
mGBA log: PASS: 1 HBl H =IWRAM/=EWRAM Old 3
mGBA log: DMA test: 2 HBl H =IWRAM/=EWRAM
mGBA log: PASS: 2 HBl H =IWRAM/=EWRAM 3
mGBA log: PASS: 2 HBl H =IWRAM/=EWRAM Old 3
mGBA log: DMA test: 3 HBl H =IWRAM/=EWRAM
mGBA log: PASS: 3 HBl H =IWRAM/=EWRAM 3
mGBA log: PASS: 3 HBl H =IWRAM/=EWRAM Old 3
mGBA log: DMA test: 0 HBl H =IWRAM/=ROM
mGBA log: PASS: 0 HBl H =IWRAM/=ROM 3
mGBA log: PASS: 0 HBl H =IWRAM/=ROM Old 3
mGBA log: DMA test: 1 HBl H =IWRAM/=ROM
mGBA log: PASS: 1 HBl H =IWRAM/=ROM 3
mGBA log: PASS: 1 HBl H =IWRAM/=ROM Old 3
mGBA log: DMA test: 2 HBl H =IWRAM/=ROM
mGBA log: PASS: 2 HBl H =IWRAM/=ROM 3
mGBA log: PASS: 2 HBl H =IWRAM/=ROM Old 3
mGBA log: DMA test: 3 HBl H =IWRAM/=ROM
mGBA log: PASS: 3 HBl H =IWRAM/=ROM 3
mGBA log: PASS: 3 HBl H =IWRAM/=ROM Old 3
mGBA log: DMA test: 0 HBl H =EWRAM/=IWRAM
mGBA log: PASS: 0 HBl H =EWRAM/=IWRAM 3
mGBA log: DMA test: 1 HBl H =EWRAM/=IWRAM
mGBA log: PASS: 1 HBl H =EWRAM/=IWRAM 3
mGBA log: DMA test: 2 HBl H =EWRAM/=IWRAM
mGBA log: PASS: 2 HBl H =EWRAM/=IWRAM 3
mGBA log: DMA test: 3 HBl H =EWRAM/=IWRAM
mGBA log: PASS: 3 HBl H =EWRAM/=IWRAM 3
mGBA log: DMA test: 0 HBl H =EWRAM/=EWRAM
mGBA log: PASS: 0 HBl H =EWRAM/=EWRAM 3
mGBA log: PASS: 0 HBl H =EWRAM/=EWRAM Old 3
mGBA log: DMA test: 1 HBl H =EWRAM/=EWRAM
mGBA log: PASS: 1 HBl H =EWRAM/=EWRAM 3
mGBA log: PASS: 1 HBl H =EWRAM/=EWRAM Old 3
mGBA log: DMA test: 2 HBl H =EWRAM/=EWRAM
mGBA log: PASS: 2 HBl H =EWRAM/=EWRAM 3
mGBA log: PASS: 2 HBl H =EWRAM/=EWRAM Old 3
mGBA log: DMA test: 3 HBl H =EWRAM/=EWRAM
mGBA log: PASS: 3 HBl H =EWRAM/=EWRAM 3
mGBA log: PASS: 3 HBl H =EWRAM/=EWRAM Old 3
mGBA log: DMA test: 0 HBl H =EWRAM/=ROM
mGBA log: PASS: 0 HBl H =EWRAM/=ROM 3
mGBA log: PASS: 0 HBl H =EWRAM/=ROM Old 3
mGBA log: DMA test: 1 HBl H =EWRAM/=ROM
mGBA log: PASS: 1 HBl H =EWRAM/=ROM 3
mGBA log: PASS: 1 HBl H =EWRAM/=ROM Old 3
mGBA log: DMA test: 2 HBl H =EWRAM/=ROM
mGBA log: PASS: 2 HBl H =EWRAM/=ROM 3
mGBA log: PASS: 2 HBl H =EWRAM/=ROM Old 3
mGBA log: DMA test: 3 HBl H =EWRAM/=ROM
mGBA log: PASS: 3 HBl H =EWRAM/=ROM 3
mGBA log: PASS: 3 HBl H =EWRAM/=ROM Old 3
mGBA log: DMA test: 0 HBl H =ROM/=IWRAM
mGBA log: PASS: 0 HBl H =ROM/=IWRAM 3
mGBA log: DMA test: 1 HBl H =ROM/=IWRAM
mGBA log: PASS: 1 HBl H =ROM/=IWRAM 3
mGBA log: DMA test: 2 HBl H =ROM/=IWRAM
mGBA log: PASS: 2 HBl H =ROM/=IWRAM 3
mGBA log: DMA test: 3 HBl H =ROM/=IWRAM
mGBA log: PASS: 3 HBl H =ROM/=IWRAM 3
mGBA log: DMA test: 0 HBl H =ROM/=EWRAM
mGBA log: PASS: 0 HBl H =ROM/=EWRAM 3
mGBA log: PASS: 0 HBl H =ROM/=EWRAM Old 3
mGBA log: DMA test: 1 HBl H =ROM/=EWRAM
mGBA log: PASS: 1 HBl H =ROM/=EWRAM 3
mGBA log: PASS: 1 HBl H =ROM/=EWRAM Old 3
mGBA log: DMA test: 2 HBl H =ROM/=EWRAM
mGBA log: PASS: 2 HBl H =ROM/=EWRAM 3
mGBA log: PASS: 2 HBl H =ROM/=EWRAM Old 3
mGBA log: DMA test: 3 HBl H =ROM/=EWRAM
mGBA log: PASS: 3 HBl H =ROM/=EWRAM 3
mGBA log: PASS: 3 HBl H =ROM/=EWRAM Old 3
mGBA log: DMA test: 0 HBl H =ROM/=ROM
mGBA log: PASS: 0 HBl H =ROM/=ROM 3
mGBA log: PASS: 0 HBl H =ROM/=ROM Old 3
mGBA log: DMA test: 1 HBl H =ROM/=ROM
mGBA log: PASS: 1 HBl H =ROM/=ROM 3
mGBA log: PASS: 1 HBl H =ROM/=ROM Old 3
mGBA log: DMA test: 2 HBl H =ROM/=ROM
mGBA log: PASS: 2 HBl H =ROM/=ROM 3
mGBA log: PASS: 2 HBl H =ROM/=ROM Old 3
mGBA log: DMA test: 3 HBl H =ROM/=ROM
mGBA log: PASS: 3 HBl H =ROM/=ROM 3
mGBA log: PASS: 3 HBl H =ROM/=ROM Old 3
mGBA log: DMA test: 0 HBl H =BIOS/=IWRAM
mGBA log: PASS: 0 HBl H =BIOS/=IWRAM 3
mGBA log: DMA test: 1 HBl H =BIOS/=IWRAM
mGBA log: PASS: 1 HBl H =BIOS/=IWRAM 3
mGBA log: DMA test: 2 HBl H =BIOS/=IWRAM
mGBA log: PASS: 2 HBl H =BIOS/=IWRAM 3
mGBA log: DMA test: 3 HBl H =BIOS/=IWRAM
mGBA log: PASS: 3 HBl H =BIOS/=IWRAM 3
mGBA log: DMA test: 0 HBl H =BIOS/=EWRAM
mGBA log: PASS: 0 HBl H =BIOS/=EWRAM 3
mGBA log: PASS: 0 HBl H =BIOS/=EWRAM Old 3
mGBA log: DMA test: 1 HBl H =BIOS/=EWRAM
mGBA log: PASS: 1 HBl H =BIOS/=EWRAM 3
mGBA log: PASS: 1 HBl H =BIOS/=EWRAM Old 3
mGBA log: DMA test: 2 HBl H =BIOS/=EWRAM
mGBA log: PASS: 2 HBl H =BIOS/=EWRAM 3
mGBA log: PASS: 2 HBl H =BIOS/=EWRAM Old 3
mGBA log: DMA test: 3 HBl H =BIOS/=EWRAM
mGBA log: PASS: 3 HBl H =BIOS/=EWRAM 3
mGBA log: PASS: 3 HBl H =BIOS/=EWRAM Old 3
mGBA log: DMA test: 0 HBl H =BIOS/=ROM
mGBA log: PASS: 0 HBl H =BIOS/=ROM 3
mGBA log: PASS: 0 HBl H =BIOS/=ROM Old 3
mGBA log: DMA test: 1 HBl H =BIOS/=ROM
mGBA log: PASS: 1 HBl H =BIOS/=ROM 3
mGBA log: PASS: 1 HBl H =BIOS/=ROM Old 3
mGBA log: DMA test: 2 HBl H =BIOS/=ROM
mGBA log: PASS: 2 HBl H =BIOS/=ROM 3
mGBA log: PASS: 2 HBl H =BIOS/=ROM Old 3
mGBA log: DMA test: 3 HBl H =BIOS/=ROM
mGBA log: PASS: 3 HBl H =BIOS/=ROM 3
mGBA log: PASS: 3 HBl H =BIOS/=ROM Old 3
mGBA log: DMA test: 0 HBl H =SRAM/=IWRAM
mGBA log: PASS: 0 HBl H =SRAM/=IWRAM 3
mGBA log: DMA test: 1 HBl H =SRAM/=IWRAM
mGBA log: PASS: 1 HBl H =SRAM/=IWRAM 3
mGBA log: DMA test: 2 HBl H =SRAM/=IWRAM
mGBA log: PASS: 2 HBl H =SRAM/=IWRAM 3
mGBA log: DMA test: 3 HBl H =SRAM/=IWRAM
mGBA log: PASS: 3 HBl H =SRAM/=IWRAM 3
mGBA log: DMA test: 0 HBl H =SRAM/=EWRAM
mGBA log: PASS: 0 HBl H =SRAM/=EWRAM 3
mGBA log: PASS: 0 HBl H =SRAM/=EWRAM Old 3
mGBA log: DMA test: 1 HBl H =SRAM/=EWRAM
mGBA log: PASS: 1 HBl H =SRAM/=EWRAM 3
mGBA log: PASS: 1 HBl H =SRAM/=EWRAM Old 3
mGBA log: DMA test: 2 HBl H =SRAM/=EWRAM
mGBA log: PASS: 2 HBl H =SRAM/=EWRAM 3
mGBA log: PASS: 2 HBl H =SRAM/=EWRAM Old 3
mGBA log: DMA test: 3 HBl H =SRAM/=EWRAM
mGBA log: PASS: 3 HBl H =SRAM/=EWRAM 3
mGBA log: PASS: 3 HBl H =SRAM/=EWRAM Old 3
mGBA log: DMA test: 0 HBl H =SRAM/=ROM
mGBA log: PASS: 0 HBl H =SRAM/=ROM 3
mGBA log: PASS: 0 HBl H =SRAM/=ROM Old 3
mGBA log: DMA test: 1 HBl H =SRAM/=ROM
mGBA log: PASS: 1 HBl H =SRAM/=ROM 3
mGBA log: PASS: 1 HBl H =SRAM/=ROM Old 3
mGBA log: DMA test: 2 HBl H =SRAM/=ROM
mGBA log: PASS: 2 HBl H =SRAM/=ROM 3
mGBA log: PASS: 2 HBl H =SRAM/=ROM Old 3
mGBA log: DMA test: 0 HBl W =IWRAM/=IWRAM
mGBA log: PASS: 0 HBl W =IWRAM/=IWRAM 3
mGBA log: DMA test: 1 HBl W =IWRAM/=IWRAM
mGBA log: PASS: 1 HBl W =IWRAM/=IWRAM 3
mGBA log: DMA test: 2 HBl W =IWRAM/=IWRAM
mGBA log: PASS: 2 HBl W =IWRAM/=IWRAM 3
mGBA log: DMA test: 3 HBl W =IWRAM/=IWRAM
mGBA log: PASS: 3 HBl W =IWRAM/=IWRAM 3
mGBA log: DMA test: 0 HBl W =IWRAM/=EWRAM
mGBA log: PASS: 0 HBl W =IWRAM/=EWRAM 3
mGBA log: PASS: 0 HBl W =IWRAM/=EWRAM Old 3
mGBA log: DMA test: 1 HBl W =IWRAM/=EWRAM
mGBA log: PASS: 1 HBl W =IWRAM/=EWRAM 3
mGBA log: PASS: 1 HBl W =IWRAM/=EWRAM Old 3
mGBA log: DMA test: 2 HBl W =IWRAM/=EWRAM
mGBA log: PASS: 2 HBl W =IWRAM/=EWRAM 3
mGBA log: PASS: 2 HBl W =IWRAM/=EWRAM Old 3
mGBA log: DMA test: 3 HBl W =IWRAM/=EWRAM
mGBA log: PASS: 3 HBl W =IWRAM/=EWRAM 3
mGBA log: PASS: 3 HBl W =IWRAM/=EWRAM Old 3
mGBA log: DMA test: 0 HBl W =IWRAM/=ROM
mGBA log: PASS: 0 HBl W =IWRAM/=ROM 3
mGBA log: PASS: 0 HBl W =IWRAM/=ROM Old 3
mGBA log: DMA test: 1 HBl W =IWRAM/=ROM
mGBA log: PASS: 1 HBl W =IWRAM/=ROM 3
mGBA log: PASS: 1 HBl W =IWRAM/=ROM Old 3
mGBA log: DMA test: 2 HBl W =IWRAM/=ROM
mGBA log: PASS: 2 HBl W =IWRAM/=ROM 3
mGBA log: PASS: 2 HBl W =IWRAM/=ROM Old 3
mGBA log: DMA test: 3 HBl W =IWRAM/=ROM
mGBA log: PASS: 3 HBl W =IWRAM/=ROM 3
mGBA log: PASS: 3 HBl W =IWRAM/=ROM Old 3
mGBA log: DMA test: 0 HBl W =EWRAM/=IWRAM
mGBA log: PASS: 0 HBl W =EWRAM/=IWRAM 3
mGBA log: DMA test: 1 HBl W =EWRAM/=IWRAM
mGBA log: PASS: 1 HBl W =EWRAM/=IWRAM 3
mGBA log: DMA test: 2 HBl W =EWRAM/=IWRAM
mGBA log: PASS: 2 HBl W =EWRAM/=IWRAM 3
mGBA log: DMA test: 3 HBl W =EWRAM/=IWRAM
mGBA log: PASS: 3 HBl W =EWRAM/=IWRAM 3
mGBA log: DMA test: 0 HBl W =EWRAM/=EWRAM
mGBA log: PASS: 0 HBl W =EWRAM/=EWRAM 3
mGBA log: PASS: 0 HBl W =EWRAM/=EWRAM Old 3
mGBA log: DMA test: 1 HBl W =EWRAM/=EWRAM
mGBA log: PASS: 1 HBl W =EWRAM/=EWRAM 3
mGBA log: PASS: 1 HBl W =EWRAM/=EWRAM Old 3
mGBA log: DMA test: 2 HBl W =EWRAM/=EWRAM
mGBA log: PASS: 2 HBl W =EWRAM/=EWRAM 3
mGBA log: PASS: 2 HBl W =EWRAM/=EWRAM Old 3
mGBA log: DMA test: 3 HBl W =EWRAM/=EWRAM
mGBA log: PASS: 3 HBl W =EWRAM/=EWRAM 3
mGBA log: PASS: 3 HBl W =EWRAM/=EWRAM Old 3
mGBA log: DMA test: 0 HBl W =EWRAM/=ROM
mGBA log: PASS: 0 HBl W =EWRAM/=ROM 3
mGBA log: PASS: 0 HBl W =EWRAM/=ROM Old 3
mGBA log: DMA test: 1 HBl W =EWRAM/=ROM
mGBA log: PASS: 1 HBl W =EWRAM/=ROM 3
mGBA log: PASS: 1 HBl W =EWRAM/=ROM Old 3
mGBA log: DMA test: 2 HBl W =EWRAM/=ROM
mGBA log: PASS: 2 HBl W =EWRAM/=ROM 3
mGBA log: PASS: 2 HBl W =EWRAM/=ROM Old 3
mGBA log: DMA test: 3 HBl W =EWRAM/=ROM
mGBA log: PASS: 3 HBl W =EWRAM/=ROM 3
mGBA log: PASS: 3 HBl W =EWRAM/=ROM Old 3
mGBA log: DMA test: 0 HBl W =ROM/=IWRAM
mGBA log: PASS: 0 HBl W =ROM/=IWRAM 3
mGBA log: DMA test: 1 HBl W =ROM/=IWRAM
mGBA log: PASS: 1 HBl W =ROM/=IWRAM 3
mGBA log: DMA test: 2 HBl W =ROM/=IWRAM
mGBA log: PASS: 2 HBl W =ROM/=IWRAM 3
mGBA log: DMA test: 3 HBl W =ROM/=IWRAM
mGBA log: PASS: 3 HBl W =ROM/=IWRAM 3
mGBA log: DMA test: 0 HBl W =ROM/=EWRAM
mGBA log: PASS: 0 HBl W =ROM/=EWRAM 3
mGBA log: PASS: 0 HBl W =ROM/=EWRAM Old 3
mGBA log: DMA test: 1 HBl W =ROM/=EWRAM
mGBA log: PASS: 1 HBl W =ROM/=EWRAM 3
mGBA log: PASS: 1 HBl W =ROM/=EWRAM Old 3
mGBA log: DMA test: 2 HBl W =ROM/=EWRAM
mGBA log: PASS: 2 HBl W =ROM/=EWRAM 3
mGBA log: PASS: 2 HBl W =ROM/=EWRAM Old 3
mGBA log: DMA test: 3 HBl W =ROM/=EWRAM
mGBA log: PASS: 3 HBl W =ROM/=EWRAM 3
mGBA log: PASS: 3 HBl W =ROM/=EWRAM Old 3
mGBA log: DMA test: 0 HBl W =ROM/=ROM
mGBA log: PASS: 0 HBl W =ROM/=ROM 3
mGBA log: PASS: 0 HBl W =ROM/=ROM Old 3
mGBA log: DMA test: 1 HBl W =ROM/=ROM
mGBA log: PASS: 1 HBl W =ROM/=ROM 3
mGBA log: PASS: 1 HBl W =ROM/=ROM Old 3
mGBA log: DMA test: 2 HBl W =ROM/=ROM
mGBA log: PASS: 2 HBl W =ROM/=ROM 3
mGBA log: PASS: 2 HBl W =ROM/=ROM Old 3
mGBA log: DMA test: 3 HBl W =ROM/=ROM
mGBA log: PASS: 3 HBl W =ROM/=ROM 3
mGBA log: PASS: 3 HBl W =ROM/=ROM Old 3
mGBA log: DMA test: 0 HBl W =BIOS/=IWRAM
mGBA log: PASS: 0 HBl W =BIOS/=IWRAM 3
mGBA log: DMA test: 1 HBl W =BIOS/=IWRAM
mGBA log: PASS: 1 HBl W =BIOS/=IWRAM 3
mGBA log: DMA test: 2 HBl W =BIOS/=IWRAM
mGBA log: PASS: 2 HBl W =BIOS/=IWRAM 3
mGBA log: DMA test: 3 HBl W =BIOS/=IWRAM
mGBA log: PASS: 3 HBl W =BIOS/=IWRAM 3
mGBA log: DMA test: 0 HBl W =BIOS/=EWRAM
mGBA log: PASS: 0 HBl W =BIOS/=EWRAM 3
mGBA log: PASS: 0 HBl W =BIOS/=EWRAM Old 3
mGBA log: DMA test: 1 HBl W =BIOS/=EWRAM
mGBA log: PASS: 1 HBl W =BIOS/=EWRAM 3
mGBA log: PASS: 1 HBl W =BIOS/=EWRAM Old 3
mGBA log: DMA test: 2 HBl W =BIOS/=EWRAM
mGBA log: PASS: 2 HBl W =BIOS/=EWRAM 3
mGBA log: PASS: 2 HBl W =BIOS/=EWRAM Old 3
mGBA log: DMA test: 3 HBl W =BIOS/=EWRAM
mGBA log: PASS: 3 HBl W =BIOS/=EWRAM 3
mGBA log: PASS: 3 HBl W =BIOS/=EWRAM Old 3
mGBA log: DMA test: 0 HBl W =BIOS/=ROM
mGBA log: PASS: 0 HBl W =BIOS/=ROM 3
mGBA log: PASS: 0 HBl W =BIOS/=ROM Old 3
mGBA log: DMA test: 1 HBl W =BIOS/=ROM
mGBA log: PASS: 1 HBl W =BIOS/=ROM 3
mGBA log: PASS: 1 HBl W =BIOS/=ROM Old 3
mGBA log: DMA test: 2 HBl W =BIOS/=ROM
mGBA log: PASS: 2 HBl W =BIOS/=ROM 3
mGBA log: PASS: 2 HBl W =BIOS/=ROM Old 3
mGBA log: DMA test: 3 HBl W =BIOS/=ROM
mGBA log: PASS: 3 HBl W =BIOS/=ROM 3
mGBA log: PASS: 3 HBl W =BIOS/=ROM Old 3
mGBA log: DMA test: 0 HBl W =SRAM/=IWRAM
mGBA log: PASS: 0 HBl W =SRAM/=IWRAM 3
mGBA log: DMA test: 1 HBl W =SRAM/=IWRAM
mGBA log: PASS: 1 HBl W =SRAM/=IWRAM 3
mGBA log: DMA test: 2 HBl W =SRAM/=IWRAM
mGBA log: PASS: 2 HBl W =SRAM/=IWRAM 3
mGBA log: DMA test: 3 HBl W =SRAM/=IWRAM
mGBA log: PASS: 3 HBl W =SRAM/=IWRAM 3
mGBA log: DMA test: 0 HBl W =SRAM/=EWRAM
mGBA log: PASS: 0 HBl W =SRAM/=EWRAM 3
mGBA log: PASS: 0 HBl W =SRAM/=EWRAM Old 3
mGBA log: DMA test: 1 HBl W =SRAM/=EWRAM
mGBA log: PASS: 1 HBl W =SRAM/=EWRAM 3
mGBA log: PASS: 1 HBl W =SRAM/=EWRAM Old 3
mGBA log: DMA test: 2 HBl W =SRAM/=EWRAM
mGBA log: PASS: 2 HBl W =SRAM/=EWRAM 3
mGBA log: PASS: 2 HBl W =SRAM/=EWRAM Old 3
mGBA log: DMA test: 3 HBl W =SRAM/=EWRAM
mGBA log: PASS: 3 HBl W =SRAM/=EWRAM 3
mGBA log: PASS: 3 HBl W =SRAM/=EWRAM Old 3
mGBA log: DMA test: 0 HBl W =SRAM/=ROM
mGBA log: PASS: 0 HBl W =SRAM/=ROM 3
mGBA log: PASS: 0 HBl W =SRAM/=ROM Old 3
mGBA log: DMA test: 1 HBl W =SRAM/=ROM
mGBA log: PASS: 1 HBl W =SRAM/=ROM 3
mGBA log: PASS: 1 HBl W =SRAM/=ROM Old 3
mGBA log: DMA test: 2 HBl W =SRAM/=ROM
mGBA log: PASS: 2 HBl W =SRAM/=ROM 3
mGBA log: PASS: 2 HBl W =SRAM/=ROM Old 3
mGBA log: DMA test: 0 HBl H +IWRAM/=IWRAM
mGBA log: PASS: 0 HBl H +IWRAM/=IWRAM 3
mGBA log: DMA test: 1 HBl H +IWRAM/=IWRAM
mGBA log: PASS: 1 HBl H +IWRAM/=IWRAM 3
mGBA log: DMA test: 2 HBl H +IWRAM/=IWRAM
mGBA log: PASS: 2 HBl H +IWRAM/=IWRAM 3
mGBA log: DMA test: 3 HBl H +IWRAM/=IWRAM
mGBA log: PASS: 3 HBl H +IWRAM/=IWRAM 3
mGBA log: DMA test: 0 HBl H +IWRAM/=EWRAM
mGBA log: PASS: 0 HBl H +IWRAM/=EWRAM 3
mGBA log: PASS: 0 HBl H +IWRAM/=EWRAM Old 3
mGBA log: DMA test: 1 HBl H +IWRAM/=EWRAM
mGBA log: PASS: 1 HBl H +IWRAM/=EWRAM 3
mGBA log: PASS: 1 HBl H +IWRAM/=EWRAM Old 3
mGBA log: DMA test: 2 HBl H +IWRAM/=EWRAM
mGBA log: PASS: 2 HBl H +IWRAM/=EWRAM 3
mGBA log: PASS: 2 HBl H +IWRAM/=EWRAM Old 3
mGBA log: DMA test: 3 HBl H +IWRAM/=EWRAM
mGBA log: PASS: 3 HBl H +IWRAM/=EWRAM 3
mGBA log: PASS: 3 HBl H +IWRAM/=EWRAM Old 3
mGBA log: DMA test: 0 HBl H +IWRAM/=ROM
mGBA log: PASS: 0 HBl H +IWRAM/=ROM 3
mGBA log: PASS: 0 HBl H +IWRAM/=ROM Old 3
mGBA log: DMA test: 1 HBl H +IWRAM/=ROM
mGBA log: PASS: 1 HBl H +IWRAM/=ROM 3
mGBA log: PASS: 1 HBl H +IWRAM/=ROM Old 3
mGBA log: DMA test: 2 HBl H +IWRAM/=ROM
mGBA log: PASS: 2 HBl H +IWRAM/=ROM 3
mGBA log: PASS: 2 HBl H +IWRAM/=ROM Old 3
mGBA log: DMA test: 3 HBl H +IWRAM/=ROM
mGBA log: PASS: 3 HBl H +IWRAM/=ROM 3
mGBA log: PASS: 3 HBl H +IWRAM/=ROM Old 3
mGBA log: DMA test: 0 HBl H +EWRAM/=IWRAM
mGBA log: PASS: 0 HBl H +EWRAM/=IWRAM 3
mGBA log: DMA test: 1 HBl H +EWRAM/=IWRAM
mGBA log: PASS: 1 HBl H +EWRAM/=IWRAM 3
mGBA log: DMA test: 2 HBl H +EWRAM/=IWRAM
mGBA log: PASS: 2 HBl H +EWRAM/=IWRAM 3
mGBA log: DMA test: 3 HBl H +EWRAM/=IWRAM
mGBA log: PASS: 3 HBl H +EWRAM/=IWRAM 3
mGBA log: DMA test: 0 HBl H +EWRAM/=EWRAM
mGBA log: PASS: 0 HBl H +EWRAM/=EWRAM 3
mGBA log: PASS: 0 HBl H +EWRAM/=EWRAM Old 3
mGBA log: DMA test: 1 HBl H +EWRAM/=EWRAM
mGBA log: PASS: 1 HBl H +EWRAM/=EWRAM 3
mGBA log: PASS: 1 HBl H +EWRAM/=EWRAM Old 3
mGBA log: DMA test: 2 HBl H +EWRAM/=EWRAM
mGBA log: PASS: 2 HBl H +EWRAM/=EWRAM 3
mGBA log: PASS: 2 HBl H +EWRAM/=EWRAM Old 3
mGBA log: DMA test: 3 HBl H +EWRAM/=EWRAM
mGBA log: PASS: 3 HBl H +EWRAM/=EWRAM 3
mGBA log: PASS: 3 HBl H +EWRAM/=EWRAM Old 3
mGBA log: DMA test: 0 HBl H +EWRAM/=ROM
mGBA log: PASS: 0 HBl H +EWRAM/=ROM 3
mGBA log: PASS: 0 HBl H +EWRAM/=ROM Old 3
mGBA log: DMA test: 1 HBl H +EWRAM/=ROM
mGBA log: PASS: 1 HBl H +EWRAM/=ROM 3
mGBA log: PASS: 1 HBl H +EWRAM/=ROM Old 3
mGBA log: DMA test: 2 HBl H +EWRAM/=ROM
mGBA log: PASS: 2 HBl H +EWRAM/=ROM 3
mGBA log: PASS: 2 HBl H +EWRAM/=ROM Old 3
mGBA log: DMA test: 3 HBl H +EWRAM/=ROM
mGBA log: PASS: 3 HBl H +EWRAM/=ROM 3
mGBA log: PASS: 3 HBl H +EWRAM/=ROM Old 3
mGBA log: DMA test: 0 HBl H +ROM/=IWRAM
mGBA log: PASS: 0 HBl H +ROM/=IWRAM 3
mGBA log: DMA test: 1 HBl H +ROM/=IWRAM
mGBA log: PASS: 1 HBl H +ROM/=IWRAM 3
mGBA log: DMA test: 2 HBl H +ROM/=IWRAM
mGBA log: PASS: 2 HBl H +ROM/=IWRAM 3
mGBA log: DMA test: 3 HBl H +ROM/=IWRAM
mGBA log: PASS: 3 HBl H +ROM/=IWRAM 3
mGBA log: DMA test: 0 HBl H +ROM/=EWRAM
mGBA log: PASS: 0 HBl H +ROM/=EWRAM 3
mGBA log: PASS: 0 HBl H +ROM/=EWRAM Old 3
mGBA log: DMA test: 1 HBl H +ROM/=EWRAM
mGBA log: PASS: 1 HBl H +ROM/=EWRAM 3
mGBA log: PASS: 1 HBl H +ROM/=EWRAM Old 3
mGBA log: DMA test: 2 HBl H +ROM/=EWRAM
mGBA log: PASS: 2 HBl H +ROM/=EWRAM 3
mGBA log: PASS: 2 HBl H +ROM/=EWRAM Old 3
mGBA log: DMA test: 3 HBl H +ROM/=EWRAM
mGBA log: PASS: 3 HBl H +ROM/=EWRAM 3
mGBA log: PASS: 3 HBl H +ROM/=EWRAM Old 3
mGBA log: DMA test: 0 HBl H +ROM/=ROM
mGBA log: PASS: 0 HBl H +ROM/=ROM 3
mGBA log: PASS: 0 HBl H +ROM/=ROM Old 3
mGBA log: DMA test: 1 HBl H +ROM/=ROM
mGBA log: PASS: 1 HBl H +ROM/=ROM 3
mGBA log: PASS: 1 HBl H +ROM/=ROM Old 3
mGBA log: DMA test: 2 HBl H +ROM/=ROM
mGBA log: PASS: 2 HBl H +ROM/=ROM 3
mGBA log: PASS: 2 HBl H +ROM/=ROM Old 3
mGBA log: DMA test: 3 HBl H +ROM/=ROM
mGBA log: PASS: 3 HBl H +ROM/=ROM 3
mGBA log: PASS: 3 HBl H +ROM/=ROM Old 3
mGBA log: DMA test: 0 HBl H +BIOS/=IWRAM
mGBA log: PASS: 0 HBl H +BIOS/=IWRAM 3
mGBA log: DMA test: 1 HBl H +BIOS/=IWRAM
mGBA log: PASS: 1 HBl H +BIOS/=IWRAM 3
mGBA log: DMA test: 2 HBl H +BIOS/=IWRAM
mGBA log: PASS: 2 HBl H +BIOS/=IWRAM 3
mGBA log: DMA test: 3 HBl H +BIOS/=IWRAM
mGBA log: PASS: 3 HBl H +BIOS/=IWRAM 3
mGBA log: DMA test: 0 HBl H +BIOS/=EWRAM
mGBA log: PASS: 0 HBl H +BIOS/=EWRAM 3
mGBA log: PASS: 0 HBl H +BIOS/=EWRAM Old 3
mGBA log: DMA test: 1 HBl H +BIOS/=EWRAM
mGBA log: PASS: 1 HBl H +BIOS/=EWRAM 3
mGBA log: PASS: 1 HBl H +BIOS/=EWRAM Old 3
mGBA log: DMA test: 2 HBl H +BIOS/=EWRAM
mGBA log: PASS: 2 HBl H +BIOS/=EWRAM 3
mGBA log: PASS: 2 HBl H +BIOS/=EWRAM Old 3
mGBA log: DMA test: 3 HBl H +BIOS/=EWRAM
mGBA log: PASS: 3 HBl H +BIOS/=EWRAM 3
mGBA log: PASS: 3 HBl H +BIOS/=EWRAM Old 3
mGBA log: DMA test: 0 HBl H +BIOS/=ROM
mGBA log: PASS: 0 HBl H +BIOS/=ROM 3
mGBA log: PASS: 0 HBl H +BIOS/=ROM Old 3
mGBA log: DMA test: 1 HBl H +BIOS/=ROM
mGBA log: PASS: 1 HBl H +BIOS/=ROM 3
mGBA log: PASS: 1 HBl H +BIOS/=ROM Old 3
mGBA log: DMA test: 2 HBl H +BIOS/=ROM
mGBA log: PASS: 2 HBl H +BIOS/=ROM 3
mGBA log: PASS: 2 HBl H +BIOS/=ROM Old 3
mGBA log: DMA test: 3 HBl H +BIOS/=ROM
mGBA log: PASS: 3 HBl H +BIOS/=ROM 3
mGBA log: PASS: 3 HBl H +BIOS/=ROM Old 3
mGBA log: DMA test: 0 HBl H +SRAM/=IWRAM
mGBA log: PASS: 0 HBl H +SRAM/=IWRAM 3
mGBA log: DMA test: 1 HBl H +SRAM/=IWRAM
mGBA log: PASS: 1 HBl H +SRAM/=IWRAM 3
mGBA log: DMA test: 2 HBl H +SRAM/=IWRAM
mGBA log: PASS: 2 HBl H +SRAM/=IWRAM 3
mGBA log: DMA test: 3 HBl H +SRAM/=IWRAM
mGBA log: PASS: 3 HBl H +SRAM/=IWRAM 3
mGBA log: DMA test: 0 HBl H +SRAM/=EWRAM
mGBA log: PASS: 0 HBl H +SRAM/=EWRAM 3
mGBA log: PASS: 0 HBl H +SRAM/=EWRAM Old 3
mGBA log: DMA test: 1 HBl H +SRAM/=EWRAM
mGBA log: PASS: 1 HBl H +SRAM/=EWRAM 3
mGBA log: PASS: 1 HBl H +SRAM/=EWRAM Old 3
mGBA log: DMA test: 2 HBl H +SRAM/=EWRAM
mGBA log: PASS: 2 HBl H +SRAM/=EWRAM 3
mGBA log: PASS: 2 HBl H +SRAM/=EWRAM Old 3
mGBA log: DMA test: 3 HBl H +SRAM/=EWRAM
mGBA log: PASS: 3 HBl H +SRAM/=EWRAM 3
mGBA log: PASS: 3 HBl H +SRAM/=EWRAM Old 3
mGBA log: DMA test: 0 HBl H +SRAM/=ROM
mGBA log: PASS: 0 HBl H +SRAM/=ROM 3
mGBA log: PASS: 0 HBl H +SRAM/=ROM Old 3
mGBA log: DMA test: 1 HBl H +SRAM/=ROM
mGBA log: PASS: 1 HBl H +SRAM/=ROM 3
mGBA log: PASS: 1 HBl H +SRAM/=ROM Old 3
mGBA log: DMA test: 2 HBl H +SRAM/=ROM
mGBA log: PASS: 2 HBl H +SRAM/=ROM 3
mGBA log: PASS: 2 HBl H +SRAM/=ROM Old 3
mGBA log: DMA test: 0 HBl W +IWRAM/=IWRAM
mGBA log: PASS: 0 HBl W +IWRAM/=IWRAM 3
mGBA log: DMA test: 1 HBl W +IWRAM/=IWRAM
mGBA log: PASS: 1 HBl W +IWRAM/=IWRAM 3
mGBA log: DMA test: 2 HBl W +IWRAM/=IWRAM
mGBA log: PASS: 2 HBl W +IWRAM/=IWRAM 3
mGBA log: DMA test: 3 HBl W +IWRAM/=IWRAM
mGBA log: PASS: 3 HBl W +IWRAM/=IWRAM 3
mGBA log: DMA test: 0 HBl W +IWRAM/=EWRAM
mGBA log: PASS: 0 HBl W +IWRAM/=EWRAM 3
mGBA log: PASS: 0 HBl W +IWRAM/=EWRAM Old 3
mGBA log: DMA test: 1 HBl W +IWRAM/=EWRAM
mGBA log: PASS: 1 HBl W +IWRAM/=EWRAM 3
mGBA log: PASS: 1 HBl W +IWRAM/=EWRAM Old 3
mGBA log: DMA test: 2 HBl W +IWRAM/=EWRAM
mGBA log: PASS: 2 HBl W +IWRAM/=EWRAM 3
mGBA log: PASS: 2 HBl W +IWRAM/=EWRAM Old 3
mGBA log: DMA test: 3 HBl W +IWRAM/=EWRAM
mGBA log: PASS: 3 HBl W +IWRAM/=EWRAM 3
mGBA log: PASS: 3 HBl W +IWRAM/=EWRAM Old 3
mGBA log: DMA test: 0 HBl W +IWRAM/=ROM
mGBA log: PASS: 0 HBl W +IWRAM/=ROM 3
mGBA log: PASS: 0 HBl W +IWRAM/=ROM Old 3
mGBA log: DMA test: 1 HBl W +IWRAM/=ROM
mGBA log: PASS: 1 HBl W +IWRAM/=ROM 3
mGBA log: PASS: 1 HBl W +IWRAM/=ROM Old 3
mGBA log: DMA test: 2 HBl W +IWRAM/=ROM
mGBA log: PASS: 2 HBl W +IWRAM/=ROM 3
mGBA log: PASS: 2 HBl W +IWRAM/=ROM Old 3
mGBA log: DMA test: 3 HBl W +IWRAM/=ROM
mGBA log: PASS: 3 HBl W +IWRAM/=ROM 3
mGBA log: PASS: 3 HBl W +IWRAM/=ROM Old 3
mGBA log: DMA test: 0 HBl W +EWRAM/=IWRAM
mGBA log: PASS: 0 HBl W +EWRAM/=IWRAM 3
mGBA log: DMA test: 1 HBl W +EWRAM/=IWRAM
mGBA log: PASS: 1 HBl W +EWRAM/=IWRAM 3
mGBA log: DMA test: 2 HBl W +EWRAM/=IWRAM
mGBA log: PASS: 2 HBl W +EWRAM/=IWRAM 3
mGBA log: DMA test: 3 HBl W +EWRAM/=IWRAM
mGBA log: PASS: 3 HBl W +EWRAM/=IWRAM 3
mGBA log: DMA test: 0 HBl W +EWRAM/=EWRAM
mGBA log: PASS: 0 HBl W +EWRAM/=EWRAM 3
mGBA log: PASS: 0 HBl W +EWRAM/=EWRAM Old 3
mGBA log: DMA test: 1 HBl W +EWRAM/=EWRAM
mGBA log: PASS: 1 HBl W +EWRAM/=EWRAM 3
mGBA log: PASS: 1 HBl W +EWRAM/=EWRAM Old 3
mGBA log: DMA test: 2 HBl W +EWRAM/=EWRAM
mGBA log: PASS: 2 HBl W +EWRAM/=EWRAM 3
mGBA log: PASS: 2 HBl W +EWRAM/=EWRAM Old 3
mGBA log: DMA test: 3 HBl W +EWRAM/=EWRAM
mGBA log: PASS: 3 HBl W +EWRAM/=EWRAM 3
mGBA log: PASS: 3 HBl W +EWRAM/=EWRAM Old 3
mGBA log: DMA test: 0 HBl W +EWRAM/=ROM
mGBA log: PASS: 0 HBl W +EWRAM/=ROM 3
mGBA log: PASS: 0 HBl W +EWRAM/=ROM Old 3
mGBA log: DMA test: 1 HBl W +EWRAM/=ROM
mGBA log: PASS: 1 HBl W +EWRAM/=ROM 3
mGBA log: PASS: 1 HBl W +EWRAM/=ROM Old 3
mGBA log: DMA test: 2 HBl W +EWRAM/=ROM
mGBA log: PASS: 2 HBl W +EWRAM/=ROM 3
mGBA log: PASS: 2 HBl W +EWRAM/=ROM Old 3
mGBA log: DMA test: 3 HBl W +EWRAM/=ROM
mGBA log: PASS: 3 HBl W +EWRAM/=ROM 3
mGBA log: PASS: 3 HBl W +EWRAM/=ROM Old 3
mGBA log: DMA test: 0 HBl W +ROM/=IWRAM
mGBA log: PASS: 0 HBl W +ROM/=IWRAM 3
mGBA log: DMA test: 1 HBl W +ROM/=IWRAM
mGBA log: PASS: 1 HBl W +ROM/=IWRAM 3
mGBA log: DMA test: 2 HBl W +ROM/=IWRAM
mGBA log: PASS: 2 HBl W +ROM/=IWRAM 3
mGBA log: DMA test: 3 HBl W +ROM/=IWRAM
mGBA log: PASS: 3 HBl W +ROM/=IWRAM 3
mGBA log: DMA test: 0 HBl W +ROM/=EWRAM
mGBA log: PASS: 0 HBl W +ROM/=EWRAM 3
mGBA log: PASS: 0 HBl W +ROM/=EWRAM Old 3
mGBA log: DMA test: 1 HBl W +ROM/=EWRAM
mGBA log: PASS: 1 HBl W +ROM/=EWRAM 3
mGBA log: PASS: 1 HBl W +ROM/=EWRAM Old 3
mGBA log: DMA test: 2 HBl W +ROM/=EWRAM
mGBA log: PASS: 2 HBl W +ROM/=EWRAM 3
mGBA log: PASS: 2 HBl W +ROM/=EWRAM Old 3
mGBA log: DMA test: 3 HBl W +ROM/=EWRAM
mGBA log: PASS: 3 HBl W +ROM/=EWRAM 3
mGBA log: PASS: 3 HBl W +ROM/=EWRAM Old 3
mGBA log: DMA test: 0 HBl W +ROM/=ROM
mGBA log: PASS: 0 HBl W +ROM/=ROM 3
mGBA log: PASS: 0 HBl W +ROM/=ROM Old 3
mGBA log: DMA test: 1 HBl W +ROM/=ROM
mGBA log: PASS: 1 HBl W +ROM/=ROM 3
mGBA log: PASS: 1 HBl W +ROM/=ROM Old 3
mGBA log: DMA test: 2 HBl W +ROM/=ROM
mGBA log: PASS: 2 HBl W +ROM/=ROM 3
mGBA log: PASS: 2 HBl W +ROM/=ROM Old 3
mGBA log: DMA test: 3 HBl W +ROM/=ROM
mGBA log: PASS: 3 HBl W +ROM/=ROM 3
mGBA log: PASS: 3 HBl W +ROM/=ROM Old 3
mGBA log: DMA test: 0 HBl W +BIOS/=IWRAM
mGBA log: PASS: 0 HBl W +BIOS/=IWRAM 3
mGBA log: DMA test: 1 HBl W +BIOS/=IWRAM
mGBA log: PASS: 1 HBl W +BIOS/=IWRAM 3
mGBA log: DMA test: 2 HBl W +BIOS/=IWRAM
mGBA log: PASS: 2 HBl W +BIOS/=IWRAM 3
mGBA log: DMA test: 3 HBl W +BIOS/=IWRAM
mGBA log: PASS: 3 HBl W +BIOS/=IWRAM 3
mGBA log: DMA test: 0 HBl W +BIOS/=EWRAM
mGBA log: PASS: 0 HBl W +BIOS/=EWRAM 3
mGBA log: PASS: 0 HBl W +BIOS/=EWRAM Old 3
mGBA log: DMA test: 1 HBl W +BIOS/=EWRAM
mGBA log: PASS: 1 HBl W +BIOS/=EWRAM 3
mGBA log: PASS: 1 HBl W +BIOS/=EWRAM Old 3
mGBA log: DMA test: 2 HBl W +BIOS/=EWRAM
mGBA log: PASS: 2 HBl W +BIOS/=EWRAM 3
mGBA log: PASS: 2 HBl W +BIOS/=EWRAM Old 3
mGBA log: DMA test: 3 HBl W +BIOS/=EWRAM
mGBA log: PASS: 3 HBl W +BIOS/=EWRAM 3
mGBA log: PASS: 3 HBl W +BIOS/=EWRAM Old 3
mGBA log: DMA test: 0 HBl W +BIOS/=ROM
mGBA log: PASS: 0 HBl W +BIOS/=ROM 3
mGBA log: PASS: 0 HBl W +BIOS/=ROM Old 3
mGBA log: DMA test: 1 HBl W +BIOS/=ROM
mGBA log: PASS: 1 HBl W +BIOS/=ROM 3
mGBA log: PASS: 1 HBl W +BIOS/=ROM Old 3
mGBA log: DMA test: 2 HBl W +BIOS/=ROM
mGBA log: PASS: 2 HBl W +BIOS/=ROM 3
mGBA log: PASS: 2 HBl W +BIOS/=ROM Old 3
mGBA log: DMA test: 3 HBl W +BIOS/=ROM
mGBA log: PASS: 3 HBl W +BIOS/=ROM 3
mGBA log: PASS: 3 HBl W +BIOS/=ROM Old 3
mGBA log: DMA test: 0 HBl W +SRAM/=IWRAM
mGBA log: PASS: 0 HBl W +SRAM/=IWRAM 3
mGBA log: DMA test: 1 HBl W +SRAM/=IWRAM
mGBA log: PASS: 1 HBl W +SRAM/=IWRAM 3
mGBA log: DMA test: 2 HBl W +SRAM/=IWRAM
mGBA log: PASS: 2 HBl W +SRAM/=IWRAM 3
mGBA log: DMA test: 3 HBl W +SRAM/=IWRAM
mGBA log: PASS: 3 HBl W +SRAM/=IWRAM 3
mGBA log: DMA test: 0 HBl W +SRAM/=EWRAM
mGBA log: PASS: 0 HBl W +SRAM/=EWRAM 3
mGBA log: PASS: 0 HBl W +SRAM/=EWRAM Old 3
mGBA log: DMA test: 1 HBl W +SRAM/=EWRAM
mGBA log: PASS: 1 HBl W +SRAM/=EWRAM 3
mGBA log: PASS: 1 HBl W +SRAM/=EWRAM Old 3
mGBA log: DMA test: 2 HBl W +SRAM/=EWRAM
mGBA log: PASS: 2 HBl W +SRAM/=EWRAM 3
mGBA log: PASS: 2 HBl W +SRAM/=EWRAM Old 3
mGBA log: DMA test: 3 HBl W +SRAM/=EWRAM
mGBA log: PASS: 3 HBl W +SRAM/=EWRAM 3
mGBA log: PASS: 3 HBl W +SRAM/=EWRAM Old 3
mGBA log: DMA test: 0 HBl W +SRAM/=ROM
mGBA log: PASS: 0 HBl W +SRAM/=ROM 3
mGBA log: PASS: 0 HBl W +SRAM/=ROM Old 3
mGBA log: DMA test: 1 HBl W +SRAM/=ROM
mGBA log: PASS: 1 HBl W +SRAM/=ROM 3
mGBA log: PASS: 1 HBl W +SRAM/=ROM Old 3
mGBA log: DMA test: 2 HBl W +SRAM/=ROM
mGBA log: PASS: 2 HBl W +SRAM/=ROM 3
mGBA log: PASS: 2 HBl W +SRAM/=ROM Old 3
mGBA log: DMA test: 0 HBl H -IWRAM/=IWRAM
mGBA log: PASS: 0 HBl H -IWRAM/=IWRAM 3
mGBA log: DMA test: 1 HBl H -IWRAM/=IWRAM
mGBA log: PASS: 1 HBl H -IWRAM/=IWRAM 3
mGBA log: DMA test: 2 HBl H -IWRAM/=IWRAM
mGBA log: PASS: 2 HBl H -IWRAM/=IWRAM 3
mGBA log: DMA test: 3 HBl H -IWRAM/=IWRAM
mGBA log: PASS: 3 HBl H -IWRAM/=IWRAM 3
mGBA log: DMA test: 0 HBl H -IWRAM/=EWRAM
mGBA log: PASS: 0 HBl H -IWRAM/=EWRAM 3
mGBA log: PASS: 0 HBl H -IWRAM/=EWRAM Old 3
mGBA log: DMA test: 1 HBl H -IWRAM/=EWRAM
mGBA log: PASS: 1 HBl H -IWRAM/=EWRAM 3
mGBA log: PASS: 1 HBl H -IWRAM/=EWRAM Old 3
mGBA log: DMA test: 2 HBl H -IWRAM/=EWRAM
mGBA log: PASS: 2 HBl H -IWRAM/=EWRAM 3
mGBA log: PASS: 2 HBl H -IWRAM/=EWRAM Old 3
mGBA log: DMA test: 3 HBl H -IWRAM/=EWRAM
mGBA log: PASS: 3 HBl H -IWRAM/=EWRAM 3
mGBA log: PASS: 3 HBl H -IWRAM/=EWRAM Old 3
mGBA log: DMA test: 0 HBl H -IWRAM/=ROM
mGBA log: PASS: 0 HBl H -IWRAM/=ROM 3
mGBA log: PASS: 0 HBl H -IWRAM/=ROM Old 3
mGBA log: DMA test: 1 HBl H -IWRAM/=ROM
mGBA log: PASS: 1 HBl H -IWRAM/=ROM 3
mGBA log: PASS: 1 HBl H -IWRAM/=ROM Old 3
mGBA log: DMA test: 2 HBl H -IWRAM/=ROM
mGBA log: PASS: 2 HBl H -IWRAM/=ROM 3
mGBA log: PASS: 2 HBl H -IWRAM/=ROM Old 3
mGBA log: DMA test: 3 HBl H -IWRAM/=ROM
mGBA log: PASS: 3 HBl H -IWRAM/=ROM 3
mGBA log: PASS: 3 HBl H -IWRAM/=ROM Old 3
mGBA log: DMA test: 0 HBl H -EWRAM/=IWRAM
mGBA log: PASS: 0 HBl H -EWRAM/=IWRAM 3
mGBA log: DMA test: 1 HBl H -EWRAM/=IWRAM
mGBA log: PASS: 1 HBl H -EWRAM/=IWRAM 3
mGBA log: DMA test: 2 HBl H -EWRAM/=IWRAM
mGBA log: PASS: 2 HBl H -EWRAM/=IWRAM 3
mGBA log: DMA test: 3 HBl H -EWRAM/=IWRAM
mGBA log: PASS: 3 HBl H -EWRAM/=IWRAM 3
mGBA log: DMA test: 0 HBl H -EWRAM/=EWRAM
mGBA log: PASS: 0 HBl H -EWRAM/=EWRAM 3
mGBA log: PASS: 0 HBl H -EWRAM/=EWRAM Old 3
mGBA log: DMA test: 1 HBl H -EWRAM/=EWRAM
mGBA log: PASS: 1 HBl H -EWRAM/=EWRAM 3
mGBA log: PASS: 1 HBl H -EWRAM/=EWRAM Old 3
mGBA log: DMA test: 2 HBl H -EWRAM/=EWRAM
mGBA log: PASS: 2 HBl H -EWRAM/=EWRAM 3
mGBA log: PASS: 2 HBl H -EWRAM/=EWRAM Old 3
mGBA log: DMA test: 3 HBl H -EWRAM/=EWRAM
mGBA log: PASS: 3 HBl H -EWRAM/=EWRAM 3
mGBA log: PASS: 3 HBl H -EWRAM/=EWRAM Old 3
mGBA log: DMA test: 0 HBl H -EWRAM/=ROM
mGBA log: PASS: 0 HBl H -EWRAM/=ROM 3
mGBA log: PASS: 0 HBl H -EWRAM/=ROM Old 3
mGBA log: DMA test: 1 HBl H -EWRAM/=ROM
mGBA log: PASS: 1 HBl H -EWRAM/=ROM 3
mGBA log: PASS: 1 HBl H -EWRAM/=ROM Old 3
mGBA log: DMA test: 2 HBl H -EWRAM/=ROM
mGBA log: PASS: 2 HBl H -EWRAM/=ROM 3
mGBA log: PASS: 2 HBl H -EWRAM/=ROM Old 3
mGBA log: DMA test: 3 HBl H -EWRAM/=ROM
mGBA log: PASS: 3 HBl H -EWRAM/=ROM 3
mGBA log: PASS: 3 HBl H -EWRAM/=ROM Old 3
mGBA log: DMA test: 0 HBl H -ROM/=IWRAM
mGBA log: PASS: 0 HBl H -ROM/=IWRAM 3
mGBA log: DMA test: 1 HBl H -ROM/=IWRAM
mGBA log: PASS: 1 HBl H -ROM/=IWRAM 3
mGBA log: DMA test: 2 HBl H -ROM/=IWRAM
mGBA log: PASS: 2 HBl H -ROM/=IWRAM 3
mGBA log: DMA test: 3 HBl H -ROM/=IWRAM
mGBA log: PASS: 3 HBl H -ROM/=IWRAM 3
mGBA log: DMA test: 0 HBl H -ROM/=EWRAM
mGBA log: PASS: 0 HBl H -ROM/=EWRAM 3
mGBA log: PASS: 0 HBl H -ROM/=EWRAM Old 3
mGBA log: DMA test: 1 HBl H -ROM/=EWRAM
mGBA log: PASS: 1 HBl H -ROM/=EWRAM 3
mGBA log: PASS: 1 HBl H -ROM/=EWRAM Old 3
mGBA log: DMA test: 2 HBl H -ROM/=EWRAM
mGBA log: PASS: 2 HBl H -ROM/=EWRAM 3
mGBA log: PASS: 2 HBl H -ROM/=EWRAM Old 3
mGBA log: DMA test: 3 HBl H -ROM/=EWRAM
mGBA log: PASS: 3 HBl H -ROM/=EWRAM 3
mGBA log: PASS: 3 HBl H -ROM/=EWRAM Old 3
mGBA log: DMA test: 0 HBl H -ROM/=ROM
mGBA log: PASS: 0 HBl H -ROM/=ROM 3
mGBA log: PASS: 0 HBl H -ROM/=ROM Old 3
mGBA log: DMA test: 1 HBl H -ROM/=ROM
mGBA log: PASS: 1 HBl H -ROM/=ROM 3
mGBA log: PASS: 1 HBl H -ROM/=ROM Old 3
mGBA log: DMA test: 2 HBl H -ROM/=ROM
mGBA log: PASS: 2 HBl H -ROM/=ROM 3
mGBA log: PASS: 2 HBl H -ROM/=ROM Old 3
mGBA log: DMA test: 3 HBl H -ROM/=ROM
mGBA log: PASS: 3 HBl H -ROM/=ROM 3
mGBA log: PASS: 3 HBl H -ROM/=ROM Old 3
mGBA log: DMA test: 0 HBl H -BIOS/=IWRAM
mGBA log: PASS: 0 HBl H -BIOS/=IWRAM 3
mGBA log: DMA test: 1 HBl H -BIOS/=IWRAM
mGBA log: PASS: 1 HBl H -BIOS/=IWRAM 3
mGBA log: DMA test: 2 HBl H -BIOS/=IWRAM
mGBA log: PASS: 2 HBl H -BIOS/=IWRAM 3
mGBA log: DMA test: 3 HBl H -BIOS/=IWRAM
mGBA log: PASS: 3 HBl H -BIOS/=IWRAM 3
mGBA log: DMA test: 0 HBl H -BIOS/=EWRAM
mGBA log: PASS: 0 HBl H -BIOS/=EWRAM 3
mGBA log: PASS: 0 HBl H -BIOS/=EWRAM Old 3
mGBA log: DMA test: 1 HBl H -BIOS/=EWRAM
mGBA log: PASS: 1 HBl H -BIOS/=EWRAM 3
mGBA log: PASS: 1 HBl H -BIOS/=EWRAM Old 3
mGBA log: DMA test: 2 HBl H -BIOS/=EWRAM
mGBA log: PASS: 2 HBl H -BIOS/=EWRAM 3
mGBA log: PASS: 2 HBl H -BIOS/=EWRAM Old 3
mGBA log: DMA test: 3 HBl H -BIOS/=EWRAM
mGBA log: PASS: 3 HBl H -BIOS/=EWRAM 3
mGBA log: PASS: 3 HBl H -BIOS/=EWRAM Old 3
mGBA log: DMA test: 0 HBl H -BIOS/=ROM
mGBA log: PASS: 0 HBl H -BIOS/=ROM 3
mGBA log: PASS: 0 HBl H -BIOS/=ROM Old 3
mGBA log: DMA test: 1 HBl H -BIOS/=ROM
mGBA log: PASS: 1 HBl H -BIOS/=ROM 3
mGBA log: PASS: 1 HBl H -BIOS/=ROM Old 3
mGBA log: DMA test: 2 HBl H -BIOS/=ROM
mGBA log: PASS: 2 HBl H -BIOS/=ROM 3
mGBA log: PASS: 2 HBl H -BIOS/=ROM Old 3
mGBA log: DMA test: 3 HBl H -BIOS/=ROM
mGBA log: PASS: 3 HBl H -BIOS/=ROM 3
mGBA log: PASS: 3 HBl H -BIOS/=ROM Old 3
mGBA log: DMA test: 0 HBl H -SRAM/=IWRAM
mGBA log: PASS: 0 HBl H -SRAM/=IWRAM 3
mGBA log: DMA test: 1 HBl H -SRAM/=IWRAM
mGBA log: PASS: 1 HBl H -SRAM/=IWRAM 3
mGBA log: DMA test: 2 HBl H -SRAM/=IWRAM
mGBA log: PASS: 2 HBl H -SRAM/=IWRAM 3
mGBA log: DMA test: 3 HBl H -SRAM/=IWRAM
mGBA log: PASS: 3 HBl H -SRAM/=IWRAM 3
mGBA log: DMA test: 0 HBl H -SRAM/=EWRAM
mGBA log: PASS: 0 HBl H -SRAM/=EWRAM 3
mGBA log: PASS: 0 HBl H -SRAM/=EWRAM Old 3
mGBA log: DMA test: 1 HBl H -SRAM/=EWRAM
mGBA log: PASS: 1 HBl H -SRAM/=EWRAM 3
mGBA log: PASS: 1 HBl H -SRAM/=EWRAM Old 3
mGBA log: DMA test: 2 HBl H -SRAM/=EWRAM
mGBA log: PASS: 2 HBl H -SRAM/=EWRAM 3
mGBA log: PASS: 2 HBl H -SRAM/=EWRAM Old 3
mGBA log: DMA test: 3 HBl H -SRAM/=EWRAM
mGBA log: PASS: 3 HBl H -SRAM/=EWRAM 3
mGBA log: PASS: 3 HBl H -SRAM/=EWRAM Old 3
mGBA log: DMA test: 0 HBl H -SRAM/=ROM
mGBA log: PASS: 0 HBl H -SRAM/=ROM 3
mGBA log: PASS: 0 HBl H -SRAM/=ROM Old 3
mGBA log: DMA test: 1 HBl H -SRAM/=ROM
mGBA log: PASS: 1 HBl H -SRAM/=ROM 3
mGBA log: PASS: 1 HBl H -SRAM/=ROM Old 3
mGBA log: DMA test: 2 HBl H -SRAM/=ROM
mGBA log: PASS: 2 HBl H -SRAM/=ROM 3
mGBA log: PASS: 2 HBl H -SRAM/=ROM Old 3
mGBA log: DMA test: 0 HBl W -IWRAM/=IWRAM
mGBA log: PASS: 0 HBl W -IWRAM/=IWRAM 3
mGBA log: DMA test: 1 HBl W -IWRAM/=IWRAM
mGBA log: PASS: 1 HBl W -IWRAM/=IWRAM 3
mGBA log: DMA test: 2 HBl W -IWRAM/=IWRAM
mGBA log: PASS: 2 HBl W -IWRAM/=IWRAM 3
mGBA log: DMA test: 3 HBl W -IWRAM/=IWRAM
mGBA log: PASS: 3 HBl W -IWRAM/=IWRAM 3
mGBA log: DMA test: 0 HBl W -IWRAM/=EWRAM
mGBA log: PASS: 0 HBl W -IWRAM/=EWRAM 3
mGBA log: PASS: 0 HBl W -IWRAM/=EWRAM Old 3
mGBA log: DMA test: 1 HBl W -IWRAM/=EWRAM
mGBA log: PASS: 1 HBl W -IWRAM/=EWRAM 3
mGBA log: PASS: 1 HBl W -IWRAM/=EWRAM Old 3
mGBA log: DMA test: 2 HBl W -IWRAM/=EWRAM
mGBA log: PASS: 2 HBl W -IWRAM/=EWRAM 3
mGBA log: PASS: 2 HBl W -IWRAM/=EWRAM Old 3
mGBA log: DMA test: 3 HBl W -IWRAM/=EWRAM
mGBA log: PASS: 3 HBl W -IWRAM/=EWRAM 3
mGBA log: PASS: 3 HBl W -IWRAM/=EWRAM Old 3
mGBA log: DMA test: 0 HBl W -IWRAM/=ROM
mGBA log: PASS: 0 HBl W -IWRAM/=ROM 3
mGBA log: PASS: 0 HBl W -IWRAM/=ROM Old 3
mGBA log: DMA test: 1 HBl W -IWRAM/=ROM
mGBA log: PASS: 1 HBl W -IWRAM/=ROM 3
mGBA log: PASS: 1 HBl W -IWRAM/=ROM Old 3
mGBA log: DMA test: 2 HBl W -IWRAM/=ROM
mGBA log: PASS: 2 HBl W -IWRAM/=ROM 3
mGBA log: PASS: 2 HBl W -IWRAM/=ROM Old 3
mGBA log: DMA test: 3 HBl W -IWRAM/=ROM
mGBA log: PASS: 3 HBl W -IWRAM/=ROM 3
mGBA log: PASS: 3 HBl W -IWRAM/=ROM Old 3
mGBA log: DMA test: 0 HBl W -EWRAM/=IWRAM
mGBA log: PASS: 0 HBl W -EWRAM/=IWRAM 3
mGBA log: DMA test: 1 HBl W -EWRAM/=IWRAM
mGBA log: PASS: 1 HBl W -EWRAM/=IWRAM 3
mGBA log: DMA test: 2 HBl W -EWRAM/=IWRAM
mGBA log: PASS: 2 HBl W -EWRAM/=IWRAM 3
mGBA log: DMA test: 3 HBl W -EWRAM/=IWRAM
mGBA log: PASS: 3 HBl W -EWRAM/=IWRAM 3
mGBA log: DMA test: 0 HBl W -EWRAM/=EWRAM
mGBA log: PASS: 0 HBl W -EWRAM/=EWRAM 3
mGBA log: PASS: 0 HBl W -EWRAM/=EWRAM Old 3
mGBA log: DMA test: 1 HBl W -EWRAM/=EWRAM
mGBA log: PASS: 1 HBl W -EWRAM/=EWRAM 3
mGBA log: PASS: 1 HBl W -EWRAM/=EWRAM Old 3
mGBA log: DMA test: 2 HBl W -EWRAM/=EWRAM
mGBA log: PASS: 2 HBl W -EWRAM/=EWRAM 3
mGBA log: PASS: 2 HBl W -EWRAM/=EWRAM Old 3
mGBA log: DMA test: 3 HBl W -EWRAM/=EWRAM
mGBA log: PASS: 3 HBl W -EWRAM/=EWRAM 3
mGBA log: PASS: 3 HBl W -EWRAM/=EWRAM Old 3
mGBA log: DMA test: 0 HBl W -EWRAM/=ROM
mGBA log: PASS: 0 HBl W -EWRAM/=ROM 3
mGBA log: PASS: 0 HBl W -EWRAM/=ROM Old 3
mGBA log: DMA test: 1 HBl W -EWRAM/=ROM
mGBA log: PASS: 1 HBl W -EWRAM/=ROM 3
mGBA log: PASS: 1 HBl W -EWRAM/=ROM Old 3
mGBA log: DMA test: 2 HBl W -EWRAM/=ROM
mGBA log: PASS: 2 HBl W -EWRAM/=ROM 3
mGBA log: PASS: 2 HBl W -EWRAM/=ROM Old 3
mGBA log: DMA test: 3 HBl W -EWRAM/=ROM
mGBA log: PASS: 3 HBl W -EWRAM/=ROM 3
mGBA log: PASS: 3 HBl W -EWRAM/=ROM Old 3
mGBA log: DMA test: 0 HBl W -ROM/=IWRAM
mGBA log: PASS: 0 HBl W -ROM/=IWRAM 3
mGBA log: DMA test: 1 HBl W -ROM/=IWRAM
mGBA log: PASS: 1 HBl W -ROM/=IWRAM 3
mGBA log: DMA test: 2 HBl W -ROM/=IWRAM
mGBA log: PASS: 2 HBl W -ROM/=IWRAM 3
mGBA log: DMA test: 3 HBl W -ROM/=IWRAM
mGBA log: PASS: 3 HBl W -ROM/=IWRAM 3
mGBA log: DMA test: 0 HBl W -ROM/=EWRAM
mGBA log: PASS: 0 HBl W -ROM/=EWRAM 3
mGBA log: PASS: 0 HBl W -ROM/=EWRAM Old 3
mGBA log: DMA test: 1 HBl W -ROM/=EWRAM
mGBA log: PASS: 1 HBl W -ROM/=EWRAM 3
mGBA log: PASS: 1 HBl W -ROM/=EWRAM Old 3
mGBA log: DMA test: 2 HBl W -ROM/=EWRAM
mGBA log: PASS: 2 HBl W -ROM/=EWRAM 3
mGBA log: PASS: 2 HBl W -ROM/=EWRAM Old 3
mGBA log: DMA test: 3 HBl W -ROM/=EWRAM
mGBA log: PASS: 3 HBl W -ROM/=EWRAM 3
mGBA log: PASS: 3 HBl W -ROM/=EWRAM Old 3
mGBA log: DMA test: 0 HBl W -ROM/=ROM
mGBA log: PASS: 0 HBl W -ROM/=ROM 3
mGBA log: PASS: 0 HBl W -ROM/=ROM Old 3
mGBA log: DMA test: 1 HBl W -ROM/=ROM
mGBA log: PASS: 1 HBl W -ROM/=ROM 3
mGBA log: PASS: 1 HBl W -ROM/=ROM Old 3
mGBA log: DMA test: 2 HBl W -ROM/=ROM
mGBA log: PASS: 2 HBl W -ROM/=ROM 3
mGBA log: PASS: 2 HBl W -ROM/=ROM Old 3
mGBA log: DMA test: 3 HBl W -ROM/=ROM
mGBA log: PASS: 3 HBl W -ROM/=ROM 3
mGBA log: PASS: 3 HBl W -ROM/=ROM Old 3
mGBA log: DMA test: 0 HBl W -BIOS/=IWRAM
mGBA log: PASS: 0 HBl W -BIOS/=IWRAM 3
mGBA log: DMA test: 1 HBl W -BIOS/=IWRAM
mGBA log: PASS: 1 HBl W -BIOS/=IWRAM 3
mGBA log: DMA test: 2 HBl W -BIOS/=IWRAM
mGBA log: PASS: 2 HBl W -BIOS/=IWRAM 3
mGBA log: DMA test: 3 HBl W -BIOS/=IWRAM
mGBA log: PASS: 3 HBl W -BIOS/=IWRAM 3
mGBA log: DMA test: 0 HBl W -BIOS/=EWRAM
mGBA log: PASS: 0 HBl W -BIOS/=EWRAM 3
mGBA log: PASS: 0 HBl W -BIOS/=EWRAM Old 3
mGBA log: DMA test: 1 HBl W -BIOS/=EWRAM
mGBA log: PASS: 1 HBl W -BIOS/=EWRAM 3
mGBA log: PASS: 1 HBl W -BIOS/=EWRAM Old 3
mGBA log: DMA test: 2 HBl W -BIOS/=EWRAM
mGBA log: PASS: 2 HBl W -BIOS/=EWRAM 3
mGBA log: PASS: 2 HBl W -BIOS/=EWRAM Old 3
mGBA log: DMA test: 3 HBl W -BIOS/=EWRAM
mGBA log: PASS: 3 HBl W -BIOS/=EWRAM 3
mGBA log: PASS: 3 HBl W -BIOS/=EWRAM Old 3
mGBA log: DMA test: 0 HBl W -BIOS/=ROM
mGBA log: PASS: 0 HBl W -BIOS/=ROM 3
mGBA log: PASS: 0 HBl W -BIOS/=ROM Old 3
mGBA log: DMA test: 1 HBl W -BIOS/=ROM
mGBA log: PASS: 1 HBl W -BIOS/=ROM 3
mGBA log: PASS: 1 HBl W -BIOS/=ROM Old 3
mGBA log: DMA test: 2 HBl W -BIOS/=ROM
mGBA log: PASS: 2 HBl W -BIOS/=ROM 3
mGBA log: PASS: 2 HBl W -BIOS/=ROM Old 3
mGBA log: DMA test: 3 HBl W -BIOS/=ROM
mGBA log: PASS: 3 HBl W -BIOS/=ROM 3
mGBA log: PASS: 3 HBl W -BIOS/=ROM Old 3
mGBA log: DMA test: 0 HBl W -SRAM/=IWRAM
mGBA log: PASS: 0 HBl W -SRAM/=IWRAM 3
mGBA log: DMA test: 1 HBl W -SRAM/=IWRAM
mGBA log: PASS: 1 HBl W -SRAM/=IWRAM 3
mGBA log: DMA test: 2 HBl W -SRAM/=IWRAM
mGBA log: PASS: 2 HBl W -SRAM/=IWRAM 3
mGBA log: DMA test: 3 HBl W -SRAM/=IWRAM
mGBA log: PASS: 3 HBl W -SRAM/=IWRAM 3
mGBA log: DMA test: 0 HBl W -SRAM/=EWRAM
mGBA log: PASS: 0 HBl W -SRAM/=EWRAM 3
mGBA log: PASS: 0 HBl W -SRAM/=EWRAM Old 3
mGBA log: DMA test: 1 HBl W -SRAM/=EWRAM
mGBA log: PASS: 1 HBl W -SRAM/=EWRAM 3
mGBA log: PASS: 1 HBl W -SRAM/=EWRAM Old 3
mGBA log: DMA test: 2 HBl W -SRAM/=EWRAM
mGBA log: PASS: 2 HBl W -SRAM/=EWRAM 3
mGBA log: PASS: 2 HBl W -SRAM/=EWRAM Old 3
mGBA log: DMA test: 3 HBl W -SRAM/=EWRAM
mGBA log: PASS: 3 HBl W -SRAM/=EWRAM 3
mGBA log: PASS: 3 HBl W -SRAM/=EWRAM Old 3
mGBA log: DMA test: 0 HBl W -SRAM/=ROM
mGBA log: PASS: 0 HBl W -SRAM/=ROM 3
mGBA log: PASS: 0 HBl W -SRAM/=ROM Old 3
mGBA log: DMA test: 1 HBl W -SRAM/=ROM
mGBA log: PASS: 1 HBl W -SRAM/=ROM 3
mGBA log: PASS: 1 HBl W -SRAM/=ROM Old 3
mGBA log: DMA test: 2 HBl W -SRAM/=ROM
mGBA log: PASS: 2 HBl W -SRAM/=ROM 3
mGBA log: PASS: 2 HBl W -SRAM/=ROM Old 3
mGBA log: DMA test: 0 Imm W R+0x10/+IWRAM
mGBA log: PASS: 0 Imm W R+0x10/+IWRAM 3
mGBA log: PASS: 0 Imm W R+0x10/+IWRAM 4
mGBA log: PASS: 0 Imm W R+0x10/+IWRAM 5
mGBA log: PASS: 0 Imm W R+0x10/+IWRAM 6
mGBA log: DMA test: 1 Imm W R+0x10/+IWRAM
mGBA log: PASS: 1 Imm W R+0x10/+IWRAM 3
mGBA log: PASS: 1 Imm W R+0x10/+IWRAM 4
mGBA log: PASS: 1 Imm W R+0x10/+IWRAM 5
mGBA log: PASS: 1 Imm W R+0x10/+IWRAM 6
mGBA log: DMA test: 2 Imm W R+0x10/+IWRAM
mGBA log: PASS: 2 Imm W R+0x10/+IWRAM 3
mGBA log: PASS: 2 Imm W R+0x10/+IWRAM 4
mGBA log: PASS: 2 Imm W R+0x10/+IWRAM 5
mGBA log: PASS: 2 Imm W R+0x10/+IWRAM 6
mGBA log: DMA test: 3 Imm W R+0x10/+IWRAM
mGBA log: PASS: 3 Imm W R+0x10/+IWRAM 3
mGBA log: PASS: 3 Imm W R+0x10/+IWRAM 4
mGBA log: PASS: 3 Imm W R+0x10/+IWRAM 5
mGBA log: PASS: 3 Imm W R+0x10/+IWRAM 6
mGBA log: DMA test: 0 Imm W R+0x10/+EWRAM
mGBA log: PASS: 0 Imm W R+0x10/+EWRAM 3
mGBA log: PASS: 0 Imm W R+0x10/+EWRAM 4
mGBA log: PASS: 0 Imm W R+0x10/+EWRAM 5
mGBA log: PASS: 0 Imm W R+0x10/+EWRAM 6
mGBA log: PASS: 0 Imm W R+0x10/+EWRAM Old 3
mGBA log: PASS: 0 Imm W R+0x10/+EWRAM Old 4
mGBA log: PASS: 0 Imm W R+0x10/+EWRAM Old 5
mGBA log: PASS: 0 Imm W R+0x10/+EWRAM Old 6
mGBA log: DMA test: 1 Imm W R+0x10/+EWRAM
mGBA log: PASS: 1 Imm W R+0x10/+EWRAM 3
mGBA log: PASS: 1 Imm W R+0x10/+EWRAM 4
mGBA log: PASS: 1 Imm W R+0x10/+EWRAM 5
mGBA log: PASS: 1 Imm W R+0x10/+EWRAM 6
mGBA log: PASS: 1 Imm W R+0x10/+EWRAM Old 3
mGBA log: PASS: 1 Imm W R+0x10/+EWRAM Old 4
mGBA log: PASS: 1 Imm W R+0x10/+EWRAM Old 5
mGBA log: PASS: 1 Imm W R+0x10/+EWRAM Old 6
mGBA log: DMA test: 2 Imm W R+0x10/+EWRAM
mGBA log: PASS: 2 Imm W R+0x10/+EWRAM 3
mGBA log: PASS: 2 Imm W R+0x10/+EWRAM 4
mGBA log: PASS: 2 Imm W R+0x10/+EWRAM 5
mGBA log: PASS: 2 Imm W R+0x10/+EWRAM 6
mGBA log: PASS: 2 Imm W R+0x10/+EWRAM Old 3
mGBA log: PASS: 2 Imm W R+0x10/+EWRAM Old 4
mGBA log: PASS: 2 Imm W R+0x10/+EWRAM Old 5
mGBA log: PASS: 2 Imm W R+0x10/+EWRAM Old 6
mGBA log: DMA test: 3 Imm W R+0x10/+EWRAM
mGBA log: PASS: 3 Imm W R+0x10/+EWRAM 3
mGBA log: PASS: 3 Imm W R+0x10/+EWRAM 4
mGBA log: PASS: 3 Imm W R+0x10/+EWRAM 5
mGBA log: PASS: 3 Imm W R+0x10/+EWRAM 6
mGBA log: PASS: 3 Imm W R+0x10/+EWRAM Old 3
mGBA log: PASS: 3 Imm W R+0x10/+EWRAM Old 4
mGBA log: PASS: 3 Imm W R+0x10/+EWRAM Old 5
mGBA log: PASS: 3 Imm W R+0x10/+EWRAM Old 6
mGBA log: DMA test: 0 Imm H V+BIOS/+VRAM
mGBA log: PASS: 0 Imm H V+BIOS/+VRAM 3
mGBA log: PASS: 0 Imm H V+BIOS/+VRAM 4
mGBA log: PASS: 0 Imm H V+BIOS/+VRAM 5
mGBA log: PASS: 0 Imm H V+BIOS/+VRAM 6
mGBA log: PASS: 0 Imm H V+BIOS/+VRAM Old 3
mGBA log: PASS: 0 Imm H V+BIOS/+VRAM Old 4
mGBA log: PASS: 0 Imm H V+BIOS/+VRAM Old 5
mGBA log: PASS: 0 Imm H V+BIOS/+VRAM Old 6
mGBA log: DMA test: 1 Imm H V+BIOS/+VRAM
mGBA log: PASS: 1 Imm H V+BIOS/+VRAM 3
mGBA log: PASS: 1 Imm H V+BIOS/+VRAM 4
mGBA log: PASS: 1 Imm H V+BIOS/+VRAM 5
mGBA log: PASS: 1 Imm H V+BIOS/+VRAM 6
mGBA log: PASS: 1 Imm H V+BIOS/+VRAM Old 3
mGBA log: PASS: 1 Imm H V+BIOS/+VRAM Old 4
mGBA log: PASS: 1 Imm H V+BIOS/+VRAM Old 5
mGBA log: PASS: 1 Imm H V+BIOS/+VRAM Old 6
mGBA log: DMA test: 2 Imm H V+BIOS/+VRAM
mGBA log: PASS: 2 Imm H V+BIOS/+VRAM 3
mGBA log: PASS: 2 Imm H V+BIOS/+VRAM 4
mGBA log: PASS: 2 Imm H V+BIOS/+VRAM 5
mGBA log: PASS: 2 Imm H V+BIOS/+VRAM 6
mGBA log: PASS: 2 Imm H V+BIOS/+VRAM Old 3
mGBA log: PASS: 2 Imm H V+BIOS/+VRAM Old 4
mGBA log: PASS: 2 Imm H V+BIOS/+VRAM Old 5
mGBA log: PASS: 2 Imm H V+BIOS/+VRAM Old 6
mGBA log: DMA test: 3 Imm H V+BIOS/+VRAM
mGBA log: PASS: 3 Imm H V+BIOS/+VRAM 3
mGBA log: PASS: 3 Imm H V+BIOS/+VRAM 4
mGBA log: PASS: 3 Imm H V+BIOS/+VRAM 5
mGBA log: PASS: 3 Imm H V+BIOS/+VRAM 6
mGBA log: PASS: 3 Imm H V+BIOS/+VRAM Old 3
mGBA log: PASS: 3 Imm H V+BIOS/+VRAM Old 4
mGBA log: PASS: 3 Imm H V+BIOS/+VRAM Old 5
mGBA log: PASS: 3 Imm H V+BIOS/+VRAM Old 6
mGBA log: END: 1256/1256

--- Suite 10: DMA ---
Frames: 267
[sram]
Game Boy Advance Test Suite
===
DMA test: 0 Imm H =IWRAM/=IWRAM
DMA test: 1 Imm H =IWRAM/=IWRAM
DMA test: 2 Imm H =IWRAM/=IWRAM
DMA test: 3 Imm H =IWRAM/=IWRAM
DMA test: 0 Imm H =IWRAM/=EWRAM
DMA test: 1 Imm H =IWRAM/=EWRAM
DMA test: 2 Imm H =IWRAM/=EWRAM
DMA test: 3 Imm H =IWRAM/=EWRAM
DMA test: 0 Imm H =IWRAM/=ROM
DMA test: 1 Imm H =IWRAM/=ROM
DMA test: 2 Imm H =IWRAM/=ROM
DMA test: 3 Imm H =IWRAM/=ROM
DMA test: 0 Imm H =EWRAM/=IWRAM
DMA test: 1 Imm H =EWRAM/=IWRAM
DMA test: 2 Imm H =EWRAM/=IWRAM
DMA test: 3 Imm H =EWRAM/=IWRAM
DMA test: 0 Imm H =EWRAM/=EWRAM
DMA test: 1 Imm H =EWRAM/=EWRAM
DMA test: 2 Imm H =EWRAM/=EWRAM
DMA test: 3 Imm H =EWRAM/=EWRAM
DMA test: 0 Imm H =EWRAM/=ROM
DMA test: 1 Imm H =EWRAM/=ROM
DMA test: 2 Imm H =EWRAM/=ROM
DMA test: 3 Imm H =EWRAM/=ROM
DMA test: 0 Imm H =ROM/=IWRAM
DMA test: 1 Imm H =ROM/=IWRAM
DMA test: 2 Imm H =ROM/=IWRAM
DMA test: 3 Imm H =ROM/=IWRAM
DMA test: 0 Imm H =ROM/=EWRAM
DMA test: 1 Imm H =ROM/=EWRAM
DMA test: 2 Imm H =ROM/=EWRAM
DMA test: 3 Imm H =ROM/=EWRAM
DMA test: 0 Imm H =ROM/=ROM
DMA test: 1 Imm H =ROM/=ROM
DMA test: 2 Imm H =ROM/=ROM
DMA test: 3 Imm H =ROM/=ROM
DMA test: 0 Imm H =BIOS/=IWRAM
DMA test: 1 Imm H =BIOS/=IWRAM
DMA test: 2 Imm H =BIOS/=IWRAM
DMA test: 3 Imm H =BIOS/=IWRAM
DMA test: 0 Imm H =BIOS/=EWRAM
DMA test: 1 Imm H =BIOS/=EWRAM
DMA test: 2 Imm H =BIOS/=EWRAM
DMA test: 3 Imm H =BIOS/=EWRAM
DMA test: 0 Imm H =BIOS/=ROM
DMA test: 1 Imm H =BIOS/=ROM
DMA test: 2 Imm H =BIOS/=ROM
DMA test: 3 Imm H =BIOS/=ROM
DMA test: 0 Imm H =SRAM/=IWRAM
DMA test: 1 Imm H =SRAM/=IWRAM
DMA test: 2 Imm H =SRAM/=IWRAM
DMA test: 3 Imm H =SRAM/=IWRAM
DMA test: 0 Imm H =SRAM/=EWRAM
DMA test: 1 Imm H =SRAM/=EWRAM
DMA test: 2 Imm H =SRAM/=EWRAM
DMA test: 3 Imm H =SRAM/=EWRAM
DMA test: 0 Imm H =SRAM/=ROM
DMA test: 1 Imm H =SRAM/=ROM
DMA test: 2 Imm H =SRAM/=ROM
DMA test: 0 Imm W =IWRAM/=IWRAM
DMA test: 1 Imm W =IWRAM/=IWRAM
DMA test: 2 Imm W =IWRAM/=IWRAM
DMA test: 3 Imm W =IWRAM/=IWRAM
DMA test: 0 Imm W =IWRAM/=EWRAM
DMA test: 1 Imm W =IWRAM/=EWRAM
DMA test: 2 Imm W =IWRAM/=EWRAM
DMA test: 3 Imm W =IWRAM/=EWRAM
DMA test: 0 Imm W =IWRAM/=ROM
DMA test: 1 Imm W =IWRAM/=ROM
DMA test: 2 Imm W =IWRAM/=ROM
DMA test: 3 Imm W =IWRAM/=ROM
DMA test: 0 Imm W =EWRAM/=IWRAM
DMA test: 1 Imm W =EWRAM/=IWRAM
DMA test: 2 Imm W =EWRAM/=IWRAM
DMA test: 3 Imm W =EWRAM/=IWRAM
DMA test: 0 Imm W =EWRAM/=EWRAM
DMA test: 1 Imm W =EWRAM/=EWRAM
DMA test: 2 Imm W =EWRAM/=EWRAM
DMA test: 3 Imm W =EWRAM/=EWRAM
DMA test: 0 Imm W =EWRAM/=ROM
DMA test: 1 Imm W =EWRAM/=ROM
DMA test: 2 Imm W =EWRAM/=ROM
DMA test: 3 Imm W =EWRAM/=ROM
DMA test: 0 Imm W =ROM/=IWRAM
DMA test: 1 Imm W =ROM/=IWRAM
DMA test: 2 Imm W =ROM/=IWRAM
DMA test: 3 Imm W =ROM/=IWRAM
DMA test: 0 Imm W =ROM/=EWRAM
DMA test: 1 Imm W =ROM/=EWRAM
DMA test: 2 Imm W =ROM/=EWRAM
DMA test: 3 Imm W =ROM/=EWRAM
DMA test: 0 Imm W =ROM/=ROM
DMA test: 1 Imm W =ROM/=ROM
DMA test: 2 Imm W =ROM/=ROM
DMA test: 3 Imm W =ROM/=ROM
DMA test: 0 Imm W =BIOS/=IWRAM
DMA test: 1 Imm W =BIOS/=IWRAM
DMA test: 2 Imm W =BIOS/=IWRAM
DMA test: 3 Imm W =BIOS/=IWRAM
DMA test: 0 Imm W =BIOS/=EWRAM
DMA test: 1 Imm W =BIOS/=EWRAM
DMA test: 2 Imm W =BIOS/=EWRAM
DMA test: 3 Imm W =BIOS/=EWRAM
DMA test: 0 Imm W =BIOS/=ROM
DMA test: 1 Imm W =BIOS/=ROM
DMA test: 2 Imm W =BIOS/=ROM
DMA test: 3 Imm W =BIOS/=ROM
DMA test: 0 Imm W =SRAM/=IWRAM
DMA test: 1 Imm W =SRAM/=IWRAM
DMA test: 2 Imm W =SRAM/=IWRAM
DMA test: 3 Imm W =SRAM/=IWRAM
DMA test: 0 Imm W =SRAM/=EWRAM
DMA test: 1 Imm W =SRAM/=EWRAM
DMA test: 2 Imm W =SRAM/=EWRAM
DMA test: 3 Imm W =SRAM/=EWRAM
DMA test: 0 Imm W =SRAM/=ROM
DMA test: 1 Imm W =SRAM/=ROM
DMA test: 2 Imm W =SRAM/=ROM
DMA test: 0 Imm H +IWRAM/=IWRAM
DMA test: 1 Imm H +IWRAM/=IWRAM
DMA test: 2 Imm H +IWRAM/=IWRAM
DMA test: 3 Imm H +IWRAM/=IWRAM
DMA test: 0 Imm H +IWRAM/=EWRAM
DMA test: 1 Imm H +IWRAM/=EWRAM
DMA test: 2 Imm H +IWRAM/=EWRAM
DMA test: 3 Imm H +IWRAM/=EWRAM
DMA test: 0 Imm H +IWRAM/=ROM
DMA test: 1 Imm H +IWRAM/=ROM
DMA test: 2 Imm H +IWRAM/=ROM
DMA test: 3 Imm H +IWRAM/=ROM
DMA test: 0 Imm H +EWRAM/=IWRAM
DMA test: 1 Imm H +EWRAM/=IWRAM
DMA test: 2 Imm H +EWRAM/=IWRAM
DMA test: 3 Imm H +EWRAM/=IWRAM
DMA test: 0 Imm H +EWRAM/=EWRAM
DMA test: 1 Imm H +EWRAM/=EWRAM
DMA test: 2 Imm H +EWRAM/=EWRAM
DMA test: 3 Imm H +EWRAM/=EWRAM
DMA test: 0 Imm H +EWRAM/=ROM
DMA test: 1 Imm H +EWRAM/=ROM
DMA test: 2 Imm H +EWRAM/=ROM
DMA test: 3 Imm H +EWRAM/=ROM
DMA test: 0 Imm H +ROM/=IWRAM
DMA test: 1 Imm H +ROM/=IWRAM
DMA test: 2 Imm H +ROM/=IWRAM
DMA test: 3 Imm H +ROM/=IWRAM
DMA test: 0 Imm H +ROM/=EWRAM
DMA test: 1 Imm H +ROM/=EWRAM
DMA test: 2 Imm H +ROM/=EWRAM
DMA test: 3 Imm H +ROM/=EWRAM
DMA test: 0 Imm H +ROM/=ROM
DMA test: 1 Imm H +ROM/=ROM
DMA test: 2 Imm H +ROM/=ROM
DMA test: 3 Imm H +ROM/=ROM
DMA test: 0 Imm H +BIOS/=IWRAM
DMA test: 1 Imm H +BIOS/=IWRAM
DMA test: 2 Imm H +BIOS/=IWRAM
DMA test: 3 Imm H +BIOS/=IWRAM
DMA test: 0 Imm H +BIOS/=EWRAM
DMA test: 1 Imm H +BIOS/=EWRAM
DMA test: 2 Imm H +BIOS/=EWRAM
DMA test: 3 Imm H +BIOS/=EWRAM
DMA test: 0 Imm H +BIOS/=ROM
DMA test: 1 Imm H +BIOS/=ROM
DMA test: 2 Imm H +BIOS/=ROM
DMA test: 3 Imm H +BIOS/=ROM
DMA test: 0 Imm H +SRAM/=IWRAM
DMA test: 1 Imm H +SRAM/=IWRAM
DMA test: 2 Imm H +SRAM/=IWRAM
DMA test: 3 Imm H +SRAM/=IWRAM
DMA test: 0 Imm H +SRAM/=EWRAM
DMA test: 1 Imm H +SRAM/=EWRAM
DMA test: 2 Imm H +SRAM/=EWRAM
DMA test: 3 Imm H +SRAM/=EWRAM
DMA test: 0 Imm H +SRAM/=ROM
DMA test: 1 Imm H +SRAM/=ROM
DMA test: 2 Imm H +SRAM/=ROM
DMA test: 0 Imm W +IWRAM/=IWRAM
DMA test: 1 Imm W +IWRAM/=IWRAM
DMA test: 2 Imm W +IWRAM/=IWRAM
DMA test: 3 Imm W +IWRAM/=IWRAM
DMA test: 0 Imm W +IWRAM/=EWRAM
DMA test: 1 Imm W +IWRAM/=EWRAM
DMA test: 2 Imm W +IWRAM/=EWRAM
DMA test: 3 Imm W +IWRAM/=EWRAM
DMA test: 0 Imm W +IWRAM/=ROM
DMA test: 1 Imm W +IWRAM/=ROM
DMA test: 2 Imm W +IWRAM/=ROM
DMA test: 3 Imm W +IWRAM/=ROM
DMA test: 0 Imm W +EWRAM/=IWRAM
DMA test: 1 Imm W +EWRAM/=IWRAM
DMA test: 2 Imm W +EWRAM/=IWRAM
DMA test: 3 Imm W +EWRAM/=IWRAM
DMA test: 0 Imm W +EWRAM/=EWRAM
DMA test: 1 Imm W +EWRAM/=EWRAM
DMA test: 2 Imm W +EWRAM/=EWRAM
DMA test: 3 Imm W +EWRAM/=EWRAM
DMA test: 0 Imm W +EWRAM/=ROM
DMA test: 1 Imm W +EWRAM/=ROM
DMA test: 2 Imm W +EWRAM/=ROM
DMA test: 3 Imm W +EWRAM/=ROM
DMA test: 0 Imm W +ROM/=IWRAM
DMA test: 1 Imm W +ROM/=IWRAM
DMA test: 2 Imm W +ROM/=IWRAM
DMA test: 3 Imm W +ROM/=IWRAM
DMA test: 0 Imm W +ROM/=EWRAM
DMA test: 1 Imm W +ROM/=EWRAM
DMA test: 2 Imm W +ROM/=EWRAM
DMA test: 3 Imm W +ROM/=EWRAM
DMA test: 0 Imm W +ROM/=ROM
DMA test: 1 Imm W +ROM/=ROM
DMA test: 2 Imm W +ROM/=ROM
DMA test: 3 Imm W +ROM/=ROM
DMA test: 0 Imm W +BIOS/=IWRAM
DMA test: 1 Imm W +BIOS/=IWRAM
DMA test: 2 Imm W +BIOS/=IWRAM
DMA test: 3 Imm W +BIOS/=IWRAM
DMA test: 0 Imm W +BIOS/=EWRAM
DMA test: 1 Imm W +BIOS/=EWRAM
DMA test: 2 Imm W +BIOS/=EWRAM
DMA test: 3 Imm W +BIOS/=EWRAM
DMA test: 0 Imm W +BIOS/=ROM
DMA test: 1 Imm W +BIOS/=ROM
DMA test: 2 Imm W +BIOS/=ROM
DMA test: 3 Imm W +BIOS/=ROM
DMA test: 0 Imm W +SRAM/=IWRAM
DMA test: 1 Imm W +SRAM/=IWRAM
DMA test: 2 Imm W +SRAM/=IWRAM
DMA test: 3 Imm W +SRAM/=IWRAM
DMA test: 0 Imm W +SRAM/=EWRAM
DMA test: 1 Imm W +SRAM/=EWRAM
DMA test: 2 Imm W +SRAM/=EWRAM
DMA test: 3 Imm W +SRAM/=EWRAM
DMA test: 0 Imm W +SRAM/=ROM
DMA test: 1 Imm W +SRAM/=ROM
DMA test: 2 Imm W +SRAM/=ROM
DMA test: 0 Imm H -IWRAM/=IWRAM
DMA test: 1 Imm H -IWRAM/=IWRAM
DMA test: 2 Imm H -IWRAM/=IWRAM
DMA test: 3 Imm H -IWRAM/=IWRAM
DMA test: 0 Imm H -IWRAM/=EWRAM
DMA test: 1 Imm H -IWRAM/=EWRAM
DMA test: 2 Imm H -IWRAM/=EWRAM
DMA test: 3 Imm H -IWRAM/=EWRAM
DMA test: 0 Imm H -IWRAM/=ROM
DMA test: 1 Imm H -IWRAM/=ROM
DMA test: 2 Imm H -IWRAM/=ROM
DMA test: 3 Imm H -IWRAM/=ROM
DMA test: 0 Imm H -EWRAM/=IWRAM
DMA test: 1 Imm H -EWRAM/=IWRAM
DMA test: 2 Imm H -EWRAM/=IWRAM
DMA test: 3 Imm H -EWRAM/=IWRAM
DMA test: 0 Imm H -EWRAM/=EWRAM
DMA test: 1 Imm H -EWRAM/=EWRAM
DMA test: 2 Imm H -EWRAM/=EWRAM
DMA test: 3 Imm H -EWRAM/=EWRAM
DMA test: 0 Imm H -EWRAM/=ROM
DMA test: 1 Imm H -EWRAM/=ROM
DMA test: 2 Imm H -EWRAM/=ROM
DMA test: 3 Imm H -EWRAM/=ROM
DMA test: 0 Imm H -ROM/=IWRAM
DMA test: 1 Imm H -ROM/=IWRAM
DMA test: 2 Imm H -ROM/=IWRAM
DMA test: 3 Imm H -ROM/=IWRAM
DMA test: 0 Imm H -ROM/=EWRAM
DMA test: 1 Imm H -ROM/=EWRAM
DMA test: 2 Imm H -ROM/=EWRAM
DMA test: 3 Imm H -ROM/=EWRAM
DMA test: 0 Imm H -ROM/=ROM
DMA test: 1 Imm H -ROM/=ROM
DMA test: 2 Imm H -ROM/=ROM
DMA test: 3 Imm H -ROM/=ROM
DMA test: 0 Imm H -BIOS/=IWRAM
DMA test: 1 Imm H -BIOS/=IWRAM
DMA test: 2 Imm H -BIOS/=IWRAM
DMA test: 3 Imm H -BIOS/=IWRAM
DMA test: 0 Imm H -BIOS/=EWRAM
DMA test: 1 Imm H -BIOS/=EWRAM
DMA test: 2 Imm H -BIOS/=EWRAM
DMA test: 3 Imm H -BIOS/=EWRAM
DMA test: 0 Imm H -BIOS/=ROM
DMA test: 1 Imm H -BIOS/=ROM
DMA test: 2 Imm H -BIOS/=ROM
DMA test: 3 Imm H -BIOS/=ROM
DMA test: 0 Imm H -SRAM/=IWRAM
DMA test: 1 Imm H -SRAM/=IWRAM
DMA test: 2 Imm H -SRAM/=IWRAM
DMA test: 3 Imm H -SRAM/=IWRAM
DMA test: 0 Imm H -SRAM/=EWRAM
DMA test: 1 Imm H -SRAM/=EWRAM
DMA test: 2 Imm H -SRAM/=EWRAM
DMA test: 3 Imm H -SRAM/=EWRAM
DMA test: 0 Imm H -SRAM/=ROM
DMA test: 1 Imm H -SRAM/=ROM
DMA test: 2 Imm H -SRAM/=ROM
DMA test: 0 Imm W -IWRAM/=IWRAM
DMA test: 1 Imm W -IWRAM/=IWRAM
DMA test: 2 Imm W -IWRAM/=IWRAM
DMA test: 3 Imm W -IWRAM/=IWRAM
DMA test: 0 Imm W -IWRAM/=EWRAM
DMA test: 1 Imm W -IWRAM/=EWRAM
DMA test: 2 Imm W -IWRAM/=EWRAM
DMA test: 3 Imm W -IWRAM/=EWRAM
DMA test: 0 Imm W -IWRAM/=ROM
DMA test: 1 Imm W -IWRAM/=ROM
DMA test: 2 Imm W -IWRAM/=ROM
DMA test: 3 Imm W -IWRAM/=ROM
DMA test: 0 Imm W -EWRAM/=IWRAM
DMA test: 1 Imm W -EWRAM/=IWRAM
DMA test: 2 Imm W -EWRAM/=IWRAM
DMA test: 3 Imm W -EWRAM/=IWRAM
DMA test: 0 Imm W -EWRAM/=EWRAM
DMA test: 1 Imm W -EWRAM/=EWRAM
DMA test: 2 Imm W -EWRAM/=EWRAM
DMA test: 3 Imm W -EWRAM/=EWRAM
DMA test: 0 Imm W -EWRAM/=ROM
DMA test: 1 Imm W -EWRAM/=ROM
DMA test: 2 Imm W -EWRAM/=ROM
DMA test: 3 Imm W -EWRAM/=ROM
DMA test: 0 Imm W -ROM/=IWRAM
DMA test: 1 Imm W -ROM/=IWRAM
DMA test: 2 Imm W -ROM/=IWRAM
DMA test: 3 Imm W -ROM/=IWRAM
DMA test: 0 Imm W -ROM/=EWRAM
DMA test: 1 Imm W -ROM/=EWRAM
DMA test: 2 Imm W -ROM/=EWRAM
DMA test: 3 Imm W -ROM/=EWRAM
DMA test: 0 Imm W -ROM/=ROM
DMA test: 1 Imm W -ROM/=ROM
DMA test: 2 Imm W -ROM/=ROM
DMA test: 3 Imm W -ROM/=ROM
DMA test: 0 Imm W -BIOS/=IWRAM
DMA test: 1 Imm W -BIOS/=IWRAM
DMA test: 2 Imm W -BIOS/=IWRAM
DMA test: 3 Imm W -BIOS/=IWRAM
DMA test: 0 Imm W -BIOS/=EWRAM
DMA test: 1 Imm W -BIOS/=EWRAM
DMA test: 2 Imm W -BIOS/=EWRAM
DMA test: 3 Imm W -BIOS/=EWRAM
DMA test: 0 Imm W -BIOS/=ROM
DMA test: 1 Imm W -BIOS/=ROM
DMA test: 2 Imm W -BIOS/=ROM
DMA test: 3 Imm W -BIOS/=ROM
DMA test: 0 Imm W -SRAM/=IWRAM
DMA test: 1 Imm W -SRAM/=IWRAM
DMA test: 2 Imm W -SRAM/=IWRAM
DMA test: 3 Imm W -SRAM/=IWRAM
DMA test: 0 Imm W -SRAM/=EWRAM
DMA test: 1 Imm W -SRAM/=EWRAM
DMA test: 2 Imm W -SRAM/=EWRAM
DMA test: 3 Imm W -SRAM/=EWRAM
DMA test: 0 Imm W -SRAM/=ROM
DMA test: 1 Imm W -SRAM/=ROM
DMA test: 2 Imm W -SRAM/=ROM
DMA test: 0 HBl H =IWRAM/=IWRAM
DMA test: 1 HBl H =IWRAM/=IWRAM
DMA test: 2 HBl H =IWRAM/=IWRAM
DMA test: 3 HBl H =IWRAM/=IWRAM
DMA test: 0 HBl H =IWRAM/=EWRAM
DMA test: 1 HBl H =IWRAM/=EWRAM
DMA test: 2 HBl H =IWRAM/=EWRAM
DMA test: 3 HBl H =IWRAM/=EWRAM
DMA test: 0 HBl H =IWRAM/=ROM
DMA test: 1 HBl H =IWRAM/=ROM
DMA test: 2 HBl H =IWRAM/=ROM
DMA test: 3 HBl H =IWRAM/=ROM
DMA test: 0 HBl H =EWRAM/=IWRAM
DMA test: 1 HBl H =EWRAM/=IWRAM
DMA test: 2 HBl H =EWRAM/=IWRAM
DMA test: 3 HBl H =EWRAM/=IWRAM
DMA test: 0 HBl H =EWRAM/=EWRAM
DMA test: 1 HBl H =EWRAM/=EWRAM
DMA test: 2 HBl H =EWRAM/=EWRAM
DMA test: 3 HBl H =EWRAM/=EWRAM
DMA test: 0 HBl H =EWRAM/=ROM
DMA test: 1 HBl H =EWRAM/=ROM
DMA test: 2 HBl H =EWRAM/=ROM
DMA test: 3 HBl H =EWRAM/=ROM
DMA test: 0 HBl H =ROM/=IWRAM
DMA test: 1 HBl H =ROM/=IWRAM
DMA test: 2 HBl H =ROM/=IWRAM
DMA test: 3 HBl H =ROM/=IWRAM
DMA test: 0 HBl H =ROM/=EWRAM
DMA test: 1 HBl H =ROM/=EWRAM
DMA test: 2 HBl H =ROM/=EWRAM
DMA test: 3 HBl H =ROM/=EWRAM
DMA test: 0 HBl H =ROM/=ROM
DMA test: 1 HBl H =ROM/=ROM
DMA test: 2 HBl H =ROM/=ROM
DMA test: 3 HBl H =ROM/=ROM
DMA test: 0 HBl H =BIOS/=IWRAM
DMA test: 1 HBl H =BIOS/=IWRAM
DMA test: 2 HBl H =BIOS/=IWRAM
DMA test: 3 HBl H =BIOS/=IWRAM
DMA test: 0 HBl H =BIOS/=EWRAM
DMA test: 1 HBl H =BIOS/=EWRAM
DMA test: 2 HBl H =BIOS/=EWRAM
DMA test: 3 HBl H =BIOS/=EWRAM
DMA test: 0 HBl H =BIOS/=ROM
DMA test: 1 HBl H =BIOS/=ROM
DMA test: 2 HBl H =BIOS/=ROM
DMA test: 3 HBl H =BIOS/=ROM
DMA test: 0 HBl H =SRAM/=IWRAM
DMA test: 1 HBl H =SRAM/=IWRAM
DMA test: 2 HBl H =SRAM/=IWRAM
DMA test: 3 HBl H =SRAM/=IWRAM
DMA test: 0 HBl H =SRAM/=EWRAM
DMA test: 1 HBl H =SRAM/=EWRAM
DMA test: 2 HBl H =SRAM/=EWRAM
DMA test: 3 HBl H =SRAM/=EWRAM
DMA test: 0 HBl H =SRAM/=ROM
DMA test: 1 HBl H =SRAM/=ROM
DMA test: 2 HBl H =SRAM/=ROM
DMA test: 0 HBl W =IWRAM/=IWRAM
DMA test: 1 HBl W =IWRAM/=IWRAM
DMA test: 2 HBl W =IWRAM/=IWRAM
DMA test: 3 HBl W =IWRAM/=IWRAM
DMA test: 0 HBl W =IWRAM/=EWRAM
DMA test: 1 HBl W =IWRAM/=EWRAM
DMA test: 2 HBl W =IWRAM/=EWRAM
DMA test: 3 HBl W =IWRAM/=EWRAM
DMA test: 0 HBl W =IWRAM/=ROM
DMA test: 1 HBl W =IWRAM/=ROM
DMA test: 2 HBl W =IWRAM/=ROM
DMA test: 3 HBl W =IWRAM/=ROM
DMA test: 0 HBl W =EWRAM/=IWRAM
DMA test: 1 HBl W =EWRAM/=IWRAM
DMA test: 2 HBl W =EWRAM/=IWRAM
DMA test: 3 HBl W =EWRAM/=IWRAM
DMA test: 0 HBl W =EWRAM/=EWRAM
DMA test: 1 HBl W =EWRAM/=EWRAM
DMA test: 2 HBl W =EWRAM/=EWRAM
DMA test: 3 HBl W =EWRAM/=EWRAM
DMA test: 0 HBl W =EWRAM/=ROM
DMA test: 1 HBl W =EWRAM/=ROM
DMA test: 2 HBl W =EWRAM/=ROM
DMA test: 3 HBl W =EWRAM/=ROM
DMA test: 0 HBl W =ROM/=IWRAM
DMA test: 1 HBl W =ROM/=IWRAM
DMA test: 2 HBl W =ROM/=IWRAM
DMA test: 3 HBl W =ROM/=IWRAM
DMA test: 0 HBl W =ROM/=EWRAM
DMA test: 1 HBl W =ROM/=EWRAM
DMA test: 2 HBl W =ROM/=EWRAM
DMA test: 3 HBl W =ROM/=EWRAM
DMA test: 0 HBl W =ROM/=ROM
DMA test: 1 HBl W =ROM/=ROM
DMA test: 2 HBl W =ROM/=ROM
DMA test: 3 HBl W =ROM/=ROM
DMA test: 0 HBl W =BIOS/=IWRAM
DMA test: 1 HBl W =BIOS/=IWRAM
DMA test: 2 HBl W =BIOS/=IWRAM
DMA test: 3 HBl W =BIOS/=IWRAM
DMA test: 0 HBl W =BIOS/=EWRAM
DMA test: 1 HBl W =BIOS/=EWRAM
DMA test: 2 HBl W =BIOS/=EWRAM
DMA test: 3 HBl W =BIOS/=EWRAM
DMA test: 0 HBl W =BIOS/=ROM
DMA test: 1 HBl W =BIOS/=ROM
DMA test: 2 HBl W =BIOS/=ROM
DMA test: 3 HBl W =BIOS/=ROM
DMA test: 0 HBl W =SRAM/=IWRAM
DMA test: 1 HBl W =SRAM/=IWRAM
DMA test: 2 HBl W =SRAM/=IWRAM
DMA test: 3 HBl W =SRAM/=IWRAM
DMA test: 0 HBl W =SRAM/=EWRAM
DMA test: 1 HBl W =SRAM/=EWRAM
DMA test: 2 HBl W =SRAM/=EWRAM
DMA test: 3 HBl W =SRAM/=EWRAM
DMA test: 0 HBl W =SRAM/=ROM
DMA test: 1 HBl W =SRAM/=ROM
DMA test: 2 HBl W =SRAM/=ROM
DMA test: 0 HBl H +IWRAM/=IWRAM
DMA test: 1 HBl H +IWRAM/=IWRAM
DMA test: 2 HBl H +IWRAM/=IWRAM
DMA test: 3 HBl H +IWRAM/=IWRAM
DMA test: 0 HBl H +IWRAM/=EWRAM
DMA test: 1 HBl H +IWRAM/=EWRAM
DMA test: 2 HBl H +IWRAM/=EWRAM
DMA test: 3 HBl H +IWRAM/=EWRAM
DMA test: 0 HBl H +IWRAM/=ROM
DMA test: 1 HBl H +IWRAM/=ROM
DMA test: 2 HBl H +IWRAM/=ROM
DMA test: 3 HBl H +IWRAM/=ROM
DMA test: 0 HBl H +EWRAM/=IWRAM
DMA test: 1 HBl H +EWRAM/=IWRAM
DMA test: 2 HBl H +EWRAM/=IWRAM
DMA test: 3 HBl H +EWRAM/=IWRAM
DMA test: 0 HBl H +EWRAM/=EWRAM
DMA test: 1 HBl H +EWRAM/=EWRAM
DMA test: 2 HBl H +EWRAM/=EWRAM
DMA test: 3 HBl H +EWRAM/=EWRAM
DMA test: 0 HBl H +EWRAM/=ROM
DMA test: 1 HBl H +EWRAM/=ROM
DMA test: 2 HBl H +EWRAM/=ROM
DMA test: 3 HBl H +EWRAM/=ROM
DMA test: 0 HBl H +ROM/=IWRAM
DMA test: 1 HBl H +ROM/=IWRAM
DMA test: 2 HBl H +ROM/=IWRAM
DMA test: 3 HBl H +ROM/=IWRAM
DMA test: 0 HBl H +ROM/=EWRAM
DMA test: 1 HBl H +ROM/=EWRAM
DMA test: 2 HBl H +ROM/=EWRAM
DMA test: 3 HBl H +ROM/=EWRAM
DMA test: 0 HBl H +ROM/=ROM
DMA test: 1 HBl H +ROM/=ROM
DMA test: 2 HBl H +ROM/=ROM
DMA test: 3 HBl H +ROM/=ROM
DMA test: 0 HBl H +BIOS/=IWRAM
DMA test: 1 HBl H +BIOS/=IWRAM
DMA test: 2 HBl H +BIOS/=IWRAM
DMA test: 3 HBl H +BIOS/=IWRAM
DMA test: 0 HBl H +BIOS/=EWRAM
DMA test: 1 HBl H +BIOS/=EWRAM
DMA test: 2 HBl H +BIOS/=EWRAM
DMA test: 3 HBl H +BIOS/=EWRAM
DMA test: 0 HBl H +BIOS/=ROM
DMA test: 1 HBl H +BIOS/=ROM
DMA test: 2 HBl H +BIOS/=ROM
DMA test: 3 HBl H +BIOS/=ROM
DMA test: 0 HBl H +SRAM/=IWRAM
DMA test: 1 HBl H +SRAM/=IWRAM
DMA test: 2 HBl H +SRAM/=IWRAM
DMA test: 3 HBl H +SRAM/=IWRAM
DMA test: 0 HBl H +SRAM/=EWRAM
DMA test: 1 HBl H +SRAM/=EWRAM
DMA test: 2 HBl H +SRAM/=EWRAM
DMA test: 3 HBl H +SRAM/=EWRAM
DMA test: 0 HBl H +SRAM/=ROM
DMA test: 1 HBl H +SRAM/=ROM
DMA test: 2 HBl H +SRAM/=ROM
DMA test: 0 HBl W +IWRAM/=IWRAM
DMA test: 1 HBl W +IWRAM/=IWRAM
DMA test: 2 HBl W +IWRAM/=IWRAM
DMA test: 3 HBl W +IWRAM/=IWRAM
DMA test: 0 HBl W +IWRAM/=EWRAM
DMA test: 1 HBl W +IWRAM/=EWRAM
DMA test: 2 HBl W +IWRAM/=EWRAM
DMA test: 3 HBl W +IWRAM/=EWRAM
DMA test: 0 HBl W +IWRAM/=ROM
DMA test: 1 HBl W +IWRAM/=ROM
DMA test: 2 HBl W +IWRAM/=ROM
DMA test: 3 HBl W +IWRAM/=ROM
DMA test: 0 HBl W +EWRAM/=IWRAM
DMA test: 1 HBl W +EWRAM/=IWRAM
DMA test: 2 HBl W +EWRAM/=IWRAM
DMA test: 3 HBl W +EWRAM/=IWRAM
DMA test: 0 HBl W +EWRAM/=EWRAM
DMA test: 1 HBl W +EWRAM/=EWRAM
DMA test: 2 HBl W +EWRAM/=EWRAM
DMA test: 3 HBl W +EWRAM/=EWRAM
DMA test: 0 HBl W +EWRAM/=ROM
DMA test: 1 HBl W +EWRAM/=ROM
DMA test: 2 HBl W +EWRAM/=ROM
DMA test: 3 HBl W +EWRAM/=ROM
DMA test: 0 HBl W +ROM/=IWRAM
DMA test: 1 HBl W +ROM/=IWRAM
DMA test: 2 HBl W +ROM/=IWRAM
DMA test: 3 HBl W +ROM/=IWRAM
DMA test: 0 HBl W +ROM/=EWRAM
DMA test: 1 HBl W +ROM/=EWRAM
DMA test: 2 HBl W +ROM/=EWRAM
DMA test: 3 HBl W +ROM/=EWRAM
DMA test: 0 HBl W +ROM/=ROM
DMA test: 1 HBl W +ROM/=ROM
DMA test: 2 HBl W +ROM/=ROM
DMA test: 3 HBl W +ROM/=ROM
DMA test: 0 HBl W +BIOS/=IWRAM
DMA test: 1 HBl W +BIOS/=IWRAM
DMA test: 2 HBl W +BIOS/=IWRAM
DMA test: 3 HBl W +BIOS/=IWRAM
DMA test: 0 HBl W +BIOS/=EWRAM
DMA test: 1 HBl W +BIOS/=EWRAM
DMA test: 2 HBl W +BIOS/=EWRAM
DMA test: 3 HBl W +BIOS/=EWRAM
DMA test: 0 HBl W +BIOS/=ROM
DMA test: 1 HBl W +BIOS/=ROM
DMA test: 2 HBl W +BIOS/=ROM
DMA test: 3 HBl W +BIOS/=ROM
DMA test: 0 HBl W +SRAM/=IWRAM
DMA test: 1 HBl W +SRAM/=IWRAM
DMA test: 2 HBl W +SRAM/=IWRAM
DMA test: 3 HBl W +SRAM/=IWRAM
DMA test: 0 HBl W +SRAM/=EWRAM
DMA test: 1 HBl W +SRAM/=EWRAM
DMA test: 2 HBl W +SRAM/=EWRAM
DMA test: 3 HBl W +SRAM/=EWRAM
DMA test: 0 HBl W +SRAM/=ROM
DMA test: 1 HBl W +SRAM/=ROM
DMA test: 2 HBl W +SRAM/=ROM
DMA test: 0 HBl H -IWRAM/=IWRAM
DMA test: 1 HBl H -IWRAM/=IWRAM
DMA test: 2 HBl H -IWRAM/=IWRAM
DMA test: 3 HBl H -IWRAM/=IWRAM
DMA test: 0 HBl H -IWRAM/=EWRAM
DMA test: 1 HBl H -IWRAM/=EWRAM
DMA test: 2 HBl H -IWRAM/=EWRAM
DMA test: 3 HBl H -IWRAM/=EWRAM
DMA test: 0 HBl H -IWRAM/=ROM
DMA test: 1 HBl H -IWRAM/=ROM
DMA test: 2 HBl H -IWRAM/=ROM
DMA test: 3 HBl H -IWRAM/=ROM
DMA test: 0 HBl H -EWRAM/=IWRAM
DMA test: 1 HBl H -EWRAM/=IWRAM
DMA test: 2 HBl H -EWRAM/=IWRAM
DMA test: 3 HBl H -EWRAM/=IWRAM
DMA test: 0 HBl H -EWRAM/=EWRAM
DMA test: 1 HBl H -EWRAM/=EWRAM
DMA test: 2 HBl H -EWRAM/=EWRAM
DMA test: 3 HBl H -EWRAM/=EWRAM
DMA test: 0 HBl H -EWRAM/=ROM
DMA test: 1 HBl H -EWRAM/=ROM
DMA test: 2 HBl H -EWRAM/=ROM
DMA test: 3 HBl H -EWRAM/=ROM
DMA test: 0 HBl H -ROM/=IWRAM
DMA test: 1 HBl H -ROM/=IWRAM
DMA test: 2 HBl H -ROM/=IWRAM
DMA test: 3 HBl H -ROM/=IWRAM
DMA test: 0 HBl H -ROM/=EWRAM
DMA test: 1 HBl H -ROM/=EWRAM
DMA test: 2 HBl H -ROM/=EWRAM
DMA test: 3 HBl H -ROM/=EWRAM
DMA test: 0 HBl H -ROM/=ROM
DMA test: 1 HBl H -ROM/=ROM
DMA test: 2 HBl H -ROM/=ROM
DMA test: 3 HBl H -ROM/=ROM
DMA test: 0 HBl H -BIOS/=IWRAM
DMA test: 1 HBl H -BIOS/=IWRAM
DMA test: 2 HBl H -BIOS/=IWRAM
DMA test: 3 HBl H -BIOS/=IWRAM
DMA test: 0 HBl H -BIOS/=EWRAM
DMA test: 1 HBl H -BIOS/=EWRAM
DMA test: 2 HBl H -BIOS/=EWRAM
DMA test: 3 HBl H -BIOS/=EWRAM
DMA test: 0 HBl H -BIOS/=ROM
DMA test: 1 HBl H -BIOS/=ROM
DMA test: 2 HBl H -BIOS/=ROM
DMA test: 3 HBl H -BIOS/=ROM
DMA test: 0 HBl H -SRAM/=IWRAM
DMA test: 1 HBl H -SRAM/=IWRAM
DMA test: 2 HBl H -SRAM/=IWRAM
DMA test: 3 HBl H -SRAM/=IWRAM
DMA test: 0 HBl H -SRAM/=EWRAM
DMA test: 1 HBl H -SRAM/=EWRAM
DMA test: 2 HBl H -SRAM/=EWRAM
DMA test: 3 HBl H -SRAM/=EWRAM
DMA test: 0 HBl H -SRAM/=ROM
DMA test: 1 HBl H -SRAM/=ROM
DMA test: 2 HBl H -SRAM/=ROM
DMA test: 0 HBl W -IWRAM/=IWRAM
DMA test: 1 HBl W -IWRAM/=IWRAM
DMA test: 2 HBl W -IWRAM/=IWRAM
DMA test: 3 HBl W -IWRAM/=IWRAM
DMA test: 0 HBl W -IWRAM/=EWRAM
DMA test: 1 HBl W -IWRAM/=EWRAM
DMA test: 2 HBl W -IWRAM/=EWRAM
DMA test: 3 HBl W -IWRAM/=EWRAM
DMA test: 0 HBl W -IWRAM/=ROM
DMA test: 1 HBl W -IWRAM/=ROM
DMA test: 2 HBl W -IWRAM/=ROM
DMA test: 3 HBl W -IWRAM/=ROM
DMA test: 0 HBl W -EWRAM/=IWRAM
DMA test: 1 HBl W -EWRAM/=IWRAM
DMA test: 2 HBl W -EWRAM/=IWRAM
DMA test: 3 HBl W -EWRAM/=IWRAM
DMA test: 0 HBl W -EWRAM/=EWRAM
DMA test: 1 HBl W -EWRAM/=EWRAM
DMA test: 2 HBl W -EWRAM/=EWRAM
DMA test: 3 HBl W -EWRAM/=EWRAM
DMA test: 0 HBl W -EWRAM/=ROM
DMA test: 1 HBl W -EWRAM/=ROM
DMA test: 2 HBl W -EWRAM/=ROM
DMA test: 3 HBl W -EWRAM/=ROM
DMA test: 0 HBl W -ROM/=IWRAM
DMA test: 1 HBl W -ROM/=IWRAM
DMA test: 2 HBl W -ROM/=IWRAM
DMA test: 3 HBl W -ROM/=IWRAM
DMA test: 0 HBl W -ROM/=EWRAM
DMA test: 1 HBl W -ROM/=EWRAM
DMA test: 2 HBl W -ROM/=EWRAM
DMA test: 3 HBl W -ROM/=EWRAM
DMA test: 0 HBl W -ROM/=ROM
DMA test: 1 HBl W -ROM/=ROM
DMA test: 2 HBl W -ROM/=ROM
DMA test: 3 HBl W -ROM/=ROM
DMA test: 0 HBl W -BIOS/=IWRAM
DMA test: 1 HBl W -BIOS/=IWRAM
DMA test: 2 HBl W -BIOS/=IWRAM
DMA test: 3 HBl W -BIOS/=IWRAM
DMA test: 0 HBl W -BIOS/=EWRAM
DMA test: 1 HBl W -BIOS/=EWRAM
DMA test: 2 HBl W -BIOS/=EWRAM
DMA test: 3 HBl W -BIOS/=EWRAM
DMA test: 0 HBl W -BIOS/=ROM
DMA test: 1 HBl W -BIOS/=ROM
DMA test: 2 HBl W -BIOS/=ROM
DMA test: 3 HBl W -BIOS/=ROM
DMA test: 0 HBl W -SRAM/=IWRAM
DMA test: 1 HBl W -SRAM/=IWRAM
DMA test: 2 HBl W -SRAM/=IWRAM
DMA test: 3 HBl W -SRAM/=IWRAM
DMA test: 0 HBl W -SRAM/=EWRAM
DMA test: 1 HBl W -SRAM/=EWRAM
DMA test: 2 HBl W -SRAM/=EWRAM
DMA test: 3 HBl W -SRAM/=EWRAM
DMA test: 0 HBl W -SRAM/=ROM
DMA test: 1 HBl W -SRAM/=ROM
DMA test: 2 HBl W -SRAM/=ROM
DMA test: 0 Imm W R+0x10/+IWRAM
DMA test: 1 Imm W R+0x10/+IWRAM
DMA test: 2 Imm W R+0x10/+IWRAM
DMA test: 3 Imm W R+0x10/+IWRAM
DMA test: 0 Imm W R+0x10/+EWRAM
DMA test: 1 Imm W R+0x10/+EWRAM
DMA test: 2 Imm W R+0x10/+EWRAM
DMA test: 3 Imm W R+0x10/+EWRAM
DMA test: 0 Imm H V+BIOS/+VRAM
DMA test: 1 Imm H V+BIOS/+VRAM
DMA test: 2 Imm H V+BIOS/+VRAM
DMA test: 3 Imm H V+BIOS/+VRAM
mGBA log: Game Boy Advance Test Suite
===
mGBA log: BEGIN: SIO register R/W tests
mGBA log: FAIL: M: SIOMULTI0
mGBA log: M: SIOMULTI0: Got 0xDEAD vs 0x0000: FAIL
mGBA log: FAIL: M: SIOMULTI1
mGBA log: M: SIOMULTI1: Got 0xDEAD vs 0x0000: FAIL
mGBA log: FAIL: M: SIOMULTI2
mGBA log: M: SIOMULTI2: Got 0xDEAD vs 0x0000: FAIL
mGBA log: FAIL: M: SIOMULTI3
mGBA log: M: SIOMULTI3: Got 0xDEAD vs 0x0000: FAIL
mGBA log: FAIL: M: SIOCNT
mGBA log: M: SIOCNT: Got 0xEFFF vs 0x6F8F: FAIL
mGBA log: FAIL: M: SIOMLT_SEND
mGBA log: M: SIOMLT_SEND: Got 0xDEAD vs 0xFFFF: FAIL
mGBA log: FAIL: M: RCNT
mGBA log: M: RCNT: Got 0x3FFF vs 0x01FF: FAIL
mGBA log: PASS: M: INVALID (136)
mGBA log: FAIL: M: JOYCNT
mGBA log: M: JOYCNT: Got 0xDEAD vs 0x0040: FAIL
mGBA log: PASS: M: INVALID (142)
mGBA log: FAIL: M: JOY_RECV_L
mGBA log: M: JOY_RECV_L: Got 0xDEAD vs 0x0000: FAIL
mGBA log: FAIL: M: JOY_RECV_H
mGBA log: M: JOY_RECV_H: Got 0xDEAD vs 0x0000: FAIL
mGBA log: FAIL: M: JOY_TRANS_L
mGBA log: M: JOY_TRANS_L: Got 0xDEAD vs 0x0000: FAIL
mGBA log: FAIL: M: JOY_TRANS_H
mGBA log: M: JOY_TRANS_H: Got 0xDEAD vs 0x0000: FAIL
mGBA log: PASS: M: JOYSTAT
mGBA log: FAIL: N8: SIODATA32_L
mGBA log: N8: SIODATA32_L: Got 0xDEAD vs 0x0000: FAIL
mGBA log: FAIL: N8: SIODATA32_H
mGBA log: N8: SIODATA32_H: Got 0xDEAD vs 0x0000: FAIL
mGBA log: FAIL: N8: SIOMULTI2
mGBA log: N8: SIOMULTI2: Got 0xDEAD vs 0x0000: FAIL
mGBA log: FAIL: N8: SIOMULTI3
mGBA log: N8: SIOMULTI3: Got 0xDEAD vs 0x0000: FAIL
mGBA log: FAIL: N8: SIOCNT
mGBA log: N8: SIOCNT: Got 0xCFFF vs 0x4F8F: FAIL
mGBA log: FAIL: N8: SIODATA8
mGBA log: N8: SIODATA8: Got 0xDEAD vs 0xFFFF: FAIL
mGBA log: FAIL: N8: RCNT
mGBA log: N8: RCNT: Got 0x3FFF vs 0x01F5: FAIL
mGBA log: PASS: N8: INVALID (136)
mGBA log: FAIL: N8: JOYCNT
mGBA log: N8: JOYCNT: Got 0xDEAD vs 0x0040: FAIL
mGBA log: PASS: N8: INVALID (142)
mGBA log: FAIL: N8: JOY_RECV_L
mGBA log: N8: JOY_RECV_L: Got 0xDEAD vs 0x0000: FAIL
mGBA log: FAIL: N8: JOY_RECV_H
mGBA log: N8: JOY_RECV_H: Got 0xDEAD vs 0x0000: FAIL
mGBA log: FAIL: N8: JOY_TRANS_L
mGBA log: N8: JOY_TRANS_L: Got 0xDEAD vs 0x0000: FAIL
mGBA log: FAIL: N8: JOY_TRANS_H
mGBA log: N8: JOY_TRANS_H: Got 0xDEAD vs 0x0000: FAIL
mGBA log: PASS: N8: JOYSTAT
mGBA log: FAIL: N32: SIODATA32_L
mGBA log: N32: SIODATA32_L: Got 0xDEAD vs 0xFFFF: FAIL
mGBA log: FAIL: N32: SIODATA32_H
mGBA log: N32: SIODATA32_H: Got 0xDEAD vs 0xFFFF: FAIL
mGBA log: FAIL: N32: SIOMULTI2
mGBA log: N32: SIOMULTI2: Got 0xDEAD vs 0x0000: FAIL
mGBA log: FAIL: N32: SIOMULTI3
mGBA log: N32: SIOMULTI3: Got 0xDEAD vs 0x0000: FAIL
mGBA log: FAIL: N32: SIOCNT
mGBA log: N32: SIOCNT: Got 0xDFFF vs 0x5F8F: FAIL
mGBA log: FAIL: N32: SIODATA8
mGBA log: N32: SIODATA8: Got 0xDEAD vs 0xFFFF: FAIL
mGBA log: FAIL: N32: RCNT
mGBA log: N32: RCNT: Got 0x3FFF vs 0x01F5: FAIL
mGBA log: PASS: N32: INVALID (136)
mGBA log: FAIL: N32: JOYCNT
mGBA log: N32: JOYCNT: Got 0xDEAD vs 0x0040: FAIL
mGBA log: PASS: N32: INVALID (142)
mGBA log: FAIL: N32: JOY_RECV_L
mGBA log: N32: JOY_RECV_L: Got 0xDEAD vs 0x0000: FAIL
mGBA log: FAIL: N32: JOY_RECV_H
mGBA log: N32: JOY_RECV_H: Got 0xDEAD vs 0x0000: FAIL
mGBA log: FAIL: N32: JOY_TRANS_L
mGBA log: N32: JOY_TRANS_L: Got 0xDEAD vs 0x0000: FAIL
mGBA log: FAIL: N32: JOY_TRANS_H
mGBA log: N32: JOY_TRANS_H: Got 0xDEAD vs 0x0000: FAIL
mGBA log: PASS: N32: JOYSTAT
mGBA log: FAIL: U: SIODATA32_L
mGBA log: U: SIODATA32_L: Got 0xDEAD vs 0x0000: FAIL
mGBA log: FAIL: U: SIODATA32_H
mGBA log: U: SIODATA32_H: Got 0xDEAD vs 0x0000: FAIL
mGBA log: FAIL: U: SIOMULTI2
mGBA log: U: SIOMULTI2: Got 0xDEAD vs 0x0000: FAIL
mGBA log: FAIL: U: SIOMULTI3
mGBA log: U: SIOMULTI3: Got 0xDEAD vs 0x0000: FAIL
mGBA log: FAIL: U: SIOCNT
mGBA log: U: SIOCNT: Got 0xFFFF vs 0x7FAF: FAIL
mGBA log: FAIL: U: SIODATA8
mGBA log: U: SIODATA8: Got 0xDEAD vs 0x0000: FAIL
mGBA log: FAIL: U: RCNT
mGBA log: U: RCNT: Got 0x3FFF vs 0x01FF: FAIL
mGBA log: PASS: U: INVALID (136)
mGBA log: FAIL: U: JOYCNT
mGBA log: U: JOYCNT: Got 0xDEAD vs 0x0040: FAIL
mGBA log: PASS: U: INVALID (142)
mGBA log: FAIL: U: JOY_RECV_L
mGBA log: U: JOY_RECV_L: Got 0xDEAD vs 0x0000: FAIL
mGBA log: FAIL: U: JOY_RECV_H
mGBA log: U: JOY_RECV_H: Got 0xDEAD vs 0x0000: FAIL
mGBA log: FAIL: U: JOY_TRANS_L
mGBA log: U: JOY_TRANS_L: Got 0xDEAD vs 0x0000: FAIL
mGBA log: FAIL: U: JOY_TRANS_H
mGBA log: U: JOY_TRANS_H: Got 0xDEAD vs 0x0000: FAIL
mGBA log: PASS: U: JOYSTAT
mGBA log: FAIL: G: SIODATA32_L
mGBA log: G: SIODATA32_L: Got 0xDEAD vs 0x0000: FAIL
mGBA log: FAIL: G: SIODATA32_H
mGBA log: G: SIODATA32_H: Got 0xDEAD vs 0x0000: FAIL
mGBA log: FAIL: G: SIOMULTI2
mGBA log: G: SIOMULTI2: Got 0xDEAD vs 0x0000: FAIL
mGBA log: FAIL: G: SIOMULTI3
mGBA log: G: SIOMULTI3: Got 0xDEAD vs 0x0000: FAIL
mGBA log: FAIL: G: SIOCNT
mGBA log: G: SIOCNT: Got 0xCFFF vs 0x4F8F: FAIL
mGBA log: FAIL: G: SIODATA8
mGBA log: G: SIODATA8: Got 0xDEAD vs 0xFFFF: FAIL
mGBA log: FAIL: G: RCNT
mGBA log: G: RCNT: Got 0xBFFF vs 0x81FF: FAIL
mGBA log: PASS: G: INVALID (136)
mGBA log: FAIL: G: JOYCNT
mGBA log: G: JOYCNT: Got 0xDEAD vs 0x0040: FAIL
mGBA log: PASS: G: INVALID (142)
mGBA log: FAIL: G: JOY_RECV_L
mGBA log: G: JOY_RECV_L: Got 0xDEAD vs 0x0000: FAIL
mGBA log: FAIL: G: JOY_RECV_H
mGBA log: G: JOY_RECV_H: Got 0xDEAD vs 0x0000: FAIL
mGBA log: FAIL: G: JOY_TRANS_L
mGBA log: G: JOY_TRANS_L: Got 0xDEAD vs 0x0000: FAIL
mGBA log: FAIL: G: JOY_TRANS_H
mGBA log: G: JOY_TRANS_H: Got 0xDEAD vs 0x0000: FAIL
mGBA log: PASS: G: JOYSTAT
mGBA log: FAIL: J: SIODATA32_L
mGBA log: J: SIODATA32_L: Got 0xDEAD vs 0x0000: FAIL
mGBA log: FAIL: J: SIODATA32_H
mGBA log: J: SIODATA32_H: Got 0xDEAD vs 0x0000: FAIL
mGBA log: FAIL: J: SIOMULTI2
mGBA log: J: SIOMULTI2: Got 0xDEAD vs 0x0000: FAIL
mGBA log: FAIL: J: SIOMULTI3
mGBA log: J: SIOMULTI3: Got 0xDEAD vs 0x0000: FAIL
mGBA log: FAIL: J: SIOCNT
mGBA log: J: SIOCNT: Got 0xCFFF vs 0x4F8F: FAIL
mGBA log: FAIL: J: SIODATA8
mGBA log: J: SIODATA8: Got 0xDEAD vs 0xFFFF: FAIL
mGBA log: FAIL: J: RCNT
mGBA log: J: RCNT: Got 0xFFFF vs 0xC1FC: FAIL
mGBA log: PASS: J: INVALID (136)
mGBA log: FAIL: J: JOYCNT
mGBA log: J: JOYCNT: Got 0xDEAD vs 0x0040: FAIL
mGBA log: PASS: J: INVALID (142)
mGBA log: FAIL: J: JOY_RECV_L
mGBA log: J: JOY_RECV_L: Got 0xDEAD vs 0x0000: FAIL
mGBA log: FAIL: J: JOY_RECV_H
mGBA log: J: JOY_RECV_H: Got 0xDEAD vs 0x0000: FAIL
mGBA log: FAIL: J: JOY_TRANS_L
mGBA log: J: JOY_TRANS_L: Got 0xDEAD vs 0x0000: FAIL
mGBA log: FAIL: J: JOY_TRANS_H
mGBA log: J: JOY_TRANS_H: Got 0xDEAD vs 0x0000: FAIL
mGBA log: PASS: J: JOYSTAT
mGBA log: END: 18/90

--- Suite 11: SIO register R/W ---
Frames: 99
[sram]
Game Boy Advance Test Suite
===
M: SIOMULTI0: Got 0xDEAD vs 0x0000: FAIL
M: SIOMULTI1: Got 0xDEAD vs 0x0000: FAIL
M: SIOMULTI2: Got 0xDEAD vs 0x0000: FAIL
M: SIOMULTI3: Got 0xDEAD vs 0x0000: FAIL
M: SIOCNT: Got 0xEFFF vs 0x6F8F: FAIL
M: SIOMLT_SEND: Got 0xDEAD vs 0xFFFF: FAIL
M: RCNT: Got 0x3FFF vs 0x01FF: FAIL
M: JOYCNT: Got 0xDEAD vs 0x0040: FAIL
M: JOY_RECV_L: Got 0xDEAD vs 0x0000: FAIL
M: JOY_RECV_H: Got 0xDEAD vs 0x0000: FAIL
M: JOY_TRANS_L: Got 0xDEAD vs 0x0000: FAIL
M: JOY_TRANS_H: Got 0xDEAD vs 0x0000: FAIL
N8: SIODATA32_L: Got 0xDEAD vs 0x0000: FAIL
N8: SIODATA32_H: Got 0xDEAD vs 0x0000: FAIL
N8: SIOMULTI2: Got 0xDEAD vs 0x0000: FAIL
N8: SIOMULTI3: Got 0xDEAD vs 0x0000: FAIL
N8: SIOCNT: Got 0xCFFF vs 0x4F8F: FAIL
N8: SIODATA8: Got 0xDEAD vs 0xFFFF: FAIL
N8: RCNT: Got 0x3FFF vs 0x01F5: FAIL
N8: JOYCNT: Got 0xDEAD vs 0x0040: FAIL
N8: JOY_RECV_L: Got 0xDEAD vs 0x0000: FAIL
N8: JOY_RECV_H: Got 0xDEAD vs 0x0000: FAIL
N8: JOY_TRANS_L: Got 0xDEAD vs 0x0000: FAIL
N8: JOY_TRANS_H: Got 0xDEAD vs 0x0000: FAIL
N32: SIODATA32_L: Got 0xDEAD vs 0xFFFF: FAIL
N32: SIODATA32_H: Got 0xDEAD vs 0xFFFF: FAIL
N32: SIOMULTI2: Got 0xDEAD vs 0x0000: FAIL
N32: SIOMULTI3: Got 0xDEAD vs 0x0000: FAIL
N32: SIOCNT: Got 0xDFFF vs 0x5F8F: FAIL
N32: SIODATA8: Got 0xDEAD vs 0xFFFF: FAIL
N32: RCNT: Got 0x3FFF vs 0x01F5: FAIL
N32: JOYCNT: Got 0xDEAD vs 0x0040: FAIL
N32: JOY_RECV_L: Got 0xDEAD vs 0x0000: FAIL
N32: JOY_RECV_H: Got 0xDEAD vs 0x0000: FAIL
N32: JOY_TRANS_L: Got 0xDEAD vs 0x0000: FAIL
N32: JOY_TRANS_H: Got 0xDEAD vs 0x0000: FAIL
U: SIODATA32_L: Got 0xDEAD vs 0x0000: FAIL
U: SIODATA32_H: Got 0xDEAD vs 0x0000: FAIL
U: SIOMULTI2: Got 0xDEAD vs 0x0000: FAIL
U: SIOMULTI3: Got 0xDEAD vs 0x0000: FAIL
U: SIOCNT: Got 0xFFFF vs 0x7FAF: FAIL
U: SIODATA8: Got 0xDEAD vs 0x0000: FAIL
U: RCNT: Got 0x3FFF vs 0x01FF: FAIL
U: JOYCNT: Got 0xDEAD vs 0x0040: FAIL
U: JOY_RECV_L: Got 0xDEAD vs 0x0000: FAIL
U: JOY_RECV_H: Got 0xDEAD vs 0x0000: FAIL
U: JOY_TRANS_L: Got 0xDEAD vs 0x0000: FAIL
U: JOY_TRANS_H: Got 0xDEAD vs 0x0000: FAIL
G: SIODATA32_L: Got 0xDEAD vs 0x0000: FAIL
G: SIODATA32_H: Got 0xDEAD vs 0x0000: FAIL
G: SIOMULTI2: Got 0xDEAD vs 0x0000: FAIL
G: SIOMULTI3: Got 0xDEAD vs 0x0000: FAIL
G: SIOCNT: Got 0xCFFF vs 0x4F8F: FAIL
G: SIODATA8: Got 0xDEAD vs 0xFFFF: FAIL
G: RCNT: Got 0xBFFF vs 0x81FF: FAIL
G: JOYCNT: Got 0xDEAD vs 0x0040: FAIL
G: JOY_RECV_L: Got 0xDEAD vs 0x0000: FAIL
G: JOY_RECV_H: Got 0xDEAD vs 0x0000: FAIL
G: JOY_TRANS_L: Got 0xDEAD vs 0x0000: FAIL
G: JOY_TRANS_H: Got 0xDEAD vs 0x0000: FAIL
J: SIODATA32_L: Got 0xDEAD vs 0x0000: FAIL
J: SIODATA32_H: Got 0xDEAD vs 0x0000: FAIL
J: SIOMULTI2: Got 0xDEAD vs 0x0000: FAIL
J: SIOMULTI3: Got 0xDEAD vs 0x0000: FAIL
J: SIOCNT: Got 0xCFFF vs 0x4F8F: FAIL
J: SIODATA8: Got 0xDEAD vs 0xFFFF: FAIL
J: RCNT: Got 0xFFFF vs 0xC1FC: FAIL
J: JOYCNT: Got 0xDEAD vs 0x0040: FAIL
J: JOY_RECV_L: Got 0xDEAD vs 0x0000: FAIL
J: JOY_RECV_H: Got 0xDEAD vs 0x0000: FAIL
J: JOY_TRANS_L: Got 0xDEAD vs 0x0000: FAIL
J: JOY_TRANS_H: Got 0xDEAD vs 0x0000: FAIL
mGBA log: Game Boy Advance Test Suite
===
mGBA log: BEGIN: SIO timing tests
mGBA log: SIO timing test: Multi/9.6k
mGBA log: FAIL: Multi/9.6k
mGBA log: Multi/9.6k: Got 00000273 vs 00007D61: FAIL
mGBA log: SIO timing test: Multi/38.4k
mGBA log: FAIL: Multi/38.4k
mGBA log: Multi/38.4k: Got 00000273 vs 00002133: FAIL
mGBA log: SIO timing test: Multi/57.6k
mGBA log: FAIL: Multi/57.6k
mGBA log: Multi/57.6k: Got 000000B3 vs 000016EF: FAIL
mGBA log: SIO timing test: Multi/115.2k
mGBA log: FAIL: Multi/115.2k
mGBA log: Multi/115.2k: Got 000000B3 vs 00000CBD: FAIL
mGBA log: SIO timing test: Normal8/256k
mGBA log: FAIL: Normal8/256k
mGBA log: Normal8/256k: Got 00000273 vs 00000279: FAIL
mGBA log: SIO timing test: Normal8/2M
mGBA log: FAIL: Normal8/2M
mGBA log: Normal8/2M: Got 000000B3 vs 000000B9: FAIL
mGBA log: SIO timing test: Normal32/256k
mGBA log: FAIL: Normal32/256k
mGBA log: Normal32/256k: Got 00000873 vs 00000879: FAIL
mGBA log: SIO timing test: Normal32/2M
mGBA log: FAIL: Normal32/2M
mGBA log: Normal32/2M: Got 00000173 vs 00000179: FAIL
mGBA log: END: 0/8

--- Suite 12: SIO timing ---
Frames: 91
[sram]
Game Boy Advance Test Suite
===
SIO timing test: Multi/9.6k
Multi/9.6k: Got 00000273 vs 00007D61: FAIL
SIO timing test: Multi/38.4k
Multi/38.4k: Got 00000273 vs 00002133: FAIL
SIO timing test: Multi/57.6k
Multi/57.6k: Got 000000B3 vs 000016EF: FAIL
SIO timing test: Multi/115.2k
Multi/115.2k: Got 000000B3 vs 00000CBD: FAIL
SIO timing test: Normal8/256k
Normal8/256k: Got 00000273 vs 00000279: FAIL
SIO timing test: Normal8/2M
Normal8/2M: Got 000000B3 vs 000000B9: FAIL
SIO timing test: Normal32/256k
Normal32/256k: Got 00000873 vs 00000879: FAIL
SIO timing test: Normal32/2M
Normal32/2M: Got 00000173 vs 00000179: FAIL
mGBA log: Game Boy Advance Test Suite
===
mGBA log: BEGIN: Misc. edge case tests
mGBA log: FAIL: DMA Prefetch Break
mGBA log: Break: Got 0x10002A64 vs 0x10002AF8: FAIL
mGBA log: FAIL: DMA Prefetch Read
mGBA log: Read: Got 0xDEAD0000 vs 0x00000000: FAIL
mGBA log: PASS: H-blank bit start Start
mGBA log: FAIL: H-blank bit start Hblank
mGBA log: Hblank: Got 0x000004D1 vs 0x000004D0: FAIL
mGBA log: FAIL: H-blank bit start Flip 1
mGBA log: Flip 1: Got 0x00000085 vs 0x00000087: FAIL
mGBA log: PASS: H-blank bit start Flip 2
mGBA log: FAIL: H-blank bit start Flip 3
mGBA log: Flip 3: Got 0x000000E4 vs 0x000000E5: FAIL
mGBA log: FAIL: H-blank bit start Flip 4
mGBA log: Flip 4: Got 0x000003EC vs 0x000003EB: FAIL
mGBA log: FAIL: H-blank bit start Flip 5
mGBA log: Flip 5: Got 0x000000E4 vs 0x000000E3: FAIL
mGBA log: FAIL: H-blank bit start Flip 6
mGBA log: Flip 6: Got 0x000003F5 vs 0x000003F3: FAIL
mGBA log: END: 2/10

--- Suite 13: Misc. edge case ---
Frames: 91
[sram]
Game Boy Advance Test Suite
===
Break: Got 0x10002A64 vs 0x10002AF8: FAIL
Read: Got 0xDEAD0000 vs 0x00000000: FAIL
Hblank: Got 0x000004D1 vs 0x000004D0: FAIL
Flip 1: Got 0x00000085 vs 0x00000087: FAIL
Flip 3: Got 0x000000E4 vs 0x000000E5: FAIL
Flip 4: Got 0x000003EC vs 0x000003EB: FAIL
Flip 5: Got 0x000000E4 vs 0x000000E3: FAIL
Flip 6: Got 0x000003F5 vs 0x000003F3: FAIL
mGBA log: Game Boy Advance Test Suite
===

--- Suite 14: Video ---
Frames: 1800
[sram]
Game Boy Advance Test Suite
===

=== Summary ===
Done.
