=== GBA Test Suite Runner ===
ROM:  tests/assets/roms/suite.gba
BIOS: tests/assets/roms/gba_bios.bin
Booting...
After 60 frames: PC=0x00000348 CPSR=0x6000005F halted=1 cycle=16769984
[DBG] Game Boy Advance Test Suite
===
[DBG] BEGIN: Timing tests
[DBG] Timing test: Calibration
[DBG] PASS: Calibration ARM/ROM ...
[DBG] PASS: Calibration ARM/ROM P..
[DBG] PASS: Calibration ARM/ROM .N.
[DBG] PASS: Calibration ARM/ROM PN.
[DBG] PASS: Calibration ARM/ROM ..S
[DBG] PASS: Calibration ARM/ROM P.S
[DBG] PASS: Calibration ARM/ROM .NS
[DBG] PASS: Calibration ARM/ROM PNS
[DBG] PASS: Calibration ARM/WRAM
[DBG] PASS: Calibration ARM/IWRAM
[DBG] PASS: Calibration Thumb/ROM ...
[DBG] PASS: Calibration Thumb/ROM P..
[DBG] PASS: Calibration Thumb/ROM .N.
[DBG] PASS: Calibration Thumb/ROM PN.
[DBG] PASS: Calibration Thumb/ROM ..S
[DBG] PASS: Calibration Thumb/ROM P.S
[DBG] PASS: Calibration Thumb/ROM .NS
[DBG] PASS: Calibration Thumb/ROM PNS
[DBG] PASS: Calibration Thumb/WRAM
[DBG] PASS: Calibration Thumb/IWRAM
[DBG] Timing test: nop
[DBG] PASS: nop ARM/ROM ...
[DBG] PASS: nop ARM/ROM P..
[DBG] PASS: nop ARM/ROM .N.
[DBG] PASS: nop ARM/ROM PN.
[DBG] PASS: nop ARM/ROM ..S
[DBG] PASS: nop ARM/ROM P.S
[DBG] PASS: nop ARM/ROM .NS
[DBG] PASS: nop ARM/ROM PNS
[DBG] PASS: nop ARM/WRAM
[DBG] PASS: nop ARM/IWRAM
[DBG] PASS: nop Thumb/ROM ...
[DBG] PASS: nop Thumb/ROM P..
[DBG] PASS: nop Thumb/ROM .N.
[DBG] PASS: nop Thumb/ROM PN.
[DBG] PASS: nop Thumb/ROM ..S
[DBG] PASS: nop Thumb/ROM P.S
[DBG] PASS: nop Thumb/ROM .NS
[DBG] PASS: nop Thumb/ROM PNS
[DBG] PASS: nop Thumb/WRAM
[DBG] PASS: nop Thumb/IWRAM
[DBG] Timing test: nop / nop
[DBG] PASS: nop / nop ARM/ROM ...
[DBG] PASS: nop / nop ARM/ROM P..
[DBG] PASS: nop / nop ARM/ROM .N.
[DBG] PASS: nop / nop ARM/ROM PN.
[DBG] PASS: nop / nop ARM/ROM ..S
[DBG] PASS: nop / nop ARM/ROM P.S
[DBG] PASS: nop / nop ARM/ROM .NS
[DBG] PASS: nop / nop ARM/ROM PNS
[DBG] PASS: nop / nop ARM/WRAM
[DBG] PASS: nop / nop ARM/IWRAM
[DBG] PASS: nop / nop Thumb/ROM ...
[DBG] PASS: nop / nop Thumb/ROM P..
[DBG] PASS: nop / nop Thumb/ROM .N.
[DBG] PASS: nop / nop Thumb/ROM PN.
[DBG] PASS: nop / nop Thumb/ROM ..S
[DBG] PASS: nop / nop Thumb/ROM P.S
[DBG] PASS: nop / nop Thumb/ROM .NS
[DBG] PASS: nop / nop Thumb/ROM PNS
[DBG] PASS: nop / nop Thumb/WRAM
[DBG] PASS: nop / nop Thumb/IWRAM
[DBG] Timing test: ldrh r2, [sp]
[DBG] PASS: ldrh r2, [sp] ARM/ROM ...
[DBG] PASS: ldrh r2, [sp] ARM/ROM P..
[DBG] PASS: ldrh r2, [sp] ARM/ROM .N.
[DBG] PASS: ldrh r2, [sp] ARM/ROM PN.
[DBG] PASS: ldrh r2, [sp] ARM/ROM ..S
[DBG] PASS: ldrh r2, [sp] ARM/ROM P.S
[DBG] PASS: ldrh r2, [sp] ARM/ROM .NS
[DBG] PASS: ldrh r2, [sp] ARM/ROM PNS
[DBG] PASS: ldrh r2, [sp] ARM/WRAM
[DBG] PASS: ldrh r2, [sp] ARM/IWRAM
[DBG] PASS: ldrh r2, [sp] Thumb/ROM ...
[DBG] PASS: ldrh r2, [sp] Thumb/ROM P..
[DBG] PASS: ldrh r2, [sp] Thumb/ROM .N.
[DBG] PASS: ldrh r2, [sp] Thumb/ROM PN.
[DBG] PASS: ldrh r2, [sp] Thumb/ROM ..S
[DBG] PASS: ldrh r2, [sp] Thumb/ROM P.S
[DBG] PASS: ldrh r2, [sp] Thumb/ROM .NS
[DBG] PASS: ldrh r2, [sp] Thumb/ROM PNS
[DBG] PASS: ldrh r2, [sp] Thumb/WRAM
[DBG] PASS: ldrh r2, [sp] Thumb/IWRAM
[DBG] Timing test: ldrh r2, [sp] / nop
[DBG] PASS: ldrh r2, [sp] / nop ARM/ROM ...
[DBG] PASS: ldrh r2, [sp] / nop ARM/ROM P..
[DBG] PASS: ldrh r2, [sp] / nop ARM/ROM .N.
[DBG] PASS: ldrh r2, [sp] / nop ARM/ROM PN.
[DBG] PASS: ldrh r2, [sp] / nop ARM/ROM ..S
[DBG] PASS: ldrh r2, [sp] / nop ARM/ROM P.S
[DBG] PASS: ldrh r2, [sp] / nop ARM/ROM .NS
[DBG] PASS: ldrh r2, [sp] / nop ARM/ROM PNS
[DBG] PASS: ldrh r2, [sp] / nop ARM/WRAM
[DBG] PASS: ldrh r2, [sp] / nop ARM/IWRAM
[DBG] PASS: ldrh r2, [sp] / nop Thumb/ROM ...
[DBG] PASS: ldrh r2, [sp] / nop Thumb/ROM P..
[DBG] PASS: ldrh r2, [sp] / nop Thumb/ROM .N.
[DBG] PASS: ldrh r2, [sp] / nop Thumb/ROM PN.
[DBG] PASS: ldrh r2, [sp] / nop Thumb/ROM ..S
[DBG] PASS: ldrh r2, [sp] / nop Thumb/ROM P.S
[DBG] PASS: ldrh r2, [sp] / nop Thumb/ROM .NS
[DBG] PASS: ldrh r2, [sp] / nop Thumb/ROM PNS
[DBG] PASS: ldrh r2, [sp] / nop Thumb/WRAM
[DBG] PASS: ldrh r2, [sp] / nop Thumb/IWRAM
[DBG] Timing test: nop / ldrh r2, [sp]
[DBG] PASS: nop / ldrh r2, [sp] ARM/ROM ...
[DBG] PASS: nop / ldrh r2, [sp] ARM/ROM P..
[DBG] PASS: nop / ldrh r2, [sp] ARM/ROM .N.
[DBG] PASS: nop / ldrh r2, [sp] ARM/ROM PN.
[DBG] PASS: nop / ldrh r2, [sp] ARM/ROM ..S
[DBG] PASS: nop / ldrh r2, [sp] ARM/ROM P.S
[DBG] PASS: nop / ldrh r2, [sp] ARM/ROM .NS
[DBG] PASS: nop / ldrh r2, [sp] ARM/ROM PNS
[DBG] PASS: nop / ldrh r2, [sp] ARM/WRAM
[DBG] PASS: nop / ldrh r2, [sp] ARM/IWRAM
[DBG] PASS: nop / ldrh r2, [sp] Thumb/ROM ...
[DBG] PASS: nop / ldrh r2, [sp] Thumb/ROM P..
[DBG] PASS: nop / ldrh r2, [sp] Thumb/ROM .N.
[DBG] PASS: nop / ldrh r2, [sp] Thumb/ROM PN.
[DBG] PASS: nop / ldrh r2, [sp] Thumb/ROM ..S
[DBG] PASS: nop / ldrh r2, [sp] Thumb/ROM P.S
[DBG] PASS: nop / ldrh r2, [sp] Thumb/ROM .NS
[DBG] PASS: nop / ldrh r2, [sp] Thumb/ROM PNS
[DBG] PASS: nop / ldrh r2, [sp] Thumb/WRAM
[DBG] PASS: nop / ldrh r2, [sp] Thumb/IWRAM
[DBG] Timing test: nop / ldrh r2, [sp] / nop
[DBG] PASS: nop / ldrh r2, [sp] / nop ARM/ROM ...
[DBG] PASS: nop / ldrh r2, [sp] / nop ARM/ROM P..
[DBG] PASS: nop / ldrh r2, [sp] / nop ARM/ROM .N.
[DBG] PASS: nop / ldrh r2, [sp] / nop ARM/ROM PN.
[DBG] PASS: nop / ldrh r2, [sp] / nop ARM/ROM ..S
[DBG] PASS: nop / ldrh r2, [sp] / nop ARM/ROM P.S
[DBG] PASS: nop / ldrh r2, [sp] / nop ARM/ROM .NS
[DBG] PASS: nop / ldrh r2, [sp] / nop ARM/ROM PNS
[DBG] PASS: nop / ldrh r2, [sp] / nop ARM/WRAM
[DBG] PASS: nop / ldrh r2, [sp] / nop ARM/IWRAM
[DBG] PASS: nop / ldrh r2, [sp] / nop Thumb/ROM ...
[DBG] PASS: nop / ldrh r2, [sp] / nop Thumb/ROM P..
[DBG] PASS: nop / ldrh r2, [sp] / nop Thumb/ROM .N.
[DBG] PASS: nop / ldrh r2, [sp] / nop Thumb/ROM PN.
[DBG] PASS: nop / ldrh r2, [sp] / nop Thumb/ROM ..S
[DBG] PASS: nop / ldrh r2, [sp] / nop Thumb/ROM P.S
[DBG] PASS: nop / ldrh r2, [sp] / nop Thumb/ROM .NS
[DBG] PASS: nop / ldrh r2, [sp] / nop Thumb/ROM PNS
[DBG] PASS: nop / ldrh r2, [sp] / nop Thumb/WRAM
[DBG] PASS: nop / ldrh r2, [sp] / nop Thumb/IWRAM
[DBG] Timing test: ldrh r2, [#0x08000000]
[DBG] PASS: ldrh r2, [#0x08000000] ARM/ROM ...
[DBG] PASS: ldrh r2, [#0x08000000] ARM/ROM P..
[DBG] PASS: ldrh r2, [#0x08000000] ARM/ROM .N.
[DBG] PASS: ldrh r2, [#0x08000000] ARM/ROM PN.
[DBG] PASS: ldrh r2, [#0x08000000] ARM/ROM ..S
[DBG] PASS: ldrh r2, [#0x08000000] ARM/ROM P.S
[DBG] PASS: ldrh r2, [#0x08000000] ARM/ROM .NS
[DBG] PASS: ldrh r2, [#0x08000000] ARM/ROM PNS
[DBG] PASS: ldrh r2, [#0x08000000] ARM/WRAM
[DBG] PASS: ldrh r2, [#0x08000000] ARM/IWRAM
[DBG] PASS: ldrh r2, [#0x08000000] Thumb/ROM ...
[DBG] PASS: ldrh r2, [#0x08000000] Thumb/ROM P..
[DBG] PASS: ldrh r2, [#0x08000000] Thumb/ROM .N.
[DBG] PASS: ldrh r2, [#0x08000000] Thumb/ROM PN.
[DBG] PASS: ldrh r2, [#0x08000000] Thumb/ROM ..S
[DBG] PASS: ldrh r2, [#0x08000000] Thumb/ROM P.S
[DBG] PASS: ldrh r2, [#0x08000000] Thumb/ROM .NS
[DBG] PASS: ldrh r2, [#0x08000000] Thumb/ROM PNS
[DBG] PASS: ldrh r2, [#0x08000000] Thumb/WRAM
[DBG] PASS: ldrh r2, [#0x08000000] Thumb/IWRAM
[DBG] Timing test: ldrh r2, [#0x08000000] / nop
[DBG] PASS: ldrh r2, [#0x08000000] / nop ARM/ROM ...
[DBG] PASS: ldrh r2, [#0x08000000] / nop ARM/ROM P..
[DBG] PASS: ldrh r2, [#0x08000000] / nop ARM/ROM .N.
[DBG] PASS: ldrh r2, [#0x08000000] / nop ARM/ROM PN.
[DBG] PASS: ldrh r2, [#0x08000000] / nop ARM/ROM ..S
[DBG] PASS: ldrh r2, [#0x08000000] / nop ARM/ROM P.S
[DBG] PASS: ldrh r2, [#0x08000000] / nop ARM/ROM .NS
[DBG] PASS: ldrh r2, [#0x08000000] / nop ARM/ROM PNS
[DBG] PASS: ldrh r2, [#0x08000000] / nop ARM/WRAM
[DBG] PASS: ldrh r2, [#0x08000000] / nop ARM/IWRAM
[DBG] PASS: ldrh r2, [#0x08000000] / nop Thumb/ROM ...
[DBG] PASS: ldrh r2, [#0x08000000] / nop Thumb/ROM P..
[DBG] PASS: ldrh r2, [#0x08000000] / nop Thumb/ROM .N.
[DBG] PASS: ldrh r2, [#0x08000000] / nop Thumb/ROM PN.
[DBG] PASS: ldrh r2, [#0x08000000] / nop Thumb/ROM ..S
[DBG] PASS: ldrh r2, [#0x08000000] / nop Thumb/ROM P.S
[DBG] PASS: ldrh r2, [#0x08000000] / nop Thumb/ROM .NS
[DBG] PASS: ldrh r2, [#0x08000000] / nop Thumb/ROM PNS
[DBG] PASS: ldrh r2, [#0x08000000] / nop Thumb/WRAM
[DBG] PASS: ldrh r2, [#0x08000000] / nop Thumb/IWRAM
[DBG] Timing test: nop / ldrh r2, [#0x08000000]
[DBG] PASS: nop / ldrh r2, [#0x08000000] ARM/ROM ...
[DBG] PASS: nop / ldrh r2, [#0x08000000] ARM/ROM P..
[DBG] PASS: nop / ldrh r2, [#0x08000000] ARM/ROM .N.
[DBG] PASS: nop / ldrh r2, [#0x08000000] ARM/ROM PN.
[DBG] PASS: nop / ldrh r2, [#0x08000000] ARM/ROM ..S
[DBG] PASS: nop / ldrh r2, [#0x08000000] ARM/ROM P.S
[DBG] PASS: nop / ldrh r2, [#0x08000000] ARM/ROM .NS
[DBG] PASS: nop / ldrh r2, [#0x08000000] ARM/ROM PNS
[DBG] PASS: nop / ldrh r2, [#0x08000000] ARM/WRAM
[DBG] PASS: nop / ldrh r2, [#0x08000000] ARM/IWRAM
[DBG] PASS: nop / ldrh r2, [#0x08000000] Thumb/ROM ...
[DBG] PASS: nop / ldrh r2, [#0x08000000] Thumb/ROM P..
[DBG] PASS: nop / ldrh r2, [#0x08000000] Thumb/ROM .N.
[DBG] PASS: nop / ldrh r2, [#0x08000000] Thumb/ROM PN.
[DBG] PASS: nop / ldrh r2, [#0x08000000] Thumb/ROM ..S
[DBG] PASS: nop / ldrh r2, [#0x08000000] Thumb/ROM P.S
[DBG] PASS: nop / ldrh r2, [#0x08000000] Thumb/ROM .NS
[DBG] PASS: nop / ldrh r2, [#0x08000000] Thumb/ROM PNS
[DBG] PASS: nop / ldrh r2, [#0x08000000] Thumb/WRAM
[DBG] PASS: nop / ldrh r2, [#0x08000000] Thumb/IWRAM
[DBG] Timing test: ldr r2, [sp]
[DBG] PASS: ldr r2, [sp] ARM/ROM ...
[DBG] PASS: ldr r2, [sp] ARM/ROM P..
[DBG] PASS: ldr r2, [sp] ARM/ROM .N.
[DBG] PASS: ldr r2, [sp] ARM/ROM PN.
[DBG] PASS: ldr r2, [sp] ARM/ROM ..S
[DBG] PASS: ldr r2, [sp] ARM/ROM P.S
[DBG] PASS: ldr r2, [sp] ARM/ROM .NS
[DBG] PASS: ldr r2, [sp] ARM/ROM PNS
[DBG] PASS: ldr r2, [sp] ARM/WRAM
[DBG] PASS: ldr r2, [sp] ARM/IWRAM
[DBG] PASS: ldr r2, [sp] Thumb/ROM ...
[DBG] PASS: ldr r2, [sp] Thumb/ROM P..
[DBG] PASS: ldr r2, [sp] Thumb/ROM .N.
[DBG] PASS: ldr r2, [sp] Thumb/ROM PN.
[DBG] PASS: ldr r2, [sp] Thumb/ROM ..S
[DBG] PASS: ldr r2, [sp] Thumb/ROM P.S
[DBG] PASS: ldr r2, [sp] Thumb/ROM .NS
[DBG] PASS: ldr r2, [sp] Thumb/ROM PNS
[DBG] PASS: ldr r2, [sp] Thumb/WRAM
[DBG] PASS: ldr r2, [sp] Thumb/IWRAM
[DBG] Timing test: ldr r2, [sp] / nop
[DBG] PASS: ldr r2, [sp] / nop ARM/ROM ...
[DBG] PASS: ldr r2, [sp] / nop ARM/ROM P..
[DBG] PASS: ldr r2, [sp] / nop ARM/ROM .N.
[DBG] PASS: ldr r2, [sp] / nop ARM/ROM PN.
[DBG] PASS: ldr r2, [sp] / nop ARM/ROM ..S
[DBG] PASS: ldr r2, [sp] / nop ARM/ROM P.S
[DBG] PASS: ldr r2, [sp] / nop ARM/ROM .NS
[DBG] PASS: ldr r2, [sp] / nop ARM/ROM PNS
[DBG] PASS: ldr r2, [sp] / nop ARM/WRAM
[DBG] PASS: ldr r2, [sp] / nop ARM/IWRAM
[DBG] PASS: ldr r2, [sp] / nop Thumb/ROM ...
[DBG] PASS: ldr r2, [sp] / nop Thumb/ROM P..
[DBG] PASS: ldr r2, [sp] / nop Thumb/ROM .N.
[DBG] PASS: ldr r2, [sp] / nop Thumb/ROM PN.
[DBG] PASS: ldr r2, [sp] / nop Thumb/ROM ..S
[DBG] PASS: ldr r2, [sp] / nop Thumb/ROM P.S
[DBG] PASS: ldr r2, [sp] / nop Thumb/ROM .NS
[DBG] PASS: ldr r2, [sp] / nop Thumb/ROM PNS
[DBG] PASS: ldr r2, [sp] / nop Thumb/WRAM
[DBG] PASS: ldr r2, [sp] / nop Thumb/IWRAM
[DBG] Timing test: nop / ldr r2, [sp]
[DBG] PASS: nop / ldr r2, [sp] ARM/ROM ...
[DBG] PASS: nop / ldr r2, [sp] ARM/ROM P..
[DBG] PASS: nop / ldr r2, [sp] ARM/ROM .N.
[DBG] PASS: nop / ldr r2, [sp] ARM/ROM PN.
[DBG] PASS: nop / ldr r2, [sp] ARM/ROM ..S
[DBG] PASS: nop / ldr r2, [sp] ARM/ROM P.S
[DBG] PASS: nop / ldr r2, [sp] ARM/ROM .NS
[DBG] PASS: nop / ldr r2, [sp] ARM/ROM PNS
[DBG] PASS: nop / ldr r2, [sp] ARM/WRAM
[DBG] PASS: nop / ldr r2, [sp] ARM/IWRAM
[DBG] PASS: nop / ldr r2, [sp] Thumb/ROM ...
[DBG] PASS: nop / ldr r2, [sp] Thumb/ROM P..
[DBG] PASS: nop / ldr r2, [sp] Thumb/ROM .N.
[DBG] PASS: nop / ldr r2, [sp] Thumb/ROM PN.
[DBG] PASS: nop / ldr r2, [sp] Thumb/ROM ..S
[DBG] PASS: nop / ldr r2, [sp] Thumb/ROM P.S
[DBG] PASS: nop / ldr r2, [sp] Thumb/ROM .NS
[DBG] PASS: nop / ldr r2, [sp] Thumb/ROM PNS
[DBG] PASS: nop / ldr r2, [sp] Thumb/WRAM
[DBG] PASS: nop / ldr r2, [sp] Thumb/IWRAM
[DBG] Timing test: ldr r2, [#0x08000000]
[DBG] PASS: ldr r2, [#0x08000000] ARM/ROM ...
[DBG] PASS: ldr r2, [#0x08000000] ARM/ROM P..
[DBG] PASS: ldr r2, [#0x08000000] ARM/ROM .N.
[DBG] PASS: ldr r2, [#0x08000000] ARM/ROM PN.
[DBG] PASS: ldr r2, [#0x08000000] ARM/ROM ..S
[DBG] PASS: ldr r2, [#0x08000000] ARM/ROM P.S
[DBG] PASS: ldr r2, [#0x08000000] ARM/ROM .NS
[DBG] PASS: ldr r2, [#0x08000000] ARM/ROM PNS
[DBG] PASS: ldr r2, [#0x08000000] ARM/WRAM
[DBG] PASS: ldr r2, [#0x08000000] ARM/IWRAM
[DBG] PASS: ldr r2, [#0x08000000] Thumb/ROM ...
[DBG] PASS: ldr r2, [#0x08000000] Thumb/ROM P..
[DBG] PASS: ldr r2, [#0x08000000] Thumb/ROM .N.
[DBG] PASS: ldr r2, [#0x08000000] Thumb/ROM PN.
[DBG] PASS: ldr r2, [#0x08000000] Thumb/ROM ..S
[DBG] PASS: ldr r2, [#0x08000000] Thumb/ROM P.S
[DBG] PASS: ldr r2, [#0x08000000] Thumb/ROM .NS
[DBG] PASS: ldr r2, [#0x08000000] Thumb/ROM PNS
[DBG] PASS: ldr r2, [#0x08000000] Thumb/WRAM
[DBG] PASS: ldr r2, [#0x08000000] Thumb/IWRAM
[DBG] Timing test: ldr r2, [#0x08000000] / nop
[DBG] PASS: ldr r2, [#0x08000000] / nop ARM/ROM ...
[DBG] PASS: ldr r2, [#0x08000000] / nop ARM/ROM P..
[DBG] PASS: ldr r2, [#0x08000000] / nop ARM/ROM .N.
[DBG] PASS: ldr r2, [#0x08000000] / nop ARM/ROM PN.
[DBG] PASS: ldr r2, [#0x08000000] / nop ARM/ROM ..S
[DBG] PASS: ldr r2, [#0x08000000] / nop ARM/ROM P.S
[DBG] PASS: ldr r2, [#0x08000000] / nop ARM/ROM .NS
[DBG] PASS: ldr r2, [#0x08000000] / nop ARM/ROM PNS
[DBG] PASS: ldr r2, [#0x08000000] / nop ARM/WRAM
[DBG] PASS: ldr r2, [#0x08000000] / nop ARM/IWRAM
[DBG] PASS: ldr r2, [#0x08000000] / nop Thumb/ROM ...
[DBG] PASS: ldr r2, [#0x08000000] / nop Thumb/ROM P..
[DBG] PASS: ldr r2, [#0x08000000] / nop Thumb/ROM .N.
[DBG] PASS: ldr r2, [#0x08000000] / nop Thumb/ROM PN.
[DBG] PASS: ldr r2, [#0x08000000] / nop Thumb/ROM ..S
[DBG] PASS: ldr r2, [#0x08000000] / nop Thumb/ROM P.S
[DBG] PASS: ldr r2, [#0x08000000] / nop Thumb/ROM .NS
[DBG] PASS: ldr r2, [#0x08000000] / nop Thumb/ROM PNS
[DBG] PASS: ldr r2, [#0x08000000] / nop Thumb/WRAM
[DBG] PASS: ldr r2, [#0x08000000] / nop Thumb/IWRAM
[DBG] Timing test: nop / ldr r2, [#0x08000000]
[DBG] PASS: nop / ldr r2, [#0x08000000] ARM/ROM ...
[DBG] PASS: nop / ldr r2, [#0x08000000] ARM/ROM P..
[DBG] PASS: nop / ldr r2, [#0x08000000] ARM/ROM .N.
[DBG] PASS: nop / ldr r2, [#0x08000000] ARM/ROM PN.
[DBG] PASS: nop / ldr r2, [#0x08000000] ARM/ROM ..S
[DBG] PASS: nop / ldr r2, [#0x08000000] ARM/ROM P.S
[DBG] PASS: nop / ldr r2, [#0x08000000] ARM/ROM .NS
[DBG] PASS: nop / ldr r2, [#0x08000000] ARM/ROM PNS
[DBG] PASS: nop / ldr r2, [#0x08000000] ARM/WRAM
[DBG] PASS: nop / ldr r2, [#0x08000000] ARM/IWRAM
[DBG] PASS: nop / ldr r2, [#0x08000000] Thumb/ROM ...
[DBG] PASS: nop / ldr r2, [#0x08000000] Thumb/ROM P..
[DBG] PASS: nop / ldr r2, [#0x08000000] Thumb/ROM .N.
[DBG] PASS: nop / ldr r2, [#0x08000000] Thumb/ROM PN.
[DBG] PASS: nop / ldr r2, [#0x08000000] Thumb/ROM ..S
[DBG] PASS: nop / ldr r2, [#0x08000000] Thumb/ROM P.S
[DBG] PASS: nop / ldr r2, [#0x08000000] Thumb/ROM .NS
[DBG] PASS: nop / ldr r2, [#0x08000000] Thumb/ROM PNS
[DBG] PASS: nop / ldr r2, [#0x08000000] Thumb/WRAM
[DBG] PASS: nop / ldr r2, [#0x08000000] Thumb/IWRAM
[DBG] Timing test: strh r3, [sp]
[DBG] PASS: strh r3, [sp] ARM/ROM ...
[DBG] PASS: strh r3, [sp] ARM/ROM P..
[DBG] PASS: strh r3, [sp] ARM/ROM .N.
[DBG] PASS: strh r3, [sp] ARM/ROM PN.
[DBG] PASS: strh r3, [sp] ARM/ROM ..S
[DBG] PASS: strh r3, [sp] ARM/ROM P.S
[DBG] PASS: strh r3, [sp] ARM/ROM .NS
[DBG] PASS: strh r3, [sp] ARM/ROM PNS
[DBG] PASS: strh r3, [sp] ARM/WRAM
[DBG] PASS: strh r3, [sp] ARM/IWRAM
[DBG] PASS: strh r3, [sp] Thumb/ROM ...
[DBG] PASS: strh r3, [sp] Thumb/ROM P..
[DBG] PASS: strh r3, [sp] Thumb/ROM .N.
[DBG] PASS: strh r3, [sp] Thumb/ROM PN.
[DBG] PASS: strh r3, [sp] Thumb/ROM ..S
[DBG] PASS: strh r3, [sp] Thumb/ROM P.S
[DBG] PASS: strh r3, [sp] Thumb/ROM .NS
[DBG] PASS: strh r3, [sp] Thumb/ROM PNS
[DBG] PASS: strh r3, [sp] Thumb/WRAM
[DBG] PASS: strh r3, [sp] Thumb/IWRAM
[DBG] Timing test: strh r3, [sp] / nop
[DBG] PASS: strh r3, [sp] / nop ARM/ROM ...
[DBG] PASS: strh r3, [sp] / nop ARM/ROM P..
[DBG] PASS: strh r3, [sp] / nop ARM/ROM .N.
[DBG] PASS: strh r3, [sp] / nop ARM/ROM PN.
[DBG] PASS: strh r3, [sp] / nop ARM/ROM ..S
[DBG] PASS: strh r3, [sp] / nop ARM/ROM P.S
[DBG] PASS: strh r3, [sp] / nop ARM/ROM .NS
[DBG] PASS: strh r3, [sp] / nop ARM/ROM PNS
[DBG] PASS: strh r3, [sp] / nop ARM/WRAM
[DBG] PASS: strh r3, [sp] / nop ARM/IWRAM
[DBG] PASS: strh r3, [sp] / nop Thumb/ROM ...
[DBG] PASS: strh r3, [sp] / nop Thumb/ROM P..
[DBG] PASS: strh r3, [sp] / nop Thumb/ROM .N.
[DBG] PASS: strh r3, [sp] / nop Thumb/ROM PN.
[DBG] PASS: strh r3, [sp] / nop Thumb/ROM ..S
[DBG] PASS: strh r3, [sp] / nop Thumb/ROM P.S
[DBG] PASS: strh r3, [sp] / nop Thumb/ROM .NS
[DBG] PASS: strh r3, [sp] / nop Thumb/ROM PNS
[DBG] PASS: strh r3, [sp] / nop Thumb/WRAM
[DBG] PASS: strh r3, [sp] / nop Thumb/IWRAM
[DBG] Timing test: nop / strh r3, [sp]
[DBG] PASS: nop / strh r3, [sp] ARM/ROM ...
[DBG] PASS: nop / strh r3, [sp] ARM/ROM P..
[DBG] PASS: nop / strh r3, [sp] ARM/ROM .N.
[DBG] PASS: nop / strh r3, [sp] ARM/ROM PN.
[DBG] PASS: nop / strh r3, [sp] ARM/ROM ..S
[DBG] PASS: nop / strh r3, [sp] ARM/ROM P.S
[DBG] PASS: nop / strh r3, [sp] ARM/ROM .NS
[DBG] PASS: nop / strh r3, [sp] ARM/ROM PNS
[DBG] PASS: nop / strh r3, [sp] ARM/WRAM
[DBG] PASS: nop / strh r3, [sp] ARM/IWRAM
[DBG] PASS: nop / strh r3, [sp] Thumb/ROM ...
[DBG] PASS: nop / strh r3, [sp] Thumb/ROM P..
[DBG] PASS: nop / strh r3, [sp] Thumb/ROM .N.
[DBG] PASS: nop / strh r3, [sp] Thumb/ROM PN.
[DBG] PASS: nop / strh r3, [sp] Thumb/ROM ..S
[DBG] PASS: nop / strh r3, [sp] Thumb/ROM P.S
[DBG] PASS: nop / strh r3, [sp] Thumb/ROM .NS
[DBG] PASS: nop / strh r3, [sp] Thumb/ROM PNS
[DBG] PASS: nop / strh r3, [sp] Thumb/WRAM
[DBG] PASS: nop / strh r3, [sp] Thumb/IWRAM
[DBG] Timing test: nop / strh r3, [sp] / nop
[DBG] PASS: nop / strh r3, [sp] / nop ARM/ROM ...
[DBG] PASS: nop / strh r3, [sp] / nop ARM/ROM P..
[DBG] PASS: nop / strh r3, [sp] / nop ARM/ROM .N.
[DBG] PASS: nop / strh r3, [sp] / nop ARM/ROM PN.
[DBG] PASS: nop / strh r3, [sp] / nop ARM/ROM ..S
[DBG] PASS: nop / strh r3, [sp] / nop ARM/ROM P.S
[DBG] PASS: nop / strh r3, [sp] / nop ARM/ROM .NS
[DBG] PASS: nop / strh r3, [sp] / nop ARM/ROM PNS
[DBG] PASS: nop / strh r3, [sp] / nop ARM/WRAM
[DBG] PASS: nop / strh r3, [sp] / nop ARM/IWRAM
[DBG] PASS: nop / strh r3, [sp] / nop Thumb/ROM ...
[DBG] PASS: nop / strh r3, [sp] / nop Thumb/ROM P..
[DBG] PASS: nop / strh r3, [sp] / nop Thumb/ROM .N.
[DBG] PASS: nop / strh r3, [sp] / nop Thumb/ROM PN.
[DBG] PASS: nop / strh r3, [sp] / nop Thumb/ROM ..S
[DBG] PASS: nop / strh r3, [sp] / nop Thumb/ROM P.S
[DBG] PASS: nop / strh r3, [sp] / nop Thumb/ROM .NS
[DBG] PASS: nop / strh r3, [sp] / nop Thumb/ROM PNS
[DBG] PASS: nop / strh r3, [sp] / nop Thumb/WRAM
[DBG] PASS: nop / strh r3, [sp] / nop Thumb/IWRAM
[DBG] Timing test: ldr r2, [sp] x2
[DBG] PASS: ldr r2, [sp] x2 ARM/ROM ...
[DBG] PASS: ldr r2, [sp] x2 ARM/ROM P..
[DBG] PASS: ldr r2, [sp] x2 ARM/ROM .N.
[DBG] PASS: ldr r2, [sp] x2 ARM/ROM PN.
[DBG] PASS: ldr r2, [sp] x2 ARM/ROM ..S
[DBG] PASS: ldr r2, [sp] x2 ARM/ROM P.S
[DBG] PASS: ldr r2, [sp] x2 ARM/ROM .NS
[DBG] PASS: ldr r2, [sp] x2 ARM/ROM PNS
[DBG] PASS: ldr r2, [sp] x2 ARM/WRAM
[DBG] PASS: ldr r2, [sp] x2 ARM/IWRAM
[DBG] PASS: ldr r2, [sp] x2 Thumb/ROM ...
[DBG] PASS: ldr r2, [sp] x2 Thumb/ROM P..
[DBG] PASS: ldr r2, [sp] x2 Thumb/ROM .N.
[DBG] PASS: ldr r2, [sp] x2 Thumb/ROM PN.
[DBG] PASS: ldr r2, [sp] x2 Thumb/ROM ..S
[DBG] PASS: ldr r2, [sp] x2 Thumb/ROM P.S
[DBG] PASS: ldr r2, [sp] x2 Thumb/ROM .NS
[DBG] PASS: ldr r2, [sp] x2 Thumb/ROM PNS
[DBG] PASS: ldr r2, [sp] x2 Thumb/WRAM
[DBG] PASS: ldr r2, [sp] x2 Thumb/IWRAM
[DBG] Timing test: ldr r2, [#0x08000000] / ldr r2, [sp]
[DBG] PASS: ldr r2, [#0x08000000] / ldr r2, [sp] ARM/ROM ...
[DBG] PASS: ldr r2, [#0x08000000] / ldr r2, [sp] ARM/ROM P..
[DBG] PASS: ldr r2, [#0x08000000] / ldr r2, [sp] ARM/ROM .N.
[DBG] PASS: ldr r2, [#0x08000000] / ldr r2, [sp] ARM/ROM PN.
[DBG] PASS: ldr r2, [#0x08000000] / ldr r2, [sp] ARM/ROM ..S
[DBG] PASS: ldr r2, [#0x08000000] / ldr r2, [sp] ARM/ROM P.S
[DBG] PASS: ldr r2, [#0x08000000] / ldr r2, [sp] ARM/ROM .NS
[DBG] PASS: ldr r2, [#0x08000000] / ldr r2, [sp] ARM/ROM PNS
[DBG] PASS: ldr r2, [#0x08000000] / ldr r2, [sp] ARM/WRAM
[DBG] PASS: ldr r2, [#0x08000000] / ldr r2, [sp] ARM/IWRAM
[DBG] PASS: ldr r2, [#0x08000000] / ldr r2, [sp] Thumb/ROM ...
[DBG] PASS: ldr r2, [#0x08000000] / ldr r2, [sp] Thumb/ROM P..
[DBG] PASS: ldr r2, [#0x08000000] / ldr r2, [sp] Thumb/ROM .N.
[DBG] PASS: ldr r2, [#0x08000000] / ldr r2, [sp] Thumb/ROM PN.
[DBG] PASS: ldr r2, [#0x08000000] / ldr r2, [sp] Thumb/ROM ..S
[DBG] PASS: ldr r2, [#0x08000000] / ldr r2, [sp] Thumb/ROM P.S
[DBG] PASS: ldr r2, [#0x08000000] / ldr r2, [sp] Thumb/ROM .NS
[DBG] PASS: ldr r2, [#0x08000000] / ldr r2, [sp] Thumb/ROM PNS
[DBG] PASS: ldr r2, [#0x08000000] / ldr r2, [sp] Thumb/WRAM
[DBG] PASS: ldr r2, [#0x08000000] / ldr r2, [sp] Thumb/IWRAM
[DBG] Timing test: ldr r2, [sp] / ldr r2, [#0x08000000]
[DBG] PASS: ldr r2, [sp] / ldr r2, [#0x08000000] ARM/ROM ...
[DBG] PASS: ldr r2, [sp] / ldr r2, [#0x08000000] ARM/ROM P..
[DBG] PASS: ldr r2, [sp] / ldr r2, [#0x08000000] ARM/ROM .N.
[DBG] PASS: ldr r2, [sp] / ldr r2, [#0x08000000] ARM/ROM PN.
[DBG] PASS: ldr r2, [sp] / ldr r2, [#0x08000000] ARM/ROM ..S
[DBG] PASS: ldr r2, [sp] / ldr r2, [#0x08000000] ARM/ROM P.S
[DBG] PASS: ldr r2, [sp] / ldr r2, [#0x08000000] ARM/ROM .NS
[DBG] PASS: ldr r2, [sp] / ldr r2, [#0x08000000] ARM/ROM PNS
[DBG] PASS: ldr r2, [sp] / ldr r2, [#0x08000000] ARM/WRAM
[DBG] PASS: ldr r2, [sp] / ldr r2, [#0x08000000] ARM/IWRAM
[DBG] PASS: ldr r2, [sp] / ldr r2, [#0x08000000] Thumb/ROM ...
[DBG] PASS: ldr r2, [sp] / ldr r2, [#0x08000000] Thumb/ROM P..
[DBG] PASS: ldr r2, [sp] / ldr r2, [#0x08000000] Thumb/ROM .N.
[DBG] PASS: ldr r2, [sp] / ldr r2, [#0x08000000] Thumb/ROM PN.
[DBG] PASS: ldr r2, [sp] / ldr r2, [#0x08000000] Thumb/ROM ..S
[DBG] PASS: ldr r2, [sp] / ldr r2, [#0x08000000] Thumb/ROM P.S
[DBG] PASS: ldr r2, [sp] / ldr r2, [#0x08000000] Thumb/ROM .NS
[DBG] PASS: ldr r2, [sp] / ldr r2, [#0x08000000] Thumb/ROM PNS
[DBG] PASS: ldr r2, [sp] / ldr r2, [#0x08000000] Thumb/WRAM
[DBG] PASS: ldr r2, [sp] / ldr r2, [#0x08000000] Thumb/IWRAM
[DBG] Timing test: ldr r2, [#0x08000000] x2
[DBG] PASS: ldr r2, [#0x08000000] x2 ARM/ROM ...
[DBG] PASS: ldr r2, [#0x08000000] x2 ARM/ROM P..
[DBG] PASS: ldr r2, [#0x08000000] x2 ARM/ROM .N.
[DBG] PASS: ldr r2, [#0x08000000] x2 ARM/ROM PN.
[DBG] PASS: ldr r2, [#0x08000000] x2 ARM/ROM ..S
[DBG] PASS: ldr r2, [#0x08000000] x2 ARM/ROM P.S
[DBG] PASS: ldr r2, [#0x08000000] x2 ARM/ROM .NS
[DBG] PASS: ldr r2, [#0x08000000] x2 ARM/ROM PNS
[DBG] PASS: ldr r2, [#0x08000000] x2 ARM/WRAM
[DBG] PASS: ldr r2, [#0x08000000] x2 ARM/IWRAM
[DBG] PASS: ldr r2, [#0x08000000] x2 Thumb/ROM ...
[DBG] PASS: ldr r2, [#0x08000000] x2 Thumb/ROM P..
[DBG] PASS: ldr r2, [#0x08000000] x2 Thumb/ROM .N.
[DBG] PASS: ldr r2, [#0x08000000] x2 Thumb/ROM PN.
[DBG] PASS: ldr r2, [#0x08000000] x2 Thumb/ROM ..S
[DBG] PASS: ldr r2, [#0x08000000] x2 Thumb/ROM P.S
[DBG] PASS: ldr r2, [#0x08000000] x2 Thumb/ROM .NS
[DBG] PASS: ldr r2, [#0x08000000] x2 Thumb/ROM PNS
[DBG] PASS: ldr r2, [#0x08000000] x2 Thumb/WRAM
[DBG] PASS: ldr r2, [#0x08000000] x2 Thumb/IWRAM
[DBG] Timing test: str r3, [sp] x2
[DBG] PASS: str r3, [sp] x2 ARM/ROM ...
[DBG] PASS: str r3, [sp] x2 ARM/ROM P..
[DBG] PASS: str r3, [sp] x2 ARM/ROM .N.
[DBG] PASS: str r3, [sp] x2 ARM/ROM PN.
[DBG] PASS: str r3, [sp] x2 ARM/ROM ..S
[DBG] PASS: str r3, [sp] x2 ARM/ROM P.S
[DBG] PASS: str r3, [sp] x2 ARM/ROM .NS
[DBG] PASS: str r3, [sp] x2 ARM/ROM PNS
[DBG] PASS: str r3, [sp] x2 ARM/WRAM
[DBG] PASS: str r3, [sp] x2 ARM/IWRAM
[DBG] PASS: str r3, [sp] x2 Thumb/ROM ...
[DBG] PASS: str r3, [sp] x2 Thumb/ROM P..
[DBG] PASS: str r3, [sp] x2 Thumb/ROM .N.
[DBG] PASS: str r3, [sp] x2 Thumb/ROM PN.
[DBG] PASS: str r3, [sp] x2 Thumb/ROM ..S
[DBG] PASS: str r3, [sp] x2 Thumb/ROM P.S
[DBG] PASS: str r3, [sp] x2 Thumb/ROM .NS
[DBG] PASS: str r3, [sp] x2 Thumb/ROM PNS
[DBG] PASS: str r3, [sp] x2 Thumb/WRAM
[DBG] PASS: str r3, [sp] x2 Thumb/IWRAM
[DBG] Timing test: ldr r2, [sp] / str r2, [sp]
[DBG] PASS: ldr r2, [sp] / str r2, [sp] ARM/ROM ...
[DBG] PASS: ldr r2, [sp] / str r2, [sp] ARM/ROM P..
[DBG] PASS: ldr r2, [sp] / str r2, [sp] ARM/ROM .N.
[DBG] PASS: ldr r2, [sp] / str r2, [sp] ARM/ROM PN.
[DBG] PASS: ldr r2, [sp] / str r2, [sp] ARM/ROM ..S
[DBG] PASS: ldr r2, [sp] / str r2, [sp] ARM/ROM P.S
[DBG] PASS: ldr r2, [sp] / str r2, [sp] ARM/ROM .NS
[DBG] PASS: ldr r2, [sp] / str r2, [sp] ARM/ROM PNS
[DBG] PASS: ldr r2, [sp] / str r2, [sp] ARM/WRAM
[DBG] PASS: ldr r2, [sp] / str r2, [sp] ARM/IWRAM
[DBG] PASS: ldr r2, [sp] / str r2, [sp] Thumb/ROM ...
[DBG] PASS: ldr r2, [sp] / str r2, [sp] Thumb/ROM P..
[DBG] PASS: ldr r2, [sp] / str r2, [sp] Thumb/ROM .N.
[DBG] PASS: ldr r2, [sp] / str r2, [sp] Thumb/ROM PN.
[DBG] PASS: ldr r2, [sp] / str r2, [sp] Thumb/ROM ..S
[DBG] PASS: ldr r2, [sp] / str r2, [sp] Thumb/ROM P.S
[DBG] PASS: ldr r2, [sp] / str r2, [sp] Thumb/ROM .NS
[DBG] PASS: ldr r2, [sp] / str r2, [sp] Thumb/ROM PNS
[DBG] PASS: ldr r2, [sp] / str r2, [sp] Thumb/WRAM
[DBG] PASS: ldr r2, [sp] / str r2, [sp] Thumb/IWRAM
[DBG] Timing test: str r3, [sp] / ldr r3, [sp]
[DBG] PASS: str r3, [sp] / ldr r3, [sp] ARM/ROM ...
[DBG] PASS: str r3, [sp] / ldr r3, [sp] ARM/ROM P..
[DBG] PASS: str r3, [sp] / ldr r3, [sp] ARM/ROM .N.
[DBG] PASS: str r3, [sp] / ldr r3, [sp] ARM/ROM PN.
[DBG] PASS: str r3, [sp] / ldr r3, [sp] ARM/ROM ..S
[DBG] PASS: str r3, [sp] / ldr r3, [sp] ARM/ROM P.S
[DBG] PASS: str r3, [sp] / ldr r3, [sp] ARM/ROM .NS
[DBG] PASS: str r3, [sp] / ldr r3, [sp] ARM/ROM PNS
[DBG] PASS: str r3, [sp] / ldr r3, [sp] ARM/WRAM
[DBG] PASS: str r3, [sp] / ldr r3, [sp] ARM/IWRAM
[DBG] PASS: str r3, [sp] / ldr r3, [sp] Thumb/ROM ...
[DBG] PASS: str r3, [sp] / ldr r3, [sp] Thumb/ROM P..
[DBG] PASS: str r3, [sp] / ldr r3, [sp] Thumb/ROM .N.
[DBG] PASS: str r3, [sp] / ldr r3, [sp] Thumb/ROM PN.
[DBG] PASS: str r3, [sp] / ldr r3, [sp] Thumb/ROM ..S
[DBG] PASS: str r3, [sp] / ldr r3, [sp] Thumb/ROM P.S
[DBG] PASS: str r3, [sp] / ldr r3, [sp] Thumb/ROM .NS
[DBG] PASS: str r3, [sp] / ldr r3, [sp] Thumb/ROM PNS
[DBG] PASS: str r3, [sp] / ldr r3, [sp] Thumb/WRAM
[DBG] PASS: str r3, [sp] / ldr r3, [sp] Thumb/IWRAM
[DBG] Timing test: ldmia sp, {r2}
[DBG] PASS: ldmia sp, {r2} ARM/ROM ...
[DBG] PASS: ldmia sp, {r2} ARM/ROM P..
[DBG] PASS: ldmia sp, {r2} ARM/ROM .N.
[DBG] PASS: ldmia sp, {r2} ARM/ROM PN.
[DBG] PASS: ldmia sp, {r2} ARM/ROM ..S
[DBG] PASS: ldmia sp, {r2} ARM/ROM P.S
[DBG] PASS: ldmia sp, {r2} ARM/ROM .NS
[DBG] PASS: ldmia sp, {r2} ARM/ROM PNS
[DBG] PASS: ldmia sp, {r2} ARM/WRAM
[DBG] PASS: ldmia sp, {r2} ARM/IWRAM
[DBG] Timing test: ldmia sp, {r2, r3}
[DBG] PASS: ldmia sp, {r2, r3} ARM/ROM ...
[DBG] PASS: ldmia sp, {r2, r3} ARM/ROM P..
[DBG] PASS: ldmia sp, {r2, r3} ARM/ROM .N.
[DBG] PASS: ldmia sp, {r2, r3} ARM/ROM PN.
[DBG] PASS: ldmia sp, {r2, r3} ARM/ROM ..S
[DBG] PASS: ldmia sp, {r2, r3} ARM/ROM P.S
[DBG] PASS: ldmia sp, {r2, r3} ARM/ROM .NS
[DBG] PASS: ldmia sp, {r2, r3} ARM/ROM PNS
[DBG] PASS: ldmia sp, {r2, r3} ARM/WRAM
[DBG] PASS: ldmia sp, {r2, r3} ARM/IWRAM
[DBG] Timing test: ldmia sp, {r2-r7}
[DBG] PASS: ldmia sp, {r2-r7} ARM/ROM ...
[DBG] PASS: ldmia sp, {r2-r7} ARM/ROM P..
[DBG] PASS: ldmia sp, {r2-r7} ARM/ROM .N.
[DBG] PASS: ldmia sp, {r2-r7} ARM/ROM PN.
[DBG] PASS: ldmia sp, {r2-r7} ARM/ROM ..S
[DBG] PASS: ldmia sp, {r2-r7} ARM/ROM P.S
[DBG] PASS: ldmia sp, {r2-r7} ARM/ROM .NS
[DBG] PASS: ldmia sp, {r2-r7} ARM/ROM PNS
[DBG] PASS: ldmia sp, {r2-r7} ARM/WRAM
[DBG] PASS: ldmia sp, {r2-r7} ARM/IWRAM
[DBG] Timing test: ldmia sp, {r2} x2
[DBG] PASS: ldmia sp, {r2} x2 ARM/ROM ...
[DBG] PASS: ldmia sp, {r2} x2 ARM/ROM P..
[DBG] PASS: ldmia sp, {r2} x2 ARM/ROM .N.
[DBG] PASS: ldmia sp, {r2} x2 ARM/ROM PN.
[DBG] PASS: ldmia sp, {r2} x2 ARM/ROM ..S
[DBG] PASS: ldmia sp, {r2} x2 ARM/ROM P.S
[DBG] PASS: ldmia sp, {r2} x2 ARM/ROM .NS
[DBG] PASS: ldmia sp, {r2} x2 ARM/ROM PNS
[DBG] PASS: ldmia sp, {r2} x2 ARM/WRAM
[DBG] PASS: ldmia sp, {r2} x2 ARM/IWRAM
[DBG] Timing test: ldmia sp, {r2, r3} x2
[DBG] PASS: ldmia sp, {r2, r3} x2 ARM/ROM ...
[DBG] PASS: ldmia sp, {r2, r3} x2 ARM/ROM P..
[DBG] PASS: ldmia sp, {r2, r3} x2 ARM/ROM .N.
[DBG] PASS: ldmia sp, {r2, r3} x2 ARM/ROM PN.
[DBG] PASS: ldmia sp, {r2, r3} x2 ARM/ROM ..S
[DBG] PASS: ldmia sp, {r2, r3} x2 ARM/ROM P.S
[DBG] PASS: ldmia sp, {r2, r3} x2 ARM/ROM .NS
[DBG] PASS: ldmia sp, {r2, r3} x2 ARM/ROM PNS
[DBG] PASS: ldmia sp, {r2, r3} x2 ARM/WRAM
[DBG] PASS: ldmia sp, {r2, r3} x2 ARM/IWRAM
[DBG] Timing test: ldmia sp, {r2-r7} x2
[DBG] PASS: ldmia sp, {r2-r7} x2 ARM/ROM ...
[DBG] PASS: ldmia sp, {r2-r7} x2 ARM/ROM P..
[DBG] PASS: ldmia sp, {r2-r7} x2 ARM/ROM .N.
[DBG] PASS: ldmia sp, {r2-r7} x2 ARM/ROM PN.
[DBG] PASS: ldmia sp, {r2-r7} x2 ARM/ROM ..S
[DBG] PASS: ldmia sp, {r2-r7} x2 ARM/ROM P.S
[DBG] PASS: ldmia sp, {r2-r7} x2 ARM/ROM .NS
[DBG] PASS: ldmia sp, {r2-r7} x2 ARM/ROM PNS
[DBG] PASS: ldmia sp, {r2-r7} x2 ARM/WRAM
[DBG] PASS: ldmia sp, {r2-r7} x2 ARM/IWRAM
[DBG] Timing test: stmia sp, {r2}
[DBG] PASS: stmia sp, {r2} ARM/ROM ...
[DBG] PASS: stmia sp, {r2} ARM/ROM P..
[DBG] PASS: stmia sp, {r2} ARM/ROM .N.
[DBG] PASS: stmia sp, {r2} ARM/ROM PN.
[DBG] PASS: stmia sp, {r2} ARM/ROM ..S
[DBG] PASS: stmia sp, {r2} ARM/ROM P.S
[DBG] PASS: stmia sp, {r2} ARM/ROM .NS
[DBG] PASS: stmia sp, {r2} ARM/ROM PNS
[DBG] PASS: stmia sp, {r2} ARM/WRAM
[DBG] PASS: stmia sp, {r2} ARM/IWRAM
[DBG] Timing test: stmia sp, {r2, r3}
[DBG] PASS: stmia sp, {r2, r3} ARM/ROM ...
[DBG] PASS: stmia sp, {r2, r3} ARM/ROM P..
[DBG] PASS: stmia sp, {r2, r3} ARM/ROM .N.
[DBG] PASS: stmia sp, {r2, r3} ARM/ROM PN.
[DBG] PASS: stmia sp, {r2, r3} ARM/ROM ..S
[DBG] PASS: stmia sp, {r2, r3} ARM/ROM P.S
[DBG] PASS: stmia sp, {r2, r3} ARM/ROM .NS
[DBG] PASS: stmia sp, {r2, r3} ARM/ROM PNS
[DBG] PASS: stmia sp, {r2, r3} ARM/WRAM
[DBG] PASS: stmia sp, {r2, r3} ARM/IWRAM
[DBG] Timing test: stmia sp, {r2-r7}
[DBG] PASS: stmia sp, {r2-r7} ARM/ROM ...
[DBG] PASS: stmia sp, {r2-r7} ARM/ROM P..
[DBG] PASS: stmia sp, {r2-r7} ARM/ROM .N.
[DBG] PASS: stmia sp, {r2-r7} ARM/ROM PN.
[DBG] PASS: stmia sp, {r2-r7} ARM/ROM ..S
[DBG] PASS: stmia sp, {r2-r7} ARM/ROM P.S
[DBG] PASS: stmia sp, {r2-r7} ARM/ROM .NS
[DBG] PASS: stmia sp, {r2-r7} ARM/ROM PNS
[DBG] PASS: stmia sp, {r2-r7} ARM/WRAM
[DBG] PASS: stmia sp, {r2-r7} ARM/IWRAM
[DBG] Timing test: stmia sp, {r2} x2
[DBG] PASS: stmia sp, {r2} x2 ARM/ROM ...
[DBG] PASS: stmia sp, {r2} x2 ARM/ROM P..
[DBG] PASS: stmia sp, {r2} x2 ARM/ROM .N.
[DBG] PASS: stmia sp, {r2} x2 ARM/ROM PN.
[DBG] PASS: stmia sp, {r2} x2 ARM/ROM ..S
[DBG] PASS: stmia sp, {r2} x2 ARM/ROM P.S
[DBG] PASS: stmia sp, {r2} x2 ARM/ROM .NS
[DBG] PASS: stmia sp, {r2} x2 ARM/ROM PNS
[DBG] PASS: stmia sp, {r2} x2 ARM/WRAM
[DBG] PASS: stmia sp, {r2} x2 ARM/IWRAM
[DBG] Timing test: stmia sp, {r2, r3} x2
[DBG] PASS: stmia sp, {r2, r3} x2 ARM/ROM ...
[DBG] PASS: stmia sp, {r2, r3} x2 ARM/ROM P..
[DBG] PASS: stmia sp, {r2, r3} x2 ARM/ROM .N.
[DBG] PASS: stmia sp, {r2, r3} x2 ARM/ROM PN.
[DBG] PASS: stmia sp, {r2, r3} x2 ARM/ROM ..S
[DBG] PASS: stmia sp, {r2, r3} x2 ARM/ROM P.S
[DBG] PASS: stmia sp, {r2, r3} x2 ARM/ROM .NS
[DBG] PASS: stmia sp, {r2, r3} x2 ARM/ROM PNS
[DBG] PASS: stmia sp, {r2, r3} x2 ARM/WRAM
[DBG] PASS: stmia sp, {r2, r3} x2 ARM/IWRAM
[DBG] Timing test: stmia sp, {r2-r7} x2
[DBG] PASS: stmia sp, {r2-r7} x2 ARM/ROM ...
[DBG] PASS: stmia sp, {r2-r7} x2 ARM/ROM P..
[DBG] PASS: stmia sp, {r2-r7} x2 ARM/ROM .N.
[DBG] PASS: stmia sp, {r2-r7} x2 ARM/ROM PN.
[DBG] PASS: stmia sp, {r2-r7} x2 ARM/ROM ..S
[DBG] PASS: stmia sp, {r2-r7} x2 ARM/ROM P.S
[DBG] PASS: stmia sp, {r2-r7} x2 ARM/ROM .NS
[DBG] PASS: stmia sp, {r2-r7} x2 ARM/ROM PNS
[DBG] PASS: stmia sp, {r2-r7} x2 ARM/WRAM
[DBG] PASS: stmia sp, {r2-r7} x2 ARM/IWRAM
[DBG] Timing test: ldmia [#0x07FFFFFC]!, {r3-r7}
[DBG] PASS: ldmia [#0x07FFFFFC]!, {r3-r7} ARM/ROM ...
[DBG] PASS: ldmia [#0x07FFFFFC]!, {r3-r7} ARM/ROM P..
[DBG] PASS: ldmia [#0x07FFFFFC]!, {r3-r7} ARM/ROM .N.
[DBG] PASS: ldmia [#0x07FFFFFC]!, {r3-r7} ARM/ROM PN.
[DBG] PASS: ldmia [#0x07FFFFFC]!, {r3-r7} ARM/ROM ..S
[DBG] PASS: ldmia [#0x07FFFFFC]!, {r3-r7} ARM/ROM P.S
[DBG] PASS: ldmia [#0x07FFFFFC]!, {r3-r7} ARM/ROM .NS
[DBG] PASS: ldmia [#0x07FFFFFC]!, {r3-r7} ARM/ROM PNS
[DBG] PASS: ldmia [#0x07FFFFFC]!, {r3-r7} ARM/WRAM
[DBG] PASS: ldmia [#0x07FFFFFC]!, {r3-r7} ARM/IWRAM
[DBG] PASS: ldmia [#0x07FFFFFC]!, {r3-r7} Thumb/ROM ...
[DBG] PASS: ldmia [#0x07FFFFFC]!, {r3-r7} Thumb/ROM P..
[DBG] PASS: ldmia [#0x07FFFFFC]!, {r3-r7} Thumb/ROM .N.
[DBG] PASS: ldmia [#0x07FFFFFC]!, {r3-r7} Thumb/ROM PN.
[DBG] PASS: ldmia [#0x07FFFFFC]!, {r3-r7} Thumb/ROM ..S
[DBG] PASS: ldmia [#0x07FFFFFC]!, {r3-r7} Thumb/ROM P.S
[DBG] PASS: ldmia [#0x07FFFFFC]!, {r3-r7} Thumb/ROM .NS
[DBG] PASS: ldmia [#0x07FFFFFC]!, {r3-r7} Thumb/ROM PNS
[DBG] PASS: ldmia [#0x07FFFFFC]!, {r3-r7} Thumb/WRAM
[DBG] PASS: ldmia [#0x07FFFFFC]!, {r3-r7} Thumb/IWRAM
[DBG] Timing test: ldmia [#0x07FFFFF8]!, {r3-r7}
[DBG] PASS: ldmia [#0x07FFFFF8]!, {r3-r7} ARM/ROM ...
[DBG] PASS: ldmia [#0x07FFFFF8]!, {r3-r7} ARM/ROM P..
[DBG] PASS: ldmia [#0x07FFFFF8]!, {r3-r7} ARM/ROM .N.
[DBG] PASS: ldmia [#0x07FFFFF8]!, {r3-r7} ARM/ROM PN.
[DBG] PASS: ldmia [#0x07FFFFF8]!, {r3-r7} ARM/ROM ..S
[DBG] PASS: ldmia [#0x07FFFFF8]!, {r3-r7} ARM/ROM P.S
[DBG] PASS: ldmia [#0x07FFFFF8]!, {r3-r7} ARM/ROM .NS
[DBG] PASS: ldmia [#0x07FFFFF8]!, {r3-r7} ARM/ROM PNS
[DBG] PASS: ldmia [#0x07FFFFF8]!, {r3-r7} ARM/WRAM
[DBG] PASS: ldmia [#0x07FFFFF8]!, {r3-r7} ARM/IWRAM
[DBG] PASS: ldmia [#0x07FFFFF8]!, {r3-r7} Thumb/ROM ...
[DBG] PASS: ldmia [#0x07FFFFF8]!, {r3-r7} Thumb/ROM P..
[DBG] PASS: ldmia [#0x07FFFFF8]!, {r3-r7} Thumb/ROM .N.
[DBG] PASS: ldmia [#0x07FFFFF8]!, {r3-r7} Thumb/ROM PN.
[DBG] PASS: ldmia [#0x07FFFFF8]!, {r3-r7} Thumb/ROM ..S
[DBG] PASS: ldmia [#0x07FFFFF8]!, {r3-r7} Thumb/ROM P.S
[DBG] PASS: ldmia [#0x07FFFFF8]!, {r3-r7} Thumb/ROM .NS
[DBG] PASS: ldmia [#0x07FFFFF8]!, {r3-r7} Thumb/ROM PNS
[DBG] PASS: ldmia [#0x07FFFFF8]!, {r3-r7} Thumb/WRAM
[DBG] PASS: ldmia [#0x07FFFFF8]!, {r3-r7} Thumb/IWRAM
[DBG] Timing test: ldmia [#0x07FFFFF4]!, {r3-r7}
[DBG] PASS: ldmia [#0x07FFFFF4]!, {r3-r7} ARM/ROM ...
[DBG] PASS: ldmia [#0x07FFFFF4]!, {r3-r7} ARM/ROM P..
[DBG] PASS: ldmia [#0x07FFFFF4]!, {r3-r7} ARM/ROM .N.
[DBG] PASS: ldmia [#0x07FFFFF4]!, {r3-r7} ARM/ROM PN.
[DBG] PASS: ldmia [#0x07FFFFF4]!, {r3-r7} ARM/ROM ..S
[DBG] PASS: ldmia [#0x07FFFFF4]!, {r3-r7} ARM/ROM P.S
[DBG] PASS: ldmia [#0x07FFFFF4]!, {r3-r7} ARM/ROM .NS
[DBG] PASS: ldmia [#0x07FFFFF4]!, {r3-r7} ARM/ROM PNS
[DBG] PASS: ldmia [#0x07FFFFF4]!, {r3-r7} ARM/WRAM
[DBG] PASS: ldmia [#0x07FFFFF4]!, {r3-r7} ARM/IWRAM
[DBG] PASS: ldmia [#0x07FFFFF4]!, {r3-r7} Thumb/ROM ...
[DBG] PASS: ldmia [#0x07FFFFF4]!, {r3-r7} Thumb/ROM P..
[DBG] PASS: ldmia [#0x07FFFFF4]!, {r3-r7} Thumb/ROM .N.
[DBG] PASS: ldmia [#0x07FFFFF4]!, {r3-r7} Thumb/ROM PN.
[DBG] PASS: ldmia [#0x07FFFFF4]!, {r3-r7} Thumb/ROM ..S
[DBG] PASS: ldmia [#0x07FFFFF4]!, {r3-r7} Thumb/ROM P.S
[DBG] PASS: ldmia [#0x07FFFFF4]!, {r3-r7} Thumb/ROM .NS
[DBG] PASS: ldmia [#0x07FFFFF4]!, {r3-r7} Thumb/ROM PNS
[DBG] PASS: ldmia [#0x07FFFFF4]!, {r3-r7} Thumb/WRAM
[DBG] PASS: ldmia [#0x07FFFFF4]!, {r3-r7} Thumb/IWRAM
[DBG] Timing test: ldmia [#0x07FFFFF0]!, {r3-r7}
[DBG] PASS: ldmia [#0x07FFFFF0]!, {r3-r7} ARM/ROM ...
[DBG] PASS: ldmia [#0x07FFFFF0]!, {r3-r7} ARM/ROM P..
[DBG] PASS: ldmia [#0x07FFFFF0]!, {r3-r7} ARM/ROM .N.
[DBG] PASS: ldmia [#0x07FFFFF0]!, {r3-r7} ARM/ROM PN.
[DBG] PASS: ldmia [#0x07FFFFF0]!, {r3-r7} ARM/ROM ..S
[DBG] PASS: ldmia [#0x07FFFFF0]!, {r3-r7} ARM/ROM P.S
[DBG] PASS: ldmia [#0x07FFFFF0]!, {r3-r7} ARM/ROM .NS
[DBG] PASS: ldmia [#0x07FFFFF0]!, {r3-r7} ARM/ROM PNS
[DBG] PASS: ldmia [#0x07FFFFF0]!, {r3-r7} ARM/WRAM
[DBG] PASS: ldmia [#0x07FFFFF0]!, {r3-r7} ARM/IWRAM
[DBG] PASS: ldmia [#0x07FFFFF0]!, {r3-r7} Thumb/ROM ...
[DBG] PASS: ldmia [#0x07FFFFF0]!, {r3-r7} Thumb/ROM P..
[DBG] PASS: ldmia [#0x07FFFFF0]!, {r3-r7} Thumb/ROM .N.
[DBG] PASS: ldmia [#0x07FFFFF0]!, {r3-r7} Thumb/ROM PN.
[DBG] PASS: ldmia [#0x07FFFFF0]!, {r3-r7} Thumb/ROM ..S
[DBG] PASS: ldmia [#0x07FFFFF0]!, {r3-r7} Thumb/ROM P.S
[DBG] PASS: ldmia [#0x07FFFFF0]!, {r3-r7} Thumb/ROM .NS
[DBG] PASS: ldmia [#0x07FFFFF0]!, {r3-r7} Thumb/ROM PNS
[DBG] PASS: ldmia [#0x07FFFFF0]!, {r3-r7} Thumb/WRAM
[DBG] PASS: ldmia [#0x07FFFFF0]!, {r3-r7} Thumb/IWRAM
[DBG] Timing test: ldmia [#0x07FFFFEC]!, {r3-r7}
[DBG] PASS: ldmia [#0x07FFFFEC]!, {r3-r7} ARM/ROM ...
[DBG] PASS: ldmia [#0x07FFFFEC]!, {r3-r7} ARM/ROM P..
[DBG] PASS: ldmia [#0x07FFFFEC]!, {r3-r7} ARM/ROM .N.
[DBG] PASS: ldmia [#0x07FFFFEC]!, {r3-r7} ARM/ROM PN.
[DBG] PASS: ldmia [#0x07FFFFEC]!, {r3-r7} ARM/ROM ..S
[DBG] PASS: ldmia [#0x07FFFFEC]!, {r3-r7} ARM/ROM P.S
[DBG] PASS: ldmia [#0x07FFFFEC]!, {r3-r7} ARM/ROM .NS
[DBG] PASS: ldmia [#0x07FFFFEC]!, {r3-r7} ARM/ROM PNS
[DBG] PASS: ldmia [#0x07FFFFEC]!, {r3-r7} ARM/WRAM
[DBG] PASS: ldmia [#0x07FFFFEC]!, {r3-r7} ARM/IWRAM
[DBG] PASS: ldmia [#0x07FFFFEC]!, {r3-r7} Thumb/ROM ...
[DBG] PASS: ldmia [#0x07FFFFEC]!, {r3-r7} Thumb/ROM P..
[DBG] PASS: ldmia [#0x07FFFFEC]!, {r3-r7} Thumb/ROM .N.
[DBG] PASS: ldmia [#0x07FFFFEC]!, {r3-r7} Thumb/ROM PN.
[DBG] PASS: ldmia [#0x07FFFFEC]!, {r3-r7} Thumb/ROM ..S
[DBG] PASS: ldmia [#0x07FFFFEC]!, {r3-r7} Thumb/ROM P.S
[DBG] PASS: ldmia [#0x07FFFFEC]!, {r3-r7} Thumb/ROM .NS
[DBG] PASS: ldmia [#0x07FFFFEC]!, {r3-r7} Thumb/ROM PNS
[DBG] PASS: ldmia [#0x07FFFFEC]!, {r3-r7} Thumb/WRAM
[DBG] PASS: ldmia [#0x07FFFFEC]!, {r3-r7} Thumb/IWRAM
[DBG] Timing test: mul #0x00000000, #0xFF
[DBG] PASS: mul #0x00000000, #0xFF ARM/ROM ...
[DBG] PASS: mul #0x00000000, #0xFF ARM/ROM P..
[DBG] PASS: mul #0x00000000, #0xFF ARM/ROM .N.
[DBG] PASS: mul #0x00000000, #0xFF ARM/ROM PN.
[DBG] PASS: mul #0x00000000, #0xFF ARM/ROM ..S
[DBG] PASS: mul #0x00000000, #0xFF ARM/ROM P.S
[DBG] PASS: mul #0x00000000, #0xFF ARM/ROM .NS
[DBG] PASS: mul #0x00000000, #0xFF ARM/ROM PNS
[DBG] PASS: mul #0x00000000, #0xFF ARM/WRAM
[DBG] PASS: mul #0x00000000, #0xFF ARM/IWRAM
[DBG] PASS: mul #0x00000000, #0xFF Thumb/ROM ...
[DBG] PASS: mul #0x00000000, #0xFF Thumb/ROM P..
[DBG] PASS: mul #0x00000000, #0xFF Thumb/ROM .N.
[DBG] PASS: mul #0x00000000, #0xFF Thumb/ROM PN.
[DBG] PASS: mul #0x00000000, #0xFF Thumb/ROM ..S
[DBG] PASS: mul #0x00000000, #0xFF Thumb/ROM P.S
[DBG] PASS: mul #0x00000000, #0xFF Thumb/ROM .NS
[DBG] PASS: mul #0x00000000, #0xFF Thumb/ROM PNS
[DBG] PASS: mul #0x00000000, #0xFF Thumb/WRAM
[DBG] PASS: mul #0x00000000, #0xFF Thumb/IWRAM
[DBG] Timing test: mul #0x00000078, #0xFF
[DBG] PASS: mul #0x00000078, #0xFF ARM/ROM ...
[DBG] PASS: mul #0x00000078, #0xFF ARM/ROM P..
[DBG] PASS: mul #0x00000078, #0xFF ARM/ROM .N.
[DBG] PASS: mul #0x00000078, #0xFF ARM/ROM PN.
[DBG] PASS: mul #0x00000078, #0xFF ARM/ROM ..S
[DBG] PASS: mul #0x00000078, #0xFF ARM/ROM P.S
[DBG] PASS: mul #0x00000078, #0xFF ARM/ROM .NS
[DBG] PASS: mul #0x00000078, #0xFF ARM/ROM PNS
[DBG] PASS: mul #0x00000078, #0xFF ARM/WRAM
[DBG] PASS: mul #0x00000078, #0xFF ARM/IWRAM
[DBG] PASS: mul #0x00000078, #0xFF Thumb/ROM ...
[DBG] PASS: mul #0x00000078, #0xFF Thumb/ROM P..
[DBG] PASS: mul #0x00000078, #0xFF Thumb/ROM .N.
[DBG] PASS: mul #0x00000078, #0xFF Thumb/ROM PN.
[DBG] PASS: mul #0x00000078, #0xFF Thumb/ROM ..S
[DBG] PASS: mul #0x00000078, #0xFF Thumb/ROM P.S
[DBG] PASS: mul #0x00000078, #0xFF Thumb/ROM .NS
[DBG] PASS: mul #0x00000078, #0xFF Thumb/ROM PNS
[DBG] PASS: mul #0x00000078, #0xFF Thumb/WRAM
[DBG] PASS: mul #0x00000078, #0xFF Thumb/IWRAM
[DBG] Timing test: mul #0x00005678, #0xFF
[DBG] PASS: mul #0x00005678, #0xFF ARM/ROM ...
[DBG] PASS: mul #0x00005678, #0xFF ARM/ROM P..
[DBG] PASS: mul #0x00005678, #0xFF ARM/ROM .N.
[DBG] PASS: mul #0x00005678, #0xFF ARM/ROM PN.
[DBG] PASS: mul #0x00005678, #0xFF ARM/ROM ..S
[DBG] PASS: mul #0x00005678, #0xFF ARM/ROM P.S
[DBG] PASS: mul #0x00005678, #0xFF ARM/ROM .NS
[DBG] PASS: mul #0x00005678, #0xFF ARM/ROM PNS
[DBG] PASS: mul #0x00005678, #0xFF ARM/WRAM
[DBG] PASS: mul #0x00005678, #0xFF ARM/IWRAM
[DBG] PASS: mul #0x00005678, #0xFF Thumb/ROM ...
[DBG] PASS: mul #0x00005678, #0xFF Thumb/ROM P..
[DBG] PASS: mul #0x00005678, #0xFF Thumb/ROM .N.
[DBG] PASS: mul #0x00005678, #0xFF Thumb/ROM PN.
[DBG] PASS: mul #0x00005678, #0xFF Thumb/ROM ..S
[DBG] PASS: mul #0x00005678, #0xFF Thumb/ROM P.S
[DBG] PASS: mul #0x00005678, #0xFF Thumb/ROM .NS
[DBG] PASS: mul #0x00005678, #0xFF Thumb/ROM PNS
[DBG] PASS: mul #0x00005678, #0xFF Thumb/WRAM
[DBG] PASS: mul #0x00005678, #0xFF Thumb/IWRAM
[DBG] Timing test: mul #0x00345678, #0xFF
[DBG] PASS: mul #0x00345678, #0xFF ARM/ROM ...
[DBG] PASS: mul #0x00345678, #0xFF ARM/ROM P..
[DBG] PASS: mul #0x00345678, #0xFF ARM/ROM .N.
[DBG] PASS: mul #0x00345678, #0xFF ARM/ROM PN.
[DBG] PASS: mul #0x00345678, #0xFF ARM/ROM ..S
[DBG] PASS: mul #0x00345678, #0xFF ARM/ROM P.S
[DBG] PASS: mul #0x00345678, #0xFF ARM/ROM .NS
[DBG] PASS: mul #0x00345678, #0xFF ARM/ROM PNS
[DBG] PASS: mul #0x00345678, #0xFF ARM/WRAM
[DBG] PASS: mul #0x00345678, #0xFF ARM/IWRAM
[DBG] PASS: mul #0x00345678, #0xFF Thumb/ROM ...
[DBG] PASS: mul #0x00345678, #0xFF Thumb/ROM P..
[DBG] PASS: mul #0x00345678, #0xFF Thumb/ROM .N.
[DBG] PASS: mul #0x00345678, #0xFF Thumb/ROM PN.
[DBG] PASS: mul #0x00345678, #0xFF Thumb/ROM ..S
[DBG] PASS: mul #0x00345678, #0xFF Thumb/ROM P.S
[DBG] PASS: mul #0x00345678, #0xFF Thumb/ROM .NS
[DBG] PASS: mul #0x00345678, #0xFF Thumb/ROM PNS
[DBG] PASS: mul #0x00345678, #0xFF Thumb/WRAM
[DBG] PASS: mul #0x00345678, #0xFF Thumb/IWRAM
[DBG] Timing test: mul #0x12345678, #0xFF
[DBG] PASS: mul #0x12345678, #0xFF ARM/ROM ...
[DBG] PASS: mul #0x12345678, #0xFF ARM/ROM P..
[DBG] PASS: mul #0x12345678, #0xFF ARM/ROM .N.
[DBG] PASS: mul #0x12345678, #0xFF ARM/ROM PN.
[DBG] PASS: mul #0x12345678, #0xFF ARM/ROM ..S
[DBG] PASS: mul #0x12345678, #0xFF ARM/ROM P.S
[DBG] PASS: mul #0x12345678, #0xFF ARM/ROM .NS
[DBG] PASS: mul #0x12345678, #0xFF ARM/ROM PNS
[DBG] PASS: mul #0x12345678, #0xFF ARM/WRAM
[DBG] PASS: mul #0x12345678, #0xFF ARM/IWRAM
[DBG] PASS: mul #0x12345678, #0xFF Thumb/ROM ...
[DBG] PASS: mul #0x12345678, #0xFF Thumb/ROM P..
[DBG] PASS: mul #0x12345678, #0xFF Thumb/ROM .N.
[DBG] PASS: mul #0x12345678, #0xFF Thumb/ROM PN.
[DBG] PASS: mul #0x12345678, #0xFF Thumb/ROM ..S
[DBG] PASS: mul #0x12345678, #0xFF Thumb/ROM P.S
[DBG] PASS: mul #0x12345678, #0xFF Thumb/ROM .NS
[DBG] PASS: mul #0x12345678, #0xFF Thumb/ROM PNS
[DBG] PASS: mul #0x12345678, #0xFF Thumb/WRAM
[DBG] PASS: mul #0x12345678, #0xFF Thumb/IWRAM
[DBG] Timing test: mul #0xFF000000, #0xFF
[DBG] PASS: mul #0xFF000000, #0xFF ARM/ROM ...
[DBG] PASS: mul #0xFF000000, #0xFF ARM/ROM P..
[DBG] PASS: mul #0xFF000000, #0xFF ARM/ROM .N.
[DBG] PASS: mul #0xFF000000, #0xFF ARM/ROM PN.
[DBG] PASS: mul #0xFF000000, #0xFF ARM/ROM ..S
[DBG] PASS: mul #0xFF000000, #0xFF ARM/ROM P.S
[DBG] PASS: mul #0xFF000000, #0xFF ARM/ROM .NS
[DBG] PASS: mul #0xFF000000, #0xFF ARM/ROM PNS
[DBG] PASS: mul #0xFF000000, #0xFF ARM/WRAM
[DBG] PASS: mul #0xFF000000, #0xFF ARM/IWRAM
[DBG] PASS: mul #0xFF000000, #0xFF Thumb/ROM ...
[DBG] PASS: mul #0xFF000000, #0xFF Thumb/ROM P..
[DBG] PASS: mul #0xFF000000, #0xFF Thumb/ROM .N.
[DBG] PASS: mul #0xFF000000, #0xFF Thumb/ROM PN.
[DBG] PASS: mul #0xFF000000, #0xFF Thumb/ROM ..S
[DBG] PASS: mul #0xFF000000, #0xFF Thumb/ROM P.S
[DBG] PASS: mul #0xFF000000, #0xFF Thumb/ROM .NS
[DBG] PASS: mul #0xFF000000, #0xFF Thumb/ROM PNS
[DBG] PASS: mul #0xFF000000, #0xFF Thumb/WRAM
[DBG] PASS: mul #0xFF000000, #0xFF Thumb/IWRAM
[DBG] Timing test: mul #0xFFFF0000, #0xFF
[DBG] PASS: mul #0xFFFF0000, #0xFF ARM/ROM ...
[DBG] PASS: mul #0xFFFF0000, #0xFF ARM/ROM P..
[DBG] PASS: mul #0xFFFF0000, #0xFF ARM/ROM .N.
[DBG] PASS: mul #0xFFFF0000, #0xFF ARM/ROM PN.
[DBG] PASS: mul #0xFFFF0000, #0xFF ARM/ROM ..S
[DBG] PASS: mul #0xFFFF0000, #0xFF ARM/ROM P.S
[DBG] PASS: mul #0xFFFF0000, #0xFF ARM/ROM .NS
[DBG] PASS: mul #0xFFFF0000, #0xFF ARM/ROM PNS
[DBG] PASS: mul #0xFFFF0000, #0xFF ARM/WRAM
[DBG] PASS: mul #0xFFFF0000, #0xFF ARM/IWRAM
[DBG] PASS: mul #0xFFFF0000, #0xFF Thumb/ROM ...
[DBG] PASS: mul #0xFFFF0000, #0xFF Thumb/ROM P..
[DBG] PASS: mul #0xFFFF0000, #0xFF Thumb/ROM .N.
[DBG] PASS: mul #0xFFFF0000, #0xFF Thumb/ROM PN.
[DBG] PASS: mul #0xFFFF0000, #0xFF Thumb/ROM ..S
[DBG] PASS: mul #0xFFFF0000, #0xFF Thumb/ROM P.S
[DBG] PASS: mul #0xFFFF0000, #0xFF Thumb/ROM .NS
[DBG] PASS: mul #0xFFFF0000, #0xFF Thumb/ROM PNS
[DBG] PASS: mul #0xFFFF0000, #0xFF Thumb/WRAM
[DBG] PASS: mul #0xFFFF0000, #0xFF Thumb/IWRAM
[DBG] Timing test: mul #0xFFFFFF00, #0xFF
[DBG] PASS: mul #0xFFFFFF00, #0xFF ARM/ROM ...
[DBG] PASS: mul #0xFFFFFF00, #0xFF ARM/ROM P..
[DBG] PASS: mul #0xFFFFFF00, #0xFF ARM/ROM .N.
[DBG] PASS: mul #0xFFFFFF00, #0xFF ARM/ROM PN.
[DBG] PASS: mul #0xFFFFFF00, #0xFF ARM/ROM ..S
[DBG] PASS: mul #0xFFFFFF00, #0xFF ARM/ROM P.S
[DBG] PASS: mul #0xFFFFFF00, #0xFF ARM/ROM .NS
[DBG] PASS: mul #0xFFFFFF00, #0xFF ARM/ROM PNS
[DBG] PASS: mul #0xFFFFFF00, #0xFF ARM/WRAM
[DBG] PASS: mul #0xFFFFFF00, #0xFF ARM/IWRAM
[DBG] PASS: mul #0xFFFFFF00, #0xFF Thumb/ROM ...
[DBG] PASS: mul #0xFFFFFF00, #0xFF Thumb/ROM P..
[DBG] PASS: mul #0xFFFFFF00, #0xFF Thumb/ROM .N.
[DBG] PASS: mul #0xFFFFFF00, #0xFF Thumb/ROM PN.
[DBG] PASS: mul #0xFFFFFF00, #0xFF Thumb/ROM ..S
[DBG] PASS: mul #0xFFFFFF00, #0xFF Thumb/ROM P.S
[DBG] PASS: mul #0xFFFFFF00, #0xFF Thumb/ROM .NS
[DBG] PASS: mul #0xFFFFFF00, #0xFF Thumb/ROM PNS
[DBG] PASS: mul #0xFFFFFF00, #0xFF Thumb/WRAM
[DBG] PASS: mul #0xFFFFFF00, #0xFF Thumb/IWRAM
[DBG] Timing test: mul #0xFFFFFFFF, #0xFF
[DBG] PASS: mul #0xFFFFFFFF, #0xFF ARM/ROM ...
[DBG] PASS: mul #0xFFFFFFFF, #0xFF ARM/ROM P..
[DBG] PASS: mul #0xFFFFFFFF, #0xFF ARM/ROM .N.
[DBG] PASS: mul #0xFFFFFFFF, #0xFF ARM/ROM PN.
[DBG] PASS: mul #0xFFFFFFFF, #0xFF ARM/ROM ..S
[DBG] PASS: mul #0xFFFFFFFF, #0xFF ARM/ROM P.S
[DBG] PASS: mul #0xFFFFFFFF, #0xFF ARM/ROM .NS
[DBG] PASS: mul #0xFFFFFFFF, #0xFF ARM/ROM PNS
[DBG] PASS: mul #0xFFFFFFFF, #0xFF ARM/WRAM
[DBG] PASS: mul #0xFFFFFFFF, #0xFF ARM/IWRAM
[DBG] PASS: mul #0xFFFFFFFF, #0xFF Thumb/ROM ...
[DBG] PASS: mul #0xFFFFFFFF, #0xFF Thumb/ROM P..
[DBG] PASS: mul #0xFFFFFFFF, #0xFF Thumb/ROM .N.
[DBG] PASS: mul #0xFFFFFFFF, #0xFF Thumb/ROM PN.
[DBG] PASS: mul #0xFFFFFFFF, #0xFF Thumb/ROM ..S
[DBG] PASS: mul #0xFFFFFFFF, #0xFF Thumb/ROM P.S
[DBG] PASS: mul #0xFFFFFFFF, #0xFF Thumb/ROM .NS
[DBG] PASS: mul #0xFFFFFFFF, #0xFF Thumb/ROM PNS
[DBG] PASS: mul #0xFFFFFFFF, #0xFF Thumb/WRAM
[DBG] PASS: mul #0xFFFFFFFF, #0xFF Thumb/IWRAM
[DBG] Timing test: mul #0xFFFFFFFF, #0x00
[DBG] PASS: mul #0xFFFFFFFF, #0x00 ARM/ROM ...
[DBG] PASS: mul #0xFFFFFFFF, #0x00 ARM/ROM P..
[DBG] PASS: mul #0xFFFFFFFF, #0x00 ARM/ROM .N.
[DBG] PASS: mul #0xFFFFFFFF, #0x00 ARM/ROM PN.
[DBG] PASS: mul #0xFFFFFFFF, #0x00 ARM/ROM ..S
[DBG] PASS: mul #0xFFFFFFFF, #0x00 ARM/ROM P.S
[DBG] PASS: mul #0xFFFFFFFF, #0x00 ARM/ROM .NS
[DBG] PASS: mul #0xFFFFFFFF, #0x00 ARM/ROM PNS
[DBG] PASS: mul #0xFFFFFFFF, #0x00 ARM/WRAM
[DBG] PASS: mul #0xFFFFFFFF, #0x00 ARM/IWRAM
[DBG] PASS: mul #0xFFFFFFFF, #0x00 Thumb/ROM ...
[DBG] PASS: mul #0xFFFFFFFF, #0x00 Thumb/ROM P..
[DBG] PASS: mul #0xFFFFFFFF, #0x00 Thumb/ROM .N.
[DBG] PASS: mul #0xFFFFFFFF, #0x00 Thumb/ROM PN.
[DBG] PASS: mul #0xFFFFFFFF, #0x00 Thumb/ROM ..S
[DBG] PASS: mul #0xFFFFFFFF, #0x00 Thumb/ROM P.S
[DBG] PASS: mul #0xFFFFFFFF, #0x00 Thumb/ROM .NS
[DBG] PASS: mul #0xFFFFFFFF, #0x00 Thumb/ROM PNS
[DBG] PASS: mul #0xFFFFFFFF, #0x00 Thumb/WRAM
[DBG] PASS: mul #0xFFFFFFFF, #0x00 Thumb/IWRAM
[DBG] Timing test: mla #0x00000000, #0xFF
[DBG] PASS: mla #0x00000000, #0xFF ARM/ROM ...
[DBG] PASS: mla #0x00000000, #0xFF ARM/ROM P..
[DBG] PASS: mla #0x00000000, #0xFF ARM/ROM .N.
[DBG] PASS: mla #0x00000000, #0xFF ARM/ROM PN.
[DBG] PASS: mla #0x00000000, #0xFF ARM/ROM ..S
[DBG] PASS: mla #0x00000000, #0xFF ARM/ROM P.S
[DBG] PASS: mla #0x00000000, #0xFF ARM/ROM .NS
[DBG] PASS: mla #0x00000000, #0xFF ARM/ROM PNS
[DBG] PASS: mla #0x00000000, #0xFF ARM/WRAM
[DBG] PASS: mla #0x00000000, #0xFF ARM/IWRAM
[DBG] Timing test: mla #0x00000078, #0xFF
[DBG] PASS: mla #0x00000078, #0xFF ARM/ROM ...
[DBG] PASS: mla #0x00000078, #0xFF ARM/ROM P..
[DBG] PASS: mla #0x00000078, #0xFF ARM/ROM .N.
[DBG] PASS: mla #0x00000078, #0xFF ARM/ROM PN.
[DBG] PASS: mla #0x00000078, #0xFF ARM/ROM ..S
[DBG] PASS: mla #0x00000078, #0xFF ARM/ROM P.S
[DBG] PASS: mla #0x00000078, #0xFF ARM/ROM .NS
[DBG] PASS: mla #0x00000078, #0xFF ARM/ROM PNS
[DBG] PASS: mla #0x00000078, #0xFF ARM/WRAM
[DBG] PASS: mla #0x00000078, #0xFF ARM/IWRAM
[DBG] Timing test: mla #0x00005678, #0xFF
[DBG] PASS: mla #0x00005678, #0xFF ARM/ROM ...
[DBG] PASS: mla #0x00005678, #0xFF ARM/ROM P..
[DBG] PASS: mla #0x00005678, #0xFF ARM/ROM .N.
[DBG] PASS: mla #0x00005678, #0xFF ARM/ROM PN.
[DBG] PASS: mla #0x00005678, #0xFF ARM/ROM ..S
[DBG] PASS: mla #0x00005678, #0xFF ARM/ROM P.S
[DBG] PASS: mla #0x00005678, #0xFF ARM/ROM .NS
[DBG] PASS: mla #0x00005678, #0xFF ARM/ROM PNS
[DBG] PASS: mla #0x00005678, #0xFF ARM/WRAM
[DBG] PASS: mla #0x00005678, #0xFF ARM/IWRAM
[DBG] Timing test: mla #0x00345678, #0xFF
[DBG] PASS: mla #0x00345678, #0xFF ARM/ROM ...
[DBG] PASS: mla #0x00345678, #0xFF ARM/ROM P..
[DBG] PASS: mla #0x00345678, #0xFF ARM/ROM .N.
[DBG] PASS: mla #0x00345678, #0xFF ARM/ROM PN.
[DBG] PASS: mla #0x00345678, #0xFF ARM/ROM ..S
[DBG] PASS: mla #0x00345678, #0xFF ARM/ROM P.S
[DBG] PASS: mla #0x00345678, #0xFF ARM/ROM .NS
[DBG] PASS: mla #0x00345678, #0xFF ARM/ROM PNS
[DBG] PASS: mla #0x00345678, #0xFF ARM/WRAM
[DBG] PASS: mla #0x00345678, #0xFF ARM/IWRAM
[DBG] Timing test: mla #0x12345678, #0xFF
[DBG] PASS: mla #0x12345678, #0xFF ARM/ROM ...
[DBG] PASS: mla #0x12345678, #0xFF ARM/ROM P..
[DBG] PASS: mla #0x12345678, #0xFF ARM/ROM .N.
[DBG] PASS: mla #0x12345678, #0xFF ARM/ROM PN.
[DBG] PASS: mla #0x12345678, #0xFF ARM/ROM ..S
[DBG] PASS: mla #0x12345678, #0xFF ARM/ROM P.S
[DBG] PASS: mla #0x12345678, #0xFF ARM/ROM .NS
[DBG] PASS: mla #0x12345678, #0xFF ARM/ROM PNS
[DBG] PASS: mla #0x12345678, #0xFF ARM/WRAM
[DBG] PASS: mla #0x12345678, #0xFF ARM/IWRAM
[DBG] Timing test: mla #0xFF000000, #0xFF
[DBG] PASS: mla #0xFF000000, #0xFF ARM/ROM ...
[DBG] PASS: mla #0xFF000000, #0xFF ARM/ROM P..
[DBG] PASS: mla #0xFF000000, #0xFF ARM/ROM .N.
[DBG] PASS: mla #0xFF000000, #0xFF ARM/ROM PN.
[DBG] PASS: mla #0xFF000000, #0xFF ARM/ROM ..S
[DBG] PASS: mla #0xFF000000, #0xFF ARM/ROM P.S
[DBG] PASS: mla #0xFF000000, #0xFF ARM/ROM .NS
[DBG] PASS: mla #0xFF000000, #0xFF ARM/ROM PNS
[DBG] PASS: mla #0xFF000000, #0xFF ARM/WRAM
[DBG] PASS: mla #0xFF000000, #0xFF ARM/IWRAM
[DBG] Timing test: mla #0xFFFF0000, #0xFF
[DBG] PASS: mla #0xFFFF0000, #0xFF ARM/ROM ...
[DBG] PASS: mla #0xFFFF0000, #0xFF ARM/ROM P..
[DBG] PASS: mla #0xFFFF0000, #0xFF ARM/ROM .N.
[DBG] PASS: mla #0xFFFF0000, #0xFF ARM/ROM PN.
[DBG] PASS: mla #0xFFFF0000, #0xFF ARM/ROM ..S
[DBG] PASS: mla #0xFFFF0000, #0xFF ARM/ROM P.S
[DBG] PASS: mla #0xFFFF0000, #0xFF ARM/ROM .NS
[DBG] PASS: mla #0xFFFF0000, #0xFF ARM/ROM PNS
[DBG] PASS: mla #0xFFFF0000, #0xFF ARM/WRAM
[DBG] PASS: mla #0xFFFF0000, #0xFF ARM/IWRAM
[DBG] Timing test: mla #0xFFFFFF00, #0xFF
[DBG] PASS: mla #0xFFFFFF00, #0xFF ARM/ROM ...
[DBG] PASS: mla #0xFFFFFF00, #0xFF ARM/ROM P..
[DBG] PASS: mla #0xFFFFFF00, #0xFF ARM/ROM .N.
[DBG] PASS: mla #0xFFFFFF00, #0xFF ARM/ROM PN.
[DBG] PASS: mla #0xFFFFFF00, #0xFF ARM/ROM ..S
[DBG] PASS: mla #0xFFFFFF00, #0xFF ARM/ROM P.S
[DBG] PASS: mla #0xFFFFFF00, #0xFF ARM/ROM .NS
[DBG] PASS: mla #0xFFFFFF00, #0xFF ARM/ROM PNS
[DBG] PASS: mla #0xFFFFFF00, #0xFF ARM/WRAM
[DBG] PASS: mla #0xFFFFFF00, #0xFF ARM/IWRAM
[DBG] Timing test: mla #0xFFFFFFFF, #0xFF
[DBG] PASS: mla #0xFFFFFFFF, #0xFF ARM/ROM ...
[DBG] PASS: mla #0xFFFFFFFF, #0xFF ARM/ROM P..
[DBG] PASS: mla #0xFFFFFFFF, #0xFF ARM/ROM .N.
[DBG] PASS: mla #0xFFFFFFFF, #0xFF ARM/ROM PN.
[DBG] PASS: mla #0xFFFFFFFF, #0xFF ARM/ROM ..S
[DBG] PASS: mla #0xFFFFFFFF, #0xFF ARM/ROM P.S
[DBG] PASS: mla #0xFFFFFFFF, #0xFF ARM/ROM .NS
[DBG] PASS: mla #0xFFFFFFFF, #0xFF ARM/ROM PNS
[DBG] PASS: mla #0xFFFFFFFF, #0xFF ARM/WRAM
[DBG] PASS: mla #0xFFFFFFFF, #0xFF ARM/IWRAM
[DBG] Timing test: mla #0xFFFFFFFF, #0x00
[DBG] PASS: mla #0xFFFFFFFF, #0x00 ARM/ROM ...
[DBG] PASS: mla #0xFFFFFFFF, #0x00 ARM/ROM P..
[DBG] PASS: mla #0xFFFFFFFF, #0x00 ARM/ROM .N.
[DBG] PASS: mla #0xFFFFFFFF, #0x00 ARM/ROM PN.
[DBG] PASS: mla #0xFFFFFFFF, #0x00 ARM/ROM ..S
[DBG] PASS: mla #0xFFFFFFFF, #0x00 ARM/ROM P.S
[DBG] PASS: mla #0xFFFFFFFF, #0x00 ARM/ROM .NS
[DBG] PASS: mla #0xFFFFFFFF, #0x00 ARM/ROM PNS
[DBG] PASS: mla #0xFFFFFFFF, #0x00 ARM/WRAM
[DBG] PASS: mla #0xFFFFFFFF, #0x00 ARM/IWRAM
[DBG] Timing test: smull #0x00000000, #0xFF
[DBG] PASS: smull #0x00000000, #0xFF ARM/ROM ...
[DBG] PASS: smull #0x00000000, #0xFF ARM/ROM P..
[DBG] PASS: smull #0x00000000, #0xFF ARM/ROM .N.
[DBG] PASS: smull #0x00000000, #0xFF ARM/ROM PN.
[DBG] PASS: smull #0x00000000, #0xFF ARM/ROM ..S
[DBG] PASS: smull #0x00000000, #0xFF ARM/ROM P.S
[DBG] PASS: smull #0x00000000, #0xFF ARM/ROM .NS
[DBG] PASS: smull #0x00000000, #0xFF ARM/ROM PNS
[DBG] PASS: smull #0x00000000, #0xFF ARM/WRAM
[DBG] PASS: smull #0x00000000, #0xFF ARM/IWRAM
[DBG] Timing test: smull #0x00000078, #0xFF
[DBG] PASS: smull #0x00000078, #0xFF ARM/ROM ...
[DBG] PASS: smull #0x00000078, #0xFF ARM/ROM P..
[DBG] PASS: smull #0x00000078, #0xFF ARM/ROM .N.
[DBG] PASS: smull #0x00000078, #0xFF ARM/ROM PN.
[DBG] PASS: smull #0x00000078, #0xFF ARM/ROM ..S
[DBG] PASS: smull #0x00000078, #0xFF ARM/ROM P.S
[DBG] PASS: smull #0x00000078, #0xFF ARM/ROM .NS
[DBG] PASS: smull #0x00000078, #0xFF ARM/ROM PNS
[DBG] PASS: smull #0x00000078, #0xFF ARM/WRAM
[DBG] PASS: smull #0x00000078, #0xFF ARM/IWRAM
[DBG] Timing test: smull #0x00005678, #0xFF
[DBG] PASS: smull #0x00005678, #0xFF ARM/ROM ...
[DBG] PASS: smull #0x00005678, #0xFF ARM/ROM P..
[DBG] PASS: smull #0x00005678, #0xFF ARM/ROM .N.
[DBG] PASS: smull #0x00005678, #0xFF ARM/ROM PN.
[DBG] PASS: smull #0x00005678, #0xFF ARM/ROM ..S
[DBG] PASS: smull #0x00005678, #0xFF ARM/ROM P.S
[DBG] PASS: smull #0x00005678, #0xFF ARM/ROM .NS
[DBG] PASS: smull #0x00005678, #0xFF ARM/ROM PNS
[DBG] PASS: smull #0x00005678, #0xFF ARM/WRAM
[DBG] PASS: smull #0x00005678, #0xFF ARM/IWRAM
[DBG] Timing test: smull #0x00345678, #0xFF
[DBG] PASS: smull #0x00345678, #0xFF ARM/ROM ...
[DBG] PASS: smull #0x00345678, #0xFF ARM/ROM P..
[DBG] PASS: smull #0x00345678, #0xFF ARM/ROM .N.
[DBG] PASS: smull #0x00345678, #0xFF ARM/ROM PN.
[DBG] PASS: smull #0x00345678, #0xFF ARM/ROM ..S
[DBG] PASS: smull #0x00345678, #0xFF ARM/ROM P.S
[DBG] PASS: smull #0x00345678, #0xFF ARM/ROM .NS
[DBG] PASS: smull #0x00345678, #0xFF ARM/ROM PNS
[DBG] PASS: smull #0x00345678, #0xFF ARM/WRAM
[DBG] PASS: smull #0x00345678, #0xFF ARM/IWRAM
[DBG] Timing test: smull #0x12345678, #0xFF
[DBG] PASS: smull #0x12345678, #0xFF ARM/ROM ...
[DBG] PASS: smull #0x12345678, #0xFF ARM/ROM P..
[DBG] PASS: smull #0x12345678, #0xFF ARM/ROM .N.
[DBG] PASS: smull #0x12345678, #0xFF ARM/ROM PN.
[DBG] PASS: smull #0x12345678, #0xFF ARM/ROM ..S
[DBG] PASS: smull #0x12345678, #0xFF ARM/ROM P.S
[DBG] PASS: smull #0x12345678, #0xFF ARM/ROM .NS
[DBG] PASS: smull #0x12345678, #0xFF ARM/ROM PNS
[DBG] PASS: smull #0x12345678, #0xFF ARM/WRAM
[DBG] PASS: smull #0x12345678, #0xFF ARM/IWRAM
[DBG] Timing test: smull #0xFF000000, #0xFF
[DBG] PASS: smull #0xFF000000, #0xFF ARM/ROM ...
[DBG] PASS: smull #0xFF000000, #0xFF ARM/ROM P..
[DBG] PASS: smull #0xFF000000, #0xFF ARM/ROM .N.
[DBG] PASS: smull #0xFF000000, #0xFF ARM/ROM PN.
[DBG] PASS: smull #0xFF000000, #0xFF ARM/ROM ..S
[DBG] PASS: smull #0xFF000000, #0xFF ARM/ROM P.S
[DBG] PASS: smull #0xFF000000, #0xFF ARM/ROM .NS
[DBG] PASS: smull #0xFF000000, #0xFF ARM/ROM PNS
[DBG] PASS: smull #0xFF000000, #0xFF ARM/WRAM
[DBG] PASS: smull #0xFF000000, #0xFF ARM/IWRAM
[DBG] Timing test: smull #0xFFFF0000, #0xFF
[DBG] PASS: smull #0xFFFF0000, #0xFF ARM/ROM ...
[DBG] PASS: smull #0xFFFF0000, #0xFF ARM/ROM P..
[DBG] PASS: smull #0xFFFF0000, #0xFF ARM/ROM .N.
[DBG] PASS: smull #0xFFFF0000, #0xFF ARM/ROM PN.
[DBG] PASS: smull #0xFFFF0000, #0xFF ARM/ROM ..S
[DBG] PASS: smull #0xFFFF0000, #0xFF ARM/ROM P.S
[DBG] PASS: smull #0xFFFF0000, #0xFF ARM/ROM .NS
[DBG] PASS: smull #0xFFFF0000, #0xFF ARM/ROM PNS
[DBG] PASS: smull #0xFFFF0000, #0xFF ARM/WRAM
[DBG] PASS: smull #0xFFFF0000, #0xFF ARM/IWRAM
[DBG] Timing test: smull #0xFFFFFF00, #0xFF
[DBG] PASS: smull #0xFFFFFF00, #0xFF ARM/ROM ...
[DBG] PASS: smull #0xFFFFFF00, #0xFF ARM/ROM P..
[DBG] PASS: smull #0xFFFFFF00, #0xFF ARM/ROM .N.
[DBG] PASS: smull #0xFFFFFF00, #0xFF ARM/ROM PN.
[DBG] PASS: smull #0xFFFFFF00, #0xFF ARM/ROM ..S
[DBG] PASS: smull #0xFFFFFF00, #0xFF ARM/ROM P.S
[DBG] PASS: smull #0xFFFFFF00, #0xFF ARM/ROM .NS
[DBG] PASS: smull #0xFFFFFF00, #0xFF ARM/ROM PNS
[DBG] PASS: smull #0xFFFFFF00, #0xFF ARM/WRAM
[DBG] PASS: smull #0xFFFFFF00, #0xFF ARM/IWRAM
[DBG] Timing test: smull #0xFFFFFFFF, #0xFF
[DBG] PASS: smull #0xFFFFFFFF, #0xFF ARM/ROM ...
[DBG] PASS: smull #0xFFFFFFFF, #0xFF ARM/ROM P..
[DBG] PASS: smull #0xFFFFFFFF, #0xFF ARM/ROM .N.
[DBG] PASS: smull #0xFFFFFFFF, #0xFF ARM/ROM PN.
[DBG] PASS: smull #0xFFFFFFFF, #0xFF ARM/ROM ..S
[DBG] PASS: smull #0xFFFFFFFF, #0xFF ARM/ROM P.S
[DBG] PASS: smull #0xFFFFFFFF, #0xFF ARM/ROM .NS
[DBG] PASS: smull #0xFFFFFFFF, #0xFF ARM/ROM PNS
[DBG] PASS: smull #0xFFFFFFFF, #0xFF ARM/WRAM
[DBG] PASS: smull #0xFFFFFFFF, #0xFF ARM/IWRAM
[DBG] Timing test: smull #0xFFFFFFFF, #0x00
[DBG] PASS: smull #0xFFFFFFFF, #0x00 ARM/ROM ...
[DBG] PASS: smull #0xFFFFFFFF, #0x00 ARM/ROM P..
[DBG] PASS: smull #0xFFFFFFFF, #0x00 ARM/ROM .N.
[DBG] PASS: smull #0xFFFFFFFF, #0x00 ARM/ROM PN.
[DBG] PASS: smull #0xFFFFFFFF, #0x00 ARM/ROM ..S
[DBG] PASS: smull #0xFFFFFFFF, #0x00 ARM/ROM P.S
[DBG] PASS: smull #0xFFFFFFFF, #0x00 ARM/ROM .NS
[DBG] PASS: smull #0xFFFFFFFF, #0x00 ARM/ROM PNS
[DBG] PASS: smull #0xFFFFFFFF, #0x00 ARM/WRAM
[DBG] PASS: smull #0xFFFFFFFF, #0x00 ARM/IWRAM
[DBG] Timing test: smlal #0x00000000, #0xFF
[DBG] PASS: smlal #0x00000000, #0xFF ARM/ROM ...
[DBG] PASS: smlal #0x00000000, #0xFF ARM/ROM P..
[DBG] PASS: smlal #0x00000000, #0xFF ARM/ROM .N.
[DBG] PASS: smlal #0x00000000, #0xFF ARM/ROM PN.
[DBG] PASS: smlal #0x00000000, #0xFF ARM/ROM ..S
[DBG] PASS: smlal #0x00000000, #0xFF ARM/ROM P.S
[DBG] PASS: smlal #0x00000000, #0xFF ARM/ROM .NS
[DBG] PASS: smlal #0x00000000, #0xFF ARM/ROM PNS
[DBG] PASS: smlal #0x00000000, #0xFF ARM/WRAM
[DBG] PASS: smlal #0x00000000, #0xFF ARM/IWRAM
[DBG] Timing test: smlal #0x00000078, #0xFF
[DBG] PASS: smlal #0x00000078, #0xFF ARM/ROM ...
[DBG] PASS: smlal #0x00000078, #0xFF ARM/ROM P..
[DBG] PASS: smlal #0x00000078, #0xFF ARM/ROM .N.
[DBG] PASS: smlal #0x00000078, #0xFF ARM/ROM PN.
[DBG] PASS: smlal #0x00000078, #0xFF ARM/ROM ..S
[DBG] PASS: smlal #0x00000078, #0xFF ARM/ROM P.S
[DBG] PASS: smlal #0x00000078, #0xFF ARM/ROM .NS
[DBG] PASS: smlal #0x00000078, #0xFF ARM/ROM PNS
[DBG] PASS: smlal #0x00000078, #0xFF ARM/WRAM
[DBG] PASS: smlal #0x00000078, #0xFF ARM/IWRAM
[DBG] Timing test: smlal #0x00005678, #0xFF
[DBG] PASS: smlal #0x00005678, #0xFF ARM/ROM ...
[DBG] PASS: smlal #0x00005678, #0xFF ARM/ROM P..
[DBG] PASS: smlal #0x00005678, #0xFF ARM/ROM .N.
[DBG] PASS: smlal #0x00005678, #0xFF ARM/ROM PN.
[DBG] PASS: smlal #0x00005678, #0xFF ARM/ROM ..S
[DBG] PASS: smlal #0x00005678, #0xFF ARM/ROM P.S
[DBG] PASS: smlal #0x00005678, #0xFF ARM/ROM .NS
[DBG] PASS: smlal #0x00005678, #0xFF ARM/ROM PNS
[DBG] PASS: smlal #0x00005678, #0xFF ARM/WRAM
[DBG] PASS: smlal #0x00005678, #0xFF ARM/IWRAM
[DBG] Timing test: smlal #0x00345678, #0xFF
[DBG] PASS: smlal #0x00345678, #0xFF ARM/ROM ...
[DBG] PASS: smlal #0x00345678, #0xFF ARM/ROM P..
[DBG] PASS: smlal #0x00345678, #0xFF ARM/ROM .N.
[DBG] PASS: smlal #0x00345678, #0xFF ARM/ROM PN.
[DBG] PASS: smlal #0x00345678, #0xFF ARM/ROM ..S
[DBG] PASS: smlal #0x00345678, #0xFF ARM/ROM P.S
[DBG] PASS: smlal #0x00345678, #0xFF ARM/ROM .NS
[DBG] PASS: smlal #0x00345678, #0xFF ARM/ROM PNS
[DBG] PASS: smlal #0x00345678, #0xFF ARM/WRAM
[DBG] PASS: smlal #0x00345678, #0xFF ARM/IWRAM
[DBG] Timing test: smlal #0x12345678, #0xFF
[DBG] PASS: smlal #0x12345678, #0xFF ARM/ROM ...
[DBG] PASS: smlal #0x12345678, #0xFF ARM/ROM P..
[DBG] PASS: smlal #0x12345678, #0xFF ARM/ROM .N.
[DBG] PASS: smlal #0x12345678, #0xFF ARM/ROM PN.
[DBG] PASS: smlal #0x12345678, #0xFF ARM/ROM ..S
[DBG] PASS: smlal #0x12345678, #0xFF ARM/ROM P.S
[DBG] PASS: smlal #0x12345678, #0xFF ARM/ROM .NS
[DBG] PASS: smlal #0x12345678, #0xFF ARM/ROM PNS
[DBG] PASS: smlal #0x12345678, #0xFF ARM/WRAM
[DBG] PASS: smlal #0x12345678, #0xFF ARM/IWRAM
[DBG] Timing test: smlal #0xFF000000, #0xFF
[DBG] PASS: smlal #0xFF000000, #0xFF ARM/ROM ...
[DBG] PASS: smlal #0xFF000000, #0xFF ARM/ROM P..
[DBG] PASS: smlal #0xFF000000, #0xFF ARM/ROM .N.
[DBG] PASS: smlal #0xFF000000, #0xFF ARM/ROM PN.
[DBG] PASS: smlal #0xFF000000, #0xFF ARM/ROM ..S
[DBG] PASS: smlal #0xFF000000, #0xFF ARM/ROM P.S
[DBG] PASS: smlal #0xFF000000, #0xFF ARM/ROM .NS
[DBG] PASS: smlal #0xFF000000, #0xFF ARM/ROM PNS
[DBG] PASS: smlal #0xFF000000, #0xFF ARM/WRAM
[DBG] PASS: smlal #0xFF000000, #0xFF ARM/IWRAM
[DBG] Timing test: smlal #0xFFFF0000, #0xFF
[DBG] PASS: smlal #0xFFFF0000, #0xFF ARM/ROM ...
[DBG] PASS: smlal #0xFFFF0000, #0xFF ARM/ROM P..
[DBG] PASS: smlal #0xFFFF0000, #0xFF ARM/ROM .N.
[DBG] PASS: smlal #0xFFFF0000, #0xFF ARM/ROM PN.
[DBG] PASS: smlal #0xFFFF0000, #0xFF ARM/ROM ..S
[DBG] PASS: smlal #0xFFFF0000, #0xFF ARM/ROM P.S
[DBG] PASS: smlal #0xFFFF0000, #0xFF ARM/ROM .NS
[DBG] PASS: smlal #0xFFFF0000, #0xFF ARM/ROM PNS
[DBG] PASS: smlal #0xFFFF0000, #0xFF ARM/WRAM
[DBG] PASS: smlal #0xFFFF0000, #0xFF ARM/IWRAM
[DBG] Timing test: smlal #0xFFFFFF00, #0xFF
[DBG] PASS: smlal #0xFFFFFF00, #0xFF ARM/ROM ...
[DBG] PASS: smlal #0xFFFFFF00, #0xFF ARM/ROM P..
[DBG] PASS: smlal #0xFFFFFF00, #0xFF ARM/ROM .N.
[DBG] PASS: smlal #0xFFFFFF00, #0xFF ARM/ROM PN.
[DBG] PASS: smlal #0xFFFFFF00, #0xFF ARM/ROM ..S
[DBG] PASS: smlal #0xFFFFFF00, #0xFF ARM/ROM P.S
[DBG] PASS: smlal #0xFFFFFF00, #0xFF ARM/ROM .NS
[DBG] PASS: smlal #0xFFFFFF00, #0xFF ARM/ROM PNS
[DBG] PASS: smlal #0xFFFFFF00, #0xFF ARM/WRAM
[DBG] PASS: smlal #0xFFFFFF00, #0xFF ARM/IWRAM
[DBG] Timing test: smlal #0xFFFFFFFF, #0xFF
[DBG] PASS: smlal #0xFFFFFFFF, #0xFF ARM/ROM ...
[DBG] PASS: smlal #0xFFFFFFFF, #0xFF ARM/ROM P..
[DBG] PASS: smlal #0xFFFFFFFF, #0xFF ARM/ROM .N.
[DBG] PASS: smlal #0xFFFFFFFF, #0xFF ARM/ROM PN.
[DBG] PASS: smlal #0xFFFFFFFF, #0xFF ARM/ROM ..S
[DBG] PASS: smlal #0xFFFFFFFF, #0xFF ARM/ROM P.S
[DBG] PASS: smlal #0xFFFFFFFF, #0xFF ARM/ROM .NS
[DBG] PASS: smlal #0xFFFFFFFF, #0xFF ARM/ROM PNS
[DBG] PASS: smlal #0xFFFFFFFF, #0xFF ARM/WRAM
[DBG] PASS: smlal #0xFFFFFFFF, #0xFF ARM/IWRAM
[DBG] Timing test: smlal #0xFFFFFFFF, #0x00
[DBG] PASS: smlal #0xFFFFFFFF, #0x00 ARM/ROM ...
[DBG] PASS: smlal #0xFFFFFFFF, #0x00 ARM/ROM P..
[DBG] PASS: smlal #0xFFFFFFFF, #0x00 ARM/ROM .N.
[DBG] PASS: smlal #0xFFFFFFFF, #0x00 ARM/ROM PN.
[DBG] PASS: smlal #0xFFFFFFFF, #0x00 ARM/ROM ..S
[DBG] PASS: smlal #0xFFFFFFFF, #0x00 ARM/ROM P.S
[DBG] PASS: smlal #0xFFFFFFFF, #0x00 ARM/ROM .NS
[DBG] PASS: smlal #0xFFFFFFFF, #0x00 ARM/ROM PNS
[DBG] PASS: smlal #0xFFFFFFFF, #0x00 ARM/WRAM
[DBG] PASS: smlal #0xFFFFFFFF, #0x00 ARM/IWRAM
[DBG] Timing test: umull #0x00000000, #0xFF
[DBG] PASS: umull #0x00000000, #0xFF ARM/ROM ...
[DBG] PASS: umull #0x00000000, #0xFF ARM/ROM P..
[DBG] PASS: umull #0x00000000, #0xFF ARM/ROM .N.
[DBG] PASS: umull #0x00000000, #0xFF ARM/ROM PN.
[DBG] PASS: umull #0x00000000, #0xFF ARM/ROM ..S
[DBG] PASS: umull #0x00000000, #0xFF ARM/ROM P.S
[DBG] PASS: umull #0x00000000, #0xFF ARM/ROM .NS
[DBG] PASS: umull #0x00000000, #0xFF ARM/ROM PNS
[DBG] PASS: umull #0x00000000, #0xFF ARM/WRAM
[DBG] PASS: umull #0x00000000, #0xFF ARM/IWRAM
[DBG] Timing test: umull #0x00000078, #0xFF
[DBG] PASS: umull #0x00000078, #0xFF ARM/ROM ...
[DBG] PASS: umull #0x00000078, #0xFF ARM/ROM P..
[DBG] PASS: umull #0x00000078, #0xFF ARM/ROM .N.
[DBG] PASS: umull #0x00000078, #0xFF ARM/ROM PN.
[DBG] PASS: umull #0x00000078, #0xFF ARM/ROM ..S
[DBG] PASS: umull #0x00000078, #0xFF ARM/ROM P.S
[DBG] PASS: umull #0x00000078, #0xFF ARM/ROM .NS
[DBG] PASS: umull #0x00000078, #0xFF ARM/ROM PNS
[DBG] PASS: umull #0x00000078, #0xFF ARM/WRAM
[DBG] PASS: umull #0x00000078, #0xFF ARM/IWRAM
[DBG] Timing test: umull #0x00005678, #0xFF
[DBG] PASS: umull #0x00005678, #0xFF ARM/ROM ...
[DBG] PASS: umull #0x00005678, #0xFF ARM/ROM P..
[DBG] PASS: umull #0x00005678, #0xFF ARM/ROM .N.
[DBG] PASS: umull #0x00005678, #0xFF ARM/ROM PN.
[DBG] PASS: umull #0x00005678, #0xFF ARM/ROM ..S
[DBG] PASS: umull #0x00005678, #0xFF ARM/ROM P.S
[DBG] PASS: umull #0x00005678, #0xFF ARM/ROM .NS
[DBG] PASS: umull #0x00005678, #0xFF ARM/ROM PNS
[DBG] PASS: umull #0x00005678, #0xFF ARM/WRAM
[DBG] PASS: umull #0x00005678, #0xFF ARM/IWRAM
[DBG] Timing test: umull #0x00345678, #0xFF
[DBG] PASS: umull #0x00345678, #0xFF ARM/ROM ...
[DBG] PASS: umull #0x00345678, #0xFF ARM/ROM P..
[DBG] PASS: umull #0x00345678, #0xFF ARM/ROM .N.
[DBG] PASS: umull #0x00345678, #0xFF ARM/ROM PN.
[DBG] PASS: umull #0x00345678, #0xFF ARM/ROM ..S
[DBG] PASS: umull #0x00345678, #0xFF ARM/ROM P.S
[DBG] PASS: umull #0x00345678, #0xFF ARM/ROM .NS
[DBG] PASS: umull #0x00345678, #0xFF ARM/ROM PNS
[DBG] PASS: umull #0x00345678, #0xFF ARM/WRAM
[DBG] PASS: umull #0x00345678, #0xFF ARM/IWRAM
[DBG] Timing test: umull #0x12345678, #0xFF
[DBG] PASS: umull #0x12345678, #0xFF ARM/ROM ...
[DBG] PASS: umull #0x12345678, #0xFF ARM/ROM P..
[DBG] PASS: umull #0x12345678, #0xFF ARM/ROM .N.
[DBG] PASS: umull #0x12345678, #0xFF ARM/ROM PN.
[DBG] PASS: umull #0x12345678, #0xFF ARM/ROM ..S
[DBG] PASS: umull #0x12345678, #0xFF ARM/ROM P.S
[DBG] PASS: umull #0x12345678, #0xFF ARM/ROM .NS
[DBG] PASS: umull #0x12345678, #0xFF ARM/ROM PNS
[DBG] PASS: umull #0x12345678, #0xFF ARM/WRAM
[DBG] PASS: umull #0x12345678, #0xFF ARM/IWRAM
[DBG] Timing test: umull #0xFF000000, #0xFF
[DBG] PASS: umull #0xFF000000, #0xFF ARM/ROM ...
[DBG] PASS: umull #0xFF000000, #0xFF ARM/ROM P..
[DBG] PASS: umull #0xFF000000, #0xFF ARM/ROM .N.
[DBG] PASS: umull #0xFF000000, #0xFF ARM/ROM PN.
[DBG] PASS: umull #0xFF000000, #0xFF ARM/ROM ..S
[DBG] PASS: umull #0xFF000000, #0xFF ARM/ROM P.S
[DBG] PASS: umull #0xFF000000, #0xFF ARM/ROM .NS
[DBG] PASS: umull #0xFF000000, #0xFF ARM/ROM PNS
[DBG] PASS: umull #0xFF000000, #0xFF ARM/WRAM
[DBG] PASS: umull #0xFF000000, #0xFF ARM/IWRAM
[DBG] Timing test: umull #0xFFFF0000, #0xFF
[DBG] PASS: umull #0xFFFF0000, #0xFF ARM/ROM ...
[DBG] PASS: umull #0xFFFF0000, #0xFF ARM/ROM P..
[DBG] PASS: umull #0xFFFF0000, #0xFF ARM/ROM .N.
[DBG] PASS: umull #0xFFFF0000, #0xFF ARM/ROM PN.
[DBG] PASS: umull #0xFFFF0000, #0xFF ARM/ROM ..S
[DBG] PASS: umull #0xFFFF0000, #0xFF ARM/ROM P.S
[DBG] PASS: umull #0xFFFF0000, #0xFF ARM/ROM .NS
[DBG] PASS: umull #0xFFFF0000, #0xFF ARM/ROM PNS
[DBG] PASS: umull #0xFFFF0000, #0xFF ARM/WRAM
[DBG] PASS: umull #0xFFFF0000, #0xFF ARM/IWRAM
[DBG] Timing test: umull #0xFFFFFF00, #0xFF
[DBG] PASS: umull #0xFFFFFF00, #0xFF ARM/ROM ...
[DBG] PASS: umull #0xFFFFFF00, #0xFF ARM/ROM P..
[DBG] PASS: umull #0xFFFFFF00, #0xFF ARM/ROM .N.
[DBG] PASS: umull #0xFFFFFF00, #0xFF ARM/ROM PN.
[DBG] PASS: umull #0xFFFFFF00, #0xFF ARM/ROM ..S
[DBG] PASS: umull #0xFFFFFF00, #0xFF ARM/ROM P.S
[DBG] PASS: umull #0xFFFFFF00, #0xFF ARM/ROM .NS
[DBG] PASS: umull #0xFFFFFF00, #0xFF ARM/ROM PNS
[DBG] PASS: umull #0xFFFFFF00, #0xFF ARM/WRAM
[DBG] PASS: umull #0xFFFFFF00, #0xFF ARM/IWRAM
[DBG] Timing test: umull #0xFFFFFFFF, #0xFF
[DBG] PASS: umull #0xFFFFFFFF, #0xFF ARM/ROM ...
[DBG] PASS: umull #0xFFFFFFFF, #0xFF ARM/ROM P..
[DBG] PASS: umull #0xFFFFFFFF, #0xFF ARM/ROM .N.
[DBG] PASS: umull #0xFFFFFFFF, #0xFF ARM/ROM PN.
[DBG] PASS: umull #0xFFFFFFFF, #0xFF ARM/ROM ..S
[DBG] PASS: umull #0xFFFFFFFF, #0xFF ARM/ROM P.S
[DBG] PASS: umull #0xFFFFFFFF, #0xFF ARM/ROM .NS
[DBG] PASS: umull #0xFFFFFFFF, #0xFF ARM/ROM PNS
[DBG] PASS: umull #0xFFFFFFFF, #0xFF ARM/WRAM
[DBG] PASS: umull #0xFFFFFFFF, #0xFF ARM/IWRAM
[DBG] Timing test: umull #0xFFFFFFFF, #0x00
[DBG] PASS: umull #0xFFFFFFFF, #0x00 ARM/ROM ...
[DBG] PASS: umull #0xFFFFFFFF, #0x00 ARM/ROM P..
[DBG] PASS: umull #0xFFFFFFFF, #0x00 ARM/ROM .N.
[DBG] PASS: umull #0xFFFFFFFF, #0x00 ARM/ROM PN.
[DBG] PASS: umull #0xFFFFFFFF, #0x00 ARM/ROM ..S
[DBG] PASS: umull #0xFFFFFFFF, #0x00 ARM/ROM P.S
[DBG] PASS: umull #0xFFFFFFFF, #0x00 ARM/ROM .NS
[DBG] PASS: umull #0xFFFFFFFF, #0x00 ARM/ROM PNS
[DBG] PASS: umull #0xFFFFFFFF, #0x00 ARM/WRAM
[DBG] PASS: umull #0xFFFFFFFF, #0x00 ARM/IWRAM
[DBG] Timing test: umlal #0x00000000, #0xFF
[DBG] PASS: umlal #0x00000000, #0xFF ARM/ROM ...
[DBG] PASS: umlal #0x00000000, #0xFF ARM/ROM P..
[DBG] PASS: umlal #0x00000000, #0xFF ARM/ROM .N.
[DBG] PASS: umlal #0x00000000, #0xFF ARM/ROM PN.
[DBG] PASS: umlal #0x00000000, #0xFF ARM/ROM ..S
[DBG] PASS: umlal #0x00000000, #0xFF ARM/ROM P.S
[DBG] PASS: umlal #0x00000000, #0xFF ARM/ROM .NS
[DBG] PASS: umlal #0x00000000, #0xFF ARM/ROM PNS
[DBG] PASS: umlal #0x00000000, #0xFF ARM/WRAM
[DBG] PASS: umlal #0x00000000, #0xFF ARM/IWRAM
[DBG] Timing test: umlal #0x00000078, #0xFF
[DBG] PASS: umlal #0x00000078, #0xFF ARM/ROM ...
[DBG] PASS: umlal #0x00000078, #0xFF ARM/ROM P..
[DBG] PASS: umlal #0x00000078, #0xFF ARM/ROM .N.
[DBG] PASS: umlal #0x00000078, #0xFF ARM/ROM PN.
[DBG] PASS: umlal #0x00000078, #0xFF ARM/ROM ..S
[DBG] PASS: umlal #0x00000078, #0xFF ARM/ROM P.S
[DBG] PASS: umlal #0x00000078, #0xFF ARM/ROM .NS
[DBG] PASS: umlal #0x00000078, #0xFF ARM/ROM PNS
[DBG] PASS: umlal #0x00000078, #0xFF ARM/WRAM
[DBG] PASS: umlal #0x00000078, #0xFF ARM/IWRAM
[DBG] Timing test: umlal #0x00005678, #0xFF
[DBG] PASS: umlal #0x00005678, #0xFF ARM/ROM ...
[DBG] PASS: umlal #0x00005678, #0xFF ARM/ROM P..
[DBG] PASS: umlal #0x00005678, #0xFF ARM/ROM .N.
[DBG] PASS: umlal #0x00005678, #0xFF ARM/ROM PN.
[DBG] PASS: umlal #0x00005678, #0xFF ARM/ROM ..S
[DBG] PASS: umlal #0x00005678, #0xFF ARM/ROM P.S
[DBG] PASS: umlal #0x00005678, #0xFF ARM/ROM .NS
[DBG] PASS: umlal #0x00005678, #0xFF ARM/ROM PNSBPCWRITE sub=-1 addr=03007A64 value=50344704 cycle=149072166
BPCWRITE sub=-1 addr=03007A68 value=134506232 cycle=149072167
BPCWRITE sub=-1 addr=03007A6C value=134539964 cycle=149072168
BPCWRITE sub=-1 addr=03007A70 value=104 cycle=149072169
BPCWRITE sub=-1 addr=03007A74 value=134258799 cycle=149072170
BPCWRITE sub=0 addr=03003300 value=7 cycle=149072367
BPCWRITE sub=1 addr=03003304 value=4 cycle=149072546
BPCWRITE sub=2 addr=03003308 value=6 cycle=149072720
BPCWRITE sub=3 addr=0300330C value=4 cycle=149072882
BPCWRITE sub=4 addr=03003310 value=6 cycle=149073048
BPCWRITE sub=5 addr=03003314 value=2 cycle=149073202
BPCWRITE sub=6 addr=03003318 value=5 cycle=149073353
BPCWRITE sub=7 addr=0300331C value=2 cycle=149073490
BPCWRITE sub=8 addr=03003324 value=0 cycle=149073613
BPCWRITE sub=9 addr=03003320 value=5 cycle=149073798
BPCWRITE sub=10 addr=03003328 value=4 cycle=149073984
BPCWRITE sub=11 addr=0300332C value=1 cycle=149074153
BPCWRITE sub=12 addr=03003330 value=3 cycle=149074314
BPCWRITE sub=13 addr=03003334 value=1 cycle=149074464
BPCWRITE sub=14 addr=03003338 value=4 cycle=149074626
BPCWRITE sub=15 addr=0300333C value=0 cycle=149074775
BPCWRITE sub=16 addr=03003340 value=3 cycle=149074920
BPCWRITE sub=17 addr=03003344 value=0 cycle=149075050
BPCWRITE sub=18 addr=0300334C value=0 cycle=149075174
BPCWRITE sub=19 addr=03003348 value=2 cycle=149075344
BPCWRITE sub=-1 addr=03007A64 value=50344704 cycle=149075462
BPCWRITE sub=-1 addr=03007A68 value=134506232 cycle=149075463
BPCWRITE sub=-1 addr=03007A6C value=134539964 cycle=149075464
BPCWRITE sub=-1 addr=03007A70 value=104 cycle=149075465
BPCWRITE sub=-1 addr=03007A74 value=134258813 cycle=149075466
BPCWRITE sub=0 addr=03007AB8 value=33 cycle=149075689
BPCWRITE sub=1 addr=03007ABC value=30 cycle=149075894
BPCWRITE sub=2 addr=03007AC0 value=31 cycle=149076093
BPCWRITE sub=3 addr=03007AC4 value=29 cycle=149076280
BPCWRITE sub=4 addr=03007AC8 value=25 cycle=149076465
BPCWRITE sub=5 addr=03007ACC value=21 cycle=149076638
BPCWRITE sub=6 addr=03007AD0 value=23 cycle=149076807
BPCWRITE sub=7 addr=03007AD4 value=20 cycle=149076962
BPCWRITE sub=8 addr=03007ADC value=4 cycle=149077089
BPCWRITE sub=9 addr=03007AD8 value=29 cycle=149077298
BPCWRITE sub=10 addr=03007AE0 value=18 cycle=149077498
BPCWRITE sub=11 addr=03007AE4 value=15 cycle=149077681
BPCWRITE sub=12 addr=03007AE8 value=16 cycle=149077855
BPCWRITE sub=13 addr=03007AEC value=14 cycle=149078018
BPCWRITE sub=14 addr=03007AF0 value=15 cycle=149078191
BPCWRITE sub=15 addr=03007AF4 value=11 cycle=149078351
BPCWRITE sub=16 addr=03007AF8 value=13 cycle=149078506
BPCWRITE sub=17 addr=03007AFC value=10 cycle=149078646
BPCWRITE sub=18 addr=03007B04 value=4 cycle=149078774
BPCWRITE sub=19 addr=03007B00 value=14 cycle=149078956

[DBG] PASS: umlal #0x00005678, #0xFF ARM/WRAM
[DBG] PASS: umlal #0x00005678, #0xFF ARM/IWRAM
[DBG] Timing test: umlal #0x00345678, #0xFF
[DBG] PASS: umlal #0x00345678, #0xFF ARM/ROM ...
[DBG] PASS: umlal #0x00345678, #0xFF ARM/ROM P..
[DBG] PASS: umlal #0x00345678, #0xFF ARM/ROM .N.
[DBG] PASS: umlal #0x00345678, #0xFF ARM/ROM PN.
[DBG] PASS: umlal #0x00345678, #0xFF ARM/ROM ..S
[DBG] PASS: umlal #0x00345678, #0xFF ARM/ROM P.S
[DBG] PASS: umlal #0x00345678, #0xFF ARM/ROM .NS
[DBG] PASS: umlal #0x00345678, #0xFF ARM/ROM PNS
[DBG] PASS: umlal #0x00345678, #0xFF ARM/WRAM
[DBG] PASS: umlal #0x00345678, #0xFF ARM/IWRAM
[DBG] Timing test: umlal #0x12345678, #0xFF
[DBG] PASS: umlal #0x12345678, #0xFF ARM/ROM ...
[DBG] PASS: umlal #0x12345678, #0xFF ARM/ROM P..
[DBG] PASS: umlal #0x12345678, #0xFF ARM/ROM .N.
[DBG] PASS: umlal #0x12345678, #0xFF ARM/ROM PN.
[DBG] PASS: umlal #0x12345678, #0xFF ARM/ROM ..S
[DBG] PASS: umlal #0x12345678, #0xFF ARM/ROM P.S
[DBG] PASS: umlal #0x12345678, #0xFF ARM/ROM .NS
[DBG] PASS: umlal #0x12345678, #0xFF ARM/ROM PNS
[DBG] PASS: umlal #0x12345678, #0xFF ARM/WRAM
[DBG] PASS: umlal #0x12345678, #0xFF ARM/IWRAM
[DBG] Timing test: umlal #0xFF000000, #0xFF
[DBG] PASS: umlal #0xFF000000, #0xFF ARM/ROM ...
[DBG] PASS: umlal #0xFF000000, #0xFF ARM/ROM P..
[DBG] PASS: umlal #0xFF000000, #0xFF ARM/ROM .N.
[DBG] PASS: umlal #0xFF000000, #0xFF ARM/ROM PN.
[DBG] PASS: umlal #0xFF000000, #0xFF ARM/ROM ..S
[DBG] PASS: umlal #0xFF000000, #0xFF ARM/ROM P.S
[DBG] PASS: umlal #0xFF000000, #0xFF ARM/ROM .NS
[DBG] PASS: umlal #0xFF000000, #0xFF ARM/ROM PNS
[DBG] PASS: umlal #0xFF000000, #0xFF ARM/WRAM
[DBG] PASS: umlal #0xFF000000, #0xFF ARM/IWRAM
[DBG] Timing test: umlal #0xFFFF0000, #0xFF
[DBG] PASS: umlal #0xFFFF0000, #0xFF ARM/ROM ...
[DBG] PASS: umlal #0xFFFF0000, #0xFF ARM/ROM P..
[DBG] PASS: umlal #0xFFFF0000, #0xFF ARM/ROM .N.
[DBG] PASS: umlal #0xFFFF0000, #0xFF ARM/ROM PN.
[DBG] PASS: umlal #0xFFFF0000, #0xFF ARM/ROM ..S
[DBG] PASS: umlal #0xFFFF0000, #0xFF ARM/ROM P.S
[DBG] PASS: umlal #0xFFFF0000, #0xFF ARM/ROM .NS
[DBG] PASS: umlal #0xFFFF0000, #0xFF ARM/ROM PNS
[DBG] PASS: umlal #0xFFFF0000, #0xFF ARM/WRAM
[DBG] PASS: umlal #0xFFFF0000, #0xFF ARM/IWRAM
[DBG] Timing test: umlal #0xFFFFFF00, #0xFF
[DBG] PASS: umlal #0xFFFFFF00, #0xFF ARM/ROM ...
[DBG] PASS: umlal #0xFFFFFF00, #0xFF ARM/ROM P..
[DBG] PASS: umlal #0xFFFFFF00, #0xFF ARM/ROM .N.
[DBG] PASS: umlal #0xFFFFFF00, #0xFF ARM/ROM PN.
[DBG] PASS: umlal #0xFFFFFF00, #0xFF ARM/ROM ..S
[DBG] PASS: umlal #0xFFFFFF00, #0xFF ARM/ROM P.S
[DBG] PASS: umlal #0xFFFFFF00, #0xFF ARM/ROM .NS
[DBG] PASS: umlal #0xFFFFFF00, #0xFF ARM/ROM PNS
[DBG] PASS: umlal #0xFFFFFF00, #0xFF ARM/WRAM
[DBG] PASS: umlal #0xFFFFFF00, #0xFF ARM/IWRAM
[DBG] Timing test: umlal #0xFFFFFFFF, #0xFF
[DBG] PASS: umlal #0xFFFFFFFF, #0xFF ARM/ROM ...
[DBG] PASS: umlal #0xFFFFFFFF, #0xFF ARM/ROM P..
[DBG] PASS: umlal #0xFFFFFFFF, #0xFF ARM/ROM .N.
[DBG] PASS: umlal #0xFFFFFFFF, #0xFF ARM/ROM PN.
[DBG] PASS: umlal #0xFFFFFFFF, #0xFF ARM/ROM ..S
[DBG] PASS: umlal #0xFFFFFFFF, #0xFF ARM/ROM P.S
[DBG] PASS: umlal #0xFFFFFFFF, #0xFF ARM/ROM .NS
[DBG] PASS: umlal #0xFFFFFFFF, #0xFF ARM/ROM PNS
[DBG] PASS: umlal #0xFFFFFFFF, #0xFF ARM/WRAM
[DBG] PASS: umlal #0xFFFFFFFF, #0xFF ARM/IWRAM
[DBG] Timing test: umlal #0xFFFFFFFF, #0x00
[DBG] PASS: umlal #0xFFFFFFFF, #0x00 ARM/ROM ...
[DBG] PASS: umlal #0xFFFFFFFF, #0x00 ARM/ROM P..
[DBG] PASS: umlal #0xFFFFFFFF, #0x00 ARM/ROM .N.
[DBG] PASS: umlal #0xFFFFFFFF, #0x00 ARM/ROM PN.
[DBG] PASS: umlal #0xFFFFFFFF, #0x00 ARM/ROM ..S
[DBG] PASS: umlal #0xFFFFFFFF, #0x00 ARM/ROM P.S
[DBG] PASS: umlal #0xFFFFFFFF, #0x00 ARM/ROM .NS
[DBG] PASS: umlal #0xFFFFFFFF, #0x00 ARM/ROM PNS
[DBG] PASS: umlal #0xFFFFFFFF, #0x00 ARM/WRAM
[DBG] PASS: umlal #0xFFFFFFFF, #0x00 ARM/IWRAM
[DBG] Timing test: b pc
[DBG] PASS: b pc ARM/ROM ...
[DBG] PASS: b pc ARM/ROM P..
[DBG] PASS: b pc ARM/ROM .N.
[DBG] PASS: b pc ARM/ROM PN.
[DBG] PASS: b pc ARM/ROM ..S
[DBG] PASS: b pc ARM/ROM P.S
[DBG] PASS: b pc ARM/ROM .NS
[DBG] PASS: b pc ARM/ROM PNS
[DBG] PASS: b pc ARM/WRAM
[DBG] PASS: b pc ARM/IWRAM
[DBG] PASS: b pc Thumb/ROM ...
[DBG] PASS: b pc Thumb/ROM P..
[DBG] PASS: b pc Thumb/ROM .N.
[DBG] PASS: b pc Thumb/ROM PN.
[DBG] PASS: b pc Thumb/ROM ..S
[DBG] PASS: b pc Thumb/ROM P.S
[DBG] PASS: b pc Thumb/ROM .NS
[DBG] PASS: b pc Thumb/ROM PNS
[DBG] PASS: b pc Thumb/WRAM
[DBG] PASS: b pc Thumb/IWRAM
[DBG] Timing test: nop ; b pc
[DBG] PASS: nop ; b pc ARM/ROM ...
[DBG] PASS: nop ; b pc ARM/ROM P..
[DBG] PASS: nop ; b pc ARM/ROM .N.
[DBG] PASS: nop ; b pc ARM/ROM PN.
[DBG] PASS: nop ; b pc ARM/ROM ..S
[DBG] PASS: nop ; b pc ARM/ROM P.S
[DBG] PASS: nop ; b pc ARM/ROM .NS
[DBG] PASS: nop ; b pc ARM/ROM PNS
[DBG] PASS: nop ; b pc ARM/WRAM
[DBG] PASS: nop ; b pc ARM/IWRAM
[DBG] PASS: nop ; b pc Thumb/ROM ...
[DBG] PASS: nop ; b pc Thumb/ROM P..
[DBG] PASS: nop ; b pc Thumb/ROM .N.
[DBG] PASS: nop ; b pc Thumb/ROM PN.
[DBG] PASS: nop ; b pc Thumb/ROM ..S
[DBG] PASS: nop ; b pc Thumb/ROM P.S
[DBG] PASS: nop ; b pc Thumb/ROM .NS
[DBG] PASS: nop ; b pc Thumb/ROM PNS
[DBG] PASS: nop ; b pc Thumb/WRAM
[DBG] PASS: nop ; b pc Thumb/IWRAM
[DBG] Timing test: bx
[DBG] FAIL: bx ARM/ROM ...

--- Suite 03: Timing ---
Frames: 236  PC=0x0802BAC6  CPSR=0x0000003F  halted=0  cycle=175757120
[debug]
Game Boy Advance Test Suite
===
BEGIN: Timing tests
Timing test: Calibration
PASS: Calibration ARM/ROM ...
PASS: Calibration ARM/ROM P..
PASS: Calibration ARM/ROM .N.
PASS: Calibration ARM/ROM PN.
PASS: Calibration ARM/ROM ..S
PASS: Calibration ARM/ROM P.S
PASS: Calibration ARM/ROM .NS
PASS: Calibration ARM/ROM PNS
PASS: Calibration ARM/WRAM
PASS: Calibration ARM/IWRAM
PASS: Calibration Thumb/ROM ...
PASS: Calibration Thumb/ROM P..
PASS: Calibration Thumb/ROM .N.
PASS: Calibration Thumb/ROM PN.
PASS: Calibration Thumb/ROM ..S
PASS: Calibration Thumb/ROM P.S
PASS: Calibration Thumb/ROM .NS
PASS: Calibration Thumb/ROM PNS
PASS: Calibration Thumb/WRAM
PASS: Calibration Thumb/IWRAM
Timing test: nop
PASS: nop ARM/ROM ...
PASS: nop ARM/ROM P..
PASS: nop ARM/ROM .N.
PASS: nop ARM/ROM PN.
PASS: nop ARM/ROM ..S
PASS: nop ARM/ROM P.S
PASS: nop ARM/ROM .NS
PASS: nop ARM/ROM PNS
PASS: nop ARM/WRAM
PASS: nop ARM/IWRAM
PASS: nop Thumb/ROM ...
PASS: nop Thumb/ROM P..
PASS: nop Thumb/ROM .N.
PASS: nop Thumb/ROM PN.
PASS: nop Thumb/ROM ..S
PASS: nop Thumb/ROM P.S
PASS: nop Thumb/ROM .NS
PASS: nop Thumb/ROM PNS
PASS: nop Thumb/WRAM
PASS: nop Thumb/IWRAM
Timing test: nop / nop
PASS: nop / nop ARM/ROM ...
PASS: nop / nop ARM/ROM P..
PASS: nop / nop ARM/ROM .N.
PASS: nop / nop ARM/ROM PN.
PASS: nop / nop ARM/ROM ..S
PASS: nop / nop ARM/ROM P.S
PASS: nop / nop ARM/ROM .NS
PASS: nop / nop ARM/ROM PNS
PASS: nop / nop ARM/WRAM
PASS: nop / nop ARM/IWRAM
PASS: nop / nop Thumb/ROM ...
PASS: nop / nop Thumb/ROM P..
PASS: nop / nop Thumb/ROM .N.
PASS: nop / nop Thumb/ROM PN.
PASS: nop / nop Thumb/ROM ..S
PASS: nop / nop Thumb/ROM P.S
PASS: nop / nop Thumb/ROM .NS
PASS: nop / nop Thumb/ROM PNS
PASS: nop / nop Thumb/WRAM
PASS: nop / nop Thumb/IWRAM
Timing test: ldrh r2, [sp]
PASS: ldrh r2, [sp] ARM/ROM ...
PASS: ldrh r2, [sp] ARM/ROM P..
PASS: ldrh r2, [sp] ARM/ROM .N.
PASS: ldrh r2, [sp] ARM/ROM PN.
PASS: ldrh r2, [sp] ARM/ROM ..S
PASS: ldrh r2, [sp] ARM/ROM P.S
PASS: ldrh r2, [sp] ARM/ROM .NS
PASS: ldrh r2, [sp] ARM/ROM PNS
PASS: ldrh r2, [sp] ARM/WRAM
PASS: ldrh r2, [sp] ARM/IWRAM
PASS: ldrh r2, [sp] Thumb/ROM ...
PASS: ldrh r2, [sp] Thumb/ROM P..
PASS: ldrh r2, [sp] Thumb/ROM .N.
PASS: ldrh r2, [sp] Thumb/ROM PN.
PASS: ldrh r2, [sp] Thumb/ROM ..S
PASS: ldrh r2, [sp] Thumb/ROM P.S
PASS: ldrh r2, [sp] Thumb/ROM .NS
PASS: ldrh r2, [sp] Thumb/ROM PNS
PASS: ldrh r2, [sp] Thumb/WRAM
PASS: ldrh r2, [sp] Thumb/IWRAM
Timing test: ldrh r2, [sp] / nop
PASS: ldrh r2, [sp] / nop ARM/ROM ...
PASS: ldrh r2, [sp] / nop ARM/ROM P..
PASS: ldrh r2, [sp] / nop ARM/ROM .N.
PASS: ldrh r2, [sp] / nop ARM/ROM PN.
PASS: ldrh r2, [sp] / nop ARM/ROM ..S
PASS: ldrh r2, [sp] / nop ARM/ROM P.S
PASS: ldrh r2, [sp] / nop ARM/ROM .NS
PASS: ldrh r2, [sp] / nop ARM/ROM PNS
PASS: ldrh r2, [sp] / nop ARM/WRAM
PASS: ldrh r2, [sp] / nop ARM/IWRAM
PASS: ldrh r2, [sp] / nop Thumb/ROM ...
PASS: ldrh r2, [sp] / nop Thumb/ROM P..
PASS: ldrh r2, [sp] / nop Thumb/ROM .N.
PASS: ldrh r2, [sp] / nop Thumb/ROM PN.
PASS: ldrh r2, [sp] / nop Thumb/ROM ..S
PASS: ldrh r2, [sp] / nop Thumb/ROM P.S
PASS: ldrh r2, [sp] / nop Thumb/ROM .NS
PASS: ldrh r2, [sp] / nop Thumb/ROM PNS
PASS: ldrh r2, [sp] / nop Thumb/WRAM
PASS: ldrh r2, [sp] / nop Thumb/IWRAM
Timing test: nop / ldrh r2, [sp]
PASS: nop / ldrh r2, [sp] ARM/ROM ...
PASS: nop / ldrh r2, [sp] ARM/ROM P..
PASS: nop / ldrh r2, [sp] ARM/ROM .N.
PASS: nop / ldrh r2, [sp] ARM/ROM PN.
PASS: nop / ldrh r2, [sp] ARM/ROM ..S
PASS: nop / ldrh r2, [sp] ARM/ROM P.S
PASS: nop / ldrh r2, [sp] ARM/ROM .NS
PASS: nop / ldrh r2, [sp] ARM/ROM PNS
PASS: nop / ldrh r2, [sp] ARM/WRAM
PASS: nop / ldrh r2, [sp] ARM/IWRAM
PASS: nop / ldrh r2, [sp] Thumb/ROM ...
PASS: nop / ldrh r2, [sp] Thumb/ROM P..
PASS: nop / ldrh r2, [sp] Thumb/ROM .N.
PASS: nop / ldrh r2, [sp] Thumb/ROM PN.
PASS: nop / ldrh r2, [sp] Thumb/ROM ..S
PASS: nop / ldrh r2, [sp] Thumb/ROM P.S
PASS: nop / ldrh r2, [sp] Thumb/ROM .NS
PASS: nop / ldrh r2, [sp] Thumb/ROM PNS
PASS: nop / ldrh r2, [sp] Thumb/WRAM
PASS: nop / ldrh r2, [sp] Thumb/IWRAM
Timing test: nop / ldrh r2, [sp] / nop
PASS: nop / ldrh r2, [sp] / nop ARM/ROM ...
PASS: nop / ldrh r2, [sp] / nop ARM/ROM P..
PASS: nop / ldrh r2, [sp] / nop ARM/ROM .N.
PASS: nop / ldrh r2, [sp] / nop ARM/ROM PN.
PASS: nop / ldrh r2, [sp] / nop ARM/ROM ..S
PASS: nop / ldrh r2, [sp] / nop ARM/ROM P.S
PASS: nop / ldrh r2, [sp] / nop ARM/ROM .NS
PASS: nop / ldrh r2, [sp] / nop ARM/ROM PNS
PASS: nop / ldrh r2, [sp] / nop ARM/WRAM
PASS: nop / ldrh r2, [sp] / nop ARM/IWRAM
PASS: nop / ldrh r2, [sp] / nop Thumb/ROM ...
PASS: nop / ldrh r2, [sp] / nop Thumb/ROM P..
PASS: nop / ldrh r2, [sp] / nop Thumb/ROM .N.
PASS: nop / ldrh r2, [sp] / nop Thumb/ROM PN.
PASS: nop / ldrh r2, [sp] / nop Thumb/ROM ..S
PASS: nop / ldrh r2, [sp] / nop Thumb/ROM P.S
PASS: nop / ldrh r2, [sp] / nop Thumb/ROM .NS
PASS: nop / ldrh r2, [sp] / nop Thumb/ROM PNS
PASS: nop / ldrh r2, [sp] / nop Thumb/WRAM
PASS: nop / ldrh r2, [sp] / nop Thumb/IWRAM
Timing test: ldrh r2, [#0x08000000]
PASS: ldrh r2, [#0x08000000] ARM/ROM ...
PASS: ldrh r2, [#0x08000000] ARM/ROM P..
PASS: ldrh r2, [#0x08000000] ARM/ROM .N.
PASS: ldrh r2, [#0x08000000] ARM/ROM PN.
PASS: ldrh r2, [#0x08000000] ARM/ROM ..S
PASS: ldrh r2, [#0x08000000] ARM/ROM P.S
PASS: ldrh r2, [#0x08000000] ARM/ROM .NS
PASS: ldrh r2, [#0x08000000] ARM/ROM PNS
PASS: ldrh r2, [#0x08000000] ARM/WRAM
PASS: ldrh r2, [#0x08000000] ARM/IWRAM
PASS: ldrh r2, [#0x08000000] Thumb/ROM ...
PASS: ldrh r2, [#0x08000000] Thumb/ROM P..
PASS: ldrh r2, [#0x08000000] Thumb/ROM .N.
PASS: ldrh r2, [#0x08000000] Thumb/ROM PN.
PASS: ldrh r2, [#0x08000000] Thumb/ROM ..S
PASS: ldrh r2, [#0x08000000] Thumb/ROM P.S
PASS: ldrh r2, [#0x08000000] Thumb/ROM .NS
PASS: ldrh r2, [#0x08000000] Thumb/ROM PNS
PASS: ldrh r2, [#0x08000000] Thumb/WRAM
PASS: ldrh r2, [#0x08000000] Thumb/IWRAM
Timing test: ldrh r2, [#0x08000000] / nop
PASS: ldrh r2, [#0x08000000] / nop ARM/ROM ...
PASS: ldrh r2, [#0x08000000] / nop ARM/ROM P..
PASS: ldrh r2, [#0x08000000] / nop ARM/ROM .N.
PASS: ldrh r2, [#0x08000000] / nop ARM/ROM PN.
PASS: ldrh r2, [#0x08000000] / nop ARM/ROM ..S
PASS: ldrh r2, [#0x08000000] / nop ARM/ROM P.S
PASS: ldrh r2, [#0x08000000] / nop ARM/ROM .NS
PASS: ldrh r2, [#0x08000000] / nop ARM/ROM PNS
PASS: ldrh r2, [#0x08000000] / nop ARM/WRAM
PASS: ldrh r2, [#0x08000000] / nop ARM/IWRAM
PASS: ldrh r2, [#0x08000000] / nop Thumb/ROM ...
PASS: ldrh r2, [#0x08000000] / nop Thumb/ROM P..
PASS: ldrh r2, [#0x08000000] / nop Thumb/ROM .N.
PASS: ldrh r2, [#0x08000000] / nop Thumb/ROM PN.
PASS: ldrh r2, [#0x08000000] / nop Thumb/ROM ..S
PASS: ldrh r2, [#0x08000000] / nop Thumb/ROM P.S
PASS: ldrh r2, [#0x08000000] / nop Thumb/ROM .NS
PASS: ldrh r2, [#0x08000000] / nop Thumb/ROM PNS
PASS: ldrh r2, [#0x08000000] / nop Thumb/WRAM
PASS: ldrh r2, [#0x08000000] / nop Thumb/IWRAM
Timing test: nop / ldrh r2, [#0x08000000]
PASS: nop / ldrh r2, [#0x08000000] ARM/ROM ...
PASS: nop / ldrh r2, [#0x08000000] ARM/ROM P..
PASS: nop / ldrh r2, [#0x08000000] ARM/ROM .N.
PASS: nop / ldrh r2, [#0x08000000] ARM/ROM PN.
PASS: nop / ldrh r2, [#0x08000000] ARM/ROM ..S
PASS: nop / ldrh r2, [#0x08000000] ARM/ROM P.S
PASS: nop / ldrh r2, [#0x08000000] ARM/ROM .NS
PASS: nop / ldrh r2, [#0x08000000] ARM/ROM PNS
PASS: nop / ldrh r2, [#0x08000000] ARM/WRAM
PASS: nop / ldrh r2, [#0x08000000] ARM/IWRAM
PASS: nop / ldrh r2, [#0x08000000] Thumb/ROM ...
PASS: nop / ldrh r2, [#0x08000000] Thumb/ROM P..
PASS: nop / ldrh r2, [#0x08000000] Thumb/ROM .N.
PASS: nop / ldrh r2, [#0x08000000] Thumb/ROM PN.
PASS: nop / ldrh r2, [#0x08000000] Thumb/ROM ..S
PASS: nop / ldrh r2, [#0x08000000] Thumb/ROM P.S
PASS: nop / ldrh r2, [#0x08000000] Thumb/ROM .NS
PASS: nop / ldrh r2, [#0x08000000] Thumb/ROM PNS
PASS: nop / ldrh r2, [#0x08000000] Thumb/WRAM
PASS: nop / ldrh r2, [#0x08000000] Thumb/IWRAM
Timing test: ldr r2, [sp]
PASS: ldr r2, [sp] ARM/ROM ...
PASS: ldr r2, [sp] ARM/ROM P..
PASS: ldr r2, [sp] ARM/ROM .N.
PASS: ldr r2, [sp] ARM/ROM PN.
PASS: ldr r2, [sp] ARM/ROM ..S
PASS: ldr r2, [sp] ARM/ROM P.S
PASS: ldr r2, [sp] ARM/ROM .NS
PASS: ldr r2, [sp] ARM/ROM PNS
PASS: ldr r2, [sp] ARM/WRAM
PASS: ldr r2, [sp] ARM/IWRAM
PASS: ldr r2, [sp] Thumb/ROM ...
PASS: ldr r2, [sp] Thumb/ROM P..
PASS: ldr r2, [sp] Thumb/ROM .N.
PASS: ldr r2, [sp] Thumb/ROM PN.
PASS: ldr r2, [sp] Thumb/ROM ..S
PASS: ldr r2, [sp] Thumb/ROM P.S
PASS: ldr r2, [sp] Thumb/ROM .NS
PASS: ldr r2, [sp] Thumb/ROM PNS
PASS: ldr r2, [sp] Thumb/WRAM
PASS: ldr r2, [sp] Thumb/IWRAM
Timing test: ldr r2, [sp] / nop
PASS: ldr r2, [sp] / nop ARM/ROM ...
PASS: ldr r2, [sp] / nop ARM/ROM P..
PASS: ldr r2, [sp] / nop ARM/ROM .N.
PASS: ldr r2, [sp] / nop ARM/ROM PN.
PASS: ldr r2, [sp] / nop ARM/ROM ..S
PASS: ldr r2, [sp] / nop ARM/ROM P.S
PASS: ldr r2, [sp] / nop ARM/ROM .NS
PASS: ldr r2, [sp] / nop ARM/ROM PNS
PASS: ldr r2, [sp] / nop ARM/WRAM
PASS: ldr r2, [sp] / nop ARM/IWRAM
PASS: ldr r2, [sp] / nop Thumb/ROM ...
PASS: ldr r2, [sp] / nop Thumb/ROM P..
PASS: ldr r2, [sp] / nop Thumb/ROM .N.
PASS: ldr r2, [sp] / nop Thumb/ROM PN.
PASS: ldr r2, [sp] / nop Thumb/ROM ..S
PASS: ldr r2, [sp] / nop Thumb/ROM P.S
PASS: ldr r2, [sp] / nop Thumb/ROM .NS
PASS: ldr r2, [sp] / nop Thumb/ROM PNS
PASS: ldr r2, [sp] / nop Thumb/WRAM
PASS: ldr r2, [sp] / nop Thumb/IWRAM
Timing test: nop / ldr r2, [sp]
PASS: nop / ldr r2, [sp] ARM/ROM ...
PASS: nop / ldr r2, [sp] ARM/ROM P..
PASS: nop / ldr r2, [sp] ARM/ROM .N.
PASS: nop / ldr r2, [sp] ARM/ROM PN.
PASS: nop / ldr r2, [sp] ARM/ROM ..S
PASS: nop / ldr r2, [sp] ARM/ROM P.S
PASS: nop / ldr r2, [sp] ARM/ROM .NS
PASS: nop / ldr r2, [sp] ARM/ROM PNS
PASS: nop / ldr r2, [sp] ARM/WRAM
PASS: nop / ldr r2, [sp] ARM/IWRAM
PASS: nop / ldr r2, [sp] Thumb/ROM ...
PASS: nop / ldr r2, [sp] Thumb/ROM P..
PASS: nop / ldr r2, [sp] Thumb/ROM .N.
PASS: nop / ldr r2, [sp] Thumb/ROM PN.
PASS: nop / ldr r2, [sp] Thumb/ROM ..S
PASS: nop / ldr r2, [sp] Thumb/ROM P.S
PASS: nop / ldr r2, [sp] Thumb/ROM .NS
PASS: nop / ldr r2, [sp] Thumb/ROM PNS
PASS: nop / ldr r2, [sp] Thumb/WRAM
PASS: nop / ldr r2, [sp] Thumb/IWRAM
Timing test: ldr r2, [#0x08000000]
PASS: ldr r2, [#0x08000000] ARM/ROM ...
PASS: ldr r2, [#0x08000000] ARM/ROM P..
PASS: ldr r2, [#0x08000000] ARM/ROM .N.
PASS: ldr r2, [#0x08000000] ARM/ROM PN.
PASS: ldr r2, [#0x08000000] ARM/ROM ..S
PASS: ldr r2, [#0x08000000] ARM/ROM P.S
PASS: ldr r2, [#0x08000000] ARM/ROM .NS
PASS: ldr r2, [#0x08000000] ARM/ROM PNS
PASS: ldr r2, [#0x08000000] ARM/WRAM
PASS: ldr r2, [#0x08000000] ARM/IWRAM
PASS: ldr r2, [#0x08000000] Thumb/ROM ...
PASS: ldr r2, [#0x08000000] Thumb/ROM P..
PASS: ldr r2, [#0x08000000] Thumb/ROM .N.
PASS: ldr r2, [#0x08000000] Thumb/ROM PN.
PASS: ldr r2, [#0x08000000] Thumb/ROM ..S
PASS: ldr r2, [#0x08000000] Thumb/ROM P.S
PASS: ldr r2, [#0x08000000] Thumb/ROM .NS
PASS: ldr r2, [#0x08000000] Thumb/ROM PNS
PASS: ldr r2, [#0x08000000] Thumb/WRAM
PASS: ldr r2, [#0x08000000] Thumb/IWRAM
Timing test: ldr r2, [#0x08000000] / nop
PASS: ldr r2, [#0x08000000] / nop ARM/ROM ...
PASS: ldr r2, [#0x08000000] / nop ARM/ROM P..
PASS: ldr r2, [#0x08000000] / nop ARM/ROM .N.
PASS: ldr r2, [#0x08000000] / nop ARM/ROM PN.
PASS: ldr r2, [#0x08000000] / nop ARM/ROM ..S
PASS: ldr r2, [#0x08000000] / nop ARM/ROM P.S
PASS: ldr r2, [#0x08000000] / nop ARM/ROM .NS
PASS: ldr r2, [#0x08000000] / nop ARM/ROM PNS
PASS: ldr r2, [#0x08000000] / nop ARM/WRAM
PASS: ldr r2, [#0x08000000] / nop ARM/IWRAM
PASS: ldr r2, [#0x08000000] / nop Thumb/ROM ...
PASS: ldr r2, [#0x08000000] / nop Thumb/ROM P..
PASS: ldr r2, [#0x08000000] / nop Thumb/ROM .N.
PASS: ldr r2, [#0x08000000] / nop Thumb/ROM PN.
PASS: ldr r2, [#0x08000000] / nop Thumb/ROM ..S
PASS: ldr r2, [#0x08000000] / nop Thumb/ROM P.S
PASS: ldr r2, [#0x08000000] / nop Thumb/ROM .NS
PASS: ldr r2, [#0x08000000] / nop Thumb/ROM PNS
PASS: ldr r2, [#0x08000000] / nop Thumb/WRAM
PASS: ldr r2, [#0x08000000] / nop Thumb/IWRAM
Timing test: nop / ldr r2, [#0x08000000]
PASS: nop / ldr r2, [#0x08000000] ARM/ROM ...
PASS: nop / ldr r2, [#0x08000000] ARM/ROM P..
PASS: nop / ldr r2, [#0x08000000] ARM/ROM .N.
PASS: nop / ldr r2, [#0x08000000] ARM/ROM PN.
PASS: nop / ldr r2, [#0x08000000] ARM/ROM ..S
PASS: nop / ldr r2, [#0x08000000] ARM/ROM P.S
PASS: nop / ldr r2, [#0x08000000] ARM/ROM .NS
PASS: nop / ldr r2, [#0x08000000] ARM/ROM PNS
PASS: nop / ldr r2, [#0x08000000] ARM/WRAM
PASS: nop / ldr r2, [#0x08000000] ARM/IWRAM
PASS: nop / ldr r2, [#0x08000000] Thumb/ROM ...
PASS: nop / ldr r2, [#0x08000000] Thumb/ROM P..
PASS: nop / ldr r2, [#0x08000000] Thumb/ROM .N.
PASS: nop / ldr r2, [#0x08000000] Thumb/ROM PN.
PASS: nop / ldr r2, [#0x08000000] Thumb/ROM ..S
PASS: nop / ldr r2, [#0x08000000] Thumb/ROM P.S
PASS: nop / ldr r2, [#0x08000000] Thumb/ROM .NS
PASS: nop / ldr r2, [#0x08000000] Thumb/ROM PNS
PASS: nop / ldr r2, [#0x08000000] Thumb/WRAM
PASS: nop / ldr r2, [#0x08000000] Thumb/IWRAM
Timing test: strh r3, [sp]
PASS: strh r3, [sp] ARM/ROM ...
PASS: strh r3, [sp] ARM/ROM P..
PASS: strh r3, [sp] ARM/ROM .N.
PASS: strh r3, [sp] ARM/ROM PN.
PASS: strh r3, [sp] ARM/ROM ..S
PASS: strh r3, [sp] ARM/ROM P.S
PASS: strh r3, [sp] ARM/ROM .NS
PASS: strh r3, [sp] ARM/ROM PNS
PASS: strh r3, [sp] ARM/WRAM
PASS: strh r3, [sp] ARM/IWRAM
PASS: strh r3, [sp] Thumb/ROM ...
PASS: strh r3, [sp] Thumb/ROM P..
PASS: strh r3, [sp] Thumb/ROM .N.
PASS: strh r3, [sp] Thumb/ROM PN.
PASS: strh r3, [sp] Thumb/ROM ..S
PASS: strh r3, [sp] Thumb/ROM P.S
PASS: strh r3, [sp] Thumb/ROM .NS
PASS: strh r3, [sp] Thumb/ROM PNS
PASS: strh r3, [sp] Thumb/WRAM
PASS: strh r3, [sp] Thumb/IWRAM
Timing test: strh r3, [sp] / nop
PASS: strh r3, [sp] / nop ARM/ROM ...
PASS: strh r3, [sp] / nop ARM/ROM P..
PASS: strh r3, [sp] / nop ARM/ROM .N.
PASS: strh r3, [sp] / nop ARM/ROM PN.
PASS: strh r3, [sp] / nop ARM/ROM ..S
PASS: strh r3, [sp] / nop ARM/ROM P.S
PASS: strh r3, [sp] / nop ARM/ROM .NS
PASS: strh r3, [sp] / nop ARM/ROM PNS
PASS: strh r3, [sp] / nop ARM/WRAM
PASS: strh r3, [sp] / nop ARM/IWRAM
PASS: strh r3, [sp] / nop Thumb/ROM ...
PASS: strh r3, [sp] / nop Thumb/ROM P..
PASS: strh r3, [sp] / nop Thumb/ROM .N.
PASS: strh r3, [sp] / nop Thumb/ROM PN.
PASS: strh r3, [sp] / nop Thumb/ROM ..S
PASS: strh r3, [sp] / nop Thumb/ROM P.S
PASS: strh r3, [sp] / nop Thumb/ROM .NS
PASS: strh r3, [sp] / nop Thumb/ROM PNS
PASS: strh r3, [sp] / nop Thumb/WRAM
PASS: strh r3, [sp] / nop Thumb/IWRAM
Timing test: nop / strh r3, [sp]
PASS: nop / strh r3, [sp] ARM/ROM ...
PASS: nop / strh r3, [sp] ARM/ROM P..
PASS: nop / strh r3, [sp] ARM/ROM .N.
PASS: nop / strh r3, [sp] ARM/ROM PN.
PASS: nop / strh r3, [sp] ARM/ROM ..S
PASS: nop / strh r3, [sp] ARM/ROM P.S
PASS: nop / strh r3, [sp] ARM/ROM .NS
PASS: nop / strh r3, [sp] ARM/ROM PNS
PASS: nop / strh r3, [sp] ARM/WRAM
PASS: nop / strh r3, [sp] ARM/IWRAM
PASS: nop / strh r3, [sp] Thumb/ROM ...
PASS: nop / strh r3, [sp] Thumb/ROM P..
PASS: nop / strh r3, [sp] Thumb/ROM .N.
PASS: nop / strh r3, [sp] Thumb/ROM PN.
PASS: nop / strh r3, [sp] Thumb/ROM ..S
PASS: nop / strh r3, [sp] Thumb/ROM P.S
PASS: nop / strh r3, [sp] Thumb/ROM .NS
PASS: nop / strh r3, [sp] Thumb/ROM PNS
PASS: nop / strh r3, [sp] Thumb/WRAM
PASS: nop / strh r3, [sp] Thumb/IWRAM
Timing test: nop / strh r3, [sp] / nop
PASS: nop / strh r3, [sp] / nop ARM/ROM ...
PASS: nop / strh r3, [sp] / nop ARM/ROM P..
PASS: nop / strh r3, [sp] / nop ARM/ROM .N.
PASS: nop / strh r3, [sp] / nop ARM/ROM PN.
PASS: nop / strh r3, [sp] / nop ARM/ROM ..S
PASS: nop / strh r3, [sp] / nop ARM/ROM P.S
PASS: nop / strh r3, [sp] / nop ARM/ROM .NS
PASS: nop / strh r3, [sp] / nop ARM/ROM PNS
PASS: nop / strh r3, [sp] / nop ARM/WRAM
PASS: nop / strh r3, [sp] / nop ARM/IWRAM
PASS: nop / strh r3, [sp] / nop Thumb/ROM ...
PASS: nop / strh r3, [sp] / nop Thumb/ROM P..
PASS: nop / strh r3, [sp] / nop Thumb/ROM .N.
PASS: nop / strh r3, [sp] / nop Thumb/ROM PN.
PASS: nop / strh r3, [sp] / nop Thumb/ROM ..S
PASS: nop / strh r3, [sp] / nop Thumb/ROM P.S
PASS: nop / strh r3, [sp] / nop Thumb/ROM .NS
PASS: nop / strh r3, [sp] / nop Thumb/ROM PNS
PASS: nop / strh r3, [sp] / nop Thumb/WRAM
PASS: nop / strh r3, [sp] / nop Thumb/IWRAM
Timing test: ldr r2, [sp] x2
PASS: ldr r2, [sp] x2 ARM/ROM ...
PASS: ldr r2, [sp] x2 ARM/ROM P..
PASS: ldr r2, [sp] x2 ARM/ROM .N.
PASS: ldr r2, [sp] x2 ARM/ROM PN.
PASS: ldr r2, [sp] x2 ARM/ROM ..S
PASS: ldr r2, [sp] x2 ARM/ROM P.S
PASS: ldr r2, [sp] x2 ARM/ROM .NS
PASS: ldr r2, [sp] x2 ARM/ROM PNS
PASS: ldr r2, [sp] x2 ARM/WRAM
PASS: ldr r2, [sp] x2 ARM/IWRAM
PASS: ldr r2, [sp] x2 Thumb/ROM ...
PASS: ldr r2, [sp] x2 Thumb/ROM P..
PASS: ldr r2, [sp] x2 Thumb/ROM .N.
PASS: ldr r2, [sp] x2 Thumb/ROM PN.
PASS: ldr r2, [sp] x2 Thumb/ROM ..S
PASS: ldr r2, [sp] x2 Thumb/ROM P.S
PASS: ldr r2, [sp] x2 Thumb/ROM .NS
PASS: ldr r2, [sp] x2 Thumb/ROM PNS
PASS: ldr r2, [sp] x2 Thumb/WRAM
PASS: ldr r2, [sp] x2 Thumb/IWRAM
Timing test: ldr r2, [#0x08000000] / ldr r2, [sp]
PASS: ldr r2, [#0x08000000] / ldr r2, [sp] ARM/ROM ...
PASS: ldr r2, [#0x08000000] / ldr r2, [sp] ARM/ROM P..
PASS: ldr r2, [#0x08000000] / ldr r2, [sp] ARM/ROM .N.
PASS: ldr r2, [#0x08000000] / ldr r2, [sp] ARM/ROM PN.
PASS: ldr r2, [#0x08000000] / ldr r2, [sp] ARM/ROM ..S
PASS: ldr r2, [#0x08000000] / ldr r2, [sp] ARM/ROM P.S
PASS: ldr r2, [#0x08000000] / ldr r2, [sp] ARM/ROM .NS
PASS: ldr r2, [#0x08000000] / ldr r2, [sp] ARM/ROM PNS
PASS: ldr r2, [#0x08000000] / ldr r2, [sp] ARM/WRAM
PASS: ldr r2, [#0x08000000] / ldr r2, [sp] ARM/IWRAM
PASS: ldr r2, [#0x08000000] / ldr r2, [sp] Thumb/ROM ...
PASS: ldr r2, [#0x08000000] / ldr r2, [sp] Thumb/ROM P..
PASS: ldr r2, [#0x08000000] / ldr r2, [sp] Thumb/ROM .N.
PASS: ldr r2, [#0x08000000] / ldr r2, [sp] Thumb/ROM PN.
PASS: ldr r2, [#0x08000000] / ldr r2, [sp] Thumb/ROM ..S
PASS: ldr r2, [#0x08000000] / ldr r2, [sp] Thumb/ROM P.S
PASS: ldr r2, [#0x08000000] / ldr r2, [sp] Thumb/ROM .NS
PASS: ldr r2, [#0x08000000] / ldr r2, [sp] Thumb/ROM PNS
PASS: ldr r2, [#0x08000000] / ldr r2, [sp] Thumb/WRAM
PASS: ldr r2, [#0x08000000] / ldr r2, [sp] Thumb/IWRAM
Timing test: ldr r2, [sp] / ldr r2, [#0x08000000]
PASS: ldr r2, [sp] / ldr r2, [#0x08000000] ARM/ROM ...
PASS: ldr r2, [sp] / ldr r2, [#0x08000000] ARM/ROM P..
PASS: ldr r2, [sp] / ldr r2, [#0x08000000] ARM/ROM .N.
PASS: ldr r2, [sp] / ldr r2, [#0x08000000] ARM/ROM PN.
PASS: ldr r2, [sp] / ldr r2, [#0x08000000] ARM/ROM ..S
PASS: ldr r2, [sp] / ldr r2, [#0x08000000] ARM/ROM P.S
PASS: ldr r2, [sp] / ldr r2, [#0x08000000] ARM/ROM .NS
PASS: ldr r2, [sp] / ldr r2, [#0x08000000] ARM/ROM PNS
PASS: ldr r2, [sp] / ldr r2, [#0x08000000] ARM/WRAM
PASS: ldr r2, [sp] / ldr r2, [#0x08000000] ARM/IWRAM
PASS: ldr r2, [sp] / ldr r2, [#0x08000000] Thumb/ROM ...
PASS: ldr r2, [sp] / ldr r2, [#0x08000000] Thumb/ROM P..
PASS: ldr r2, [sp] / ldr r2, [#0x08000000] Thumb/ROM .N.
PASS: ldr r2, [sp] / ldr r2, [#0x08000000] Thumb/ROM PN.
PASS: ldr r2, [sp] / ldr r2, [#0x08000000] Thumb/ROM ..S
PASS: ldr r2, [sp] / ldr r2, [#0x08000000] Thumb/ROM P.S
PASS: ldr r2, [sp] / ldr r2, [#0x08000000] Thumb/ROM .NS
PASS: ldr r2, [sp] / ldr r2, [#0x08000000] Thumb/ROM PNS
PASS: ldr r2, [sp] / ldr r2, [#0x08000000] Thumb/WRAM
PASS: ldr r2, [sp] / ldr r2, [#0x08000000] Thumb/IWRAM
Timing test: ldr r2, [#0x08000000] x2
PASS: ldr r2, [#0x08000000] x2 ARM/ROM ...
PASS: ldr r2, [#0x08000000] x2 ARM/ROM P..
PASS: ldr r2, [#0x08000000] x2 ARM/ROM .N.
PASS: ldr r2, [#0x08000000] x2 ARM/ROM PN.
PASS: ldr r2, [#0x08000000] x2 ARM/ROM ..S
PASS: ldr r2, [#0x08000000] x2 ARM/ROM P.S
PASS: ldr r2, [#0x08000000] x2 ARM/ROM .NS
PASS: ldr r2, [#0x08000000] x2 ARM/ROM PNS
PASS: ldr r2, [#0x08000000] x2 ARM/WRAM
PASS: ldr r2, [#0x08000000] x2 ARM/IWRAM
PASS: ldr r2, [#0x08000000] x2 Thumb/ROM ...
PASS: ldr r2, [#0x08000000] x2 Thumb/ROM P..
PASS: ldr r2, [#0x08000000] x2 Thumb/ROM .N.
PASS: ldr r2, [#0x08000000] x2 Thumb/ROM PN.
PASS: ldr r2, [#0x08000000] x2 Thumb/ROM ..S
PASS: ldr r2, [#0x08000000] x2 Thumb/ROM P.S
PASS: ldr r2, [#0x08000000] x2 Thumb/ROM .NS
PASS: ldr r2, [#0x08000000] x2 Thumb/ROM PNS
PASS: ldr r2, [#0x08000000] x2 Thumb/WRAM
PASS: ldr r2, [#0x08000000] x2 Thumb/IWRAM
Timing test: str r3, [sp] x2
PASS: str r3, [sp] x2 ARM/ROM ...
PASS: str r3, [sp] x2 ARM/ROM P..
PASS: str r3, [sp] x2 ARM/ROM .N.
PASS: str r3, [sp] x2 ARM/ROM PN.
PASS: str r3, [sp] x2 ARM/ROM ..S
PASS: str r3, [sp] x2 ARM/ROM P.S
PASS: str r3, [sp] x2 ARM/ROM .NS
PASS: str r3, [sp] x2 ARM/ROM PNS
PASS: str r3, [sp] x2 ARM/WRAM
PASS: str r3, [sp] x2 ARM/IWRAM
PASS: str r3, [sp] x2 Thumb/ROM ...
PASS: str r3, [sp] x2 Thumb/ROM P..
PASS: str r3, [sp] x2 Thumb/ROM .N.
PASS: str r3, [sp] x2 Thumb/ROM PN.
PASS: str r3, [sp] x2 Thumb/ROM ..S
PASS: str r3, [sp] x2 Thumb/ROM P.S
PASS: str r3, [sp] x2 Thumb/ROM .NS
PASS: str r3, [sp] x2 Thumb/ROM PNS
PASS: str r3, [sp] x2 Thumb/WRAM
PASS: str r3, [sp] x2 Thumb/IWRAM
Timing test: ldr r2, [sp] / str r2, [sp]
PASS: ldr r2, [sp] / str r2, [sp] ARM/ROM ...
PASS: ldr r2, [sp] / str r2, [sp] ARM/ROM P..
PASS: ldr r2, [sp] / str r2, [sp] ARM/ROM .N.
PASS: ldr r2, [sp] / str r2, [sp] ARM/ROM PN.
PASS: ldr r2, [sp] / str r2, [sp] ARM/ROM ..S
PASS: ldr r2, [sp] / str r2, [sp] ARM/ROM P.S
PASS: ldr r2, [sp] / str r2, [sp] ARM/ROM .NS
PASS: ldr r2, [sp] / str r2, [sp] ARM/ROM PNS
PASS: ldr r2, [sp] / str r2, [sp] ARM/WRAM
PASS: ldr r2, [sp] / str r2, [sp] ARM/IWRAM
PASS: ldr r2, [sp] / str r2, [sp] Thumb/ROM ...
PASS: ldr r2, [sp] / str r2, [sp] Thumb/ROM P..
PASS: ldr r2, [sp] / str r2, [sp] Thumb/ROM .N.
PASS: ldr r2, [sp] / str r2, [sp] Thumb/ROM PN.
PASS: ldr r2, [sp] / str r2, [sp] Thumb/ROM ..S
PASS: ldr r2, [sp] / str r2, [sp] Thumb/ROM P.S
PASS: ldr r2, [sp] / str r2, [sp] Thumb/ROM .NS
PASS: ldr r2, [sp] / str r2, [sp] Thumb/ROM PNS
PASS: ldr r2, [sp] / str r2, [sp] Thumb/WRAM
PASS: ldr r2, [sp] / str r2, [sp] Thumb/IWRAM
Timing test: str r3, [sp] / ldr r3, [sp]
PASS: str r3, [sp] / ldr r3, [sp] ARM/ROM ...
PASS: str r3, [sp] / ldr r3, [sp] ARM/ROM P..
PASS: str r3, [sp] / ldr r3, [sp] ARM/ROM .N.
PASS: str r3, [sp] / ldr r3, [sp] ARM/ROM PN.
PASS: str r3, [sp] / ldr r3, [sp] ARM/ROM ..S
PASS: str r3, [sp] / ldr r3, [sp] ARM/ROM P.S
PASS: str r3, [sp] / ldr r3, [sp] ARM/ROM .NS
PASS: str r3, [sp] / ldr r3, [sp] ARM/ROM PNS
PASS: str r3, [sp] / ldr r3, [sp] ARM/WRAM
PASS: str r3, [sp] / ldr r3, [sp] ARM/IWRAM
PASS: str r3, [sp] / ldr r3, [sp] Thumb/ROM ...
PASS: str r3, [sp] / ldr r3, [sp] Thumb/ROM P..
PASS: str r3, [sp] / ldr r3, [sp] Thumb/ROM .N.
PASS: str r3, [sp] / ldr r3, [sp] Thumb/ROM PN.
PASS: str r3, [sp] / ldr r3, [sp] Thumb/ROM ..S
PASS: str r3, [sp] / ldr r3, [sp] Thumb/ROM P.S
PASS: str r3, [sp] / ldr r3, [sp] Thumb/ROM .NS
PASS: str r3, [sp] / ldr r3, [sp] Thumb/ROM PNS
PASS: str r3, [sp] / ldr r3, [sp] Thumb/WRAM
PASS: str r3, [sp] / ldr r3, [sp] Thumb/IWRAM
Timing test: ldmia sp, {r2}
PASS: ldmia sp, {r2} ARM/ROM ...
PASS: ldmia sp, {r2} ARM/ROM P..
PASS: ldmia sp, {r2} ARM/ROM .N.
PASS: ldmia sp, {r2} ARM/ROM PN.
PASS: ldmia sp, {r2} ARM/ROM ..S
PASS: ldmia sp, {r2} ARM/ROM P.S
PASS: ldmia sp, {r2} ARM/ROM .NS
PASS: ldmia sp, {r2} ARM/ROM PNS
PASS: ldmia sp, {r2} ARM/WRAM
PASS: ldmia sp, {r2} ARM/IWRAM
Timing test: ldmia sp, {r2, r3}
PASS: ldmia sp, {r2, r3} ARM/ROM ...
PASS: ldmia sp, {r2, r3} ARM/ROM P..
PASS: ldmia sp, {r2, r3} ARM/ROM .N.
PASS: ldmia sp, {r2, r3} ARM/ROM PN.
PASS: ldmia sp, {r2, r3} ARM/ROM ..S
PASS: ldmia sp, {r2, r3} ARM/ROM P.S
PASS: ldmia sp, {r2, r3} ARM/ROM .NS
PASS: ldmia sp, {r2, r3} ARM/ROM PNS
PASS: ldmia sp, {r2, r3} ARM/WRAM
PASS: ldmia sp, {r2, r3} ARM/IWRAM
Timing test: ldmia sp, {r2-r7}
PASS: ldmia sp, {r2-r7} ARM/ROM ...
PASS: ldmia sp, {r2-r7} ARM/ROM P..
PASS: ldmia sp, {r2-r7} ARM/ROM .N.
PASS: ldmia sp, {r2-r7} ARM/ROM PN.
PASS: ldmia sp, {r2-r7} ARM/ROM ..S
PASS: ldmia sp, {r2-r7} ARM/ROM P.S
PASS: ldmia sp, {r2-r7} ARM/ROM .NS
PASS: ldmia sp, {r2-r7} ARM/ROM PNS
PASS: ldmia sp, {r2-r7} ARM/WRAM
PASS: ldmia sp, {r2-r7} ARM/IWRAM
Timing test: ldmia sp, {r2} x2
PASS: ldmia sp, {r2} x2 ARM/ROM ...
PASS: ldmia sp, {r2} x2 ARM/ROM P..
PASS: ldmia sp, {r2} x2 ARM/ROM .N.
PASS: ldmia sp, {r2} x2 ARM/ROM PN.
PASS: ldmia sp, {r2} x2 ARM/ROM ..S
PASS: ldmia sp, {r2} x2 ARM/ROM P.S
PASS: ldmia sp, {r2} x2 ARM/ROM .NS
PASS: ldmia sp, {r2} x2 ARM/ROM PNS
PASS: ldmia sp, {r2} x2 ARM/WRAM
PASS: ldmia sp, {r2} x2 ARM/IWRAM
Timing test: ldmia sp, {r2, r3} x2
PASS: ldmia sp, {r2, r3} x2 ARM/ROM ...
PASS: ldmia sp, {r2, r3} x2 ARM/ROM P..
PASS: ldmia sp, {r2, r3} x2 ARM/ROM .N.
PASS: ldmia sp, {r2, r3} x2 ARM/ROM PN.
PASS: ldmia sp, {r2, r3} x2 ARM/ROM ..S
PASS: ldmia sp, {r2, r3} x2 ARM/ROM P.S
PASS: ldmia sp, {r2, r3} x2 ARM/ROM .NS
PASS: ldmia sp, {r2, r3} x2 ARM/ROM PNS
PASS: ldmia sp, {r2, r3} x2 ARM/WRAM
PASS: ldmia sp, {r2, r3} x2 ARM/IWRAM
Timing test: ldmia sp, {r2-r7} x2
PASS: ldmia sp, {r2-r7} x2 ARM/ROM ...
PASS: ldmia sp, {r2-r7} x2 ARM/ROM P..
PASS: ldmia sp, {r2-r7} x2 ARM/ROM .N.
PASS: ldmia sp, {r2-r7} x2 ARM/ROM PN.
PASS: ldmia sp, {r2-r7} x2 ARM/ROM ..S
PASS: ldmia sp, {r2-r7} x2 ARM/ROM P.S
PASS: ldmia sp, {r2-r7} x2 ARM/ROM .NS
PASS: ldmia sp, {r2-r7} x2 ARM/ROM PNS
PASS: ldmia sp, {r2-r7} x2 ARM/WRAM
PASS: ldmia sp, {r2-r7} x2 ARM/IWRAM
Timing test: stmia sp, {r2}
PASS: stmia sp, {r2} ARM/ROM ...
PASS: stmia sp, {r2} ARM/ROM P..
PASS: stmia sp, {r2} ARM/ROM .N.
PASS: stmia sp, {r2} ARM/ROM PN.
PASS: stmia sp, {r2} ARM/ROM ..S
PASS: stmia sp, {r2} ARM/ROM P.S
PASS: stmia sp, {r2} ARM/ROM .NS
PASS: stmia sp, {r2} ARM/ROM PNS
PASS: stmia sp, {r2} ARM/WRAM
PASS: stmia sp, {r2} ARM/IWRAM
Timing test: stmia sp, {r2, r3}
PASS: stmia sp, {r2, r3} ARM/ROM ...
PASS: stmia sp, {r2, r3} ARM/ROM P..
PASS: stmia sp, {r2, r3} ARM/ROM .N.
PASS: stmia sp, {r2, r3} ARM/ROM PN.
PASS: stmia sp, {r2, r3} ARM/ROM ..S
PASS: stmia sp, {r2, r3} ARM/ROM P.S
PASS: stmia sp, {r2, r3} ARM/ROM .NS
PASS: stmia sp, {r2, r3} ARM/ROM PNS
PASS: stmia sp, {r2, r3} ARM/WRAM
PASS: stmia sp, {r2, r3} ARM/IWRAM
Timing test: stmia sp, {r2-r7}
PASS: stmia sp, {r2-r7} ARM/ROM ...
PASS: stmia sp, {r2-r7} ARM/ROM P..
PASS: stmia sp, {r2-r7} ARM/ROM .N.
PASS: stmia sp, {r2-r7} ARM/ROM PN.
PASS: stmia sp, {r2-r7} ARM/ROM ..S
PASS: stmia sp, {r2-r7} ARM/ROM P.S
PASS: stmia sp, {r2-r7} ARM/ROM .NS
PASS: stmia sp, {r2-r7} ARM/ROM PNS
PASS: stmia sp, {r2-r7} ARM/WRAM
PASS: stmia sp, {r2-r7} ARM/IWRAM
Timing test: stmia sp, {r2} x2
PASS: stmia sp, {r2} x2 ARM/ROM ...
PASS: stmia sp, {r2} x2 ARM/ROM P..
PASS: stmia sp, {r2} x2 ARM/ROM .N.
PASS: stmia sp, {r2} x2 ARM/ROM PN.
PASS: stmia sp, {r2} x2 ARM/ROM ..S
PASS: stmia sp, {r2} x2 ARM/ROM P.S
PASS: stmia sp, {r2} x2 ARM/ROM .NS
PASS: stmia sp, {r2} x2 ARM/ROM PNS
PASS: stmia sp, {r2} x2 ARM/WRAM
PASS: stmia sp, {r2} x2 ARM/IWRAM
Timing test: stmia sp, {r2, r3} x2
PASS: stmia sp, {r2, r3} x2 ARM/ROM ...
PASS: stmia sp, {r2, r3} x2 ARM/ROM P..
PASS: stmia sp, {r2, r3} x2 ARM/ROM .N.
PASS: stmia sp, {r2, r3} x2 ARM/ROM PN.
PASS: stmia sp, {r2, r3} x2 ARM/ROM ..S
PASS: stmia sp, {r2, r3} x2 ARM/ROM P.S
PASS: stmia sp, {r2, r3} x2 ARM/ROM .NS
PASS: stmia sp, {r2, r3} x2 ARM/ROM PNS
PASS: stmia sp, {r2, r3} x2 ARM/WRAM
PASS: stmia sp, {r2, r3} x2 ARM/IWRAM
Timing test: stmia sp, {r2-r7} x2
PASS: stmia sp, {r2-r7} x2 ARM/ROM ...
PASS: stmia sp, {r2-r7} x2 ARM/ROM P..
PASS: stmia sp, {r2-r7} x2 ARM/ROM .N.
PASS: stmia sp, {r2-r7} x2 ARM/ROM PN.
PASS: stmia sp, {r2-r7} x2 ARM/ROM ..S
PASS: stmia sp, {r2-r7} x2 ARM/ROM P.S
PASS: stmia sp, {r2-r7} x2 ARM/ROM .NS
PASS: stmia sp, {r2-r7} x2 ARM/ROM PNS
PASS: stmia sp, {r2-r7} x2 ARM/WRAM
PASS: stmia sp, {r2-r7} x2 ARM/IWRAM
Timing test: ldmia [#0x07FFFFFC]!, {r3-r7}
PASS: ldmia [#0x07FFFFFC]!, {r3-r7} ARM/ROM ...
PASS: ldmia [#0x07FFFFFC]!, {r3-r7} ARM/ROM P..
PASS: ldmia [#0x07FFFFFC]!, {r3-r7} ARM/ROM .N.
PASS: ldmia [#0x07FFFFFC]!, {r3-r7} ARM/ROM PN.
PASS: ldmia [#0x07FFFFFC]!, {r3-r7} ARM/ROM ..S
PASS: ldmia [#0x07FFFFFC]!, {r3-r7} ARM/ROM P.S
PASS: ldmia [#0x07FFFFFC]!, {r3-r7} ARM/ROM .NS
PASS: ldmia [#0x07FFFFFC]!, {r3-r7} ARM/ROM PNS
PASS: ldmia [#0x07FFFFFC]!, {r3-r7} ARM/WRAM
PASS: ldmia [#0x07FFFFFC]!, {r3-r7} ARM/IWRAM
PASS: ldmia [#0x07FFFFFC]!, {r3-r7} Thumb/ROM ...
PASS: ldmia [#0x07FFFFFC]!, {r3-r7} Thumb/ROM P..
PASS: ldmia [#0x07FFFFFC]!, {r3-r7} Thumb/ROM .N.
PASS: ldmia [#0x07FFFFFC]!, {r3-r7} Thumb/ROM PN.
PASS: ldmia [#0x07FFFFFC]!, {r3-r7} Thumb/ROM ..S
PASS: ldmia [#0x07FFFFFC]!, {r3-r7} Thumb/ROM P.S
PASS: ldmia [#0x07FFFFFC]!, {r3-r7} Thumb/ROM .NS
PASS: ldmia [#0x07FFFFFC]!, {r3-r7} Thumb/ROM PNS
PASS: ldmia [#0x07FFFFFC]!, {r3-r7} Thumb/WRAM
PASS: ldmia [#0x07FFFFFC]!, {r3-r7} Thumb/IWRAM
Timing test: ldmia [#0x07FFFFF8]!, {r3-r7}
PASS: ldmia [#0x07FFFFF8]!, {r3-r7} ARM/ROM ...
PASS: ldmia [#0x07FFFFF8]!, {r3-r7} ARM/ROM P..
PASS: ldmia [#0x07FFFFF8]!, {r3-r7} ARM/ROM .N.
PASS: ldmia [#0x07FFFFF8]!, {r3-r7} ARM/ROM PN.
PASS: ldmia [#0x07FFFFF8]!, {r3-r7} ARM/ROM ..S
PASS: ldmia [#0x07FFFFF8]!, {r3-r7} ARM/ROM P.S
PASS: ldmia [#0x07FFFFF8]!, {r3-r7} ARM/ROM .NS
PASS: ldmia [#0x07FFFFF8]!, {r3-r7} ARM/ROM PNS
PASS: ldmia [#0x07FFFFF8]!, {r3-r7} ARM/WRAM
PASS: ldmia [#0x07FFFFF8]!, {r3-r7} ARM/IWRAM
PASS: ldmia [#0x07FFFFF8]!, {r3-r7} Thumb/ROM ...
PASS: ldmia [#0x07FFFFF8]!, {r3-r7} Thumb/ROM P..
PASS: ldmia [#0x07FFFFF8]!, {r3-r7} Thumb/ROM .N.
PASS: ldmia [#0x07FFFFF8]!, {r3-r7} Thumb/ROM PN.
PASS: ldmia [#0x07FFFFF8]!, {r3-r7} Thumb/ROM ..S
PASS: ldmia [#0x07FFFFF8]!, {r3-r7} Thumb/ROM P.S
PASS: ldmia [#0x07FFFFF8]!, {r3-r7} Thumb/ROM .NS
PASS: ldmia [#0x07FFFFF8]!, {r3-r7} Thumb/ROM PNS
PASS: ldmia [#0x07FFFFF8]!, {r3-r7} Thumb/WRAM
PASS: ldmia [#0x07FFFFF8]!, {r3-r7} Thumb/IWRAM
Timing test: ldmia [#0x07FFFFF4]!, {r3-r7}
PASS: ldmia [#0x07FFFFF4]!, {r3-r7} ARM/ROM ...
PASS: ldmia [#0x07FFFFF4]!, {r3-r7} ARM/ROM P..
PASS: ldmia [#0x07FFFFF4]!, {r3-r7} ARM/ROM .N.
PASS: ldmia [#0x07FFFFF4]!, {r3-r7} ARM/ROM PN.
PASS: ldmia [#0x07FFFFF4]!, {r3-r7} ARM/ROM ..S
PASS: ldmia [#0x07FFFFF4]!, {r3-r7} ARM/ROM P.S
PASS: ldmia [#0x07FFFFF4]!, {r3-r7} ARM/ROM .NS
PASS: ldmia [#0x07FFFFF4]!, {r3-r7} ARM/ROM PNS
PASS: ldmia [#0x07FFFFF4]!, {r3-r7} ARM/WRAM
PASS: ldmia [#0x07FFFFF4]!, {r3-r7} ARM/IWRAM
PASS: ldmia [#0x07FFFFF4]!, {r3-r7} Thumb/ROM ...
PASS: ldmia [#0x07FFFFF4]!, {r3-r7} Thumb/ROM P..
PASS: ldmia [#0x07FFFFF4]!, {r3-r7} Thumb/ROM .N.
PASS: ldmia [#0x07FFFFF4]!, {r3-r7} Thumb/ROM PN.
PASS: ldmia [#0x07FFFFF4]!, {r3-r7} Thumb/ROM ..S
PASS: ldmia [#0x07FFFFF4]!, {r3-r7} Thumb/ROM P.S
PASS: ldmia [#0x07FFFFF4]!, {r3-r7} Thumb/ROM .NS
PASS: ldmia [#0x07FFFFF4]!, {r3-r7} Thumb/ROM PNS
PASS: ldmia [#0x07FFFFF4]!, {r3-r7} Thumb/WRAM
PASS: ldmia [#0x07FFFFF4]!, {r3-r7} Thumb/IWRAM
Timing test: ldmia [#0x07FFFFF0]!, {r3-r7}
PASS: ldmia [#0x07FFFFF0]!, {r3-r7} ARM/ROM ...
PASS: ldmia [#0x07FFFFF0]!, {r3-r7} ARM/ROM P..
PASS: ldmia [#0x07FFFFF0]!, {r3-r7} ARM/ROM .N.
PASS: ldmia [#0x07FFFFF0]!, {r3-r7} ARM/ROM PN.
PASS: ldmia [#0x07FFFFF0]!, {r3-r7} ARM/ROM ..S
PASS: ldmia [#0x07FFFFF0]!, {r3-r7} ARM/ROM P.S
PASS: ldmia [#0x07FFFFF0]!, {r3-r7} ARM/ROM .NS
PASS: ldmia [#0x07FFFFF0]!, {r3-r7} ARM/ROM PNS
PASS: ldmia [#0x07FFFFF0]!, {r3-r7} ARM/WRAM
PASS: ldmia [#0x07FFFFF0]!, {r3-r7} ARM/IWRAM
PASS: ldmia [#0x07FFFFF0]!, {r3-r7} Thumb/ROM ...
PASS: ldmia [#0x07FFFFF0]!, {r3-r7} Thumb/ROM P..
PASS: ldmia [#0x07FFFFF0]!, {r3-r7} Thumb/ROM .N.
PASS: ldmia [#0x07FFFFF0]!, {r3-r7} Thumb/ROM PN.
PASS: ldmia [#0x07FFFFF0]!, {r3-r7} Thumb/ROM ..S
PASS: ldmia [#0x07FFFFF0]!, {r3-r7} Thumb/ROM P.S
PASS: ldmia [#0x07FFFFF0]!, {r3-r7} Thumb/ROM .NS
PASS: ldmia [#0x07FFFFF0]!, {r3-r7} Thumb/ROM PNS
PASS: ldmia [#0x07FFFFF0]!, {r3-r7} Thumb/WRAM
PASS: ldmia [#0x07FFFFF0]!, {r3-r7} Thumb/IWRAM
Timing test: ldmia [#0x07FFFFEC]!, {r3-r7}
PASS: ldmia [#0x07FFFFEC]!, {r3-r7} ARM/ROM ...
PASS: ldmia [#0x07FFFFEC]!, {r3-r7} ARM/ROM P..
PASS: ldmia [#0x07FFFFEC]!, {r3-r7} ARM/ROM .N.
PASS: ldmia [#0x07FFFFEC]!, {r3-r7} ARM/ROM PN.
PASS: ldmia [#0x07FFFFEC]!, {r3-r7} ARM/ROM ..S
PASS: ldmia [#0x07FFFFEC]!, {r3-r7} ARM/ROM P.S
PASS: ldmia [#0x07FFFFEC]!, {r3-r7} ARM/ROM .NS
PASS: ldmia [#0x07FFFFEC]!, {r3-r7} ARM/ROM PNS
PASS: ldmia [#0x07FFFFEC]!, {r3-r7} ARM/WRAM
PASS: ldmia [#0x07FFFFEC]!, {r3-r7} ARM/IWRAM
PASS: ldmia [#0x07FFFFEC]!, {r3-r7} Thumb/ROM ...
PASS: ldmia [#0x07FFFFEC]!, {r3-r7} Thumb/ROM P..
PASS: ldmia [#0x07FFFFEC]!, {r3-r7} Thumb/ROM .N.
PASS: ldmia [#0x07FFFFEC]!, {r3-r7} Thumb/ROM PN.
PASS: ldmia [#0x07FFFFEC]!, {r3-r7} Thumb/ROM ..S
PASS: ldmia [#0x07FFFFEC]!, {r3-r7} Thumb/ROM P.S
PASS: ldmia [#0x07FFFFEC]!, {r3-r7} Thumb/ROM .NS
PASS: ldmia [#0x07FFFFEC]!, {r3-r7} Thumb/ROM PNS
PASS: ldmia [#0x07FFFFEC]!, {r3-r7} Thumb/WRAM
PASS: ldmia [#0x07FFFFEC]!, {r3-r7} Thumb/IWRAM
Timing test: mul #0x00000000, #0xFF
PASS: mul #0x00000000, #0xFF ARM/ROM ...
PASS: mul #0x00000000, #0xFF ARM/ROM P..
PASS: mul #0x00000000, #0xFF ARM/ROM .N.
PASS: mul #0x00000000, #0xFF ARM/ROM PN.
PASS: mul #0x00000000, #0xFF ARM/ROM ..S
PASS: mul #0x00000000, #0xFF ARM/ROM P.S
PASS: mul #0x00000000, #0xFF ARM/ROM .NS
PASS: mul #0x00000000, #0xFF ARM/ROM PNS
PASS: mul #0x00000000, #0xFF ARM/WRAM
PASS: mul #0x00000000, #0xFF ARM/IWRAM
PASS: mul #0x00000000, #0xFF Thumb/ROM ...
PASS: mul #0x00000000, #0xFF Thumb/ROM P..
PASS: mul #0x00000000, #0xFF Thumb/ROM .N.
PASS: mul #0x00000000, #0xFF Thumb/ROM PN.
PASS: mul #0x00000000, #0xFF Thumb/ROM ..S
PASS: mul #0x00000000, #0xFF Thumb/ROM P.S
PASS: mul #0x00000000, #0xFF Thumb/ROM .NS
PASS: mul #0x00000000, #0xFF Thumb/ROM PNS
PASS: mul #0x00000000, #0xFF Thumb/WRAM
PASS: mul #0x00000000, #0xFF Thumb/IWRAM
Timing test: mul #0x00000078, #0xFF
PASS: mul #0x00000078, #0xFF ARM/ROM ...
PASS: mul #0x00000078, #0xFF ARM/ROM P..
PASS: mul #0x00000078, #0xFF ARM/ROM .N.
PASS: mul #0x00000078, #0xFF ARM/ROM PN.
PASS: mul #0x00000078, #0xFF ARM/ROM ..S
PASS: mul #0x00000078, #0xFF ARM/ROM P.S
PASS: mul #0x00000078, #0xFF ARM/ROM .NS
PASS: mul #0x00000078, #0xFF ARM/ROM PNS
PASS: mul #0x00000078, #0xFF ARM/WRAM
PASS: mul #0x00000078, #0xFF ARM/IWRAM
PASS: mul #0x00000078, #0xFF Thumb/ROM ...
PASS: mul #0x00000078, #0xFF Thumb/ROM P..
PASS: mul #0x00000078, #0xFF Thumb/ROM .N.
PASS: mul #0x00000078, #0xFF Thumb/ROM PN.
PASS: mul #0x00000078, #0xFF Thumb/ROM ..S
PASS: mul #0x00000078, #0xFF Thumb/ROM P.S
PASS: mul #0x00000078, #0xFF Thumb/ROM .NS
PASS: mul #0x00000078, #0xFF Thumb/ROM PNS
PASS: mul #0x00000078, #0xFF Thumb/WRAM
PASS: mul #0x00000078, #0xFF Thumb/IWRAM
Timing test: mul #0x00005678, #0xFF
PASS: mul #0x00005678, #0xFF ARM/ROM ...
PASS: mul #0x00005678, #0xFF ARM/ROM P..
PASS: mul #0x00005678, #0xFF ARM/ROM .N.
PASS: mul #0x00005678, #0xFF ARM/ROM PN.
PASS: mul #0x00005678, #0xFF ARM/ROM ..S
PASS: mul #0x00005678, #0xFF ARM/ROM P.S
PASS: mul #0x00005678, #0xFF ARM/ROM .NS
PASS: mul #0x00005678, #0xFF ARM/ROM PNS
PASS: mul #0x00005678, #0xFF ARM/WRAM
PASS: mul #0x00005678, #0xFF ARM/IWRAM
PASS: mul #0x00005678, #0xFF Thumb/ROM ...
PASS: mul #0x00005678, #0xFF Thumb/ROM P..
PASS: mul #0x00005678, #0xFF Thumb/ROM .N.
PASS: mul #0x00005678, #0xFF Thumb/ROM PN.
PASS: mul #0x00005678, #0xFF Thumb/ROM ..S
PASS: mul #0x00005678, #0xFF Thumb/ROM P.S
PASS: mul #0x00005678, #0xFF Thumb/ROM .NS
PASS: mul #0x00005678, #0xFF Thumb/ROM PNS
PASS: mul #0x00005678, #0xFF Thumb/WRAM
PASS: mul #0x00005678, #0xFF Thumb/IWRAM
Timing test: mul #0x00345678, #0xFF
PASS: mul #0x00345678, #0xFF ARM/ROM ...
PASS: mul #0x00345678, #0xFF ARM/ROM P..
PASS: mul #0x00345678, #0xFF ARM/ROM .N.
PASS: mul #0x00345678, #0xFF ARM/ROM PN.
PASS: mul #0x00345678, #0xFF ARM/ROM ..S
PASS: mul #0x00345678, #0xFF ARM/ROM P.S
PASS: mul #0x00345678, #0xFF ARM/ROM .NS
PASS: mul #0x00345678, #0xFF ARM/ROM PNS
PASS: mul #0x00345678, #0xFF ARM/WRAM
PASS: mul #0x00345678, #0xFF ARM/IWRAM
PASS: mul #0x00345678, #0xFF Thumb/ROM ...
PASS: mul #0x00345678, #0xFF Thumb/ROM P..
PASS: mul #0x00345678, #0xFF Thumb/ROM .N.
PASS: mul #0x00345678, #0xFF Thumb/ROM PN.
PASS: mul #0x00345678, #0xFF Thumb/ROM ..S
PASS: mul #0x00345678, #0xFF Thumb/ROM P.S
PASS: mul #0x00345678, #0xFF Thumb/ROM .NS
PASS: mul #0x00345678, #0xFF Thumb/ROM PNS
PASS: mul #0x00345678, #0xFF Thumb/WRAM
PASS: mul #0x00345678, #0xFF Thumb/IWRAM
Timing test: mul #0x12345678, #0xFF
PASS: mul #0x12345678, #0xFF ARM/ROM ...
PASS: mul #0x12345678, #0xFF ARM/ROM P..
PASS: mul #0x12345678, #0xFF ARM/ROM .N.
PASS: mul #0x12345678, #0xFF ARM/ROM PN.
PASS: mul #0x12345678, #0xFF ARM/ROM ..S
PASS: mul #0x12345678, #0xFF ARM/ROM P.S
PASS: mul #0x12345678, #0xFF ARM/ROM .NS
PASS: mul #0x12345678, #0xFF ARM/ROM PNS
PASS: mul #0x12345678, #0xFF ARM/WRAM
PASS: mul #0x12345678, #0xFF ARM/IWRAM
PASS: mul #0x12345678, #0xFF Thumb/ROM ...
PASS: mul #0x12345678, #0xFF Thumb/ROM P..
PASS: mul #0x12345678, #0xFF Thumb/ROM .N.
PASS: mul #0x12345678, #0xFF Thumb/ROM PN.
PASS: mul #0x12345678, #0xFF Thumb/ROM ..S
PASS: mul #0x12345678, #0xFF Thumb/ROM P.S
PASS: mul #0x12345678, #0xFF Thumb/ROM .NS
PASS: mul #0x12345678, #0xFF Thumb/ROM PNS
PASS: mul #0x12345678, #0xFF Thumb/WRAM
PASS: mul #0x12345678, #0xFF Thumb/IWRAM
Timing test: mul #0xFF000000, #0xFF
PASS: mul #0xFF000000, #0xFF ARM/ROM ...
PASS: mul #0xFF000000, #0xFF ARM/ROM P..
PASS: mul #0xFF000000, #0xFF ARM/ROM .N.
PASS: mul #0xFF000000, #0xFF ARM/ROM PN.
PASS: mul #0xFF000000, #0xFF ARM/ROM ..S
PASS: mul #0xFF000000, #0xFF ARM/ROM P.S
PASS: mul #0xFF000000, #0xFF ARM/ROM .NS
PASS: mul #0xFF000000, #0xFF ARM/ROM PNS
PASS: mul #0xFF000000, #0xFF ARM/WRAM
PASS: mul #0xFF000000, #0xFF ARM/IWRAM
PASS: mul #0xFF000000, #0xFF Thumb/ROM ...
PASS: mul #0xFF000000, #0xFF Thumb/ROM P..
PASS: mul #0xFF000000, #0xFF Thumb/ROM .N.
PASS: mul #0xFF000000, #0xFF Thumb/ROM PN.
PASS: mul #0xFF000000, #0xFF Thumb/ROM ..S
PASS: mul #0xFF000000, #0xFF Thumb/ROM P.S
PASS: mul #0xFF000000, #0xFF Thumb/ROM .NS
PASS: mul #0xFF000000, #0xFF Thumb/ROM PNS
PASS: mul #0xFF000000, #0xFF Thumb/WRAM
PASS: mul #0xFF000000, #0xFF Thumb/IWRAM
Timing test: mul #0xFFFF0000, #0xFF
PASS: mul #0xFFFF0000, #0xFF ARM/ROM ...
PASS: mul #0xFFFF0000, #0xFF ARM/ROM P..
PASS: mul #0xFFFF0000, #0xFF ARM/ROM .N.
PASS: mul #0xFFFF0000, #0xFF ARM/ROM PN.
PASS: mul #0xFFFF0000, #0xFF ARM/ROM ..S
PASS: mul #0xFFFF0000, #0xFF ARM/ROM P.S
PASS: mul #0xFFFF0000, #0xFF ARM/ROM .NS
PASS: mul #0xFFFF0000, #0xFF ARM/ROM PNS
PASS: mul #0xFFFF0000, #0xFF ARM/WRAM
PASS: mul #0xFFFF0000, #0xFF ARM/IWRAM
PASS: mul #0xFFFF0000, #0xFF Thumb/ROM ...
PASS: mul #0xFFFF0000, #0xFF Thumb/ROM P..
PASS: mul #0xFFFF0000, #0xFF Thumb/ROM .N.
PASS: mul #0xFFFF0000, #0xFF Thumb/ROM PN.
PASS: mul #0xFFFF0000, #0xFF Thumb/ROM ..S
PASS: mul #0xFFFF0000, #0xFF Thumb/ROM P.S
PASS: mul #0xFFFF0000, #0xFF Thumb/ROM .NS
PASS: mul #0xFFFF0000, #0xFF Thumb/ROM PNS
PASS: mul #0xFFFF0000, #0xFF Thumb/WRAM
PASS: mul #0xFFFF0000, #0xFF Thumb/IWRAM
Timing test: mul #0xFFFFFF00, #0xFF
PASS: mul #0xFFFFFF00, #0xFF ARM/ROM ...
PASS: mul #0xFFFFFF00, #0xFF ARM/ROM P..
PASS: mul #0xFFFFFF00, #0xFF ARM/ROM .N.
PASS: mul #0xFFFFFF00, #0xFF ARM/ROM PN.
PASS: mul #0xFFFFFF00, #0xFF ARM/ROM ..S
PASS: mul #0xFFFFFF00, #0xFF ARM/ROM P.S
PASS: mul #0xFFFFFF00, #0xFF ARM/ROM .NS
PASS: mul #0xFFFFFF00, #0xFF ARM/ROM PNS
PASS: mul #0xFFFFFF00, #0xFF ARM/WRAM
PASS: mul #0xFFFFFF00, #0xFF ARM/IWRAM
PASS: mul #0xFFFFFF00, #0xFF Thumb/ROM ...
PASS: mul #0xFFFFFF00, #0xFF Thumb/ROM P..
PASS: mul #0xFFFFFF00, #0xFF Thumb/ROM .N.
PASS: mul #0xFFFFFF00, #0xFF Thumb/ROM PN.
PASS: mul #0xFFFFFF00, #0xFF Thumb/ROM ..S
PASS: mul #0xFFFFFF00, #0xFF Thumb/ROM P.S
PASS: mul #0xFFFFFF00, #0xFF Thumb/ROM .NS
PASS: mul #0xFFFFFF00, #0xFF Thumb/ROM PNS
PASS: mul #0xFFFFFF00, #0xFF Thumb/WRAM
PASS: mul #0xFFFFFF00, #0xFF Thumb/IWRAM
Timing test: mul #0xFFFFFFFF, #0xFF
PASS: mul #0xFFFFFFFF, #0xFF ARM/ROM ...
PASS: mul #0xFFFFFFFF, #0xFF ARM/ROM P..
PASS: mul #0xFFFFFFFF, #0xFF ARM/ROM .N.
PASS: mul #0xFFFFFFFF, #0xFF ARM/ROM PN.
PASS: mul #0xFFFFFFFF, #0xFF ARM/ROM ..S
PASS: mul #0xFFFFFFFF, #0xFF ARM/ROM P.S
PASS: mul #0xFFFFFFFF, #0xFF ARM/ROM .NS
PASS: mul #0xFFFFFFFF, #0xFF ARM/ROM PNS
PASS: mul #0xFFFFFFFF, #0xFF ARM/WRAM
PASS: mul #0xFFFFFFFF, #0xFF ARM/IWRAM
PASS: mul #0xFFFFFFFF, #0xFF Thumb/ROM ...
PASS: mul #0xFFFFFFFF, #0xFF Thumb/ROM P..
PASS: mul #0xFFFFFFFF, #0xFF Thumb/ROM .N.
PASS: mul #0xFFFFFFFF, #0xFF Thumb/ROM PN.
PASS: mul #0xFFFFFFFF, #0xFF Thumb/ROM ..S
PASS: mul #0xFFFFFFFF, #0xFF Thumb/ROM P.S
PASS: mul #0xFFFFFFFF, #0xFF Thumb/ROM .NS
PASS: mul #0xFFFFFFFF, #0xFF Thumb/ROM PNS
PASS: mul #0xFFFFFFFF, #0xFF Thumb/WRAM
PASS: mul #0xFFFFFFFF, #0xFF Thumb/IWRAM
Timing test: mul #0xFFFFFFFF, #0x00
PASS: mul #0xFFFFFFFF, #0x00 ARM/ROM ...
PASS: mul #0xFFFFFFFF, #0x00 ARM/ROM P..
PASS: mul #0xFFFFFFFF, #0x00 ARM/ROM .N.
PASS: mul #0xFFFFFFFF, #0x00 ARM/ROM PN.
PASS: mul #0xFFFFFFFF, #0x00 ARM/ROM ..S
PASS: mul #0xFFFFFFFF, #0x00 ARM/ROM P.S
PASS: mul #0xFFFFFFFF, #0x00 ARM/ROM .NS
PASS: mul #0xFFFFFFFF, #0x00 ARM/ROM PNS
PASS: mul #0xFFFFFFFF, #0x00 ARM/WRAM
PASS: mul #0xFFFFFFFF, #0x00 ARM/IWRAM
PASS: mul #0xFFFFFFFF, #0x00 Thumb/ROM ...
PASS: mul #0xFFFFFFFF, #0x00 Thumb/ROM P..
PASS: mul #0xFFFFFFFF, #0x00 Thumb/ROM .N.
PASS: mul #0xFFFFFFFF, #0x00 Thumb/ROM PN.
PASS: mul #0xFFFFFFFF, #0x00 Thumb/ROM ..S
PASS: mul #0xFFFFFFFF, #0x00 Thumb/ROM P.S
PASS: mul #0xFFFFFFFF, #0x00 Thumb/ROM .NS
PASS: mul #0xFFFFFFFF, #0x00 Thumb/ROM PNS
PASS: mul #0xFFFFFFFF, #0x00 Thumb/WRAM
PASS: mul #0xFFFFFFFF, #0x00 Thumb/IWRAM
Timing test: mla #0x00000000, #0xFF
PASS: mla #0x00000000, #0xFF ARM/ROM ...
PASS: mla #0x00000000, #0xFF ARM/ROM P..
PASS: mla #0x00000000, #0xFF ARM/ROM .N.
PASS: mla #0x00000000, #0xFF ARM/ROM PN.
PASS: mla #0x00000000, #0xFF ARM/ROM ..S
PASS: mla #0x00000000, #0xFF ARM/ROM P.S
PASS: mla #0x00000000, #0xFF ARM/ROM .NS
PASS: mla #0x00000000, #0xFF ARM/ROM PNS
PASS: mla #0x00000000, #0xFF ARM/WRAM
PASS: mla #0x00000000, #0xFF ARM/IWRAM
Timing test: mla #0x00000078, #0xFF
PASS: mla #0x00000078, #0xFF ARM/ROM ...
PASS: mla #0x00000078, #0xFF ARM/ROM P..
PASS: mla #0x00000078, #0xFF ARM/ROM .N.
PASS: mla #0x00000078, #0xFF ARM/ROM PN.
PASS: mla #0x00000078, #0xFF ARM/ROM ..S
PASS: mla #0x00000078, #0xFF ARM/ROM P.S
PASS: mla #0x00000078, #0xFF ARM/ROM .NS
PASS: mla #0x00000078, #0xFF ARM/ROM PNS
PASS: mla #0x00000078, #0xFF ARM/WRAM
PASS: mla #0x00000078, #0xFF ARM/IWRAM
Timing test: mla #0x00005678, #0xFF
PASS: mla #0x00005678, #0xFF ARM/ROM ...
PASS: mla #0x00005678, #0xFF ARM/ROM P..
PASS: mla #0x00005678, #0xFF ARM/ROM .N.
PASS: mla #0x00005678, #0xFF ARM/ROM PN.
PASS: mla #0x00005678, #0xFF ARM/ROM ..S
PASS: mla #0x00005678, #0xFF ARM/ROM P.S
PASS: mla #0x00005678, #0xFF ARM/ROM .NS
PASS: mla #0x00005678, #0xFF ARM/ROM PNS
PASS: mla #0x00005678, #0xFF ARM/WRAM
PASS: mla #0x00005678, #0xFF ARM/IWRAM
Timing test: mla #0x00345678, #0xFF
PASS: mla #0x00345678, #0xFF ARM/ROM ...
PASS: mla #0x00345678, #0xFF ARM/ROM P..
PASS: mla #0x00345678, #0xFF ARM/ROM .N.
PASS: mla #0x00345678, #0xFF ARM/ROM PN.
PASS: mla #0x00345678, #0xFF ARM/ROM ..S
PASS: mla #0x00345678, #0xFF ARM/ROM P.S
PASS: mla #0x00345678, #0xFF ARM/ROM .NS
PASS: mla #0x00345678, #0xFF ARM/ROM PNS
PASS: mla #0x00345678, #0xFF ARM/WRAM
PASS: mla #0x00345678, #0xFF ARM/IWRAM
Timing test: mla #0x12345678, #0xFF
PASS: mla #0x12345678, #0xFF ARM/ROM ...
PASS: mla #0x12345678, #0xFF ARM/ROM P..
PASS: mla #0x12345678, #0xFF ARM/ROM .N.
PASS: mla #0x12345678, #0xFF ARM/ROM PN.
PASS: mla #0x12345678, #0xFF ARM/ROM ..S
PASS: mla #0x12345678, #0xFF ARM/ROM P.S
PASS: mla #0x12345678, #0xFF ARM/ROM .NS
PASS: mla #0x12345678, #0xFF ARM/ROM PNS
PASS: mla #0x12345678, #0xFF ARM/WRAM
PASS: mla #0x12345678, #0xFF ARM/IWRAM
Timing test: mla #0xFF000000, #0xFF
PASS: mla #0xFF000000, #0xFF ARM/ROM ...
PASS: mla #0xFF000000, #0xFF ARM/ROM P..
PASS: mla #0xFF000000, #0xFF ARM/ROM .N.
PASS: mla #0xFF000000, #0xFF ARM/ROM PN.
PASS: mla #0xFF000000, #0xFF ARM/ROM ..S
PASS: mla #0xFF000000, #0xFF ARM/ROM P.S
PASS: mla #0xFF000000, #0xFF ARM/ROM .NS
PASS: mla #0xFF000000, #0xFF ARM/ROM PNS
PASS: mla #0xFF000000, #0xFF ARM/WRAM
PASS: mla #0xFF000000, #0xFF ARM/IWRAM
Timing test: mla #0xFFFF0000, #0xFF
PASS: mla #0xFFFF0000, #0xFF ARM/ROM ...
PASS: mla #0xFFFF0000, #0xFF ARM/ROM P..
PASS: mla #0xFFFF0000, #0xFF ARM/ROM .N.
PASS: mla #0xFFFF0000, #0xFF ARM/ROM PN.
PASS: mla #0xFFFF0000, #0xFF ARM/ROM ..S
PASS: mla #0xFFFF0000, #0xFF ARM/ROM P.S
PASS: mla #0xFFFF0000, #0xFF ARM/ROM .NS
PASS: mla #0xFFFF0000, #0xFF ARM/ROM PNS
PASS: mla #0xFFFF0000, #0xFF ARM/WRAM
PASS: mla #0xFFFF0000, #0xFF ARM/IWRAM
Timing test: mla #0xFFFFFF00, #0xFF
PASS: mla #0xFFFFFF00, #0xFF ARM/ROM ...
PASS: mla #0xFFFFFF00, #0xFF ARM/ROM P..
PASS: mla #0xFFFFFF00, #0xFF ARM/ROM .N.
PASS: mla #0xFFFFFF00, #0xFF ARM/ROM PN.
PASS: mla #0xFFFFFF00, #0xFF ARM/ROM ..S
PASS: mla #0xFFFFFF00, #0xFF ARM/ROM P.S
PASS: mla #0xFFFFFF00, #0xFF ARM/ROM .NS
PASS: mla #0xFFFFFF00, #0xFF ARM/ROM PNS
PASS: mla #0xFFFFFF00, #0xFF ARM/WRAM
PASS: mla #0xFFFFFF00, #0xFF ARM/IWRAM
Timing test: mla #0xFFFFFFFF, #0xFF
PASS: mla #0xFFFFFFFF, #0xFF ARM/ROM ...
PASS: mla #0xFFFFFFFF, #0xFF ARM/ROM P..
PASS: mla #0xFFFFFFFF, #0xFF ARM/ROM .N.
PASS: mla #0xFFFFFFFF, #0xFF ARM/ROM PN.
PASS: mla #0xFFFFFFFF, #0xFF ARM/ROM ..S
PASS: mla #0xFFFFFFFF, #0xFF ARM/ROM P.S
PASS: mla #0xFFFFFFFF, #0xFF ARM/ROM .NS
PASS: mla #0xFFFFFFFF, #0xFF ARM/ROM PNS
PASS: mla #0xFFFFFFFF, #0xFF ARM/WRAM
PASS: mla #0xFFFFFFFF, #0xFF ARM/IWRAM
Timing test: mla #0xFFFFFFFF, #0x00
PASS: mla #0xFFFFFFFF, #0x00 ARM/ROM ...
PASS: mla #0xFFFFFFFF, #0x00 ARM/ROM P..
PASS: mla #0xFFFFFFFF, #0x00 ARM/ROM .N.
PASS: mla #0xFFFFFFFF, #0x00 ARM/ROM PN.
PASS: mla #0xFFFFFFFF, #0x00 ARM/ROM ..S
PASS: mla #0xFFFFFFFF, #0x00 ARM/ROM P.S
PASS: mla #0xFFFFFFFF, #0x00 ARM/ROM .NS
PASS: mla #0xFFFFFFFF, #0x00 ARM/ROM PNS
PASS: mla #0xFFFFFFFF, #0x00 ARM/WRAM
PASS: mla #0xFFFFFFFF, #0x00 ARM/IWRAM
Timing test: smull #0x00000000, #0xFF
PASS: smull #0x00000000, #0xFF ARM/ROM ...
PASS: smull #0x00000000, #0xFF ARM/ROM P..
PASS: smull #0x00000000, #0xFF ARM/ROM .N.
PASS: smull #0x00000000, #0xFF ARM/ROM PN.
PASS: smull #0x00000000, #0xFF ARM/ROM ..S
PASS: smull #0x00000000, #0xFF ARM/ROM P.S
PASS: smull #0x00000000, #0xFF ARM/ROM .NS
PASS: smull #0x00000000, #0xFF ARM/ROM PNS
PASS: smull #0x00000000, #0xFF ARM/WRAM
PASS: smull #0x00000000, #0xFF ARM/IWRAM
Timing test: smull #0x00000078, #0xFF
PASS: smull #0x00000078, #0xFF ARM/ROM ...
PASS: smull #0x00000078, #0xFF ARM/ROM P..
PASS: smull #0x00000078, #0xFF ARM/ROM .N.
PASS: smull #0x00000078, #0xFF ARM/ROM PN.
PASS: smull #0x00000078, #0xFF ARM/ROM ..S
PASS: smull #0x00000078, #0xFF ARM/ROM P.S
PASS: smull #0x00000078, #0xFF ARM/ROM .NS
PASS: smull #0x00000078, #0xFF ARM/ROM PNS
PASS: smull #0x00000078, #0xFF ARM/WRAM
PASS: smull #0x00000078, #0xFF ARM/IWRAM
Timing test: smull #0x00005678, #0xFF
PASS: smull #0x00005678, #0xFF ARM/ROM ...
PASS: smull #0x00005678, #0xFF ARM/ROM P..
PASS: smull #0x00005678, #0xFF ARM/ROM .N.
PASS: smull #0x00005678, #0xFF ARM/ROM PN.
PASS: smull #0x00005678, #0xFF ARM/ROM ..S
PASS: smull #0x00005678, #0xFF ARM/ROM P.S
PASS: smull #0x00005678, #0xFF ARM/ROM .NS
PASS: smull #0x00005678, #0xFF ARM/ROM PNS
PASS: smull #0x00005678, #0xFF ARM/WRAM
PASS: smull #0x00005678, #0xFF ARM/IWRAM
Timing test: smull #0x00345678, #0xFF
PASS: smull #0x00345678, #0xFF ARM/ROM ...
PASS: smull #0x00345678, #0xFF ARM/ROM P..
PASS: smull #0x00345678, #0xFF ARM/ROM .N.
PASS: smull #0x00345678, #0xFF ARM/ROM PN.
PASS: smull #0x00345678, #0xFF ARM/ROM ..S
PASS: smull #0x00345678, #0xFF ARM/ROM P.S
PASS: smull #0x00345678, #0xFF ARM/ROM .NS
PASS: smull #0x00345678, #0xFF ARM/ROM PNS
PASS: smull #0x00345678, #0xFF ARM/WRAM
PASS: smull #0x00345678, #0xFF ARM/IWRAM
Timing test: smull #0x12345678, #0xFF
PASS: smull #0x12345678, #0xFF ARM/ROM ...
PASS: smull #0x12345678, #0xFF ARM/ROM P..
PASS: smull #0x12345678, #0xFF ARM/ROM .N.
PASS: smull #0x12345678, #0xFF ARM/ROM PN.
PASS: smull #0x12345678, #0xFF ARM/ROM ..S
PASS: smull #0x12345678, #0xFF ARM/ROM P.S
PASS: smull #0x12345678, #0xFF ARM/ROM .NS
PASS: smull #0x12345678, #0xFF ARM/ROM PNS
PASS: smull #0x12345678, #0xFF ARM/WRAM
PASS: smull #0x12345678, #0xFF ARM/IWRAM
Timing test: smull #0xFF000000, #0xFF
PASS: smull #0xFF000000, #0xFF ARM/ROM ...
PASS: smull #0xFF000000, #0xFF ARM/ROM P..
PASS: smull #0xFF000000, #0xFF ARM/ROM .N.
PASS: smull #0xFF000000, #0xFF ARM/ROM PN.
PASS: smull #0xFF000000, #0xFF ARM/ROM ..S
PASS: smull #0xFF000000, #0xFF ARM/ROM P.S
PASS: smull #0xFF000000, #0xFF ARM/ROM .NS
PASS: smull #0xFF000000, #0xFF ARM/ROM PNS
PASS: smull #0xFF000000, #0xFF ARM/WRAM
PASS: smull #0xFF000000, #0xFF ARM/IWRAM
Timing test: smull #0xFFFF0000, #0xFF
PASS: smull #0xFFFF0000, #0xFF ARM/ROM ...
PASS: smull #0xFFFF0000, #0xFF ARM/ROM P..
PASS: smull #0xFFFF0000, #0xFF ARM/ROM .N.
PASS: smull #0xFFFF0000, #0xFF ARM/ROM PN.
PASS: smull #0xFFFF0000, #0xFF ARM/ROM ..S
PASS: smull #0xFFFF0000, #0xFF ARM/ROM P.S
PASS: smull #0xFFFF0000, #0xFF ARM/ROM .NS
PASS: smull #0xFFFF0000, #0xFF ARM/ROM PNS
PASS: smull #0xFFFF0000, #0xFF ARM/WRAM
PASS: smull #0xFFFF0000, #0xFF ARM/IWRAM
Timing test: smull #0xFFFFFF00, #0xFF
PASS: smull #0xFFFFFF00, #0xFF ARM/ROM ...
PASS: smull #0xFFFFFF00, #0xFF ARM/ROM P..
PASS: smull #0xFFFFFF00, #0xFF ARM/ROM .N.
PASS: smull #0xFFFFFF00, #0xFF ARM/ROM PN.
PASS: smull #0xFFFFFF00, #0xFF ARM/ROM ..S
PASS: smull #0xFFFFFF00, #0xFF ARM/ROM P.S
PASS: smull #0xFFFFFF00, #0xFF ARM/ROM .NS
PASS: smull #0xFFFFFF00, #0xFF ARM/ROM PNS
PASS: smull #0xFFFFFF00, #0xFF ARM/WRAM
PASS: smull #0xFFFFFF00, #0xFF ARM/IWRAM
Timing test: smull #0xFFFFFFFF, #0xFF
PASS: smull #0xFFFFFFFF, #0xFF ARM/ROM ...
PASS: smull #0xFFFFFFFF, #0xFF ARM/ROM P..
PASS: smull #0xFFFFFFFF, #0xFF ARM/ROM .N.
PASS: smull #0xFFFFFFFF, #0xFF ARM/ROM PN.
PASS: smull #0xFFFFFFFF, #0xFF ARM/ROM ..S
PASS: smull #0xFFFFFFFF, #0xFF ARM/ROM P.S
PASS: smull #0xFFFFFFFF, #0xFF ARM/ROM .NS
PASS: smull #0xFFFFFFFF, #0xFF ARM/ROM PNS
PASS: smull #0xFFFFFFFF, #0xFF ARM/WRAM
PASS: smull #0xFFFFFFFF, #0xFF ARM/IWRAM
Timing test: smull #0xFFFFFFFF, #0x00
PASS: smull #0xFFFFFFFF, #0x00 ARM/ROM ...
PASS: smull #0xFFFFFFFF, #0x00 ARM/ROM P..
PASS: smull #0xFFFFFFFF, #0x00 ARM/ROM .N.
PASS: smull #0xFFFFFFFF, #0x00 ARM/ROM PN.
PASS: smull #0xFFFFFFFF, #0x00 ARM/ROM ..S
PASS: smull #0xFFFFFFFF, #0x00 ARM/ROM P.S
PASS: smull #0xFFFFFFFF, #0x00 ARM/ROM .NS
PASS: smull #0xFFFFFFFF, #0x00 ARM/ROM PNS
PASS: smull #0xFFFFFFFF, #0x00 ARM/WRAM
PASS: smull #0xFFFFFFFF, #0x00 ARM/IWRAM
Timing test: smlal #0x00000000, #0xFF
PASS: smlal #0x00000000, #0xFF ARM/ROM ...
PASS: smlal #0x00000000, #0xFF ARM/ROM P..
PASS: smlal #0x00000000, #0xFF ARM/ROM .N.
PASS: smlal #0x00000000, #0xFF ARM/ROM PN.
PASS: smlal #0x00000000, #0xFF ARM/ROM ..S
PASS: smlal #0x00000000, #0xFF ARM/ROM P.S
PASS: smlal #0x00000000, #0xFF ARM/ROM .NS
PASS: smlal #0x00000000, #0xFF ARM/ROM PNS
PASS: smlal #0x00000000, #0xFF ARM/WRAM
PASS: smlal #0x00000000, #0xFF ARM/IWRAM
Timing test: smlal #0x00000078, #0xFF
PASS: smlal #0x00000078, #0xFF ARM/ROM ...
PASS: smlal #0x00000078, #0xFF ARM/ROM P..
PASS: smlal #0x00000078, #0xFF ARM/ROM .N.
PASS: smlal #0x00000078, #0xFF ARM/ROM PN.
PASS: smlal #0x00000078, #0xFF ARM/ROM ..S
PASS: smlal #0x00000078, #0xFF ARM/ROM P.S
PASS: smlal #0x00000078, #0xFF ARM/ROM .NS
PASS: smlal #0x00000078, #0xFF ARM/ROM PNS
PASS: smlal #0x00000078, #0xFF ARM/WRAM
PASS: smlal #0x00000078, #0xFF ARM/IWRAM
Timing test: smlal #0x00005678, #0xFF
PASS: smlal #0x00005678, #0xFF ARM/ROM ...
PASS: smlal #0x00005678, #0xFF ARM/ROM P..
PASS: smlal #0x00005678, #0xFF ARM/ROM .N.
PASS: smlal #0x00005678, #0xFF ARM/ROM PN.
PASS: smlal #0x00005678, #0xFF ARM/ROM ..S
PASS: smlal #0x00005678, #0xFF ARM/ROM P.S
PASS: smlal #0x00005678, #0xFF ARM/ROM .NS
PASS: smlal #0x00005678, #0xFF ARM/ROM PNS
PASS: smlal #0x00005678, #0xFF ARM/WRAM
PASS: smlal #0x00005678, #0xFF ARM/IWRAM
Timing test: smlal #0x00345678, #0xFF
PASS: smlal #0x00345678, #0xFF ARM/ROM ...
PASS: smlal #0x00345678, #0xFF ARM/ROM P..
PASS: smlal #0x00345678, #0xFF ARM/ROM .N.
PASS: smlal #0x00345678, #0xFF ARM/ROM PN.
PASS: smlal #0x00345678, #0xFF ARM/ROM ..S
PASS: smlal #0x00345678, #0xFF ARM/ROM P.S
PASS: smlal #0x00345678, #0xFF ARM/ROM .NS
PASS: smlal #0x00345678, #0xFF ARM/ROM PNS
PASS: smlal #0x00345678, #0xFF ARM/WRAM
PASS: smlal #0x00345678, #0xFF ARM/IWRAM
Timing test: smlal #0x12345678, #0xFF
PASS: smlal #0x12345678, #0xFF ARM/ROM ...
PASS: smlal #0x12345678, #0xFF ARM/ROM P..
PASS: smlal #0x12345678, #0xFF ARM/ROM .N.
PASS: smlal #0x12345678, #0xFF ARM/ROM PN.
PASS: smlal #0x12345678, #0xFF ARM/ROM ..S
PASS: smlal #0x12345678, #0xFF ARM/ROM P.S
PASS: smlal #0x12345678, #0xFF ARM/ROM .NS
PASS: smlal #0x12345678, #0xFF ARM/ROM PNS
PASS: smlal #0x12345678, #0xFF ARM/WRAM
PASS: smlal #0x12345678, #0xFF ARM/IWRAM
Timing test: smlal #0xFF000000, #0xFF
PASS: smlal #0xFF000000, #0xFF ARM/ROM ...
PASS: smlal #0xFF000000, #0xFF ARM/ROM P..
PASS: smlal #0xFF000000, #0xFF ARM/ROM .N.
PASS: smlal #0xFF000000, #0xFF ARM/ROM PN.
PASS: smlal #0xFF000000, #0xFF ARM/ROM ..S
PASS: smlal #0xFF000000, #0xFF ARM/ROM P.S
PASS: smlal #0xFF000000, #0xFF ARM/ROM .NS
PASS: smlal #0xFF000000, #0xFF ARM/ROM PNS
PASS: smlal #0xFF000000, #0xFF ARM/WRAM
PASS: smlal #0xFF000000, #0xFF ARM/IWRAM
Timing test: smlal #0xFFFF0000, #0xFF
PASS: smlal #0xFFFF0000, #0xFF ARM/ROM ...
PASS: smlal #0xFFFF0000, #0xFF ARM/ROM P..
PASS: smlal #0xFFFF0000, #0xFF ARM/ROM .N.
PASS: smlal #0xFFFF0000, #0xFF ARM/ROM PN.
PASS: smlal #0xFFFF0000, #0xFF ARM/ROM ..S
PASS: smlal #0xFFFF0000, #0xFF ARM/ROM P.S
PASS: smlal #0xFFFF0000, #0xFF ARM/ROM .NS
PASS: smlal #0xFFFF0000, #0xFF ARM/ROM PNS
PASS: smlal #0xFFFF0000, #0xFF ARM/WRAM
PASS: smlal #0xFFFF0000, #0xFF ARM/IWRAM
Timing test: smlal #0xFFFFFF00, #0xFF
PASS: smlal #0xFFFFFF00, #0xFF ARM/ROM ...
PASS: smlal #0xFFFFFF00, #0xFF ARM/ROM P..
PASS: smlal #0xFFFFFF00, #0xFF ARM/ROM .N.
PASS: smlal #0xFFFFFF00, #0xFF ARM/ROM PN.
PASS: smlal #0xFFFFFF00, #0xFF ARM/ROM ..S
PASS: smlal #0xFFFFFF00, #0xFF ARM/ROM P.S
PASS: smlal #0xFFFFFF00, #0xFF ARM/ROM .NS
PASS: smlal #0xFFFFFF00, #0xFF ARM/ROM PNS
PASS: smlal #0xFFFFFF00, #0xFF ARM/WRAM
PASS: smlal #0xFFFFFF00, #0xFF ARM/IWRAM
Timing test: smlal #0xFFFFFFFF, #0xFF
PASS: smlal #0xFFFFFFFF, #0xFF ARM/ROM ...
PASS: smlal #0xFFFFFFFF, #0xFF ARM/ROM P..
PASS: smlal #0xFFFFFFFF, #0xFF ARM/ROM .N.
PASS: smlal #0xFFFFFFFF, #0xFF ARM/ROM PN.
PASS: smlal #0xFFFFFFFF, #0xFF ARM/ROM ..S
PASS: smlal #0xFFFFFFFF, #0xFF ARM/ROM P.S
PASS: smlal #0xFFFFFFFF, #0xFF ARM/ROM .NS
PASS: smlal #0xFFFFFFFF, #0xFF ARM/ROM PNS
PASS: smlal #0xFFFFFFFF, #0xFF ARM/WRAM
PASS: smlal #0xFFFFFFFF, #0xFF ARM/IWRAM
Timing test: smlal #0xFFFFFFFF, #0x00
PASS: smlal #0xFFFFFFFF, #0x00 ARM/ROM ...
PASS: smlal #0xFFFFFFFF, #0x00 ARM/ROM P..
PASS: smlal #0xFFFFFFFF, #0x00 ARM/ROM .N.
PASS: smlal #0xFFFFFFFF, #0x00 ARM/ROM PN.
PASS: smlal #0xFFFFFFFF, #0x00 ARM/ROM ..S
PASS: smlal #0xFFFFFFFF, #0x00 ARM/ROM P.S
PASS: smlal #0xFFFFFFFF, #0x00 ARM/ROM .NS
PASS: smlal #0xFFFFFFFF, #0x00 ARM/ROM PNS
PASS: smlal #0xFFFFFFFF, #0x00 ARM/WRAM
PASS: smlal #0xFFFFFFFF, #0x00 ARM/IWRAM
Timing test: umull #0x00000000, #0xFF
PASS: umull #0x00000000, #0xFF ARM/ROM ...
PASS: umull #0x00000000, #0xFF ARM/ROM P..
PASS: umull #0x00000000, #0xFF ARM/ROM .N.
PASS: umull #0x00000000, #0xFF ARM/ROM PN.
PASS: umull #0x00000000, #0xFF ARM/ROM ..S
PASS: umull #0x00000000, #0xFF ARM/ROM P.S
PASS: umull #0x00000000, #0xFF ARM/ROM .NS
PASS: umull #0x00000000, #0xFF ARM/ROM PNS
PASS: umull #0x00000000, #0xFF ARM/WRAM
PASS: umull #0x00000000, #0xFF ARM/IWRAM
Timing test: umull #0x00000078, #0xFF
PASS: umull #0x00000078, #0xFF ARM/ROM ...
PASS: umull #0x00000078, #0xFF ARM/ROM P..
PASS: umull #0x00000078, #0xFF ARM/ROM .N.
PASS: umull #0x00000078, #0xFF ARM/ROM PN.
PASS: umull #0x00000078, #0xFF ARM/ROM ..S
PASS: umull #0x00000078, #0xFF ARM/ROM P.S
PASS: umull #0x00000078, #0xFF ARM/ROM .NS
PASS: umull #0x00000078, #0xFF ARM/ROM PNS
PASS: umull #0x00000078, #0xFF ARM/WRAM
PASS: umull #0x00000078, #0xFF ARM/IWRAM
Timing test: umull #0x00005678, #0xFF
PASS: umull #0x00005678, #0xFF ARM/ROM ...
PASS: umull #0x00005678, #0xFF ARM/ROM P..
PASS: umull #0x00005678, #0xFF ARM/ROM .N.
PASS: umull #0x00005678, #0xFF ARM/ROM PN.
PASS: umull #0x00005678, #0xFF ARM/ROM ..S
PASS: umull #0x00005678, #0xFF ARM/ROM P.S
PASS: umull #0x00005678, #0xFF ARM/ROM .NS
PASS: umull #0x00005678, #0xFF ARM/ROM PNS
PASS: umull #0x00005678, #0xFF ARM/WRAM
PASS: umull #0x00005678, #0xFF ARM/IWRAM
Timing test: umull #0x00345678, #0xFF
PASS: umull #0x00345678, #0xFF ARM/ROM ...
PASS: umull #0x00345678, #0xFF ARM/ROM P..
PASS: umull #0x00345678, #0xFF ARM/ROM .N.
PASS: umull #0x00345678, #0xFF ARM/ROM PN.
PASS: umull #0x00345678, #0xFF ARM/ROM ..S
PASS: umull #0x00345678, #0xFF ARM/ROM P.S
PASS: umull #0x00345678, #0xFF ARM/ROM .NS
PASS: umull #0x00345678, #0xFF ARM/ROM PNS
PASS: umull #0x00345678, #0xFF ARM/WRAM
PASS: umull #0x00345678, #0xFF ARM/IWRAM
Timing test: umull #0x12345678, #0xFF
PASS: umull #0x12345678, #0xFF ARM/ROM ...
PASS: umull #0x12345678, #0xFF ARM/ROM P..
PASS: umull #0x12345678, #0xFF ARM/ROM .N.
PASS: umull #0x12345678, #0xFF ARM/ROM PN.
PASS: umull #0x12345678, #0xFF ARM/ROM ..S
PASS: umull #0x12345678, #0xFF ARM/ROM P.S
PASS: umull #0x12345678, #0xFF ARM/ROM .NS
PASS: umull #0x12345678, #0xFF ARM/ROM PNS
PASS: umull #0x12345678, #0xFF ARM/WRAM
PASS: umull #0x12345678, #0xFF ARM/IWRAM
Timing test: umull #0xFF000000, #0xFF
PASS: umull #0xFF000000, #0xFF ARM/ROM ...
PASS: umull #0xFF000000, #0xFF ARM/ROM P..
PASS: umull #0xFF000000, #0xFF ARM/ROM .N.
PASS: umull #0xFF000000, #0xFF ARM/ROM PN.
PASS: umull #0xFF000000, #0xFF ARM/ROM ..S
PASS: umull #0xFF000000, #0xFF ARM/ROM P.S
PASS: umull #0xFF000000, #0xFF ARM/ROM .NS
PASS: umull #0xFF000000, #0xFF ARM/ROM PNS
PASS: umull #0xFF000000, #0xFF ARM/WRAM
PASS: umull #0xFF000000, #0xFF ARM/IWRAM
Timing test: umull #0xFFFF0000, #0xFF
PASS: umull #0xFFFF0000, #0xFF ARM/ROM ...
PASS: umull #0xFFFF0000, #0xFF ARM/ROM P..
PASS: umull #0xFFFF0000, #0xFF ARM/ROM .N.
PASS: umull #0xFFFF0000, #0xFF ARM/ROM PN.
PASS: umull #0xFFFF0000, #0xFF ARM/ROM ..S
PASS: umull #0xFFFF0000, #0xFF ARM/ROM P.S
PASS: umull #0xFFFF0000, #0xFF ARM/ROM .NS
PASS: umull #0xFFFF0000, #0xFF ARM/ROM PNS
PASS: umull #0xFFFF0000, #0xFF ARM/WRAM
PASS: umull #0xFFFF0000, #0xFF ARM/IWRAM
Timing test: umull #0xFFFFFF00, #0xFF
PASS: umull #0xFFFFFF00, #0xFF ARM/ROM ...
PASS: umull #0xFFFFFF00, #0xFF ARM/ROM P..
PASS: umull #0xFFFFFF00, #0xFF ARM/ROM .N.
PASS: umull #0xFFFFFF00, #0xFF ARM/ROM PN.
PASS: umull #0xFFFFFF00, #0xFF ARM/ROM ..S
PASS: umull #0xFFFFFF00, #0xFF ARM/ROM P.S
PASS: umull #0xFFFFFF00, #0xFF ARM/ROM .NS
PASS: umull #0xFFFFFF00, #0xFF ARM/ROM PNS
PASS: umull #0xFFFFFF00, #0xFF ARM/WRAM
PASS: umull #0xFFFFFF00, #0xFF ARM/IWRAM
Timing test: umull #0xFFFFFFFF, #0xFF
PASS: umull #0xFFFFFFFF, #0xFF ARM/ROM ...
PASS: umull #0xFFFFFFFF, #0xFF ARM/ROM P..
PASS: umull #0xFFFFFFFF, #0xFF ARM/ROM .N.
PASS: umull #0xFFFFFFFF, #0xFF ARM/ROM PN.
PASS: umull #0xFFFFFFFF, #0xFF ARM/ROM ..S
PASS: umull #0xFFFFFFFF, #0xFF ARM/ROM P.S
PASS: umull #0xFFFFFFFF, #0xFF ARM/ROM .NS
PASS: umull #0xFFFFFFFF, #0xFF ARM/ROM PNS
PASS: umull #0xFFFFFFFF, #0xFF ARM/WRAM
PASS: umull #0xFFFFFFFF, #0xFF ARM/IWRAM
Timing test: umull #0xFFFFFFFF, #0x00
PASS: umull #0xFFFFFFFF, #0x00 ARM/ROM ...
PASS: umull #0xFFFFFFFF, #0x00 ARM/ROM P..
PASS: umull #0xFFFFFFFF, #0x00 ARM/ROM .N.
PASS: umull #0xFFFFFFFF, #0x00 ARM/ROM PN.
PASS: umull #0xFFFFFFFF, #0x00 ARM/ROM ..S
PASS: umull #0xFFFFFFFF, #0x00 ARM/ROM P.S
PASS: umull #0xFFFFFFFF, #0x00 ARM/ROM .NS
PASS: umull #0xFFFFFFFF, #0x00 ARM/ROM PNS
PASS: umull #0xFFFFFFFF, #0x00 ARM/WRAM
PASS: umull #0xFFFFFFFF, #0x00 ARM/IWRAM
Timing test: umlal #0x00000000, #0xFF
PASS: umlal #0x00000000, #0xFF ARM/ROM ...
PASS: umlal #0x00000000, #0xFF ARM/ROM P..
PASS: umlal #0x00000000, #0xFF ARM/ROM .N.
PASS: umlal #0x00000000, #0xFF ARM/ROM PN.
PASS: umlal #0x00000000, #0xFF ARM/ROM ..S
PASS: umlal #0x00000000, #0xFF ARM/ROM P.S
PASS: umlal #0x00000000, #0xFF ARM/ROM .NS
PASS: umlal #0x00000000, #0xFF ARM/ROM PNS
PASS: umlal #0x00000000, #0xFF ARM/WRAM
PASS: umlal #0x00000000, #0xFF ARM/IWRAM
Timing test: umlal #0x00000078, #0xFF
PASS: umlal #0x00000078, #0xFF ARM/ROM ...
PASS: umlal #0x00000078, #0xFF ARM/ROM P..
PASS: umlal #0x00000078, #0xFF ARM/ROM .N.
PASS: umlal #0x00000078, #0xFF ARM/ROM PN.
PASS: umlal #0x00000078, #0xFF ARM/ROM ..S
PASS: umlal #0x00000078, #0xFF ARM/ROM P.S
PASS: umlal #0x00000078, #0xFF ARM/ROM .NS
PASS: umlal #0x00000078, #0xFF ARM/ROM PNS
PASS: umlal #0x00000078, #0xFF ARM/WRAM
PASS: umlal #0x00000078, #0xFF ARM/IWRAM
Timing test: umlal #0x00005678, #0xFF
PASS: umlal #0x00005678, #0xFF ARM/ROM ...
PASS: umlal #0x00005678, #0xFF ARM/ROM P..
PASS: umlal #0x00005678, #0xFF ARM/ROM .N.
PASS: umlal #0x00005678, #0xFF ARM/ROM PN.
PASS: umlal #0x00005678, #0xFF ARM/ROM ..S
PASS: umlal #0x00005678, #0xFF ARM/ROM P.S
PASS: umlal #0x00005678, #0xFF ARM/ROM .NS
PASS: umlal #0x00005678, #0xFF ARM/ROM PNS
PASS: umlal #0x00005678, #0xFF ARM/WRAM
PASS: umlal #0x00005678, #0xFF ARM/IWRAM
Timing test: umlal #0x00345678, #0xFF
PASS: umlal #0x00345678, #0xFF ARM/ROM ...
PASS: umlal #0x00345678, #0xFF ARM/ROM P..
PASS: umlal #0x00345678, #0xFF ARM/ROM .N.
PASS: umlal #0x00345678, #0xFF ARM/ROM PN.
PASS: umlal #0x00345678, #0xFF ARM/ROM ..S
PASS: umlal #0x00345678, #0xFF ARM/ROM P.S
PASS: umlal #0x00345678, #0xFF ARM/ROM .NS
PASS: umlal #0x00345678, #0xFF ARM/ROM PNS
PASS: umlal #0x00345678, #0xFF ARM/WRAM
PASS: umlal #0x00345678, #0xFF ARM/IWRAM
Timing test: umlal #0x12345678, #0xFF
PASS: umlal #0x12345678, #0xFF ARM/ROM ...
PASS: umlal #0x12345678, #0xFF ARM/ROM P..
PASS: umlal #0x12345678, #0xFF ARM/ROM .N.
PASS: umlal #0x12345678, #0xFF ARM/ROM PN.
PASS: umlal #0x12345678, #0xFF ARM/ROM ..S
PASS: umlal #0x12345678, #0xFF ARM/ROM P.S
PASS: umlal #0x12345678, #0xFF ARM/ROM .NS
PASS: umlal #0x12345678, #0xFF ARM/ROM PNS
PASS: umlal #0x12345678, #0xFF ARM/WRAM
PASS: umlal #0x12345678, #0xFF ARM/IWRAM
Timing test: umlal #0xFF000000, #0xFF
PASS: umlal #0xFF000000, #0xFF ARM/ROM ...
PASS: umlal #0xFF000000, #0xFF ARM/ROM P..
PASS: umlal #0xFF000000, #0xFF ARM/ROM .N.
PASS: umlal #0xFF000000, #0xFF ARM/ROM PN.
PASS: umlal #0xFF000000, #0xFF ARM/ROM ..S
PASS: umlal #0xFF000000, #0xFF ARM/ROM P.S
PASS: umlal #0xFF000000, #0xFF ARM/ROM .NS
PASS: umlal #0xFF000000, #0xFF ARM/ROM PNS
PASS: umlal #0xFF000000, #0xFF ARM/WRAM
PASS: umlal #0xFF000000, #0xFF ARM/IWRAM
Timing test: umlal #0xFFFF0000, #0xFF
PASS: umlal #0xFFFF0000, #0xFF ARM/ROM ...
PASS: umlal #0xFFFF0000, #0xFF ARM/ROM P..
PASS: umlal #0xFFFF0000, #0xFF ARM/ROM .N.
PASS: umlal #0xFFFF0000, #0xFF ARM/ROM PN.
PASS: umlal #0xFFFF0000, #0xFF ARM/ROM ..S
PASS: umlal #0xFFFF0000, #0xFF ARM/ROM P.S
PASS: umlal #0xFFFF0000, #0xFF ARM/ROM .NS
PASS: umlal #0xFFFF0000, #0xFF ARM/ROM PNS
PASS: umlal #0xFFFF0000, #0xFF ARM/WRAM
PASS: umlal #0xFFFF0000, #0xFF ARM/IWRAM
Timing test: umlal #0xFFFFFF00, #0xFF
PASS: umlal #0xFFFFFF00, #0xFF ARM/ROM ...
PASS: umlal #0xFFFFFF00, #0xFF ARM/ROM P..
PASS: umlal #0xFFFFFF00, #0xFF ARM/ROM .N.
PASS: umlal #0xFFFFFF00, #0xFF ARM/ROM PN.
PASS: umlal #0xFFFFFF00, #0xFF ARM/ROM ..S
PASS: umlal #0xFFFFFF00, #0xFF ARM/ROM P.S
PASS: umlal #0xFFFFFF00, #0xFF ARM/ROM .NS
PASS: umlal #0xFFFFFF00, #0xFF ARM/ROM PNS
PASS: umlal #0xFFFFFF00, #0xFF ARM/WRAM
PASS: umlal #0xFFFFFF00, #0xFF ARM/IWRAM
Timing test: umlal #0xFFFFFFFF, #0xFF
PASS: umlal #0xFFFFFFFF, #0xFF ARM/ROM ...
PASS: umlal #0xFFFFFFFF, #0xFF ARM/ROM P..
PASS: umlal #0xFFFFFFFF, #0xFF ARM/ROM .N.
PASS: umlal #0xFFFFFFFF, #0xFF ARM/ROM PN.
PASS: umlal #0xFFFFFFFF, #0xFF ARM/ROM ..S
PASS: umlal #0xFFFFFFFF, #0xFF ARM/ROM P.S
PASS: umlal #0xFFFFFFFF, #0xFF ARM/ROM .NS
PASS: umlal #0xFFFFFFFF, #0xFF ARM/ROM PNS
PASS: umlal #0xFFFFFFFF, #0xFF ARM/WRAM
PASS: umlal #0xFFFFFFFF, #0xFF ARM/IWRAM
Timing test: umlal #0xFFFFFFFF, #0x00
PASS: umlal #0xFFFFFFFF, #0x00 ARM/ROM ...
PASS: umlal #0xFFFFFFFF, #0x00 ARM/ROM P..
PASS: umlal #0xFFFFFFFF, #0x00 ARM/ROM .N.
PASS: umlal #0xFFFFFFFF, #0x00 ARM/ROM PN.
PASS: umlal #0xFFFFFFFF, #0x00 ARM/ROM ..S
PASS: umlal #0xFFFFFFFF, #0x00 ARM/ROM P.S
PASS: umlal #0xFFFFFFFF, #0x00 ARM/ROM .NS
PASS: umlal #0xFFFFFFFF, #0x00 ARM/ROM PNS
PASS: umlal #0xFFFFFFFF, #0x00 ARM/WRAM
PASS: umlal #0xFFFFFFFF, #0x00 ARM/IWRAM
Timing test: b pc
PASS: b pc ARM/ROM ...
PASS: b pc ARM/ROM P..
PASS: b pc ARM/ROM .N.
PASS: b pc ARM/ROM PN.
PASS: b pc ARM/ROM ..S
PASS: b pc ARM/ROM P.S
PASS: b pc ARM/ROM .NS
PASS: b pc ARM/ROM PNS
PASS: b pc ARM/WRAM
PASS: b pc ARM/IWRAM
PASS: b pc Thumb/ROM ...
PASS: b pc Thumb/ROM P..
PASS: b pc Thumb/ROM .N.
PASS: b pc Thumb/ROM PN.
PASS: b pc Thumb/ROM ..S
PASS: b pc Thumb/ROM P.S
PASS: b pc Thumb/ROM .NS
PASS: b pc Thumb/ROM PNS
PASS: b pc Thumb/WRAM
PASS: b pc Thumb/IWRAM
Timing test: nop ; b pc
PASS: nop ; b pc ARM/ROM ...
PASS: nop ; b pc ARM/ROM P..
PASS: nop ; b pc ARM/ROM .N.
PASS: nop ; b pc ARM/ROM PN.
PASS: nop ; b pc ARM/ROM ..S
PASS: nop ; b pc ARM/ROM P.S
PASS: nop ; b pc ARM/ROM .NS
PASS: nop ; b pc ARM/ROM PNS
PASS: nop ; b pc ARM/WRAM
PASS: nop ; b pc ARM/IWRAM
PASS: nop ; b pc Thumb/ROM ...
PASS: nop ; b pc Thumb/ROM P..
PASS: nop ; b pc Thumb/ROM .N.
PASS: nop ; b pc Thumb/ROM PN.
PASS: nop ; b pc Thumb/ROM ..S
PASS: nop ; b pc Thumb/ROM P.S
PASS: nop ; b pc Thumb/ROM .NS
PASS: nop ; b pc Thumb/ROM PNS
PASS: nop ; b pc Thumb/WRAM
PASS: nop ; b pc Thumb/IWRAM
Timing test: bx
FAIL: bx ARM/ROM ...
[sram]
Game Boy Advance Test Suite
===
Timing test: Calibration
Timing test: nop
Timing test: nop / nop
Timing test: ldrh r2, [sp]
Timing test: ldrh r2, [sp] / nop
Timing test: nop / ldrh r2, [sp]
Timing test: nop / ldrh r2, [sp] / nop
Timing test: ldrh r2, [#0x08000000]
Timing test: ldrh r2, [#0x08000000] / nop
Timing test: nop / ldrh r2, [#0x08000000]
Timing test: ldr r2, [sp]
Timing test: ldr r2, [sp] / nop
Timing test: nop / ldr r2, [sp]
Timing test: ldr r2, [#0x08000000]
Timing test: ldr r2, [#0x08000000] / nop
Timing test: nop / ldr r2, [#0x08000000]
Timing test: strh r3, [sp]
Timing test: strh r3, [sp] / nop
Timing test: nop / strh r3, [sp]
Timing test: nop / strh r3, [sp] / nop
Timing test: ldr r2, [sp] x2
Timing test: ldr r2, [#0x08000000] / ldr r2, [sp]
Timing test: ldr r2, [sp] / ldr r2, [#0x08000000]
Timing test: ldr r2, [#0x08000000] x2
Timing test: str r3, [sp] x2
Timing test: ldr r2, [sp] / str r2, [sp]
Timing test: str r3, [sp] / ldr r3, [sp]
Timing test: ldmia sp, {r2}
Timing test: ldmia sp, {r2, r3}
Timing test: ldmia sp, {r2-r7}
Timing test: ldmia sp, {r2} x2
Timing test: ldmia sp, {r2, r3} x2
Timing test: ldmia sp, {r2-r7} x2
Timing test: stmia sp, {r2}
Timing test: stmia sp, {r2, r3}
Timing test: stmia sp, {r2-r7}
Timing test: stmia sp, {r2} x2
Timing test: stmia sp, {r2, r3} x2
Timing test: stmia sp, {r2-r7} x2
Timing test: ldmia [#0x07FFFFFC]!, {r3-r7}
Timing test: ldmia [#0x07FFFFF8]!, {r3-r7}
Timing test: ldmia [#0x07FFFFF4]!, {r3-r7}
Timing test: ldmia [#0x07FFFFF0]!, {r3-r7}
Timing test: ldmia [#0x07FFFFEC]!, {r3-r7}
Timing test: mul #0x00000000, #0xFF
Timing test: mul #0x00000078, #0xFF
Timing test: mul #0x00005678, #0xFF
Timing test: mul #0x00345678, #0xFF
Timing test: mul #0x12345678, #0xFF
Timing test: mul #0xFF000000, #0xFF
Timing test: mul #0xFFFF0000, #0xFF
Timing test: mul #0xFFFFFF00, #0xFF
Timing test: mul #0xFFFFFFFF, #0xFF
Timing test: mul #0xFFFFFFFF, #0x00
Timing test: mla #0x00000000, #0xFF
Timing test: mla #0x00000078, #0xFF
Timing test: mla #0x00005678, #0xFF
Timing test: mla #0x00345678, #0xFF
Timing test: mla #0x12345678, #0xFF
Timing test: mla #0xFF000000, #0xFF
Timing test: mla #0xFFFF0000, #0xFF
Timing test: mla #0xFFFFFF00, #0xFF
Timing test: mla #0xFFFFFFFF, #0xFF
Timing test: mla #0xFFFFFFFF, #0x00
Timing test: smull #0x00000000, #0xFF
Timing test: smull #0x00000078, #0xFF
Timing test: smull #0x00005678, #0xFF
Timing test: smull #0x00345678, #0xFF
Timing test: smull #0x12345678, #0xFF
Timing test: smull #0xFF000000, #0xFF
Timing test: smull #0xFFFF0000, #0xFF
Timing test: smull #0xFFFFFF00, #0xFF
Timing test: smull #0xFFFFFFFF, #0xFF
Timing test: smull #0xFFFFFFFF, #0x00
Timing test: smlal #0x00000000, #0xFF
Timing test: smlal #0x00000078, #0xFF
Timing test: smlal #0x00005678, #0xFF
Timing test: smlal #0x00345678, #0xFF
Timing test: smlal #0x12345678, #0xFF
Timing test: smlal #0xFF000000, #0xFF
Timing test: smlal #0xFFFF0000, #0xFF
Timing test: smlal #0xFFFFFF00, #0xFF
Timing test: smlal #0xFFFFFFFF, #0xFF
Timing test: smlal #0xFFFFFFFF, #0x00
Timing test: umull #0x00000000, #0xFF
Timing test: umull #0x00000078, #0xFF
Timing test: umull #0x00005678, #0xFF
Timing test: umull #0x00345678, #0xFF
Timing test: umull #0x12345678, #0xFF
Timing test: umull #0xFF000000, #0xFF
Timing test: umull #0xFFFF0000, #0xFF
Timing test: umull #0xFFFFFF00, #0xFF
Timing test: umull #0xFFFFFFFF, #0xFF
Timing test: umull #0xFFFFFFFF, #0x00
Timing test: umlal #0x00000000, #0xFF
Timing test: umlal #0x00000078, #0xFF
Timing test: umlal #0x00005678, #0xFF
Timing test: umlal #0x00345678, #0xFF
Timing test: umlal #0x12345678, #0xFF
Timing test: umlal #0xFF000000, #0xFF
Timing test: umlal #0xFFFF0000, #0xFF
Timing test: umlal #0xFFFFFF00, #0xFF
Timing test: umlal #0xFFFFFFFF, #0xFF
Timing test: umlal #0xFFFFFFFF, #0x00
Timing test: b pc
Timing test: nop ; b pc
Timing test: bx

=== Summary ===
No END: summaries were emitted yet; use the per-suite SRAM output above.
