=== GBA Test Suite Runner ===
ROM:  tests/assets/roms/suite.gba
BIOS: tests/assets/roms/gba_bios.bin
Booting...
After 60 frames: PC=0x00000348 CPSR=0x6000005F halted=1 cycle=16769984
[DBG] Game Boy Advance Test Suite
===
[DBG] BEGIN: Timer count-up tests
[DBG] Timer count-up test: 0b, 0x0001
[DBG] PASS: 0b, 0x0001 1xs 1d 1i
[DBG] PASS: 0b, 0x0001 16xs 1d 1i
[DBG] PASS: 0b, 0x0001 1xv 1d 1i
[DBG] PASS: 0b, 0x0001 16xv 1d 1i
[DBG] PASS: 0b, 0x0001 1xs 2d 1i
[DBG] PASS: 0b, 0x0001 16xs 2d 1i
[DBG] PASS: 0b, 0x0001 1xv 2d 1i
[DBG] PASS: 0b, 0x0001 16xv 2d 1i
[DBG] PASS: 0b, 0x0001 1xs 4d 1i
[DBG] PASS: 0b, 0x0001 16xs 4d 1i
[DBG] PASS: 0b, 0x0001 1xv 4d 1i
[DBG] PASS: 0b, 0x0001 16xv 4d 1i
[DBG] PASS: 0b, 0x0001 1xs 1d 2i
[DBG] PASS: 0b, 0x0001 16xs 1d 2i
[DBG] PASS: 0b, 0x0001 1xv 1d 2i
[DBG] PASS: 0b, 0x0001 16xv 1d 2i
[DBG] PASS: 0b, 0x0001 1xs 2d 2i
[DBG] PASS: 0b, 0x0001 16xs 2d 2i
[DBG] PASS: 0b, 0x0001 1xv 2d 2i
[DBG] PASS: 0b, 0x0001 16xv 2d 2i
[DBG] PASS: 0b, 0x0001 1xs 4d 2i
[DBG] PASS: 0b, 0x0001 16xs 4d 2i
[DBG] PASS: 0b, 0x0001 1xv 4d 2i
[DBG] PASS: 0b, 0x0001 16xv 4d 2i
[DBG] PASS: 0b, 0x0001 1xs 1d 4i
[DBG] PASS: 0b, 0x0001 16xs 1d 4i
[DBG] PASS: 0b, 0x0001 1xv 1d 4i
[DBG] PASS: 0b, 0x0001 16xv 1d 4i
[DBG] PASS: 0b, 0x0001 1xs 2d 4i
[DBG] PASS: 0b, 0x0001 16xs 2d 4i
[DBG] PASS: 0b, 0x0001 1xv 2d 4i
[DBG] PASS: 0b, 0x0001 16xv 2d 4i
[DBG] PASS: 0b, 0x0001 1xs 4d 4i
[DBG] PASS: 0b, 0x0001 16xs 4d 4i
[DBG] PASS: 0b, 0x0001 1xv 4d 4i
[DBG] PASS: 0b, 0x0001 16xv 4d 4i
[DBG] Timer count-up test: 0b, 0x0005
[DBG] FAIL: 0b, 0x0005 1xs 1d 1i
[DBG] 1xs 1d 1i: Got 00000002 vs 00000003: FAIL
[DBG] PASS: 0b, 0x0005 16xs 1d 1i
[DBG] FAIL: 0b, 0x0005 1xv 1d 1i
[DBG] 1xv 1d 1i: Got FFFD vs FFFF: FAIL
[DBG] PASS: 0b, 0x0005 16xv 1d 1i
[DBG] FAIL: 0b, 0x0005 1xs 2d 1i
[DBG] 1xs 2d 1i: Got 00000002 vs 00000003: FAIL
[DBG] PASS: 0b, 0x0005 16xs 2d 1i
[DBG] FAIL: 0b, 0x0005 1xv 2d 1i
[DBG] 1xv 2d 1i: Got FFFD vs FFFF: FAIL
[DBG] PASS: 0b, 0x0005 16xv 2d 1i
[DBG] FAIL: 0b, 0x0005 1xs 4d 1i
[DBG] 1xs 4d 1i: Got 00000002 vs 00000003: FAIL
[DBG] PASS: 0b, 0x0005 16xs 4d 1i
[DBG] FAIL: 0b, 0x0005 1xv 4d 1i
[DBG] 1xv 4d 1i: Got FFFD vs FFFF: FAIL
[DBG] PASS: 0b, 0x0005 16xv 4d 1i
[DBG] FAIL: 0b, 0x0005 1xs 1d 2i
[DBG] 1xs 1d 2i: Got 00000002 vs 00000003: FAIL
[DBG] PASS: 0b, 0x0005 16xs 1d 2i
[DBG] FAIL: 0b, 0x0005 1xv 1d 2i
[DBG] 1xv 1d 2i: Got FFFC vs FFFB: FAIL
[DBG] FAIL: 0b, 0x0005 16xv 1d 2i
[DBG] 16xv 1d 2i: Got FFFC vs FFFE: FAIL
[DBG] FAIL: 0b, 0x0005 1xs 2d 2i
[DBG] 1xs 2d 2i: Got 00000002 vs 00000003: FAIL
[DBG] PASS: 0b, 0x0005 16xs 2d 2i
[DBG] FAIL: 0b, 0x0005 1xv 2d 2i
[DBG] 1xv 2d 2i: Got FFFC vs FFFB: FAIL
[DBG] FAIL: 0b, 0x0005 16xv 2d 2i
[DBG] 16xv 2d 2i: Got FFFC vs FFFE: FAIL
[DBG] FAIL: 0b, 0x0005 1xs 4d 2i
[DBG] 1xs 4d 2i: Got 00000002 vs 00000003: FAIL
[DBG] PASS: 0b, 0x0005 16xs 4d 2i
[DBG] FAIL: 0b, 0x0005 1xv 4d 2i
[DBG] 1xv 4d 2i: Got FFFC vs FFFB: FAIL
[DBG] FAIL: 0b, 0x0005 16xv 4d 2i
[DBG] 16xv 4d 2i: Got FFFC vs FFFE: FAIL
[DBG] FAIL: 0b, 0x0005 1xs 1d 4i
[DBG] 1xs 1d 4i: Got 00000002 vs 00000003: FAIL
[DBG] PASS: 0b, 0x0005 16xs 1d 4i
[DBG] FAIL: 0b, 0x0005 1xv 1d 4i
[DBG] 1xv 1d 4i: Got FFFF vs FFFD: FAIL
[DBG] FAIL: 0b, 0x0005 16xv 1d 4i
[DBG] 16xv 1d 4i: Got FFFF vs FFFB: FAIL
[DBG] FAIL: 0b, 0x0005 1xs 2d 4i
[DBG] 1xs 2d 4i: Got 00000002 vs 00000003: FAIL
[DBG] PASS: 0b, 0x0005 16xs 2d 4i
[DBG] FAIL: 0b, 0x0005 1xv 2d 4i
[DBG] 1xv 2d 4i: Got FFFF vs FFFD: FAIL
[DBG] FAIL: 0b, 0x0005 16xv 2d 4i
[DBG] 16xv 2d 4i: Got FFFF vs FFFB: FAIL
[DBG] FAIL: 0b, 0x0005 1xs 4d 4i
[DBG] 1xs 4d 4i: Got 00000002 vs 00000003: FAIL
[DBG] PASS: 0b, 0x0005 16xs 4d 4i
[DBG] FAIL: 0b, 0x0005 1xv 4d 4i
[DBG] 1xv 4d 4i: Got FFFF vs FFFD: FAIL
[DBG] FAIL: 0b, 0x0005 16xv 4d 4i
[DBG] 16xv 4d 4i: Got FFFF vs FFFB: FAIL
[DBG] Timer count-up test: 0b, 0x000C
[DBG] PASS: 0b, 0x000C 1xs 1d 1i
[DBG] FAIL: 0b, 0x000C 16xs 1d 1i
[DBG] 16xs 1d 1i: Got 00000010 vs 00000020: FAIL
[DBG] FAIL: 0b, 0x000C 1xv 1d 1i
[DBG] 1xv 1d 1i: Got FFFE vs FFFC: FAIL
[DBG] FAIL: 0b, 0x000C 16xv 1d 1i
[DBG] 16xv 1d 1i: Got FFFC vs FFFE: FAIL
[DBG] PASS: 0b, 0x000C 1xs 2d 1i
[DBG] FAIL: 0b, 0x000C 16xs 2d 1i
[DBG] 16xs 2d 1i: Got 00000010 vs 00000020: FAIL
[DBG] FAIL: 0b, 0x000C 1xv 2d 1i
[DBG] 1xv 2d 1i: Got FFFE vs FFFC: FAIL
[DBG] FAIL: 0b, 0x000C 16xv 2d 1i
[DBG] 16xv 2d 1i: Got FFFC vs FFFE: FAIL
[DBG] PASS: 0b, 0x000C 1xs 4d 1i
[DBG] FAIL: 0b, 0x000C 16xs 4d 1i
[DBG] 16xs 4d 1i: Got 00000010 vs 00000020: FAIL
[DBG] FAIL: 0b, 0x000C 1xv 4d 1i
[DBG] 1xv 4d 1i: Got FFFE vs FFFC: FAIL
[DBG] FAIL: 0b, 0x000C 16xv 4d 1i
[DBG] 16xv 4d 1i: Got FFFC vs FFFE: FAIL
[DBG] PASS: 0b, 0x000C 1xs 1d 2i
[DBG] FAIL: 0b, 0x000C 16xs 1d 2i
[DBG] 16xs 1d 2i: Got 00000010 vs 00000020: FAIL
[DBG] PASS: 0b, 0x000C 1xv 1d 2i
[DBG] FAIL: 0b, 0x000C 16xv 1d 2i
[DBG] 16xv 1d 2i: Got FFFB vs FFFF: FAIL
[DBG] PASS: 0b, 0x000C 1xs 2d 2i
[DBG] FAIL: 0b, 0x000C 16xs 2d 2i
[DBG] 16xs 2d 2i: Got 00000010 vs 00000020: FAIL
[DBG] PASS: 0b, 0x000C 1xv 2d 2i
[DBG] FAIL: 0b, 0x000C 16xv 2d 2i
[DBG] 16xv 2d 2i: Got FFFB vs FFFF: FAIL
[DBG] PASS: 0b, 0x000C 1xs 4d 2i
[DBG] FAIL: 0b, 0x000C 16xs 4d 2i
[DBG] 16xs 4d 2i: Got 00000010 vs 00000020: FAIL
[DBG] PASS: 0b, 0x000C 1xv 4d 2i
[DBG] FAIL: 0b, 0x000C 16xv 4d 2i
[DBG] 16xv 4d 2i: Got FFFB vs FFFF: FAIL
[DBG] PASS: 0b, 0x000C 1xs 1d 4i
[DBG] FAIL: 0b, 0x000C 16xs 1d 4i
[DBG] 16xs 1d 4i: Got 00000010 vs 00000020: FAIL
[DBG] FAIL: 0b, 0x000C 1xv 1d 4i
[DBG] 1xv 1d 4i: Got FFFB vs FFFF: FAIL
[DBG] FAIL: 0b, 0x000C 16xv 1d 4i
[DBG] 16xv 1d 4i: Got FFF9 vs FFF5: FAIL
[DBG] PASS: 0b, 0x000C 1xs 2d 4i
[DBG] FAIL: 0b, 0x000C 16xs 2d 4i
[DBG] 16xs 2d 4i: Got 00000010 vs 00000020: FAIL
[DBG] FAIL: 0b, 0x000C 1xv 2d 4i
[DBG] 1xv 2d 4i: Got FFFB vs FFFF: FAIL
[DBG] FAIL: 0b, 0x000C 16xv 2d 4i
[DBG] 16xv 2d 4i: Got FFF9 vs FFF5: FAIL
[DBG] PASS: 0b, 0x000C 1xs 4d 4i
[DBG] FAIL: 0b, 0x000C 16xs 4d 4i
[DBG] 16xs 4d 4i: Got 00000010 vs 00000020: FAIL
[DBG] FAIL: 0b, 0x000C 1xv 4d 4i
[DBG] 1xv 4d 4i: Got FFFB vs FFFF: FAIL
[DBG] FAIL: 0b, 0x000C 16xv 4d 4i
[DBG] 16xv 4d 4i: Got FFF9 vs FFF5: FAIL
[DBG] Timer count-up test: 0b, 0x000D
[DBG] FAIL: 0b, 0x000D 1xs 1d 1i
[DBG] 1xs 1d 1i: Got 00000003 vs 00000004: FAIL
[DBG] PASS: 0b, 0x000D 16xs 1d 1i
[DBG] FAIL: 0b, 0x000D 1xv 1d 1i
[DBG] 1xv 1d 1i: Got FFF5 vs FFF6: FAIL
[DBG] FAIL: 0b, 0x000D 16xv 1d 1i
[DBG] 16xv 1d 1i: Got FFF7 vs FFF5: FAIL
[DBG] FAIL: 0b, 0x000D 1xs 2d 1i
[DBG] 1xs 2d 1i: Got 00000003 vs 00000004: FAIL
[DBG] PASS: 0b, 0x000D 16xs 2d 1i
[DBG] FAIL: 0b, 0x000D 1xv 2d 1i
[DBG] 1xv 2d 1i: Got FFF5 vs FFF6: FAIL
[DBG] FAIL: 0b, 0x000D 16xv 2d 1i
[DBG] 16xv 2d 1i: Got FFF7 vs FFF5: FAIL
[DBG] FAIL: 0b, 0x000D 1xs 4d 1i
[DBG] 1xs 4d 1i: Got 00000003 vs 00000004: FAIL
[DBG] PASS: 0b, 0x000D 16xs 4d 1i
[DBG] FAIL: 0b, 0x000D 1xv 4d 1i
[DBG] 1xv 4d 1i: Got FFF5 vs FFF6: FAIL
[DBG] FAIL: 0b, 0x000D 16xv 4d 1i
[DBG] 16xv 4d 1i: Got FFF7 vs FFF5: FAIL
[DBG] FAIL: 0b, 0x000D 1xs 1d 2i
[DBG] 1xs 1d 2i: Got 00000003 vs 00000004: FAIL
[DBG] PASS: 0b, 0x000D 16xs 1d 2i
[DBG] FAIL: 0b, 0x000D 1xv 1d 2i
[DBG] 1xv 1d 2i: Got FFF7 vs FFFA: FAIL
[DBG] PASS: 0b, 0x000D 16xv 1d 2i
[DBG] FAIL: 0b, 0x000D 1xs 2d 2i
[DBG] 1xs 2d 2i: Got 00000003 vs 00000004: FAIL
[DBG] PASS: 0b, 0x000D 16xs 2d 2i
[DBG] FAIL: 0b, 0x000D 1xv 2d 2i
[DBG] 1xv 2d 2i: Got FFF7 vs FFFA: FAIL
[DBG] PASS: 0b, 0x000D 16xv 2d 2i
[DBG] FAIL: 0b, 0x000D 1xs 4d 2i
[DBG] 1xs 4d 2i: Got 00000003 vs 00000004: FAIL
[DBG] PASS: 0b, 0x000D 16xs 4d 2i
[DBG] FAIL: 0b, 0x000D 1xv 4d 2i
[DBG] 1xv 4d 2i: Got FFF7 vs FFFA: FAIL
[DBG] PASS: 0b, 0x000D 16xv 4d 2i
[DBG] FAIL: 0b, 0x000D 1xs 1d 4i
[DBG] 1xs 1d 4i: Got 00000003 vs 00000004: FAIL
[DBG] PASS: 0b, 0x000D 16xs 1d 4i
[DBG] FAIL: 0b, 0x000D 1xv 1d 4i
[DBG] 1xv 1d 4i: Got FFFB vs FFF5: FAIL
[DBG] FAIL: 0b, 0x000D 16xv 1d 4i
[DBG] 16xv 1d 4i: Got FFFD vs FFF4: FAIL
[DBG] FAIL: 0b, 0x000D 1xs 2d 4i
[DBG] 1xs 2d 4i: Got 00000003 vs 00000004: FAIL
[DBG] PASS: 0b, 0x000D 16xs 2d 4i
[DBG] FAIL: 0b, 0x000D 1xv 2d 4i
[DBG] 1xv 2d 4i: Got FFFB vs FFF5: FAIL
[DBG] FAIL: 0b, 0x000D 16xv 2d 4i
[DBG] 16xv 2d 4i: Got FFFD vs FFF4: FAIL
[DBG] FAIL: 0b, 0x000D 1xs 4d 4i
[DBG] 1xs 4d 4i: Got 00000003 vs 00000004: FAIL
[DBG] PASS: 0b, 0x000D 16xs 4d 4i
[DBG] FAIL: 0b, 0x000D 1xv 4d 4i
[DBG] 1xv 4d 4i: Got FFFB vs FFF5: FAIL
[DBG] FAIL: 0b, 0x000D 16xv 4d 4i
[DBG] 16xv 4d 4i: Got FFFD vs FFF4: FAIL
[DBG] Timer count-up test: 0b, 0x0010
[DBG] PASS: 0b, 0x0010 1xs 1d 1i
[DBG] PASS: 0b, 0x0010 16xs 1d 1i
[DBG] FAIL: 0b, 0x0010 1xv 1d 1i
[DBG] 1xv 1d 1i: Got FFFF vs FFFC: FAIL
[DBG] FAIL: 0b, 0x0010 16xv 1d 1i
[DBG] 16xv 1d 1i: Got FFFC vs FFFE: FAIL
[DBG] PASS: 0b, 0x0010 1xs 2d 1i
[DBG] PASS: 0b, 0x0010 16xs 2d 1i
[DBG] FAIL: 0b, 0x0010 1xv 2d 1i
[DBG] 1xv 2d 1i: Got FFFF vs FFFC: FAIL
[DBG] FAIL: 0b, 0x0010 16xv 2d 1i
[DBG] 16xv 2d 1i: Got FFFC vs FFFE: FAIL
[DBG] PASS: 0b, 0x0010 1xs 4d 1i
[DBG] PASS: 0b, 0x0010 16xs 4d 1i
[DBG] FAIL: 0b, 0x0010 1xv 4d 1i
[DBG] 1xv 4d 1i: Got FFFF vs FFFC: FAIL
[DBG] FAIL: 0b, 0x0010 16xv 4d 1i
[DBG] 16xv 4d 1i: Got FFFC vs FFFE: FAIL
[DBG] PASS: 0b, 0x0010 1xs 1d 2i
[DBG] PASS: 0b, 0x0010 16xs 1d 2i
[DBG] FAIL: 0b, 0x0010 1xv 1d 2i
[DBG] 1xv 1d 2i: Got FFF6 vs FFF5: FAIL
[DBG] FAIL: 0b, 0x0010 16xv 1d 2i
[DBG] 16xv 1d 2i: Got FFF3 vs FFF7: FAIL
[DBG] PASS: 0b, 0x0010 1xs 2d 2i
[DBG] PASS: 0b, 0x0010 16xs 2d 2i
[DBG] FAIL: 0b, 0x0010 1xv 2d 2i
[DBG] 1xv 2d 2i: Got FFF6 vs FFF5: FAIL
[DBG] FAIL: 0b, 0x0010 16xv 2d 2i
[DBG] 16xv 2d 2i: Got FFF3 vs FFF7: FAIL
[DBG] PASS: 0b, 0x0010 1xs 4d 2i
[DBG] PASS: 0b, 0x0010 16xs 4d 2i
[DBG] FAIL: 0b, 0x0010 1xv 4d 2i
[DBG] 1xv 4d 2i: Got FFF6 vs FFF5: FAIL
[DBG] FAIL: 0b, 0x0010 16xv 4d 2i
[DBG] 16xv 4d 2i: Got FFF3 vs FFF7: FAIL
[DBG] PASS: 0b, 0x0010 1xs 1d 4i
[DBG] PASS: 0b, 0x0010 16xs 1d 4i
[DBG] FAIL: 0b, 0x0010 1xv 1d 4i
[DBG] 1xv 1d 4i: Got FFF4 vs FFF7: FAIL
[DBG] FAIL: 0b, 0x0010 16xv 1d 4i
[DBG] 16xv 1d 4i: Got FFF1 vs FFF9: FAIL
[DBG] PASS: 0b, 0x0010 1xs 2d 4i
[DBG] PASS: 0b, 0x0010 16xs 2d 4i
[DBG] FAIL: 0b, 0x0010 1xv 2d 4i
[DBG] 1xv 2d 4i: Got FFF4 vs FFF7: FAIL
[DBG] FAIL: 0b, 0x0010 16xv 2d 4i
[DBG] 16xv 2d 4i: Got FFF1 vs FFF9: FAIL
[DBG] PASS: 0b, 0x0010 1xs 4d 4i
[DBG] PASS: 0b, 0x0010 16xs 4d 4i
[DBG] FAIL: 0b, 0x0010 1xv 4d 4i
[DBG] 1xv 4d 4i: Got FFF4 vs FFF7: FAIL
[DBG] FAIL: 0b, 0x0010 16xv 4d 4i
[DBG] 16xv 4d 4i: Got FFF1 vs FFF9: FAIL
[DBG] Timer count-up test: 0b, 0x0014
[DBG] PASS: 0b, 0x0014 1xs 1d 1i
[DBG] PASS: 0b, 0x0014 16xs 1d 1i
[DBG] PASS: 0b, 0x0014 1xv 1d 1i
[DBG] PASS: 0b, 0x0014 16xv 1d 1i
[DBG] PASS: 0b, 0x0014 1xs 2d 1i
[DBG] PASS: 0b, 0x0014 16xs 2d 1i
[DBG] PASS: 0b, 0x0014 1xv 2d 1i
[DBG] PASS: 0b, 0x0014 16xv 2d 1i
[DBG] PASS: 0b, 0x0014 1xs 4d 1i
[DBG] PASS: 0b, 0x0014 16xs 4d 1i
[DBG] PASS: 0b, 0x0014 1xv 4d 1i
[DBG] PASS: 0b, 0x0014 16xv 4d 1i
[DBG] PASS: 0b, 0x0014 1xs 1d 2i
[DBG] PASS: 0b, 0x0014 16xs 1d 2i
[DBG] FAIL: 0b, 0x0014 1xv 1d 2i
[DBG] 1xv 1d 2i: Got FFF7 vs FFF9: FAIL
[DBG] FAIL: 0b, 0x0014 16xv 1d 2i
[DBG] 16xv 1d 2i: Got FFF7 vs FFF9: FAIL
[DBG] PASS: 0b, 0x0014 1xs 2d 2i
[DBG] PASS: 0b, 0x0014 16xs 2d 2i
[DBG] FAIL: 0b, 0x0014 1xv 2d 2i
[DBG] 1xv 2d 2i: Got FFF7 vs FFF9: FAIL
[DBG] FAIL: 0b, 0x0014 16xv 2d 2i
[DBG] 16xv 2d 2i: Got FFF7 vs FFF9: FAIL
[DBG] PASS: 0b, 0x0014 1xs 4d 2i
[DBG] PASS: 0b, 0x0014 16xs 4d 2i
[DBG] FAIL: 0b, 0x0014 1xv 4d 2i
[DBG] 1xv 4d 2i: Got FFF7 vs FFF9: FAIL
[DBG] FAIL: 0b, 0x0014 16xv 4d 2i
[DBG] 16xv 4d 2i: Got FFF7 vs FFF9: FAIL
[DBG] PASS: 0b, 0x0014 1xs 1d 4i
[DBG] PASS: 0b, 0x0014 16xs 1d 4i
[DBG] FAIL: 0b, 0x0014 1xv 1d 4i
[DBG] 1xv 1d 4i: Got FFF5 vs FFFB: FAIL
[DBG] FAIL: 0b, 0x0014 16xv 1d 4i
[DBG] 16xv 1d 4i: Got FFF5 vs FFFB: FAIL
[DBG] PASS: 0b, 0x0014 1xs 2d 4i
[DBG] PASS: 0b, 0x0014 16xs 2d 4i
[DBG] FAIL: 0b, 0x0014 1xv 2d 4i
[DBG] 1xv 2d 4i: Got FFF5 vs FFFB: FAIL
[DBG] FAIL: 0b, 0x0014 16xv 2d 4i
[DBG] 16xv 2d 4i: Got FFF5 vs FFFB: FAIL
[DBG] PASS: 0b, 0x0014 1xs 4d 4i
[DBG] PASS: 0b, 0x0014 16xs 4d 4i
[DBG] FAIL: 0b, 0x0014 1xv 4d 4i
[DBG] 1xv 4d 4i: Got FFF5 vs FFFB: FAIL
[DBG] FAIL: 0b, 0x0014 16xv 4d 4i
[DBG] 16xv 4d 4i: Got FFF5 vs FFFB: FAIL
[DBG] Timer count-up test: 0b, 0x0015
[DBG] FAIL: 0b, 0x0015 1xs 1d 1i
[DBG] 1xs 1d 1i: Got 00000004 vs 00000005: FAIL
[DBG] PASS: 0b, 0x0015 16xs 1d 1i
[DBG] PASS: 0b, 0x0015 1xv 1d 1i
[DBG] PASS: 0b, 0x0015 16xv 1d 1i
[DBG] FAIL: 0b, 0x0015 1xs 2d 1i
[DBG] 1xs 2d 1i: Got 00000004 vs 00000005: FAIL
[DBG] PASS: 0b, 0x0015 16xs 2d 1i
[DBG] PASS: 0b, 0x0015 1xv 2d 1i
[DBG] PASS: 0b, 0x0015 16xv 2d 1i
[DBG] FAIL: 0b, 0x0015 1xs 4d 1i
[DBG] 1xs 4d 1i: Got 00000004 vs 00000005: FAIL
[DBG] PASS: 0b, 0x0015 16xs 4d 1i
[DBG] PASS: 0b, 0x0015 1xv 4d 1i
[DBG] PASS: 0b, 0x0015 16xv 4d 1i
[DBG] FAIL: 0b, 0x0015 1xs 1d 2i
[DBG] 1xs 1d 2i: Got 00000004 vs 00000005: FAIL
[DBG] PASS: 0b, 0x0015 16xs 1d 2i
[DBG] FAIL: 0b, 0x0015 1xv 1d 2i
[DBG] 1xv 1d 2i: Got FFEE vs FFF0: FAIL
[DBG] FAIL: 0b, 0x0015 16xv 1d 2i
[DBG] 16xv 1d 2i: Got FFEC vs FFEE: FAIL
[DBG] FAIL: 0b, 0x0015 1xs 2d 2i
[DBG] 1xs 2d 2i: Got 00000004 vs 00000005: FAIL
[DBG] PASS: 0b, 0x0015 16xs 2d 2i
[DBG] FAIL: 0b, 0x0015 1xv 2d 2i
[DBG] 1xv 2d 2i: Got FFEE vs FFF0: FAIL
[DBG] FAIL: 0b, 0x0015 16xv 2d 2i
[DBG] 16xv 2d 2i: Got FFEC vs FFEE: FAIL
[DBG] FAIL: 0b, 0x0015 1xs 4d 2i
[DBG] 1xs 4d 2i: Got 00000004 vs 00000005: FAIL
[DBG] PASS: 0b, 0x0015 16xs 4d 2i
[DBG] FAIL: 0b, 0x0015 1xv 4d 2i
[DBG] 1xv 4d 2i: Got FFEE vs FFF0: FAIL
[DBG] FAIL: 0b, 0x0015 16xv 4d 2i
[DBG] 16xv 4d 2i: Got FFEC vs FFEE: FAIL
[DBG] FAIL: 0b, 0x0015 1xs 1d 4i
[DBG] 1xs 1d 4i: Got 00000004 vs 00000005: FAIL
[DBG] PASS: 0b, 0x0015 16xs 1d 4i
[DBG] FAIL: 0b, 0x0015 1xv 1d 4i
[DBG] 1xv 1d 4i: Got FFF5 vs FFFB: FAIL
[DBG] FAIL: 0b, 0x0015 16xv 1d 4i
[DBG] 16xv 1d 4i: Got FFF3 vs FFF9: FAIL
[DBG] FAIL: 0b, 0x0015 1xs 2d 4i
[DBG] 1xs 2d 4i: Got 00000004 vs 00000005: FAIL
[DBG] PASS: 0b, 0x0015 16xs 2d 4i
[DBG] FAIL: 0b, 0x0015 1xv 2d 4i
[DBG] 1xv 2d 4i: Got FFF5 vs FFFB: FAIL
[DBG] FAIL: 0b, 0x0015 16xv 2d 4i
[DBG] 16xv 2d 4i: Got FFF3 vs FFF9: FAIL
[DBG] FAIL: 0b, 0x0015 1xs 4d 4i
[DBG] 1xs 4d 4i: Got 00000004 vs 00000005: FAIL
[DBG] PASS: 0b, 0x0015 16xs 4d 4i
[DBG] FAIL: 0b, 0x0015 1xv 4d 4i
[DBG] 1xv 4d 4i: Got FFF5 vs FFFB: FAIL
[DBG] FAIL: 0b, 0x0015 16xv 4d 4i
[DBG] 16xv 4d 4i: Got FFF3 vs FFF9: FAIL
[DBG] Timer count-up test: 0b, 0x0020
[DBG] FAIL: 0b, 0x0020 1xs 1d 1i
[DBG] 1xs 1d 1i: Got 00000005 vs 00000006: FAIL
[DBG] PASS: 0b, 0x0020 16xs 1d 1i
[DBG] PASS: 0b, 0x0020 1xv 1d 1i
[DBG] PASS: 0b, 0x0020 16xv 1d 1i
[DBG] FAIL: 0b, 0x0020 1xs 2d 1i
[DBG] 1xs 2d 1i: Got 00000005 vs 00000006: FAIL
[DBG] PASS: 0b, 0x0020 16xs 2d 1i
[DBG] PASS: 0b, 0x0020 1xv 2d 1i
[DBG] PASS: 0b, 0x0020 16xv 2d 1i
[DBG] FAIL: 0b, 0x0020 1xs 4d 1i
[DBG] 1xs 4d 1i: Got 00000005 vs 00000006: FAIL
[DBG] PASS: 0b, 0x0020 16xs 4d 1i
[DBG] PASS: 0b, 0x0020 1xv 4d 1i
[DBG] PASS: 0b, 0x0020 16xv 4d 1i
[DBG] FAIL: 0b, 0x0020 1xs 1d 2i
[DBG] 1xs 1d 2i: Got 00000005 vs 00000006: FAIL
[DBG] PASS: 0b, 0x0020 16xs 1d 2i
[DBG] FAIL: 0b, 0x0020 1xv 1d 2i
[DBG] 1xv 1d 2i: Got FFF3 vs FFF5: FAIL
[DBG] FAIL: 0b, 0x0020 16xv 1d 2i
[DBG] 16xv 1d 2i: Got FFF3 vs FFF5: FAIL
[DBG] FAIL: 0b, 0x0020 1xs 2d 2i
[DBG] 1xs 2d 2i: Got 00000005 vs 00000006: FAIL
[DBG] PASS: 0b, 0x0020 16xs 2d 2i
[DBG] FAIL: 0b, 0x0020 1xv 2d 2i
[DBG] 1xv 2d 2i: Got FFF3 vs FFF5: FAIL
[DBG] FAIL: 0b, 0x0020 16xv 2d 2i
[DBG] 16xv 2d 2i: Got FFF3 vs FFF5: FAIL
[DBG] FAIL: 0b, 0x0020 1xs 4d 2i
[DBG] 1xs 4d 2i: Got 00000005 vs 00000006: FAIL
[DBG] PASS: 0b, 0x0020 16xs 4d 2i
[DBG] FAIL: 0b, 0x0020 1xv 4d 2i
[DBG] 1xv 4d 2i: Got FFF3 vs FFF5: FAIL
[DBG] FAIL: 0b, 0x0020 16xv 4d 2i
[DBG] 16xv 4d 2i: Got FFF3 vs FFF5: FAIL
[DBG] FAIL: 0b, 0x0020 1xs 1d 4i
[DBG] 1xs 1d 4i: Got 00000005 vs 00000006: FAIL
[DBG] PASS: 0b, 0x0020 16xs 1d 4i
[DBG] FAIL: 0b, 0x0020 1xv 1d 4i
[DBG] 1xv 1d 4i: Got FFE1 vs FFE7: FAIL
[DBG] FAIL: 0b, 0x0020 16xv 1d 4i
[DBG] 16xv 1d 4i: Got FFE1 vs FFE7: FAIL
[DBG] FAIL: 0b, 0x0020 1xs 2d 4i
[DBG] 1xs 2d 4i: Got 00000005 vs 00000006: FAIL
[DBG] PASS: 0b, 0x0020 16xs 2d 4i
[DBG] FAIL: 0b, 0x0020 1xv 2d 4i
[DBG] 1xv 2d 4i: Got FFE1 vs FFE7: FAIL
[DBG] FAIL: 0b, 0x0020 16xv 2d 4i
[DBG] 16xv 2d 4i: Got FFE1 vs FFE7: FAIL
[DBG] FAIL: 0b, 0x0020 1xs 4d 4i
[DBG] 1xs 4d 4i: Got 00000005 vs 00000006: FAIL
[DBG] PASS: 0b, 0x0020 16xs 4d 4i
[DBG] FAIL: 0b, 0x0020 1xv 4d 4i
[DBG] 1xv 4d 4i: Got FFE1 vs FFE7: FAIL
[DBG] FAIL: 0b, 0x0020 16xv 4d 4i
[DBG] 16xv 4d 4i: Got FFE1 vs FFE7: FAIL
[DBG] Timer count-up test: 0b, 0x0024
[DBG] PASS: 0b, 0x0024 1xs 1d 1i
[DBG] FAIL: 0b, 0x0024 16xs 1d 1i
[DBG] 16xs 1d 1i: Got 00000020 vs 00000030: FAIL
[DBG] FAIL: 0b, 0x0024 1xv 1d 1i
[DBG] 1xv 1d 1i: Got FFF1 vs FFF0: FAIL
[DBG] FAIL: 0b, 0x0024 16xv 1d 1i
[DBG] 16xv 1d 1i: Got FFF0 vs FFF1: FAIL
[DBG] PASS: 0b, 0x0024 1xs 2d 1i
[DBG] FAIL: 0b, 0x0024 16xs 2d 1i
[DBG] 16xs 2d 1i: Got 00000020 vs 00000030: FAIL
[DBG] FAIL: 0b, 0x0024 1xv 2d 1i
[DBG] 1xv 2d 1i: Got FFF1 vs FFF0: FAIL
[DBG] FAIL: 0b, 0x0024 16xv 2d 1i
[DBG] 16xv 2d 1i: Got FFF0 vs FFF1: FAIL
[DBG] PASS: 0b, 0x0024 1xs 4d 1i
[DBG] FAIL: 0b, 0x0024 16xs 4d 1i
[DBG] 16xs 4d 1i: Got 00000020 vs 00000030: FAIL
[DBG] FAIL: 0b, 0x0024 1xv 4d 1i
[DBG] 1xv 4d 1i: Got FFF1 vs FFF0: FAIL
[DBG] FAIL: 0b, 0x0024 16xv 4d 1i
[DBG] 16xv 4d 1i: Got FFF0 vs FFF1: FAIL
[DBG] PASS: 0b, 0x0024 1xs 1d 2i
[DBG] FAIL: 0b, 0x0024 16xs 1d 2i
[DBG] 16xs 1d 2i: Got 00000020 vs 00000030: FAIL
[DBG] FAIL: 0b, 0x0024 1xv 1d 2i
[DBG] 1xv 1d 2i: Got FFFC vs FFFD: FAIL
[DBG] FAIL: 0b, 0x0024 16xv 1d 2i
[DBG] 16xv 1d 2i: Got FFFB vs FFFE: FAIL
[DBG] PASS: 0b, 0x0024 1xs 2d 2i
[DBG] FAIL: 0b, 0x0024 16xs 2d 2i
[DBG] 16xs 2d 2i: Got 00000020 vs 00000030: FAIL
[DBG] FAIL: 0b, 0x0024 1xv 2d 2i
[DBG] 1xv 2d 2i: Got FFFC vs FFFD: FAIL
[DBG] FAIL: 0b, 0x0024 16xv 2d 2i
[DBG] 16xv 2d 2i: Got FFFB vs FFFE: FAIL
[DBG] PASS: 0b, 0x0024 1xs 4d 2i
[DBG] FAIL: 0b, 0x0024 16xs 4d 2i
[DBG] 16xs 4d 2i: Got 00000020 vs 00000030: FAIL
[DBG] FAIL: 0b, 0x0024 1xv 4d 2i
[DBG] 1xv 4d 2i: Got FFFC vs FFFD: FAIL
[DBG] FAIL: 0b, 0x0024 16xv 4d 2i
[DBG] 16xv 4d 2i: Got FFFB vs FFFE: FAIL
[DBG] PASS: 0b, 0x0024 1xs 1d 4i
[DBG] FAIL: 0b, 0x0024 16xs 1d 4i
[DBG] 16xs 1d 4i: Got 00000020 vs 00000030: FAIL
[DBG] FAIL: 0b, 0x0024 1xv 1d 4i
[DBG] 1xv 1d 4i: Got FFEE vs FFF3: FAIL
[DBG] FAIL: 0b, 0x0024 16xv 1d 4i
[DBG] 16xv 1d 4i: Got FFED vs FFF4: FAIL
[DBG] PASS: 0b, 0x0024 1xs 2d 4i
[DBG] FAIL: 0b, 0x0024 16xs 2d 4i
[DBG] 16xs 2d 4i: Got 00000020 vs 00000030: FAIL
[DBG] FAIL: 0b, 0x0024 1xv 2d 4i
[DBG] 1xv 2d 4i: Got FFEE vs FFF3: FAIL
[DBG] FAIL: 0b, 0x0024 16xv 2d 4i
[DBG] 16xv 2d 4i: Got FFED vs FFF4: FAIL
[DBG] PASS: 0b, 0x0024 1xs 4d 4i
[DBG] FAIL: 0b, 0x0024 16xs 4d 4i
[DBG] 16xs 4d 4i: Got 00000020 vs 00000030: FAIL
[DBG] FAIL: 0b, 0x0024 1xv 4d 4i
[DBG] 1xv 4d 4i: Got FFEE vs FFF3: FAIL
[DBG] FAIL: 0b, 0x0024 16xv 4d 4i
[DBG] 16xv 4d 4i: Got FFED vs FFF4: FAIL
[DBG] Timer count-up test: 0b, 0x0025
[DBG] FAIL: 0b, 0x0025 1xs 1d 1i
[DBG] 1xs 1d 1i: Got 00000006 vs 00000007: FAIL
[DBG] PASS: 0b, 0x0025 16xs 1d 1i
[DBG] FAIL: 0b, 0x0025 1xv 1d 1i
[DBG] 1xv 1d 1i: Got FFED vs FFEF: FAIL
[DBG] FAIL: 0b, 0x0025 16xv 1d 1i
[DBG] 16xv 1d 1i: Got FFF0 vs FFED: FAIL
[DBG] FAIL: 0b, 0x0025 1xs 2d 1i
[DBG] 1xs 2d 1i: Got 00000006 vs 00000007: FAIL
[DBG] PASS: 0b, 0x0025 16xs 2d 1i
[DBG] FAIL: 0b, 0x0025 1xv 2d 1i
[DBG] 1xv 2d 1i: Got FFED vs FFEF: FAIL
[DBG] FAIL: 0b, 0x0025 16xv 2d 1i
[DBG] 16xv 2d 1i: Got FFF0 vs FFED: FAIL
[DBG] FAIL: 0b, 0x0025 1xs 4d 1i
[DBG] 1xs 4d 1i: Got 00000006 vs 00000007: FAIL
[DBG] PASS: 0b, 0x0025 16xs 4d 1i
[DBG] FAIL: 0b, 0x0025 1xv 4d 1i
[DBG] 1xv 4d 1i: Got FFED vs FFEF: FAIL
[DBG] FAIL: 0b, 0x0025 16xv 4d 1i
[DBG] 16xv 4d 1i: Got FFF0 vs FFED: FAIL
[DBG] FAIL: 0b, 0x0025 1xs 1d 2i
[DBG] 1xs 1d 2i: Got 00000006 vs 00000007: FAIL
[DBG] PASS: 0b, 0x0025 16xs 1d 2i
[DBG] FAIL: 0b, 0x0025 1xv 1d 2i
[DBG] 1xv 1d 2i: Got FFF5 vs FFF9: FAIL
[DBG] FAIL: 0b, 0x0025 16xv 1d 2i
[DBG] 16xv 1d 2i: Got FFF8 vs FFF7: FAIL
[DBG] FAIL: 0b, 0x0025 1xs 2d 2i
[DBG] 1xs 2d 2i: Got 00000006 vs 00000007: FAIL
[DBG] PASS: 0b, 0x0025 16xs 2d 2i
[DBG] FAIL: 0b, 0x0025 1xv 2d 2i
[DBG] 1xv 2d 2i: Got FFF5 vs FFF9: FAIL
[DBG] FAIL: 0b, 0x0025 16xv 2d 2i
[DBG] 16xv 2d 2i: Got FFF8 vs FFF7: FAIL
[DBG] FAIL: 0b, 0x0025 1xs 4d 2i
[DBG] 1xs 4d 2i: Got 00000006 vs 00000007: FAIL
[DBG] PASS: 0b, 0x0025 16xs 4d 2i
[DBG] FAIL: 0b, 0x0025 1xv 4d 2i
[DBG] 1xv 4d 2i: Got FFF5 vs FFF9: FAIL
[DBG] FAIL: 0b, 0x0025 16xv 4d 2i
[DBG] 16xv 4d 2i: Got FFF8 vs FFF7: FAIL
[DBG] FAIL: 0b, 0x0025 1xs 1d 4i
[DBG] 1xs 1d 4i: Got 00000006 vs 00000007: FAIL
[DBG] PASS: 0b, 0x0025 16xs 1d 4i
[DBG] FAIL: 0b, 0x0025 1xv 1d 4i
[DBG] 1xv 1d 4i: Got FFE0 vs FFE8: FAIL
[DBG] FAIL: 0b, 0x0025 16xv 1d 4i
[DBG] 16xv 1d 4i: Got FFE3 vs FFE6: FAIL
[DBG] FAIL: 0b, 0x0025 1xs 2d 4i
[DBG] 1xs 2d 4i: Got 00000006 vs 00000007: FAIL
[DBG] PASS: 0b, 0x0025 16xs 2d 4i
[DBG] FAIL: 0b, 0x0025 1xv 2d 4i
[DBG] 1xv 2d 4i: Got FFE0 vs FFE8: FAIL
[DBG] FAIL: 0b, 0x0025 16xv 2d 4i
[DBG] 16xv 2d 4i: Got FFE3 vs FFE6: FAIL
[DBG] FAIL: 0b, 0x0025 1xs 4d 4i
[DBG] 1xs 4d 4i: Got 00000006 vs 00000007: FAIL
[DBG] PASS: 0b, 0x0025 16xs 4d 4i
[DBG] FAIL: 0b, 0x0025 1xv 4d 4i
[DBG] 1xv 4d 4i: Got FFE0 vs FFE8: FAIL
[DBG] FAIL: 0b, 0x0025 16xv 4d 4i
[DBG] 16xv 4d 4i: Got FFE3 vs FFE6: FAIL
[DBG] Timer count-up test: 0b, 0x0040
[DBG] FAIL: 0b, 0x0040 1xs 1d 1i
[DBG] 1xs 1d 1i: Got 00000009 vs 0000000A: FAIL
[DBG] PASS: 0b, 0x0040 16xs 1d 1i
[DBG] PASS: 0b, 0x0040 1xv 1d 1i
[DBG] PASS: 0b, 0x0040 16xv 1d 1i
[DBG] FAIL: 0b, 0x0040 1xs 2d 1i
[DBG] 1xs 2d 1i: Got 00000009 vs 0000000A: FAIL
[DBG] PASS: 0b, 0x0040 16xs 2d 1i
[DBG] PASS: 0b, 0x0040 1xv 2d 1i
[DBG] PASS: 0b, 0x0040 16xv 2d 1i
[DBG] FAIL: 0b, 0x0040 1xs 4d 1i
[DBG] 1xs 4d 1i: Got 00000009 vs 0000000A: FAIL
[DBG] PASS: 0b, 0x0040 16xs 4d 1i
[DBG] PASS: 0b, 0x0040 1xv 4d 1i
[DBG] PASS: 0b, 0x0040 16xv 4d 1i
[DBG] FAIL: 0b, 0x0040 1xs 1d 2i
[DBG] 1xs 1d 2i: Got 0000000A vs 0000000B: FAIL
[DBG] PASS: 0b, 0x0040 16xs 1d 2i
[DBG] PASS: 0b, 0x0040 1xv 1d 2i
[DBG] PASS: 0b, 0x0040 16xv 1d 2i
[DBG] FAIL: 0b, 0x0040 1xs 2d 2i
[DBG] 1xs 2d 2i: Got 0000000A vs 0000000B: FAIL
[DBG] PASS: 0b, 0x0040 16xs 2d 2i
[DBG] PASS: 0b, 0x0040 1xv 2d 2i
[DBG] PASS: 0b, 0x0040 16xv 2d 2i
[DBG] FAIL: 0b, 0x0040 1xs 4d 2i
[DBG] 1xs 4d 2i: Got 0000000A vs 0000000B: FAIL
[DBG] PASS: 0b, 0x0040 16xs 4d 2i
[DBG] PASS: 0b, 0x0040 1xv 4d 2i
[DBG] PASS: 0b, 0x0040 16xv 4d 2i
[DBG] FAIL: 0b, 0x0040 1xs 1d 4i
[DBG] 1xs 1d 4i: Got 0000000C vs 0000000D: FAIL
[DBG] PASS: 0b, 0x0040 16xs 1d 4i
[DBG] FAIL: 0b, 0x0040 1xv 1d 4i
[DBG] 1xv 1d 4i: Got FFDC vs FFDE: FAIL
[DBG] FAIL: 0b, 0x0040 16xv 1d 4i
[DBG] 16xv 1d 4i: Got FFDD vs FFDE: FAIL
[DBG] FAIL: 0b, 0x0040 1xs 2d 4i
[DBG] 1xs 2d 4i: Got 0000000C vs 0000000D: FAIL
[DBG] PASS: 0b, 0x0040 16xs 2d 4i
[DBG] FAIL: 0b, 0x0040 1xv 2d 4i
[DBG] 1xv 2d 4i: Got FFDC vs FFDE: FAIL
[DBG] FAIL: 0b, 0x0040 16xv 2d 4i
[DBG] 16xv 2d 4i: Got FFDD vs FFDE: FAIL
[DBG] FAIL: 0b, 0x0040 1xs 4d 4i
[DBG] 1xs 4d 4i: Got 0000000C vs 0000000D: FAIL
[DBG] PASS: 0b, 0x0040 16xs 4d 4i
[DBG] FAIL: 0b, 0x0040 1xv 4d 4i
[DBG] 1xv 4d 4i: Got FFDC vs FFDE: FAIL
[DBG] FAIL: 0b, 0x0040 16xv 4d 4i
[DBG] 16xv 4d 4i: Got FFDD vs FFDE: FAIL
[DBG] Timer count-up test: 0b, 0x0080
[DBG] FAIL: 0b, 0x0080 1xs 1d 1i
[DBG] 1xs 1d 1i: Got 00000010 vs 00000012: FAIL
[DBG] FAIL: 0b, 0x0080 16xs 1d 1i
[DBG] 16xs 1d 1i: Got 00000060 vs 00000070: FAIL
[DBG] PASS: 0b, 0x0080 1xv 1d 1i
[DBG] FAIL: 0b, 0x0080 16xv 1d 1i
[DBG] 16xv 1d 1i: Got FFDC vs FFDD: FAIL
[DBG] FAIL: 0b, 0x0080 1xs 2d 1i
[DBG] 1xs 2d 1i: Got 00000010 vs 00000012: FAIL
[DBG] FAIL: 0b, 0x0080 16xs 2d 1i
[DBG] 16xs 2d 1i: Got 00000060 vs 00000070: FAIL
[DBG] PASS: 0b, 0x0080 1xv 2d 1i
[DBG] FAIL: 0b, 0x0080 16xv 2d 1i
[DBG] 16xv 2d 1i: Got FFDC vs FFDD: FAIL
[DBG] FAIL: 0b, 0x0080 1xs 4d 1i
[DBG] 1xs 4d 1i: Got 00000010 vs 00000012: FAIL
[DBG] FAIL: 0b, 0x0080 16xs 4d 1i
[DBG] 16xs 4d 1i: Got 00000060 vs 00000070: FAIL
[DBG] PASS: 0b, 0x0080 1xv 4d 1i
[DBG] FAIL: 0b, 0x0080 16xv 4d 1i
[DBG] 16xv 4d 1i: Got FFDC vs FFDD: FAIL
[DBG] FAIL: 0b, 0x0080 1xs 1d 2i
[DBG] 1xs 1d 2i: Got 00000011 vs 00000013: FAIL
[DBG] PASS: 0b, 0x0080 16xs 1d 2i
[DBG] PASS: 0b, 0x0080 1xv 1d 2i
[DBG] PASS: 0b, 0x0080 16xv 1d 2i
[DBG] FAIL: 0b, 0x0080 1xs 2d 2i
[DBG] 1xs 2d 2i: Got 00000011 vs 00000013: FAIL
[DBG] PASS: 0b, 0x0080 16xs 2d 2i
[DBG] PASS: 0b, 0x0080 1xv 2d 2i
[DBG] PASS: 0b, 0x0080 16xv 2d 2i
[DBG] FAIL: 0b, 0x0080 1xs 4d 2i
[DBG] 1xs 4d 2i: Got 00000011 vs 00000013: FAIL
[DBG] PASS: 0b, 0x0080 16xs 4d 2i
[DBG] PASS: 0b, 0x0080 1xv 4d 2i
[DBG] PASS: 0b, 0x0080 16xv 4d 2i
[DBG] FAIL: 0b, 0x0080 1xs 1d 4i
[DBG] 1xs 1d 4i: Got 00000013 vs 00000015: FAIL
[DBG] PASS: 0b, 0x0080 16xs 1d 4i
[DBG] FAIL: 0b, 0x0080 1xv 1d 4i
[DBG] 1xv 1d 4i: Got FFDC vs FFDE: FAIL
[DBG] PASS: 0b, 0x0080 16xv 1d 4i
[DBG] FAIL: 0b, 0x0080 1xs 2d 4i
[DBG] 1xs 2d 4i: Got 00000013 vs 00000015: FAIL
[DBG] PASS: 0b, 0x0080 16xs 2d 4i
[DBG] FAIL: 0b, 0x0080 1xv 2d 4i
[DBG] 1xv 2d 4i: Got FFDC vs FFDE: FAIL
[DBG] PASS: 0b, 0x0080 16xv 2d 4i
[DBG] FAIL: 0b, 0x0080 1xs 4d 4i
[DBG] 1xs 4d 4i: Got 00000013 vs 00000015: FAIL
[DBG] PASS: 0b, 0x0080 16xs 4d 4i
[DBG] FAIL: 0b, 0x0080 1xv 4d 4i
[DBG] 1xv 4d 4i: Got FFDC vs FFDE: FAIL
[DBG] PASS: 0b, 0x0080 16xv 4d 4i
[DBG] Timer count-up test: 0b, 0x0800
[DBG] FAIL: 0b, 0x0800 1xs 1d 1i
[DBG] 1xs 1d 1i: Got 000000E5 vs 00000102: FAIL
[DBG] FAIL: 0b, 0x0800 16xs 1d 1i
[DBG] 16xs 1d 1i: Got 00000560 vs 000005A0: FAIL
[DBG] PASS: 0b, 0x0800 1xv 1d 1i
[DBG] PASS: 0b, 0x0800 16xv 1d 1i
[DBG] FAIL: 0b, 0x0800 1xs 2d 1i
[DBG] 1xs 2d 1i: Got 000000E5 vs 00000102: FAIL
[DBG] FAIL: 0b, 0x0800 16xs 2d 1i
[DBG] 16xs 2d 1i: Got 00000560 vs 000005A0: FAIL
[DBG] PASS: 0b, 0x0800 1xv 2d 1i
[DBG] PASS: 0b, 0x0800 16xv 2d 1i
[DBG] FAIL: 0b, 0x0800 1xs 4d 1i
[DBG] 1xs 4d 1i: Got 000000E5 vs 00000102: FAIL
[DBG] FAIL: 0b, 0x0800 16xs 4d 1i
[DBG] 16xs 4d 1i: Got 00000560 vs 000005A0: FAIL
[DBG] PASS: 0b, 0x0800 1xv 4d 1i
[DBG] PASS: 0b, 0x0800 16xv 4d 1i
[DBG] FAIL: 0b, 0x0800 1xs 1d 2i
[DBG] 1xs 1d 2i: Got 000001BC vs 000001F3: FAIL
[DBG] FAIL: 0b, 0x0800 16xs 1d 2i
[DBG] 16xs 1d 2i: Got 00000A70 vs 00000AE0: FAIL
[DBG] FAIL: 0b, 0x0800 1xv 1d 2i
[DBG] 1xv 1d 2i: Got F85E vs F85C: FAIL
[DBG] PASS: 0b, 0x0800 16xv 1d 2i
[DBG] FAIL: 0b, 0x0800 1xs 2d 2i
[DBG] 1xs 2d 2i: Got 000001BC vs 000001F3: FAIL
[DBG] FAIL: 0b, 0x0800 16xs 2d 2i
[DBG] 16xs 2d 2i: Got 00000A70 vs 00000AE0: FAIL
[DBG] FAIL: 0b, 0x0800 1xv 2d 2i
[DBG] 1xv 2d 2i: Got F85E vs F85C: FAIL
[DBG] PASS: 0b, 0x0800 16xv 2d 2i
[DBG] FAIL: 0b, 0x0800 1xs 4d 2i
[DBG] 1xs 4d 2i: Got 000001BC vs 000001F3: FAIL
[DBG] FAIL: 0b, 0x0800 16xs 4d 2i
[DBG] 16xs 4d 2i: Got 00000A70 vs 00000AE0: FAIL
[DBG] FAIL: 0b, 0x0800 1xv 4d 2i
[DBG] 1xv 4d 2i: Got F85E vs F85C: FAIL
[DBG] PASS: 0b, 0x0800 16xv 4d 2i
[DBG] FAIL: 0b, 0x0800 1xs 1d 4i
[DBG] 1xs 1d 4i: Got 00000368 vs 000003D5: FAIL
[DBG] FAIL: 0b, 0x0800 16xs 1d 4i
[DBG] 16xs 1d 4i: Got 00001470 vs 00001550: FAIL
[DBG] FAIL: 0b, 0x0800 1xv 1d 4i
[DBG] 1xv 1d 4i: Got F85C vs F85E: FAIL
[DBG] PASS: 0b, 0x0800 16xv 1d 4i
[DBG] FAIL: 0b, 0x0800 1xs 2d 4i
[DBG] 1xs 2d 4i: Got 00000368 vs 000003D5: FAIL
[DBG] FAIL: 0b, 0x0800 16xs 2d 4i
[DBG] 16xs 2d 4i: Got 00001470 vs 00001550: FAIL
[DBG] FAIL: 0b, 0x0800 1xv 2d 4i
[DBG] 1xv 2d 4i: Got F85C vs F85E: FAIL
[DBG] PASS: 0b, 0x0800 16xv 2d 4i
[DBG] FAIL: 0b, 0x0800 1xs 4d 4i
[DBG] 1xs 4d 4i: Got 00000368 vs 000003D5: FAIL
[DBG] FAIL: 0b, 0x0800 16xs 4d 4i
[DBG] 16xs 4d 4i: Got 00001470 vs 00001550: FAIL
[DBG] FAIL: 0b, 0x0800 1xv 4d 4i
[DBG] 1xv 4d 4i: Got F85C vs F85E: FAIL
[DBG] PASS: 0b, 0x0800 16xv 4d 4i
[DBG] Timer count-up test: 0b, 0x8000
[DBG] FAIL: 0b, 0x8000 1xs 1d 1i
[DBG] 1xs 1d 1i: Got 00000E3B vs 00001002: FAIL
[DBG] FAIL: 0b, 0x8000 16xs 1d 1i
[DBG] 16xs 1d 1i: Got 00005560 vs 00005920: FAIL
[DBG] FAIL: 0b, 0x8000 1xv 1d 1i
[DBG] 1xv 1d 1i: Got 805E vs 805C: FAIL
[DBG] FAIL: 0b, 0x8000 16xv 1d 1i
[DBG] 16xv 1d 1i: Got 805C vs 805E: FAIL
[DBG] FAIL: 0b, 0x8000 1xs 2d 1i
[DBG] 1xs 2d 1i: Got 00000E3B vs 00001002: FAIL
[DBG] FAIL: 0b, 0x8000 16xs 2d 1i
[DBG] 16xs 2d 1i: Got 00005560 vs 00005920: FAIL
[DBG] FAIL: 0b, 0x8000 1xv 2d 1i
[DBG] 1xv 2d 1i: Got 805E vs 805C: FAIL
[DBG] FAIL: 0b, 0x8000 16xv 2d 1i
[DBG] 16xv 2d 1i: Got 805C vs 805E: FAIL
[DBG] FAIL: 0b, 0x8000 1xs 4d 1i
[DBG] 1xs 4d 1i: Got 00000E3B vs 00001002: FAIL
[DBG] FAIL: 0b, 0x8000 16xs 4d 1i
[DBG] 16xs 4d 1i: Got 00005560 vs 00005920: FAIL
[DBG] FAIL: 0b, 0x8000 1xv 4d 1i
[DBG] 1xv 4d 1i: Got 805E vs 805C: FAIL
[DBG] FAIL: 0b, 0x8000 16xv 4d 1i
[DBG] 16xv 4d 1i: Got 805C vs 805E: FAIL
[DBG] FAIL: 0b, 0x8000 1xs 1d 2i
[DBG] 1xs 1d 2i: Got 00001C66 vs 00001FF3: FAIL
[DBG] FAIL: 0b, 0x8000 16xs 1d 2i
[DBG] 16xs 1d 2i: Got 0000AA70 vs 0000B1D0: FAIL
[DBG] PASS: 0b, 0x8000 1xv 1d 2i
[DBG] PASS: 0b, 0x8000 16xv 1d 2i
[DBG] FAIL: 0b, 0x8000 1xs 2d 2i
[DBG] 1xs 2d 2i: Got 00001C66 vs 00001FF3: FAIL
[DBG] FAIL: 0b, 0x8000 16xs 2d 2i
[DBG] 16xs 2d 2i: Got 0000AA70 vs 0000B1D0: FAIL
[DBG] PASS: 0b, 0x8000 1xv 2d 2i
[DBG] PASS: 0b, 0x8000 16xv 2d 2i
[DBG] FAIL: 0b, 0x8000 1xs 4d 2i
[DBG] 1xs 4d 2i: Got 00001C66 vs 00001FF3: FAIL
[DBG] FAIL: 0b, 0x8000 16xs 4d 2i
[DBG] 16xs 4d 2i: Got 0000AA70 vs 0000B1D0: FAIL
[DBG] PASS: 0b, 0x8000 1xv 4d 2i
[DBG] PASS: 0b, 0x8000 16xv 4d 2i
[DBG] FAIL: 0b, 0x8000 1xs 1d 4i
[DBG] 1xs 1d 4i: Got 000038BE vs 00003FD5: FAIL
[DBG] FAIL: 0b, 0x8000 16xs 1d 4i
[DBG] 16xs 1d 4i: Got 00015470 vs 00016340: FAIL
[DBG] PASS: 0b, 0x8000 1xv 1d 4i
[DBG] PASS: 0b, 0x8000 16xv 1d 4i
[DBG] FAIL: 0b, 0x8000 1xs 2d 4i
[DBG] 1xs 2d 4i: Got 000038BE vs 00003FD5: FAIL
[DBG] FAIL: 0b, 0x8000 16xs 2d 4i
[DBG] 16xs 2d 4i: Got 00015470 vs 00016340: FAIL
[DBG] PASS: 0b, 0x8000 1xv 2d 4i
[DBG] PASS: 0b, 0x8000 16xv 2d 4i
[DBG] FAIL: 0b, 0x8000 1xs 4d 4i
[DBG] 1xs 4d 4i: Got 000038BE vs 00003FD5: FAIL
[DBG] FAIL: 0b, 0x8000 16xs 4d 4i
[DBG] 16xs 4d 4i: Got 00015470 vs 00016340: FAIL
[DBG] PASS: 0b, 0x8000 1xv 4d 4i
[DBG] PASS: 0b, 0x8000 16xv 4d 4i
[DBG] Timer count-up test: 6b, 0x0010
[DBG] FAIL: 6b, 0x0010 1xs 1d 1i
[DBG] 1xs 1d 1i: Got 0000006E vs 0000007B: FAIL
[DBG] FAIL: 6b, 0x0010 16xs 1d 1i
[DBG] 16xs 1d 1i: Got 00000290 vs 000002B0: FAIL
[DBG] PASS: 6b, 0x0010 1xv 1d 1i
[DBG] PASS: 6b, 0x0010 16xv 1d 1i
[DBG] FAIL: 6b, 0x0010 1xs 2d 1i
[DBG] 1xs 2d 1i: Got 0000006D vs 0000007B: FAIL
[DBG] FAIL: 6b, 0x0010 16xs 2d 1i
[DBG] 16xs 2d 1i: Got 00000290 vs 000002B0: FAIL
[DBG] PASS: 6b, 0x0010 1xv 2d 1i
[DBG] PASS: 6b, 0x0010 16xv 2d 1i
[DBG] FAIL: 6b, 0x0010 1xs 4d 1i
[DBG] 1xs 4d 1i: Got 00000073 vs 00000081: FAIL
[DBG] FAIL: 6b, 0x0010 16xs 4d 1i
[DBG] 16xs 4d 1i: Got 000002C0 vs 000002D0: FAIL
[DBG] PASS: 6b, 0x0010 1xv 4d 1i
[DBG] PASS: 6b, 0x0010 16xv 4d 1i
[DBG] FAIL: 6b, 0x0010 1xs 1d 2i
[DBG] 1xs 1d 2i: Got 000000D2 vs 000000EC: FAIL
[DBG] FAIL: 6b, 0x0010 16xs 1d 2i
[DBG] 16xs 1d 2i: Got 000004F0 vs 00000520: FAIL
[DBG] PASS: 6b, 0x0010 1xv 1d 2i
[DBG] PASS: 6b, 0x0010 16xv 1d 2i
[DBG] FAIL: 6b, 0x0010 1xs 2d 2i
[DBG] 1xs 2d 2i: Got 000000D2 vs 000000EB: FAIL
[DBG] FAIL: 6b, 0x0010 16xs 2d 2i
[DBG] 16xs 2d 2i: Got 000004F0 vs 00000520: FAIL
[DBG] PASS: 6b, 0x0010 1xv 2d 2i
[DBG] PASS: 6b, 0x0010 16xv 2d 2i
[DBG] FAIL: 6b, 0x0010 1xs 4d 2i
[DBG] 1xs 4d 2i: Got 000000D8 vs 000000F2: FAIL
[DBG] FAIL: 6b, 0x0010 16xs 4d 2i
[DBG] 16xs 4d 2i: Got 00000510 vs 00000550: FAIL
[DBG] PASS: 6b, 0x0010 1xv 4d 2i
[DBG] PASS: 6b, 0x0010 16xv 4d 2i
[DBG] FAIL: 6b, 0x0010 1xs 1d 4i
[DBG] 1xs 1d 4i: Got 0000019B vs 000001CE: FAIL
[DBG] FAIL: 6b, 0x0010 16xs 1d 4i
[DBG] 16xs 1d 4i: Got 000009B0 vs 00000A10: FAIL
[DBG] PASS: 6b, 0x0010 1xv 1d 4i
[DBG] PASS: 6b, 0x0010 16xv 1d 4i
[DBG] FAIL: 6b, 0x0010 1xs 2d 4i
[DBG] 1xs 2d 4i: Got 0000019B vs 000001CD: FAIL
[DBG] FAIL: 6b, 0x0010 16xs 2d 4i
[DBG] 16xs 2d 4i: Got 000009A0 vs 00000A10: FAIL
[DBG] PASS: 6b, 0x0010 1xv 2d 4i
[DBG] PASS: 6b, 0x0010 16xv 2d 4i
[DBG] FAIL: 6b, 0x0010 1xs 4d 4i
[DBG] 1xs 4d 4i: Got 000001A1 vs 000001D4: FAIL
[DBG] FAIL: 6b, 0x0010 16xs 4d 4i
[DBG] 16xs 4d 4i: Got 000009D0 vs 00000A30: FAIL
[DBG] PASS: 6b, 0x0010 1xv 4d 4i
[DBG] PASS: 6b, 0x0010 16xv 4d 4i
[DBG] Timer count-up test: 6b, 0x0011
[DBG] FAIL: 6b, 0x0011 1xs 1d 1i
[DBG] 1xs 1d 1i: Got 00000075 vs 00000083: FAIL
[DBG] FAIL: 6b, 0x0011 16xs 1d 1i
[DBG] 16xs 1d 1i: Got 000002C0 vs 000002E0: FAIL
[DBG] PASS: 6b, 0x0011 1xv 1d 1i
[DBG] PASS: 6b, 0x0011 16xv 1d 1i
[DBG] FAIL: 6b, 0x0011 1xs 2d 1i
[DBG] 1xs 2d 1i: Got 00000074 vs 00000083: FAIL
[DBG] FAIL: 6b, 0x0011 16xs 2d 1i
[DBG] 16xs 2d 1i: Got 000002C0 vs 000002E0: FAIL
[DBG] PASS: 6b, 0x0011 1xv 2d 1i
[DBG] PASS: 6b, 0x0011 16xv 2d 1i
[DBG] FAIL: 6b, 0x0011 1xs 4d 1i
[DBG] 1xs 4d 1i: Got 0000007A vs 00000089: FAIL
[DBG] FAIL: 6b, 0x0011 16xs 4d 1i
[DBG] 16xs 4d 1i: Got 000002E0 vs 00000300: FAIL
[DBG] PASS: 6b, 0x0011 1xv 4d 1i
[DBG] PASS: 6b, 0x0011 16xv 4d 1i
[DBG] FAIL: 6b, 0x0011 1xs 1d 2i
[DBG] 1xs 1d 2i: Got 000000E1 vs 000000FC: FAIL
[DBG] FAIL: 6b, 0x0011 16xs 1d 2i
[DBG] 16xs 1d 2i: Got 00000550 vs 00000580: FAIL
[DBG] PASS: 6b, 0x0011 1xv 1d 2i
[DBG] PASS: 6b, 0x0011 16xv 1d 2i
[DBG] FAIL: 6b, 0x0011 1xs 2d 2i
[DBG] 1xs 2d 2i: Got 000000E0 vs 000000FB: FAIL
[DBG] FAIL: 6b, 0x0011 16xs 2d 2i
[DBG] 16xs 2d 2i: Got 00000540 vs 00000580: FAIL
[DBG] PASS: 6b, 0x0011 1xv 2d 2i
[DBG] PASS: 6b, 0x0011 16xv 2d 2i
[DBG] FAIL: 6b, 0x0011 1xs 4d 2i
[DBG] 1xs 4d 2i: Got 000000E6 vs 00000102: FAIL
[DBG] FAIL: 6b, 0x0011 16xs 4d 2i
[DBG] 16xs 4d 2i: Got 00000570 vs 000005A0: FAIL
[DBG] PASS: 6b, 0x0011 1xv 4d 2i
[DBG] PASS: 6b, 0x0011 16xv 4d 2i
[DBG] FAIL: 6b, 0x0011 1xs 1d 4i
[DBG] 1xs 1d 4i: Got 000001B8 vs 000001EE: FAIL
[DBG] FAIL: 6b, 0x0011 16xs 1d 4i
[DBG] 16xs 1d 4i: Got 00000A50 vs 00000AC0: FAIL
[DBG] PASS: 6b, 0x0011 1xv 1d 4i
[DBG] PASS: 6b, 0x0011 16xv 1d 4i
[DBG] FAIL: 6b, 0x0011 1xs 2d 4i
[DBG] 1xs 2d 4i: Got 000001B7 vs 000001ED: FAIL
[DBG] FAIL: 6b, 0x0011 16xs 2d 4i
[DBG] 16xs 2d 4i: Got 00000A50 vs 00000AC0: FAIL
[DBG] PASS: 6b, 0x0011 1xv 2d 4i
[DBG] PASS: 6b, 0x0011 16xv 2d 4i
[DBG] FAIL: 6b, 0x0011 1xs 4d 4i
[DBG] 1xs 4d 4i: Got 000001BD vs 000001F4: FAIL
[DBG] FAIL: 6b, 0x0011 16xs 4d 4i
[DBG] 16xs 4d 4i: Got 00000A70 vs 00000AE0: FAIL
[DBG] PASS: 6b, 0x0011 1xv 4d 4i
[DBG] PASS: 6b, 0x0011 16xv 4d 4i
[DBG] Timer count-up test: 6b, 0x0012
[DBG] FAIL: 6b, 0x0012 1xs 1d 1i
[DBG] 1xs 1d 1i: Got 0000007C vs 0000008B: FAIL
[DBG] FAIL: 6b, 0x0012 16xs 1d 1i
[DBG] 16xs 1d 1i: Got 000002F0 vs 00000310: FAIL
[DBG] PASS: 6b, 0x0012 1xv 1d 1i
[DBG] PASS: 6b, 0x0012 16xv 1d 1i
[DBG] FAIL: 6b, 0x0012 1xs 2d 1i
[DBG] 1xs 2d 1i: Got 0000007B vs 0000008B: FAIL
[DBG] FAIL: 6b, 0x0012 16xs 2d 1i
[DBG] 16xs 2d 1i: Got 000002F0 vs 00000310: FAIL
[DBG] PASS: 6b, 0x0012 1xv 2d 1i
[DBG] PASS: 6b, 0x0012 16xv 2d 1i
[DBG] FAIL: 6b, 0x0012 1xs 4d 1i
[DBG] 1xs 4d 1i: Got 00000081 vs 00000091: FAIL
[DBG] FAIL: 6b, 0x0012 16xs 4d 1i
[DBG] 16xs 4d 1i: Got 00000310 vs 00000330: FAIL
[DBG] PASS: 6b, 0x0012 1xv 4d 1i
[DBG] PASS: 6b, 0x0012 16xv 4d 1i
[DBG] FAIL: 6b, 0x0012 1xs 1d 2i
[DBG] 1xs 1d 2i: Got 000000EF vs 0000010C: FAIL
[DBG] FAIL: 6b, 0x0012 16xs 1d 2i
[DBG] 16xs 1d 2i: Got 000005A0 vs 000005E0: FAIL
[DBG] PASS: 6b, 0x0012 1xv 1d 2i
[DBG] PASS: 6b, 0x0012 16xv 1d 2i
[DBG] FAIL: 6b, 0x0012 1xs 2d 2i
[DBG] 1xs 2d 2i: Got 000000EE vs 0000010B: FAIL
[DBG] FAIL: 6b, 0x0012 16xs 2d 2i
[DBG] 16xs 2d 2i: Got 000005A0 vs 000005D0: FAIL
[DBG] PASS: 6b, 0x0012 1xv 2d 2i
[DBG] PASS: 6b, 0x0012 16xv 2d 2i
[DBG] FAIL: 6b, 0x0012 1xs 4d 2i
[DBG] 1xs 4d 2i: Got 000000F4 vs 00000112: FAIL
[DBG] FAIL: 6b, 0x0012 16xs 4d 2i
[DBG] 16xs 4d 2i: Got 000005C0 vs 00000600: FAIL
[DBG] PASS: 6b, 0x0012 1xv 4d 2i
[DBG] PASS: 6b, 0x0012 16xv 4d 2i
[DBG] FAIL: 6b, 0x0012 1xs 1d 4i
[DBG] 1xs 1d 4i: Got 000001D4 vs 0000020E: FAIL
[DBG] FAIL: 6b, 0x0012 16xs 1d 4i
[DBG] 16xs 1d 4i: Got 00000B00 vs 00000B70: FAIL
[DBG] PASS: 6b, 0x0012 1xv 1d 4i
[DBG] PASS: 6b, 0x0012 16xv 1d 4i
[DBG] FAIL: 6b, 0x0012 1xs 2d 4i
[DBG] 1xs 2d 4i: Got 000001D4 vs 0000020D: FAIL
[DBG] FAIL: 6b, 0x0012 16xs 2d 4i
[DBG] 16xs 2d 4i: Got 00000B00 vs 00000B70: FAIL
[DBG] PASS: 6b, 0x0012 1xv 2d 4i
[DBG] PASS: 6b, 0x0012 16xv 2d 4i
[DBG] FAIL: 6b, 0x0012 1xs 4d 4i
[DBG] 1xs 4d 4i: Got 000001DA vs 00000214: FAIL
[DBG] FAIL: 6b, 0x0012 16xs 4d 4i
[DBG] 16xs 4d 4i: Got 00000B20 vs 00000B90: FAIL
[DBG] PASS: 6b, 0x0012 1xv 4d 4i
[DBG] PASS: 6b, 0x0012 16xv 4d 4i
[DBG] Timer count-up test: 6b, 0x0013
[DBG] FAIL: 6b, 0x0013 1xs 1d 1i
[DBG] 1xs 1d 1i: Got 00000083 vs 00000093: FAIL
[DBG] FAIL: 6b, 0x0013 16xs 1d 1i
[DBG] 16xs 1d 1i: Got 00000310 vs 00000340: FAIL
[DBG] PASS: 6b, 0x0013 1xv 1d 1i
[DBG] PASS: 6b, 0x0013 16xv 1d 1i
[DBG] FAIL: 6b, 0x0013 1xs 2d 1i
[DBG] 1xs 2d 1i: Got 00000083 vs 00000093: FAIL
[DBG] FAIL: 6b, 0x0013 16xs 2d 1i
[DBG] 16xs 2d 1i: Got 00000310 vs 00000330: FAIL
[DBG] PASS: 6b, 0x0013 1xv 2d 1i
[DBG] PASS: 6b, 0x0013 16xv 2d 1i
[DBG] FAIL: 6b, 0x0013 1xs 4d 1i
[DBG] 1xs 4d 1i: Got 00000089 vs 00000099: FAIL
[DBG] FAIL: 6b, 0x0013 16xs 4d 1i
[DBG] 16xs 4d 1i: Got 00000340 vs 00000360: FAIL
[DBG] PASS: 6b, 0x0013 1xv 4d 1i
[DBG] PASS: 6b, 0x0013 16xv 4d 1i
[DBG] FAIL: 6b, 0x0013 1xs 1d 2i
[DBG] 1xs 1d 2i: Got 000000FD vs 0000011C: FAIL
[DBG] FAIL: 6b, 0x0013 16xs 1d 2i
[DBG] 16xs 1d 2i: Got 000005F0 vs 00000630: FAIL
[DBG] PASS: 6b, 0x0013 1xv 1d 2i
[DBG] PASS: 6b, 0x0013 16xv 1d 2i
[DBG] FAIL: 6b, 0x0013 1xs 2d 2i
[DBG] 1xs 2d 2i: Got 000000FC vs 0000011B: FAIL
[DBG] FAIL: 6b, 0x0013 16xs 2d 2i
[DBG] 16xs 2d 2i: Got 000005F0 vs 00000630: FAIL
[DBG] PASS: 6b, 0x0013 1xv 2d 2i
[DBG] PASS: 6b, 0x0013 16xv 2d 2i
[DBG] FAIL: 6b, 0x0013 1xs 4d 2i
[DBG] 1xs 4d 2i: Got 00000102 vs 00000122: FAIL
[DBG] FAIL: 6b, 0x0013 16xs 4d 2i
[DBG] 16xs 4d 2i: Got 00000610 vs 00000650: FAIL
[DBG] PASS: 6b, 0x0013 1xv 4d 2i
[DBG] PASS: 6b, 0x0013 16xv 4d 2i
[DBG] FAIL: 6b, 0x0013 1xs 1d 4i
[DBG] 1xs 1d 4i: Got 000001F1 vs 0000022E: FAIL
[DBG] FAIL: 6b, 0x0013 16xs 1d 4i
[DBG] 16xs 1d 4i: Got 00000BB0 vs 00000C20: FAIL
[DBG] PASS: 6b, 0x0013 1xv 1d 4i
[DBG] PASS: 6b, 0x0013 16xv 1d 4i
[DBG] FAIL: 6b, 0x0013 1xs 2d 4i
[DBG] 1xs 2d 4i: Got 000001F0 vs 0000022D: FAIL
[DBG] FAIL: 6b, 0x0013 16xs 2d 4i
[DBG] 16xs 2d 4i: Got 00000BA0 vs 00000C20: FAIL
[DBG] PASS: 6b, 0x0013 1xv 2d 4i
[DBG] PASS: 6b, 0x0013 16xv 2d 4i
[DBG] FAIL: 6b, 0x0013 1xs 4d 4i
[DBG] 1xs 4d 4i: Got 000001F6 vs 00000234: FAIL
[DBG] FAIL: 6b, 0x0013 16xs 4d 4i
[DBG] 16xs 4d 4i: Got 00000BD0 vs 00000C40: FAIL
[DBG] PASS: 6b, 0x0013 1xv 4d 4i
[DBG] PASS: 6b, 0x0013 16xv 4d 4i
[DBG] Timer count-up test: 8b, 0x0010
[DBG] FAIL: 8b, 0x0010 1xs 1d 1i
[DBG] 1xs 1d 1i: Got 000001B5 vs 000001EB: FAIL
[DBG] FAIL: 8b, 0x0010 16xs 1d 1i
[DBG] 16xs 1d 1i: Got 00000A40 vs 00000AB0: FAIL
[DBG] PASS: 8b, 0x0010 1xv 1d 1i
[DBG] PASS: 8b, 0x0010 16xv 1d 1i
[DBG] FAIL: 8b, 0x0010 1xs 2d 1i
[DBG] 1xs 2d 1i: Got 000001B4 vs 000001EB: FAIL
[DBG] FAIL: 8b, 0x0010 16xs 2d 1i
[DBG] 16xs 2d 1i: Got 00000A40 vs 00000AB0: FAIL
[DBG] PASS: 8b, 0x0010 1xv 2d 1i
[DBG] PASS: 8b, 0x0010 16xv 2d 1i
[DBG] FAIL: 8b, 0x0010 1xs 4d 1i
[DBG] 1xs 4d 1i: Got 000001B3 vs 000001E9: FAIL
[DBG] FAIL: 8b, 0x0010 16xs 4d 1i
[DBG] 16xs 4d 1i: Got 00000A40 vs 00000AB0: FAIL
[DBG] PASS: 8b, 0x0010 1xv 4d 1i
[DBG] PASS: 8b, 0x0010 16xv 4d 1i
[DBG] FAIL: 8b, 0x0010 1xs 1d 2i
[DBG] 1xs 1d 2i: Got 0000036F vs 000003DC: FAIL
[DBG] FAIL: 8b, 0x0010 16xs 1d 2i
[DBG] 16xs 1d 2i: Got 000014A0 vs 00001580: FAIL
[DBG] PASS: 8b, 0x0010 1xv 1d 2i
[DBG] PASS: 8b, 0x0010 16xv 1d 2i
[DBG] FAIL: 8b, 0x0010 1xs 2d 2i
[DBG] 1xs 2d 2i: Got 0000036E vs 000003DB: FAIL
[DBG] FAIL: 8b, 0x0010 16xs 2d 2i
[DBG] 16xs 2d 2i: Got 000014A0 vs 00001580: FAIL
[DBG] PASS: 8b, 0x0010 1xv 2d 2i
[DBG] PASS: 8b, 0x0010 16xv 2d 2i
[DBG] FAIL: 8b, 0x0010 1xs 4d 2i
[DBG] 1xs 4d 2i: Got 0000036D vs 000003DA: FAIL
[DBG] FAIL: 8b, 0x0010 16xs 4d 2i
[DBG] 16xs 4d 2i: Got 00001490 vs 00001570: FAIL
[DBG] PASS: 8b, 0x0010 1xv 4d 2i
[DBG] PASS: 8b, 0x0010 16xv 4d 2i
[DBG] FAIL: 8b, 0x0010 1xs 1d 4i
[DBG] 1xs 1d 4i: Got 000006E3 vs 000007BE: FAIL
[DBG] FAIL: 8b, 0x0010 16xs 1d 4i
[DBG] 16xs 1d 4i: Got 00002950 vs 00002B20: FAIL
[DBG] PASS: 8b, 0x0010 1xv 1d 4i
[DBG] PASS: 8b, 0x0010 16xv 1d 4i
[DBG] FAIL: 8b, 0x0010 1xs 2d 4i
[DBG] 1xs 2d 4i: Got 000006E2 vs 000007BD: FAIL
[DBG] FAIL: 8b, 0x0010 16xs 2d 4i
[DBG] 16xs 2d 4i: Got 00002950 vs 00002B10: FAIL
[DBG] PASS: 8b, 0x0010 1xv 2d 4i
[DBG] PASS: 8b, 0x0010 16xv 2d 4i
[DBG] FAIL: 8b, 0x0010 1xs 4d 4i
[DBG] 1xs 4d 4i: Got 000006E1 vs 000007BC: FAIL
[DBG] FAIL: 8b, 0x0010 16xs 4d 4i
[DBG] 16xs 4d 4i: Got 00002950 vs 00002B10: FAIL
[DBG] PASS: 8b, 0x0010 1xv 4d 4i
[DBG] PASS: 8b, 0x0010 16xv 4d 4i
[DBG] Timer count-up test: 8b, 0x0011
[DBG] FAIL: 8b, 0x0011 1xs 1d 1i
[DBG] 1xs 1d 1i: Got 000001D1 vs 0000020B: FAIL
[DBG] FAIL: 8b, 0x0011 16xs 1d 1i
[DBG] 16xs 1d 1i: Got 00000AF0 vs 00000B60: FAIL
[DBG] PASS: 8b, 0x0011 1xv 1d 1i
[DBG] PASS: 8b, 0x0011 16xv 1d 1i
[DBG] FAIL: 8b, 0x0011 1xs 2d 1i
[DBG] 1xs 2d 1i: Got 000001D1 vs 0000020B: FAIL
[DBG] FAIL: 8b, 0x0011 16xs 2d 1i
[DBG] 16xs 2d 1i: Got 00000AF0 vs 00000B60: FAIL
[DBG] PASS: 8b, 0x0011 1xv 2d 1i
[DBG] PASS: 8b, 0x0011 16xv 2d 1i
[DBG] FAIL: 8b, 0x0011 1xs 4d 1i
[DBG] 1xs 4d 1i: Got 000001D0 vs 00000209: FAIL
[DBG] FAIL: 8b, 0x0011 16xs 4d 1i
[DBG] 16xs 4d 1i: Got 00000AE0 vs 00000B60: FAIL
[DBG] PASS: 8b, 0x0011 1xv 4d 1i
[DBG] PASS: 8b, 0x0011 16xv 4d 1i
[DBG] FAIL: 8b, 0x0011 1xs 1d 2i
[DBG] 1xs 1d 2i: Got 000003A8 vs 0000041C: FAIL
[DBG] FAIL: 8b, 0x0011 16xs 1d 2i
[DBG] 16xs 1d 2i: Got 000015F0 vs 000016E0: FAIL
[DBG] PASS: 8b, 0x0011 1xv 1d 2i
[DBG] PASS: 8b, 0x0011 16xv 1d 2i
[DBG] FAIL: 8b, 0x0011 1xs 2d 2i
[DBG] 1xs 2d 2i: Got 000003A7 vs 0000041B: FAIL
[DBG] FAIL: 8b, 0x0011 16xs 2d 2i
[DBG] 16xs 2d 2i: Got 000015F0 vs 000016E0: FAIL
[DBG] PASS: 8b, 0x0011 1xv 2d 2i
[DBG] PASS: 8b, 0x0011 16xv 2d 2i
[DBG] FAIL: 8b, 0x0011 1xs 4d 2i
[DBG] 1xs 4d 2i: Got 000003A6 vs 0000041A: FAIL
[DBG] FAIL: 8b, 0x0011 16xs 4d 2i
[DBG] 16xs 4d 2i: Got 000015F0 vs 000016E0: FAIL
[DBG] PASS: 8b, 0x0011 1xv 4d 2i
[DBG] PASS: 8b, 0x0011 16xv 4d 2i
[DBG] FAIL: 8b, 0x0011 1xs 1d 4i
[DBG] 1xs 1d 4i: Got 00000754 vs 0000083E: FAIL
[DBG] FAIL: 8b, 0x0011 16xs 1d 4i
[DBG] 16xs 1d 4i: Got 00002C00 vs 00002DE0: FAIL
[DBG] PASS: 8b, 0x0011 1xv 1d 4i
[DBG] PASS: 8b, 0x0011 16xv 1d 4i
[DBG] FAIL: 8b, 0x0011 1xs 2d 4i
[DBG] 1xs 2d 4i: Got 00000754 vs 0000083D: FAIL
[DBG] FAIL: 8b, 0x0011 16xs 2d 4i
[DBG] 16xs 2d 4i: Got 00002C00 vs 00002DE0: FAIL
[DBG] PASS: 8b, 0x0011 1xv 2d 4i
[DBG] PASS: 8b, 0x0011 16xv 2d 4i
[DBG] FAIL: 8b, 0x0011 1xs 4d 4i
[DBG] 1xs 4d 4i: Got 00000753 vs 0000083C: FAIL
[DBG] FAIL: 8b, 0x0011 16xs 4d 4i
[DBG] 16xs 4d 4i: Got 00002BF0 vs 00002DE0: FAIL
[DBG] PASS: 8b, 0x0011 1xv 4d 4i
[DBG] PASS: 8b, 0x0011 16xv 4d 4i
[DBG] Timer count-up test: 8b, 0x0012
[DBG] FAIL: 8b, 0x0012 1xs 1d 1i
[DBG] 1xs 1d 1i: Got 000001EE vs 0000022B: FAIL
[DBG] FAIL: 8b, 0x0012 16xs 1d 1i
[DBG] 16xs 1d 1i: Got 00000B90 vs 00000C10: FAIL
[DBG] PASS: 8b, 0x0012 1xv 1d 1i
[DBG] PASS: 8b, 0x0012 16xv 1d 1i
[DBG] FAIL: 8b, 0x0012 1xs 2d 1i
[DBG] 1xs 2d 1i: Got 000001ED vs 0000022B: FAIL
[DBG] FAIL: 8b, 0x0012 16xs 2d 1i
[DBG] 16xs 2d 1i: Got 00000B90 vs 00000C10: FAIL
[DBG] PASS: 8b, 0x0012 1xv 2d 1i
[DBG] PASS: 8b, 0x0012 16xv 2d 1i
[DBG] FAIL: 8b, 0x0012 1xs 4d 1i
[DBG] 1xs 4d 1i: Got 000001EC vs 00000229: FAIL
[DBG] FAIL: 8b, 0x0012 16xs 4d 1i
[DBG] 16xs 4d 1i: Got 00000B90 vs 00000C10: FAIL
[DBG] PASS: 8b, 0x0012 1xv 4d 1i
[DBG] PASS: 8b, 0x0012 16xv 4d 1i
[DBG] FAIL: 8b, 0x0012 1xs 1d 2i
[DBG] 1xs 1d 2i: Got 000003E1 vs 0000045C: FAIL
[DBG] FAIL: 8b, 0x0012 16xs 1d 2i
[DBG] 16xs 1d 2i: Got 00001750 vs 00001850: FAIL
[DBG] PASS: 8b, 0x0012 1xv 1d 2i
[DBG] PASS: 8b, 0x0012 16xv 1d 2i
[DBG] FAIL: 8b, 0x0012 1xs 2d 2i
[DBG] 1xs 2d 2i: Got 000003E0 vs 0000045B: FAIL
[DBG] FAIL: 8b, 0x0012 16xs 2d 2i
[DBG] 16xs 2d 2i: Got 00001740 vs 00001840: FAIL
[DBG] PASS: 8b, 0x0012 1xv 2d 2i
[DBG] PASS: 8b, 0x0012 16xv 2d 2i
[DBG] FAIL: 8b, 0x0012 1xs 4d 2i
[DBG] 1xs 4d 2i: Got 000003DF vs 0000045A: FAIL
[DBG] FAIL: 8b, 0x0012 16xs 4d 2i
[DBG] 16xs 4d 2i: Got 00001740 vs 00001840: FAIL
[DBG] PASS: 8b, 0x0012 1xv 4d 2i
[DBG] PASS: 8b, 0x0012 16xv 4d 2i
[DBG] FAIL: 8b, 0x0012 1xs 1d 4i
[DBG] 1xs 1d 4i: Got 000007C6 vs 000008BE: FAIL
[DBG] FAIL: 8b, 0x0012 16xs 1d 4i
[DBG] 16xs 1d 4i: Got 00002EB0 vs 000030B0: FAIL
[DBG] PASS: 8b, 0x0012 1xv 1d 4i
[DBG] PASS: 8b, 0x0012 16xv 1d 4i
[DBG] FAIL: 8b, 0x0012 1xs 2d 4i
[DBG] 1xs 2d 4i: Got 000007C6 vs 000008BD: FAIL
[DBG] FAIL: 8b, 0x0012 16xs 2d 4i
[DBG] 16xs 2d 4i: Got 00002EA0 vs 000030A0: FAIL
[DBG] PASS: 8b, 0x0012 1xv 2d 4i
[DBG] PASS: 8b, 0x0012 16xv 2d 4i
[DBG] FAIL: 8b, 0x0012 1xs 4d 4i
[DBG] 1xs 4d 4i: Got 000007C4 vs 000008BC: FAIL
[DBG] FAIL: 8b, 0x0012 16xs 4d 4i
[DBG] 16xs 4d 4i: Got 00002EA0 vs 000030A0: FAIL
[DBG] PASS: 8b, 0x0012 1xv 4d 4i
[DBG] PASS: 8b, 0x0012 16xv 4d 4i
[DBG] Timer count-up test: 8b, 0x0013
[DBG] FAIL: 8b, 0x0013 1xs 1d 1i
[DBG] 1xs 1d 1i: Got 0000020A vs 0000024B: FAIL
[DBG] FAIL: 8b, 0x0013 16xs 1d 1i
[DBG] 16xs 1d 1i: Got 00000C40 vs 00000CD0: FAIL
[DBG] PASS: 8b, 0x0013 1xv 1d 1i
[DBG] PASS: 8b, 0x0013 16xv 1d 1i
[DBG] FAIL: 8b, 0x0013 1xs 2d 1i
[DBG] 1xs 2d 1i: Got 0000020A vs 0000024B: FAIL
[DBG] FAIL: 8b, 0x0013 16xs 2d 1i
[DBG] 16xs 2d 1i: Got 00000C40 vs 00000CC0: FAIL
[DBG] PASS: 8b, 0x0013 1xv 2d 1i
[DBG] PASS: 8b, 0x0013 16xv 2d 1i
[DBG] FAIL: 8b, 0x0013 1xs 4d 1i
[DBG] 1xs 4d 1i: Got 00000209 vs 00000249: FAIL
[DBG] FAIL: 8b, 0x0013 16xs 4d 1i
[DBG] 16xs 4d 1i: Got 00000C40 vs 00000CC0: FAIL
[DBG] PASS: 8b, 0x0013 1xv 4d 1i
[DBG] PASS: 8b, 0x0013 16xv 4d 1i
[DBG] FAIL: 8b, 0x0013 1xs 1d 2i
[DBG] 1xs 1d 2i: Got 00000419 vs 0000049C: FAIL
[DBG] FAIL: 8b, 0x0013 16xs 1d 2i
[DBG] 16xs 1d 2i: Got 000018A0 vs 000019B0: FAIL
[DBG] PASS: 8b, 0x0013 1xv 1d 2i
[DBG] PASS: 8b, 0x0013 16xv 1d 2i
[DBG] FAIL: 8b, 0x0013 1xs 2d 2i
[DBG] 1xs 2d 2i: Got 00000419 vs 0000049B: FAIL
[DBG] FAIL: 8b, 0x0013 16xs 2d 2i
[DBG] 16xs 2d 2i: Got 000018A0 vs 000019B0: FAIL
[DBG] PASS: 8b, 0x0013 1xv 2d 2i
[DBG] PASS: 8b, 0x0013 16xv 2d 2i
[DBG] FAIL: 8b, 0x0013 1xs 4d 2i
[DBG] 1xs 4d 2i: Got 00000418 vs 0000049A: FAIL
[DBG] FAIL: 8b, 0x0013 16xs 4d 2i
[DBG] 16xs 4d 2i: Got 00001890 vs 000019A0: FAIL
[DBG] PASS: 8b, 0x0013 1xv 4d 2i
[DBG] PASS: 8b, 0x0013 16xv 4d 2i
[DBG] FAIL: 8b, 0x0013 1xs 1d 4i
[DBG] 1xs 1d 4i: Got 00000838 vs 0000093E: FAIL
[DBG] FAIL: 8b, 0x0013 16xs 1d 4i
[DBG] 16xs 1d 4i: Got 00003150 vs 00003370: FAIL
[DBG] PASS: 8b, 0x0013 1xv 1d 4i
[DBG] PASS: 8b, 0x0013 16xv 1d 4i
[DBG] FAIL: 8b, 0x0013 1xs 2d 4i
[DBG] 1xs 2d 4i: Got 00000837 vs 0000093D: FAIL
[DBG] FAIL: 8b, 0x0013 16xs 2d 4i
[DBG] 16xs 2d 4i: Got 00003150 vs 00003370: FAIL
[DBG] PASS: 8b, 0x0013 1xv 2d 4i
[DBG] PASS: 8b, 0x0013 16xv 2d 4i
[DBG] FAIL: 8b, 0x0013 1xs 4d 4i
[DBG] 1xs 4d 4i: Got 00000836 vs 0000093C: FAIL
[DBG] FAIL: 8b, 0x0013 16xs 4d 4i
[DBG] 16xs 4d 4i: Got 00003150 vs 00003370: FAIL
[DBG] PASS: 8b, 0x0013 1xv 4d 4i
[DBG] PASS: 8b, 0x0013 16xv 4d 4i
[DBG] Timer count-up test: 10b, 0x0010
[DBG] FAIL: 10b, 0x0010 1xs 1d 1i
[DBG] 1xs 1d 1i: Got 0000070A vs 000007EB: FAIL
[DBG] FAIL: 10b, 0x0010 16xs 1d 1i
[DBG] 16xs 1d 1i: Got 00002A40 vs 00002C10: FAIL
[DBG] PASS: 10b, 0x0010 1xv 1d 1i
[DBG] PASS: 10b, 0x0010 16xv 1d 1i
[DBG] FAIL: 10b, 0x0010 1xs 2d 1i
[DBG] 1xs 2d 1i: Got 0000070A vs 000007EB: FAIL
[DBG] FAIL: 10b, 0x0010 16xs 2d 1i
[DBG] 16xs 2d 1i: Got 00002A40 vs 00002C10: FAIL
[DBG] PASS: 10b, 0x0010 1xv 2d 1i
[DBG] PASS: 10b, 0x0010 16xv 2d 1i
[DBG] FAIL: 10b, 0x0010 1xs 4d 1i
[DBG] 1xs 4d 1i: Got 00000709 vs 000007E9: FAIL
[DBG] FAIL: 10b, 0x0010 16xs 4d 1i
[DBG] 16xs 4d 1i: Got 00002A40 vs 00002C10: FAIL
[DBG] PASS: 10b, 0x0010 1xv 4d 1i
[DBG] PASS: 10b, 0x0010 16xv 4d 1i
[DBG] FAIL: 10b, 0x0010 1xs 1d 2i
[DBG] 1xs 1d 2i: Got 00000E19 vs 00000FDC: FAIL
[DBG] FAIL: 10b, 0x0010 16xs 1d 2i
[DBG] 16xs 1d 2i: Got 000054A0 vs 00005850: FAIL
[DBG] PASS: 10b, 0x0010 1xv 1d 2i
[DBG] PASS: 10b, 0x0010 16xv 1d 2i
[DBG] FAIL: 10b, 0x0010 1xs 2d 2i
[DBG] 1xs 2d 2i: Got 00000E19 vs 00000FDB: FAIL
[DBG] FAIL: 10b, 0x0010 16xs 2d 2i
[DBG] 16xs 2d 2i: Got 000054A0 vs 00005840: FAIL
[DBG] PASS: 10b, 0x0010 1xv 2d 2i
[DBG] PASS: 10b, 0x0010 16xv 2d 2i
[DBG] FAIL: 10b, 0x0010 1xs 4d 2i
[DBG] 1xs 4d 2i: Got 00000E18 vs 00000FDA: FAIL
[DBG] FAIL: 10b, 0x0010 16xs 4d 2i
[DBG] 16xs 4d 2i: Got 00005490 vs 00005840: FAIL
[DBG] PASS: 10b, 0x0010 1xv 4d 2i
[DBG] PASS: 10b, 0x0010 16xv 4d 2i
[DBG] FAIL: 10b, 0x0010 1xs 1d 4i
[DBG] 1xs 1d 4i: Got 00001C38 vs 00001FBE: FAIL
[DBG] FAIL: 10b, 0x0010 16xs 1d 4i
[DBG] 16xs 1d 4i: Got 0000A950 vs 0000B0B0: FAIL
[DBG] PASS: 10b, 0x0010 1xv 1d 4i
[DBG] PASS: 10b, 0x0010 16xv 1d 4i
[DBG] FAIL: 10b, 0x0010 1xs 2d 4i
[DBG] 1xs 2d 4i: Got 00001C37 vs 00001FBD: FAIL
[DBG] FAIL: 10b, 0x0010 16xs 2d 4i
[DBG] 16xs 2d 4i: Got 0000A950 vs 0000B0A0: FAIL
[DBG] PASS: 10b, 0x0010 1xv 2d 4i
[DBG] PASS: 10b, 0x0010 16xv 2d 4i
[DBG] FAIL: 10b, 0x0010 1xs 4d 4i
[DBG] 1xs 4d 4i: Got 00001C36 vs 00001FBC: FAIL
[DBG] FAIL: 10b, 0x0010 16xs 4d 4i
[DBG] 16xs 4d 4i: Got 0000A950 vs 0000B0A0: FAIL
[DBG] PASS: 10b, 0x0010 1xv 4d 4i
[DBG] PASS: 10b, 0x0010 16xv 4d 4i
[DBG] Timer count-up test: 10b, 0x0011
[DBG] FAIL: 10b, 0x0011 1xs 1d 1i
[DBG] 1xs 1d 1i: Got 0000077C vs 0000086B: FAIL
[DBG] FAIL: 10b, 0x0011 16xs 1d 1i
[DBG] 16xs 1d 1i: Got 00002CF0 vs 00002EE0: FAIL
[DBG] PASS: 10b, 0x0011 1xv 1d 1i
[DBG] PASS: 10b, 0x0011 16xv 1d 1i
[DBG] FAIL: 10b, 0x0011 1xs 2d 1i
[DBG] 1xs 2d 1i: Got 0000077B vs 0000086B: FAIL
[DBG] FAIL: 10b, 0x0011 16xs 2d 1i
[DBG] 16xs 2d 1i: Got 00002CF0 vs 00002EE0: FAIL
[DBG] PASS: 10b, 0x0011 1xv 2d 1i
[DBG] PASS: 10b, 0x0011 16xv 2d 1i
[DBG] FAIL: 10b, 0x0011 1xs 4d 1i
[DBG] 1xs 4d 1i: Got 0000077A vs 00000869: FAIL
[DBG] FAIL: 10b, 0x0011 16xs 4d 1i
[DBG] 16xs 4d 1i: Got 00002CE0 vs 00002ED0: FAIL
[DBG] PASS: 10b, 0x0011 1xv 4d 1i
[DBG] PASS: 10b, 0x0011 16xv 4d 1i
[DBG] FAIL: 10b, 0x0011 1xs 1d 2i
[DBG] 1xs 1d 2i: Got 00000EFD vs 000010DC: FAIL
[DBG] FAIL: 10b, 0x0011 16xs 1d 2i
[DBG] 16xs 1d 2i: Got 000059F0 vs 00005DE0: FAIL
[DBG] PASS: 10b, 0x0011 1xv 1d 2i
[DBG] PASS: 10b, 0x0011 16xv 1d 2i
[DBG] FAIL: 10b, 0x0011 1xs 2d 2i
[DBG] 1xs 2d 2i: Got 00000EFC vs 000010DB: FAIL
[DBG] FAIL: 10b, 0x0011 16xs 2d 2i
[DBG] 16xs 2d 2i: Got 000059F0 vs 00005DD0: FAIL
[DBG] PASS: 10b, 0x0011 1xv 2d 2i
[DBG] PASS: 10b, 0x0011 16xv 2d 2i
[DBG] FAIL: 10b, 0x0011 1xs 4d 2i
[DBG] 1xs 4d 2i: Got 00000EFB vs 000010DA: FAIL
[DBG] FAIL: 10b, 0x0011 16xs 4d 2i
[DBG] 16xs 4d 2i: Got 000059F0 vs 00005DD0: FAIL
[DBG] PASS: 10b, 0x0011 1xv 4d 2i
[DBG] PASS: 10b, 0x0011 16xv 4d 2i
[DBG] FAIL: 10b, 0x0011 1xs 1d 4i
[DBG] 1xs 1d 4i: Got 00001DFF vs 000021BE: FAIL
[DBG] FAIL: 10b, 0x0011 16xs 1d 4i
[DBG] 16xs 1d 4i: Got 0000B400 vs 0000BBD0: FAIL
[DBG] PASS: 10b, 0x0011 1xv 1d 4i
[DBG] PASS: 10b, 0x0011 16xv 1d 4i
[DBG] FAIL: 10b, 0x0011 1xs 2d 4i
[DBG] 1xs 2d 4i: Got 00001DFE vs 000021BD: FAIL
[DBG] FAIL: 10b, 0x0011 16xs 2d 4i
[DBG] 16xs 2d 4i: Got 0000B400 vs 0000BBD0: FAIL
[DBG] PASS: 10b, 0x0011 1xv 2d 4i
[DBG] PASS: 10b, 0x0011 16xv 2d 4i
[DBG] FAIL: 10b, 0x0011 1xs 4d 4i
[DBG] 1xs 4d 4i: Got 00001DFD vs 000021BC: FAIL
[DBG] FAIL: 10b, 0x0011 16xs 4d 4i
[DBG] 16xs 4d 4i: Got 0000B3F0 vs 0000BBC0: FAIL
[DBG] PASS: 10b, 0x0011 1xv 4d 4i
[DBG] PASS: 10b, 0x0011 16xv 4d 4i
[DBG] Timer count-up test: 10b, 0x0012
[DBG] FAIL: 10b, 0x0012 1xs 1d 1i
[DBG] 1xs 1d 1i: Got 000007EE vs 000008EB: FAIL
[DBG] FAIL: 10b, 0x0012 16xs 1d 1i
[DBG] 16xs 1d 1i: Got 00002F90 vs 000031A0: FAIL
[DBG] PASS: 10b, 0x0012 1xv 1d 1i
[DBG] PASS: 10b, 0x0012 16xv 1d 1i
[DBG] FAIL: 10b, 0x0012 1xs 2d 1i
[DBG] 1xs 2d 1i: Got 000007ED vs 000008EB: FAIL
[DBG] FAIL: 10b, 0x0012 16xs 2d 1i
[DBG] 16xs 2d 1i: Got 00002F90 vs 000031A0: FAIL
[DBG] PASS: 10b, 0x0012 1xv 2d 1i
[DBG] PASS: 10b, 0x0012 16xv 2d 1i
[DBG] FAIL: 10b, 0x0012 1xs 4d 1i
[DBG] 1xs 4d 1i: Got 000007EC vs 000008E9: FAIL
[DBG] FAIL: 10b, 0x0012 16xs 4d 1i
[DBG] 16xs 4d 1i: Got 00002F90 vs 000031A0: FAIL
[DBG] PASS: 10b, 0x0012 1xv 4d 1i
[DBG] PASS: 10b, 0x0012 16xv 4d 1i
[DBG] FAIL: 10b, 0x0012 1xs 1d 2i
[DBG] 1xs 1d 2i: Got 00000FE1 vs 000011DC: FAIL
[DBG] FAIL: 10b, 0x0012 16xs 1d 2i
[DBG] 16xs 1d 2i: Got 00005F50 vs 00006370: FAIL
[DBG] PASS: 10b, 0x0012 1xv 1d 2i
[DBG] PASS: 10b, 0x0012 16xv 1d 2i
[DBG] FAIL: 10b, 0x0012 1xs 2d 2i
[DBG] 1xs 2d 2i: Got 00000FE0 vs 000011DB: FAIL
[DBG] FAIL: 10b, 0x0012 16xs 2d 2i
[DBG] 16xs 2d 2i: Got 00005F40 vs 00006360: FAIL
[DBG] PASS: 10b, 0x0012 1xv 2d 2i
[DBG] PASS: 10b, 0x0012 16xv 2d 2i
[DBG] FAIL: 10b, 0x0012 1xs 4d 2i
[DBG] 1xs 4d 2i: Got 00000FDF vs 000011DA: FAIL
[DBG] FAIL: 10b, 0x0012 16xs 4d 2i
[DBG] 16xs 4d 2i: Got 00005F40 vs 00006360: FAIL
[DBG] PASS: 10b, 0x0012 1xv 4d 2i
[DBG] PASS: 10b, 0x0012 16xv 4d 2i
[DBG] FAIL: 10b, 0x0012 1xs 1d 4i
[DBG] 1xs 1d 4i: Got 00001FC6 vs 000023BE: FAIL
[DBG] FAIL: 10b, 0x0012 16xs 1d 4i
[DBG] 16xs 1d 4i: Got 0000BEB0 vs 0000C6F0: FAIL
[DBG] PASS: 10b, 0x0012 1xv 1d 4i
[DBG] PASS: 10b, 0x0012 16xv 1d 4i
[DBG] FAIL: 10b, 0x0012 1xs 2d 4i
[DBG] 1xs 2d 4i: Got 00001FC6 vs 000023BD: FAIL
[DBG] FAIL: 10b, 0x0012 16xs 2d 4i
[DBG] 16xs 2d 4i: Got 0000BEA0 vs 0000C6F0: FAIL
[DBG] PASS: 10b, 0x0012 1xv 2d 4i
[DBG] PASS: 10b, 0x0012 16xv 2d 4i
[DBG] FAIL: 10b, 0x0012 1xs 4d 4i
[DBG] 1xs 4d 4i: Got 00001FC4 vs 000023BC: FAIL
[DBG] FAIL: 10b, 0x0012 16xs 4d 4i
[DBG] 16xs 4d 4i: Got 0000BEA0 vs 0000C6E0: FAIL
[DBG] PASS: 10b, 0x0012 1xv 4d 4i
[DBG] PASS: 10b, 0x0012 16xv 4d 4i
[DBG] Timer count-up test: 10b, 0x0013
[DBG] FAIL: 10b, 0x0013 1xs 1d 1i
[DBG] 1xs 1d 1i: Got 00000860 vs 0000096B: FAIL
[DBG] FAIL: 10b, 0x0013 16xs 1d 1i
[DBG] 16xs 1d 1i: Got 00003240 vs 00003470: FAIL
[DBG] PASS: 10b, 0x0013 1xv 1d 1i
[DBG] PASS: 10b, 0x0013 16xv 1d 1i
[DBG] FAIL: 10b, 0x0013 1xs 2d 1i
[DBG] 1xs 2d 1i: Got 0000085F vs 0000096B: FAIL
[DBG] FAIL: 10b, 0x0013 16xs 2d 1i
[DBG] 16xs 2d 1i: Got 00003240 vs 00003470: FAIL
[DBG] PASS: 10b, 0x0013 1xv 2d 1i
[DBG] PASS: 10b, 0x0013 16xv 2d 1i
[DBG] FAIL: 10b, 0x0013 1xs 4d 1i
[DBG] 1xs 4d 1i: Got 0000085E vs 00000969: FAIL
[DBG] FAIL: 10b, 0x0013 16xs 4d 1i
[DBG] 16xs 4d 1i: Got 00003240 vs 00003460: FAIL
[DBG] PASS: 10b, 0x0013 1xv 4d 1i
[DBG] PASS: 10b, 0x0013 16xv 4d 1i
[DBG] FAIL: 10b, 0x0013 1xs 1d 2i
[DBG] 1xs 1d 2i: Got 000010C4 vs 000012DC: FAIL
[DBG] FAIL: 10b, 0x0013 16xs 1d 2i
[DBG] 16xs 1d 2i: Got 000064A0 vs 00006900: FAIL
[DBG] PASS: 10b, 0x0013 1xv 1d 2i
[DBG] PASS: 10b, 0x0013 16xv 1d 2i
[DBG] FAIL: 10b, 0x0013 1xs 2d 2i
[DBG] 1xs 2d 2i: Got 000010C4 vs 000012DB: FAIL
[DBG] FAIL: 10b, 0x0013 16xs 2d 2i
[DBG] 16xs 2d 2i: Got 000064A0 vs 000068F0: FAIL
[DBG] PASS: 10b, 0x0013 1xv 2d 2i
[DBG] PASS: 10b, 0x0013 16xv 2d 2i
[DBG] FAIL: 10b, 0x0013 1xs 4d 2i
[DBG] 1xs 4d 2i: Got 000010C2 vs 000012DA: FAIL
[DBG] FAIL: 10b, 0x0013 16xs 4d 2i
[DBG] 16xs 4d 2i: Got 00006490 vs 000068F0: FAIL
[DBG] PASS: 10b, 0x0013 1xv 4d 2i
[DBG] PASS: 10b, 0x0013 16xv 4d 2i
[DBG] FAIL: 10b, 0x0013 1xs 1d 4i
[DBG] 1xs 1d 4i: Got 0000218D vs 000025BE: FAIL
[DBG] FAIL: 10b, 0x0013 16xs 1d 4i
[DBG] 16xs 1d 4i: Got 0000C950 vs 0000D210: FAIL
[DBG] PASS: 10b, 0x0013 1xv 1d 4i
[DBG] PASS: 10b, 0x0013 16xv 1d 4i
[DBG] FAIL: 10b, 0x0013 1xs 2d 4i
[DBG] 1xs 2d 4i: Got 0000218D vs 000025BD: FAIL
[DBG] FAIL: 10b, 0x0013 16xs 2d 4i
[DBG] 16xs 2d 4i: Got 0000C950 vs 0000D210: FAIL
[DBG] PASS: 10b, 0x0013 1xv 2d 4i
[DBG] PASS: 10b, 0x0013 16xv 2d 4i
[DBG] FAIL: 10b, 0x0013 1xs 4d 4i
[DBG] 1xs 4d 4i: Got 0000218C vs 000025BC: FAIL
[DBG] FAIL: 10b, 0x0013 16xs 4d 4i
[DBG] 16xs 4d 4i: Got 0000C950 vs 0000D200: FAIL
[DBG] PASS: 10b, 0x0013 1xv 4d 4i
[DBG] PASS: 10b, 0x0013 16xv 4d 4i

--- Suite 04: Timer count-up ---
Frames: 233  PC=0x0802BAAC  CPSR=0x2000003F  halted=0  cycle=185026690
[debug]
Game Boy Advance Test Suite
===
BEGIN: Timer count-up tests
Timer count-up test: 0b, 0x0001
PASS: 0b, 0x0001 1xs 1d 1i
PASS: 0b, 0x0001 16xs 1d 1i
PASS: 0b, 0x0001 1xv 1d 1i
PASS: 0b, 0x0001 16xv 1d 1i
PASS: 0b, 0x0001 1xs 2d 1i
PASS: 0b, 0x0001 16xs 2d 1i
PASS: 0b, 0x0001 1xv 2d 1i
PASS: 0b, 0x0001 16xv 2d 1i
PASS: 0b, 0x0001 1xs 4d 1i
PASS: 0b, 0x0001 16xs 4d 1i
PASS: 0b, 0x0001 1xv 4d 1i
PASS: 0b, 0x0001 16xv 4d 1i
PASS: 0b, 0x0001 1xs 1d 2i
PASS: 0b, 0x0001 16xs 1d 2i
PASS: 0b, 0x0001 1xv 1d 2i
PASS: 0b, 0x0001 16xv 1d 2i
PASS: 0b, 0x0001 1xs 2d 2i
PASS: 0b, 0x0001 16xs 2d 2i
PASS: 0b, 0x0001 1xv 2d 2i
PASS: 0b, 0x0001 16xv 2d 2i
PASS: 0b, 0x0001 1xs 4d 2i
PASS: 0b, 0x0001 16xs 4d 2i
PASS: 0b, 0x0001 1xv 4d 2i
PASS: 0b, 0x0001 16xv 4d 2i
PASS: 0b, 0x0001 1xs 1d 4i
PASS: 0b, 0x0001 16xs 1d 4i
PASS: 0b, 0x0001 1xv 1d 4i
PASS: 0b, 0x0001 16xv 1d 4i
PASS: 0b, 0x0001 1xs 2d 4i
PASS: 0b, 0x0001 16xs 2d 4i
PASS: 0b, 0x0001 1xv 2d 4i
PASS: 0b, 0x0001 16xv 2d 4i
PASS: 0b, 0x0001 1xs 4d 4i
PASS: 0b, 0x0001 16xs 4d 4i
PASS: 0b, 0x0001 1xv 4d 4i
PASS: 0b, 0x0001 16xv 4d 4i
Timer count-up test: 0b, 0x0005
FAIL: 0b, 0x0005 1xs 1d 1i
1xs 1d 1i: Got 00000002 vs 00000003: FAIL
PASS: 0b, 0x0005 16xs 1d 1i
FAIL: 0b, 0x0005 1xv 1d 1i
1xv 1d 1i: Got FFFD vs FFFF: FAIL
PASS: 0b, 0x0005 16xv 1d 1i
FAIL: 0b, 0x0005 1xs 2d 1i
1xs 2d 1i: Got 00000002 vs 00000003: FAIL
PASS: 0b, 0x0005 16xs 2d 1i
FAIL: 0b, 0x0005 1xv 2d 1i
1xv 2d 1i: Got FFFD vs FFFF: FAIL
PASS: 0b, 0x0005 16xv 2d 1i
FAIL: 0b, 0x0005 1xs 4d 1i
1xs 4d 1i: Got 00000002 vs 00000003: FAIL
PASS: 0b, 0x0005 16xs 4d 1i
FAIL: 0b, 0x0005 1xv 4d 1i
1xv 4d 1i: Got FFFD vs FFFF: FAIL
PASS: 0b, 0x0005 16xv 4d 1i
FAIL: 0b, 0x0005 1xs 1d 2i
1xs 1d 2i: Got 00000002 vs 00000003: FAIL
PASS: 0b, 0x0005 16xs 1d 2i
FAIL: 0b, 0x0005 1xv 1d 2i
1xv 1d 2i: Got FFFC vs FFFB: FAIL
FAIL: 0b, 0x0005 16xv 1d 2i
16xv 1d 2i: Got FFFC vs FFFE: FAIL
FAIL: 0b, 0x0005 1xs 2d 2i
1xs 2d 2i: Got 00000002 vs 00000003: FAIL
PASS: 0b, 0x0005 16xs 2d 2i
FAIL: 0b, 0x0005 1xv 2d 2i
1xv 2d 2i: Got FFFC vs FFFB: FAIL
FAIL: 0b, 0x0005 16xv 2d 2i
16xv 2d 2i: Got FFFC vs FFFE: FAIL
FAIL: 0b, 0x0005 1xs 4d 2i
1xs 4d 2i: Got 00000002 vs 00000003: FAIL
PASS: 0b, 0x0005 16xs 4d 2i
FAIL: 0b, 0x0005 1xv 4d 2i
1xv 4d 2i: Got FFFC vs FFFB: FAIL
FAIL: 0b, 0x0005 16xv 4d 2i
16xv 4d 2i: Got FFFC vs FFFE: FAIL
FAIL: 0b, 0x0005 1xs 1d 4i
1xs 1d 4i: Got 00000002 vs 00000003: FAIL
PASS: 0b, 0x0005 16xs 1d 4i
FAIL: 0b, 0x0005 1xv 1d 4i
1xv 1d 4i: Got FFFF vs FFFD: FAIL
FAIL: 0b, 0x0005 16xv 1d 4i
16xv 1d 4i: Got FFFF vs FFFB: FAIL
FAIL: 0b, 0x0005 1xs 2d 4i
1xs 2d 4i: Got 00000002 vs 00000003: FAIL
PASS: 0b, 0x0005 16xs 2d 4i
FAIL: 0b, 0x0005 1xv 2d 4i
1xv 2d 4i: Got FFFF vs FFFD: FAIL
FAIL: 0b, 0x0005 16xv 2d 4i
16xv 2d 4i: Got FFFF vs FFFB: FAIL
FAIL: 0b, 0x0005 1xs 4d 4i
1xs 4d 4i: Got 00000002 vs 00000003: FAIL
PASS: 0b, 0x0005 16xs 4d 4i
FAIL: 0b, 0x0005 1xv 4d 4i
1xv 4d 4i: Got FFFF vs FFFD: FAIL
FAIL: 0b, 0x0005 16xv 4d 4i
16xv 4d 4i: Got FFFF vs FFFB: FAIL
Timer count-up test: 0b, 0x000C
PASS: 0b, 0x000C 1xs 1d 1i
FAIL: 0b, 0x000C 16xs 1d 1i
16xs 1d 1i: Got 00000010 vs 00000020: FAIL
FAIL: 0b, 0x000C 1xv 1d 1i
1xv 1d 1i: Got FFFE vs FFFC: FAIL
FAIL: 0b, 0x000C 16xv 1d 1i
16xv 1d 1i: Got FFFC vs FFFE: FAIL
PASS: 0b, 0x000C 1xs 2d 1i
FAIL: 0b, 0x000C 16xs 2d 1i
16xs 2d 1i: Got 00000010 vs 00000020: FAIL
FAIL: 0b, 0x000C 1xv 2d 1i
1xv 2d 1i: Got FFFE vs FFFC: FAIL
FAIL: 0b, 0x000C 16xv 2d 1i
16xv 2d 1i: Got FFFC vs FFFE: FAIL
PASS: 0b, 0x000C 1xs 4d 1i
FAIL: 0b, 0x000C 16xs 4d 1i
16xs 4d 1i: Got 00000010 vs 00000020: FAIL
FAIL: 0b, 0x000C 1xv 4d 1i
1xv 4d 1i: Got FFFE vs FFFC: FAIL
FAIL: 0b, 0x000C 16xv 4d 1i
16xv 4d 1i: Got FFFC vs FFFE: FAIL
PASS: 0b, 0x000C 1xs 1d 2i
FAIL: 0b, 0x000C 16xs 1d 2i
16xs 1d 2i: Got 00000010 vs 00000020: FAIL
PASS: 0b, 0x000C 1xv 1d 2i
FAIL: 0b, 0x000C 16xv 1d 2i
16xv 1d 2i: Got FFFB vs FFFF: FAIL
PASS: 0b, 0x000C 1xs 2d 2i
FAIL: 0b, 0x000C 16xs 2d 2i
16xs 2d 2i: Got 00000010 vs 00000020: FAIL
PASS: 0b, 0x000C 1xv 2d 2i
FAIL: 0b, 0x000C 16xv 2d 2i
16xv 2d 2i: Got FFFB vs FFFF: FAIL
PASS: 0b, 0x000C 1xs 4d 2i
FAIL: 0b, 0x000C 16xs 4d 2i
16xs 4d 2i: Got 00000010 vs 00000020: FAIL
PASS: 0b, 0x000C 1xv 4d 2i
FAIL: 0b, 0x000C 16xv 4d 2i
16xv 4d 2i: Got FFFB vs FFFF: FAIL
PASS: 0b, 0x000C 1xs 1d 4i
FAIL: 0b, 0x000C 16xs 1d 4i
16xs 1d 4i: Got 00000010 vs 00000020: FAIL
FAIL: 0b, 0x000C 1xv 1d 4i
1xv 1d 4i: Got FFFB vs FFFF: FAIL
FAIL: 0b, 0x000C 16xv 1d 4i
16xv 1d 4i: Got FFF9 vs FFF5: FAIL
PASS: 0b, 0x000C 1xs 2d 4i
FAIL: 0b, 0x000C 16xs 2d 4i
16xs 2d 4i: Got 00000010 vs 00000020: FAIL
FAIL: 0b, 0x000C 1xv 2d 4i
1xv 2d 4i: Got FFFB vs FFFF: FAIL
FAIL: 0b, 0x000C 16xv 2d 4i
16xv 2d 4i: Got FFF9 vs FFF5: FAIL
PASS: 0b, 0x000C 1xs 4d 4i
FAIL: 0b, 0x000C 16xs 4d 4i
16xs 4d 4i: Got 00000010 vs 00000020: FAIL
FAIL: 0b, 0x000C 1xv 4d 4i
1xv 4d 4i: Got FFFB vs FFFF: FAIL
FAIL: 0b, 0x000C 16xv 4d 4i
16xv 4d 4i: Got FFF9 vs FFF5: FAIL
Timer count-up test: 0b, 0x000D
FAIL: 0b, 0x000D 1xs 1d 1i
1xs 1d 1i: Got 00000003 vs 00000004: FAIL
PASS: 0b, 0x000D 16xs 1d 1i
FAIL: 0b, 0x000D 1xv 1d 1i
1xv 1d 1i: Got FFF5 vs FFF6: FAIL
FAIL: 0b, 0x000D 16xv 1d 1i
16xv 1d 1i: Got FFF7 vs FFF5: FAIL
FAIL: 0b, 0x000D 1xs 2d 1i
1xs 2d 1i: Got 00000003 vs 00000004: FAIL
PASS: 0b, 0x000D 16xs 2d 1i
FAIL: 0b, 0x000D 1xv 2d 1i
1xv 2d 1i: Got FFF5 vs FFF6: FAIL
FAIL: 0b, 0x000D 16xv 2d 1i
16xv 2d 1i: Got FFF7 vs FFF5: FAIL
FAIL: 0b, 0x000D 1xs 4d 1i
1xs 4d 1i: Got 00000003 vs 00000004: FAIL
PASS: 0b, 0x000D 16xs 4d 1i
FAIL: 0b, 0x000D 1xv 4d 1i
1xv 4d 1i: Got FFF5 vs FFF6: FAIL
FAIL: 0b, 0x000D 16xv 4d 1i
16xv 4d 1i: Got FFF7 vs FFF5: FAIL
FAIL: 0b, 0x000D 1xs 1d 2i
1xs 1d 2i: Got 00000003 vs 00000004: FAIL
PASS: 0b, 0x000D 16xs 1d 2i
FAIL: 0b, 0x000D 1xv 1d 2i
1xv 1d 2i: Got FFF7 vs FFFA: FAIL
PASS: 0b, 0x000D 16xv 1d 2i
FAIL: 0b, 0x000D 1xs 2d 2i
1xs 2d 2i: Got 00000003 vs 00000004: FAIL
PASS: 0b, 0x000D 16xs 2d 2i
FAIL: 0b, 0x000D 1xv 2d 2i
1xv 2d 2i: Got FFF7 vs FFFA: FAIL
PASS: 0b, 0x000D 16xv 2d 2i
FAIL: 0b, 0x000D 1xs 4d 2i
1xs 4d 2i: Got 00000003 vs 00000004: FAIL
PASS: 0b, 0x000D 16xs 4d 2i
FAIL: 0b, 0x000D 1xv 4d 2i
1xv 4d 2i: Got FFF7 vs FFFA: FAIL
PASS: 0b, 0x000D 16xv 4d 2i
FAIL: 0b, 0x000D 1xs 1d 4i
1xs 1d 4i: Got 00000003 vs 00000004: FAIL
PASS: 0b, 0x000D 16xs 1d 4i
FAIL: 0b, 0x000D 1xv 1d 4i
1xv 1d 4i: Got FFFB vs FFF5: FAIL
FAIL: 0b, 0x000D 16xv 1d 4i
16xv 1d 4i: Got FFFD vs FFF4: FAIL
FAIL: 0b, 0x000D 1xs 2d 4i
1xs 2d 4i: Got 00000003 vs 00000004: FAIL
PASS: 0b, 0x000D 16xs 2d 4i
FAIL: 0b, 0x000D 1xv 2d 4i
1xv 2d 4i: Got FFFB vs FFF5: FAIL
FAIL: 0b, 0x000D 16xv 2d 4i
16xv 2d 4i: Got FFFD vs FFF4: FAIL
FAIL: 0b, 0x000D 1xs 4d 4i
1xs 4d 4i: Got 00000003 vs 00000004: FAIL
PASS: 0b, 0x000D 16xs 4d 4i
FAIL: 0b, 0x000D 1xv 4d 4i
1xv 4d 4i: Got FFFB vs FFF5: FAIL
FAIL: 0b, 0x000D 16xv 4d 4i
16xv 4d 4i: Got FFFD vs FFF4: FAIL
Timer count-up test: 0b, 0x0010
PASS: 0b, 0x0010 1xs 1d 1i
PASS: 0b, 0x0010 16xs 1d 1i
FAIL: 0b, 0x0010 1xv 1d 1i
1xv 1d 1i: Got FFFF vs FFFC: FAIL
FAIL: 0b, 0x0010 16xv 1d 1i
16xv 1d 1i: Got FFFC vs FFFE: FAIL
PASS: 0b, 0x0010 1xs 2d 1i
PASS: 0b, 0x0010 16xs 2d 1i
FAIL: 0b, 0x0010 1xv 2d 1i
1xv 2d 1i: Got FFFF vs FFFC: FAIL
FAIL: 0b, 0x0010 16xv 2d 1i
16xv 2d 1i: Got FFFC vs FFFE: FAIL
PASS: 0b, 0x0010 1xs 4d 1i
PASS: 0b, 0x0010 16xs 4d 1i
FAIL: 0b, 0x0010 1xv 4d 1i
1xv 4d 1i: Got FFFF vs FFFC: FAIL
FAIL: 0b, 0x0010 16xv 4d 1i
16xv 4d 1i: Got FFFC vs FFFE: FAIL
PASS: 0b, 0x0010 1xs 1d 2i
PASS: 0b, 0x0010 16xs 1d 2i
FAIL: 0b, 0x0010 1xv 1d 2i
1xv 1d 2i: Got FFF6 vs FFF5: FAIL
FAIL: 0b, 0x0010 16xv 1d 2i
16xv 1d 2i: Got FFF3 vs FFF7: FAIL
PASS: 0b, 0x0010 1xs 2d 2i
PASS: 0b, 0x0010 16xs 2d 2i
FAIL: 0b, 0x0010 1xv 2d 2i
1xv 2d 2i: Got FFF6 vs FFF5: FAIL
FAIL: 0b, 0x0010 16xv 2d 2i
16xv 2d 2i: Got FFF3 vs FFF7: FAIL
PASS: 0b, 0x0010 1xs 4d 2i
PASS: 0b, 0x0010 16xs 4d 2i
FAIL: 0b, 0x0010 1xv 4d 2i
1xv 4d 2i: Got FFF6 vs FFF5: FAIL
FAIL: 0b, 0x0010 16xv 4d 2i
16xv 4d 2i: Got FFF3 vs FFF7: FAIL
PASS: 0b, 0x0010 1xs 1d 4i
PASS: 0b, 0x0010 16xs 1d 4i
FAIL: 0b, 0x0010 1xv 1d 4i
1xv 1d 4i: Got FFF4 vs FFF7: FAIL
FAIL: 0b, 0x0010 16xv 1d 4i
16xv 1d 4i: Got FFF1 vs FFF9: FAIL
PASS: 0b, 0x0010 1xs 2d 4i
PASS: 0b, 0x0010 16xs 2d 4i
FAIL: 0b, 0x0010 1xv 2d 4i
1xv 2d 4i: Got FFF4 vs FFF7: FAIL
FAIL: 0b, 0x0010 16xv 2d 4i
16xv 2d 4i: Got FFF1 vs FFF9: FAIL
PASS: 0b, 0x0010 1xs 4d 4i
PASS: 0b, 0x0010 16xs 4d 4i
FAIL: 0b, 0x0010 1xv 4d 4i
1xv 4d 4i: Got FFF4 vs FFF7: FAIL
FAIL: 0b, 0x0010 16xv 4d 4i
16xv 4d 4i: Got FFF1 vs FFF9: FAIL
Timer count-up test: 0b, 0x0014
PASS: 0b, 0x0014 1xs 1d 1i
PASS: 0b, 0x0014 16xs 1d 1i
PASS: 0b, 0x0014 1xv 1d 1i
PASS: 0b, 0x0014 16xv 1d 1i
PASS: 0b, 0x0014 1xs 2d 1i
PASS: 0b, 0x0014 16xs 2d 1i
PASS: 0b, 0x0014 1xv 2d 1i
PASS: 0b, 0x0014 16xv 2d 1i
PASS: 0b, 0x0014 1xs 4d 1i
PASS: 0b, 0x0014 16xs 4d 1i
PASS: 0b, 0x0014 1xv 4d 1i
PASS: 0b, 0x0014 16xv 4d 1i
PASS: 0b, 0x0014 1xs 1d 2i
PASS: 0b, 0x0014 16xs 1d 2i
FAIL: 0b, 0x0014 1xv 1d 2i
1xv 1d 2i: Got FFF7 vs FFF9: FAIL
FAIL: 0b, 0x0014 16xv 1d 2i
16xv 1d 2i: Got FFF7 vs FFF9: FAIL
PASS: 0b, 0x0014 1xs 2d 2i
PASS: 0b, 0x0014 16xs 2d 2i
FAIL: 0b, 0x0014 1xv 2d 2i
1xv 2d 2i: Got FFF7 vs FFF9: FAIL
FAIL: 0b, 0x0014 16xv 2d 2i
16xv 2d 2i: Got FFF7 vs FFF9: FAIL
PASS: 0b, 0x0014 1xs 4d 2i
PASS: 0b, 0x0014 16xs 4d 2i
FAIL: 0b, 0x0014 1xv 4d 2i
1xv 4d 2i: Got FFF7 vs FFF9: FAIL
FAIL: 0b, 0x0014 16xv 4d 2i
16xv 4d 2i: Got FFF7 vs FFF9: FAIL
PASS: 0b, 0x0014 1xs 1d 4i
PASS: 0b, 0x0014 16xs 1d 4i
FAIL: 0b, 0x0014 1xv 1d 4i
1xv 1d 4i: Got FFF5 vs FFFB: FAIL
FAIL: 0b, 0x0014 16xv 1d 4i
16xv 1d 4i: Got FFF5 vs FFFB: FAIL
PASS: 0b, 0x0014 1xs 2d 4i
PASS: 0b, 0x0014 16xs 2d 4i
FAIL: 0b, 0x0014 1xv 2d 4i
1xv 2d 4i: Got FFF5 vs FFFB: FAIL
FAIL: 0b, 0x0014 16xv 2d 4i
16xv 2d 4i: Got FFF5 vs FFFB: FAIL
PASS: 0b, 0x0014 1xs 4d 4i
PASS: 0b, 0x0014 16xs 4d 4i
FAIL: 0b, 0x0014 1xv 4d 4i
1xv 4d 4i: Got FFF5 vs FFFB: FAIL
FAIL: 0b, 0x0014 16xv 4d 4i
16xv 4d 4i: Got FFF5 vs FFFB: FAIL
Timer count-up test: 0b, 0x0015
FAIL: 0b, 0x0015 1xs 1d 1i
1xs 1d 1i: Got 00000004 vs 00000005: FAIL
PASS: 0b, 0x0015 16xs 1d 1i
PASS: 0b, 0x0015 1xv 1d 1i
PASS: 0b, 0x0015 16xv 1d 1i
FAIL: 0b, 0x0015 1xs 2d 1i
1xs 2d 1i: Got 00000004 vs 00000005: FAIL
PASS: 0b, 0x0015 16xs 2d 1i
PASS: 0b, 0x0015 1xv 2d 1i
PASS: 0b, 0x0015 16xv 2d 1i
FAIL: 0b, 0x0015 1xs 4d 1i
1xs 4d 1i: Got 00000004 vs 00000005: FAIL
PASS: 0b, 0x0015 16xs 4d 1i
PASS: 0b, 0x0015 1xv 4d 1i
PASS: 0b, 0x0015 16xv 4d 1i
FAIL: 0b, 0x0015 1xs 1d 2i
1xs 1d 2i: Got 00000004 vs 00000005: FAIL
PASS: 0b, 0x0015 16xs 1d 2i
FAIL: 0b, 0x0015 1xv 1d 2i
1xv 1d 2i: Got FFEE vs FFF0: FAIL
FAIL: 0b, 0x0015 16xv 1d 2i
16xv 1d 2i: Got FFEC vs FFEE: FAIL
FAIL: 0b, 0x0015 1xs 2d 2i
1xs 2d 2i: Got 00000004 vs 00000005: FAIL
PASS: 0b, 0x0015 16xs 2d 2i
FAIL: 0b, 0x0015 1xv 2d 2i
1xv 2d 2i: Got FFEE vs FFF0: FAIL
FAIL: 0b, 0x0015 16xv 2d 2i
16xv 2d 2i: Got FFEC vs FFEE: FAIL
FAIL: 0b, 0x0015 1xs 4d 2i
1xs 4d 2i: Got 00000004 vs 00000005: FAIL
PASS: 0b, 0x0015 16xs 4d 2i
FAIL: 0b, 0x0015 1xv 4d 2i
1xv 4d 2i: Got FFEE vs FFF0: FAIL
FAIL: 0b, 0x0015 16xv 4d 2i
16xv 4d 2i: Got FFEC vs FFEE: FAIL
FAIL: 0b, 0x0015 1xs 1d 4i
1xs 1d 4i: Got 00000004 vs 00000005: FAIL
PASS: 0b, 0x0015 16xs 1d 4i
FAIL: 0b, 0x0015 1xv 1d 4i
1xv 1d 4i: Got FFF5 vs FFFB: FAIL
FAIL: 0b, 0x0015 16xv 1d 4i
16xv 1d 4i: Got FFF3 vs FFF9: FAIL
FAIL: 0b, 0x0015 1xs 2d 4i
1xs 2d 4i: Got 00000004 vs 00000005: FAIL
PASS: 0b, 0x0015 16xs 2d 4i
FAIL: 0b, 0x0015 1xv 2d 4i
1xv 2d 4i: Got FFF5 vs FFFB: FAIL
FAIL: 0b, 0x0015 16xv 2d 4i
16xv 2d 4i: Got FFF3 vs FFF9: FAIL
FAIL: 0b, 0x0015 1xs 4d 4i
1xs 4d 4i: Got 00000004 vs 00000005: FAIL
PASS: 0b, 0x0015 16xs 4d 4i
FAIL: 0b, 0x0015 1xv 4d 4i
1xv 4d 4i: Got FFF5 vs FFFB: FAIL
FAIL: 0b, 0x0015 16xv 4d 4i
16xv 4d 4i: Got FFF3 vs FFF9: FAIL
Timer count-up test: 0b, 0x0020
FAIL: 0b, 0x0020 1xs 1d 1i
1xs 1d 1i: Got 00000005 vs 00000006: FAIL
PASS: 0b, 0x0020 16xs 1d 1i
PASS: 0b, 0x0020 1xv 1d 1i
PASS: 0b, 0x0020 16xv 1d 1i
FAIL: 0b, 0x0020 1xs 2d 1i
1xs 2d 1i: Got 00000005 vs 00000006: FAIL
PASS: 0b, 0x0020 16xs 2d 1i
PASS: 0b, 0x0020 1xv 2d 1i
PASS: 0b, 0x0020 16xv 2d 1i
FAIL: 0b, 0x0020 1xs 4d 1i
1xs 4d 1i: Got 00000005 vs 00000006: FAIL
PASS: 0b, 0x0020 16xs 4d 1i
PASS: 0b, 0x0020 1xv 4d 1i
PASS: 0b, 0x0020 16xv 4d 1i
FAIL: 0b, 0x0020 1xs 1d 2i
1xs 1d 2i: Got 00000005 vs 00000006: FAIL
PASS: 0b, 0x0020 16xs 1d 2i
FAIL: 0b, 0x0020 1xv 1d 2i
1xv 1d 2i: Got FFF3 vs FFF5: FAIL
FAIL: 0b, 0x0020 16xv 1d 2i
16xv 1d 2i: Got FFF3 vs FFF5: FAIL
FAIL: 0b, 0x0020 1xs 2d 2i
1xs 2d 2i: Got 00000005 vs 00000006: FAIL
PASS: 0b, 0x0020 16xs 2d 2i
FAIL: 0b, 0x0020 1xv 2d 2i
1xv 2d 2i: Got FFF3 vs FFF5: FAIL
FAIL: 0b, 0x0020 16xv 2d 2i
16xv 2d 2i: Got FFF3 vs FFF5: FAIL
FAIL: 0b, 0x0020 1xs 4d 2i
1xs 4d 2i: Got 00000005 vs 00000006: FAIL
PASS: 0b, 0x0020 16xs 4d 2i
FAIL: 0b, 0x0020 1xv 4d 2i
1xv 4d 2i: Got FFF3 vs FFF5: FAIL
FAIL: 0b, 0x0020 16xv 4d 2i
16xv 4d 2i: Got FFF3 vs FFF5: FAIL
FAIL: 0b, 0x0020 1xs 1d 4i
1xs 1d 4i: Got 00000005 vs 00000006: FAIL
PASS: 0b, 0x0020 16xs 1d 4i
FAIL: 0b, 0x0020 1xv 1d 4i
1xv 1d 4i: Got FFE1 vs FFE7: FAIL
FAIL: 0b, 0x0020 16xv 1d 4i
16xv 1d 4i: Got FFE1 vs FFE7: FAIL
FAIL: 0b, 0x0020 1xs 2d 4i
1xs 2d 4i: Got 00000005 vs 00000006: FAIL
PASS: 0b, 0x0020 16xs 2d 4i
FAIL: 0b, 0x0020 1xv 2d 4i
1xv 2d 4i: Got FFE1 vs FFE7: FAIL
FAIL: 0b, 0x0020 16xv 2d 4i
16xv 2d 4i: Got FFE1 vs FFE7: FAIL
FAIL: 0b, 0x0020 1xs 4d 4i
1xs 4d 4i: Got 00000005 vs 00000006: FAIL
PASS: 0b, 0x0020 16xs 4d 4i
FAIL: 0b, 0x0020 1xv 4d 4i
1xv 4d 4i: Got FFE1 vs FFE7: FAIL
FAIL: 0b, 0x0020 16xv 4d 4i
16xv 4d 4i: Got FFE1 vs FFE7: FAIL
Timer count-up test: 0b, 0x0024
PASS: 0b, 0x0024 1xs 1d 1i
FAIL: 0b, 0x0024 16xs 1d 1i
16xs 1d 1i: Got 00000020 vs 00000030: FAIL
FAIL: 0b, 0x0024 1xv 1d 1i
1xv 1d 1i: Got FFF1 vs FFF0: FAIL
FAIL: 0b, 0x0024 16xv 1d 1i
16xv 1d 1i: Got FFF0 vs FFF1: FAIL
PASS: 0b, 0x0024 1xs 2d 1i
FAIL: 0b, 0x0024 16xs 2d 1i
16xs 2d 1i: Got 00000020 vs 00000030: FAIL
FAIL: 0b, 0x0024 1xv 2d 1i
1xv 2d 1i: Got FFF1 vs FFF0: FAIL
FAIL: 0b, 0x0024 16xv 2d 1i
16xv 2d 1i: Got FFF0 vs FFF1: FAIL
PASS: 0b, 0x0024 1xs 4d 1i
FAIL: 0b, 0x0024 16xs 4d 1i
16xs 4d 1i: Got 00000020 vs 00000030: FAIL
FAIL: 0b, 0x0024 1xv 4d 1i
1xv 4d 1i: Got FFF1 vs FFF0: FAIL
FAIL: 0b, 0x0024 16xv 4d 1i
16xv 4d 1i: Got FFF0 vs FFF1: FAIL
PASS: 0b, 0x0024 1xs 1d 2i
FAIL: 0b, 0x0024 16xs 1d 2i
16xs 1d 2i: Got 00000020 vs 00000030: FAIL
FAIL: 0b, 0x0024 1xv 1d 2i
1xv 1d 2i: Got FFFC vs FFFD: FAIL
FAIL: 0b, 0x0024 16xv 1d 2i
16xv 1d 2i: Got FFFB vs FFFE: FAIL
PASS: 0b, 0x0024 1xs 2d 2i
FAIL: 0b, 0x0024 16xs 2d 2i
16xs 2d 2i: Got 00000020 vs 00000030: FAIL
FAIL: 0b, 0x0024 1xv 2d 2i
1xv 2d 2i: Got FFFC vs FFFD: FAIL
FAIL: 0b, 0x0024 16xv 2d 2i
16xv 2d 2i: Got FFFB vs FFFE: FAIL
PASS: 0b, 0x0024 1xs 4d 2i
FAIL: 0b, 0x0024 16xs 4d 2i
16xs 4d 2i: Got 00000020 vs 00000030: FAIL
FAIL: 0b, 0x0024 1xv 4d 2i
1xv 4d 2i: Got FFFC vs FFFD: FAIL
FAIL: 0b, 0x0024 16xv 4d 2i
16xv 4d 2i: Got FFFB vs FFFE: FAIL
PASS: 0b, 0x0024 1xs 1d 4i
FAIL: 0b, 0x0024 16xs 1d 4i
16xs 1d 4i: Got 00000020 vs 00000030: FAIL
FAIL: 0b, 0x0024 1xv 1d 4i
1xv 1d 4i: Got FFEE vs FFF3: FAIL
FAIL: 0b, 0x0024 16xv 1d 4i
16xv 1d 4i: Got FFED vs FFF4: FAIL
PASS: 0b, 0x0024 1xs 2d 4i
FAIL: 0b, 0x0024 16xs 2d 4i
16xs 2d 4i: Got 00000020 vs 00000030: FAIL
FAIL: 0b, 0x0024 1xv 2d 4i
1xv 2d 4i: Got FFEE vs FFF3: FAIL
FAIL: 0b, 0x0024 16xv 2d 4i
16xv 2d 4i: Got FFED vs FFF4: FAIL
PASS: 0b, 0x0024 1xs 4d 4i
FAIL: 0b, 0x0024 16xs 4d 4i
16xs 4d 4i: Got 00000020 vs 00000030: FAIL
FAIL: 0b, 0x0024 1xv 4d 4i
1xv 4d 4i: Got FFEE vs FFF3: FAIL
FAIL: 0b, 0x0024 16xv 4d 4i
16xv 4d 4i: Got FFED vs FFF4: FAIL
Timer count-up test: 0b, 0x0025
FAIL: 0b, 0x0025 1xs 1d 1i
1xs 1d 1i: Got 00000006 vs 00000007: FAIL
PASS: 0b, 0x0025 16xs 1d 1i
FAIL: 0b, 0x0025 1xv 1d 1i
1xv 1d 1i: Got FFED vs FFEF: FAIL
FAIL: 0b, 0x0025 16xv 1d 1i
16xv 1d 1i: Got FFF0 vs FFED: FAIL
FAIL: 0b, 0x0025 1xs 2d 1i
1xs 2d 1i: Got 00000006 vs 00000007: FAIL
PASS: 0b, 0x0025 16xs 2d 1i
FAIL: 0b, 0x0025 1xv 2d 1i
1xv 2d 1i: Got FFED vs FFEF: FAIL
FAIL: 0b, 0x0025 16xv 2d 1i
16xv 2d 1i: Got FFF0 vs FFED: FAIL
FAIL: 0b, 0x0025 1xs 4d 1i
1xs 4d 1i: Got 00000006 vs 00000007: FAIL
PASS: 0b, 0x0025 16xs 4d 1i
FAIL: 0b, 0x0025 1xv 4d 1i
1xv 4d 1i: Got FFED vs FFEF: FAIL
FAIL: 0b, 0x0025 16xv 4d 1i
16xv 4d 1i: Got FFF0 vs FFED: FAIL
FAIL: 0b, 0x0025 1xs 1d 2i
1xs 1d 2i: Got 00000006 vs 00000007: FAIL
PASS: 0b, 0x0025 16xs 1d 2i
FAIL: 0b, 0x0025 1xv 1d 2i
1xv 1d 2i: Got FFF5 vs FFF9: FAIL
FAIL: 0b, 0x0025 16xv 1d 2i
16xv 1d 2i: Got FFF8 vs FFF7: FAIL
FAIL: 0b, 0x0025 1xs 2d 2i
1xs 2d 2i: Got 00000006 vs 00000007: FAIL
PASS: 0b, 0x0025 16xs 2d 2i
FAIL: 0b, 0x0025 1xv 2d 2i
1xv 2d 2i: Got FFF5 vs FFF9: FAIL
FAIL: 0b, 0x0025 16xv 2d 2i
16xv 2d 2i: Got FFF8 vs FFF7: FAIL
FAIL: 0b, 0x0025 1xs 4d 2i
1xs 4d 2i: Got 00000006 vs 00000007: FAIL
PASS: 0b, 0x0025 16xs 4d 2i
FAIL: 0b, 0x0025 1xv 4d 2i
1xv 4d 2i: Got FFF5 vs FFF9: FAIL
FAIL: 0b, 0x0025 16xv 4d 2i
16xv 4d 2i: Got FFF8 vs FFF7: FAIL
FAIL: 0b, 0x0025 1xs 1d 4i
1xs 1d 4i: Got 00000006 vs 00000007: FAIL
PASS: 0b, 0x0025 16xs 1d 4i
FAIL: 0b, 0x0025 1xv 1d 4i
1xv 1d 4i: Got FFE0 vs FFE8: FAIL
FAIL: 0b, 0x0025 16xv 1d 4i
16xv 1d 4i: Got FFE3 vs FFE6: FAIL
FAIL: 0b, 0x0025 1xs 2d 4i
1xs 2d 4i: Got 00000006 vs 00000007: FAIL
PASS: 0b, 0x0025 16xs 2d 4i
FAIL: 0b, 0x0025 1xv 2d 4i
1xv 2d 4i: Got FFE0 vs FFE8: FAIL
FAIL: 0b, 0x0025 16xv 2d 4i
16xv 2d 4i: Got FFE3 vs FFE6: FAIL
FAIL: 0b, 0x0025 1xs 4d 4i
1xs 4d 4i: Got 00000006 vs 00000007: FAIL
PASS: 0b, 0x0025 16xs 4d 4i
FAIL: 0b, 0x0025 1xv 4d 4i
1xv 4d 4i: Got FFE0 vs FFE8: FAIL
FAIL: 0b, 0x0025 16xv 4d 4i
16xv 4d 4i: Got FFE3 vs FFE6: FAIL
Timer count-up test: 0b, 0x0040
FAIL: 0b, 0x0040 1xs 1d 1i
1xs 1d 1i: Got 00000009 vs 0000000A: FAIL
PASS: 0b, 0x0040 16xs 1d 1i
PASS: 0b, 0x0040 1xv 1d 1i
PASS: 0b, 0x0040 16xv 1d 1i
FAIL: 0b, 0x0040 1xs 2d 1i
1xs 2d 1i: Got 00000009 vs 0000000A: FAIL
PASS: 0b, 0x0040 16xs 2d 1i
PASS: 0b, 0x0040 1xv 2d 1i
PASS: 0b, 0x0040 16xv 2d 1i
FAIL: 0b, 0x0040 1xs 4d 1i
1xs 4d 1i: Got 00000009 vs 0000000A: FAIL
PASS: 0b, 0x0040 16xs 4d 1i
PASS: 0b, 0x0040 1xv 4d 1i
PASS: 0b, 0x0040 16xv 4d 1i
FAIL: 0b, 0x0040 1xs 1d 2i
1xs 1d 2i: Got 0000000A vs 0000000B: FAIL
PASS: 0b, 0x0040 16xs 1d 2i
PASS: 0b, 0x0040 1xv 1d 2i
PASS: 0b, 0x0040 16xv 1d 2i
FAIL: 0b, 0x0040 1xs 2d 2i
1xs 2d 2i: Got 0000000A vs 0000000B: FAIL
PASS: 0b, 0x0040 16xs 2d 2i
PASS: 0b, 0x0040 1xv 2d 2i
PASS: 0b, 0x0040 16xv 2d 2i
FAIL: 0b, 0x0040 1xs 4d 2i
1xs 4d 2i: Got 0000000A vs 0000000B: FAIL
PASS: 0b, 0x0040 16xs 4d 2i
PASS: 0b, 0x0040 1xv 4d 2i
PASS: 0b, 0x0040 16xv 4d 2i
FAIL: 0b, 0x0040 1xs 1d 4i
1xs 1d 4i: Got 0000000C vs 0000000D: FAIL
PASS: 0b, 0x0040 16xs 1d 4i
FAIL: 0b, 0x0040 1xv 1d 4i
1xv 1d 4i: Got FFDC vs FFDE: FAIL
FAIL: 0b, 0x0040 16xv 1d 4i
16xv 1d 4i: Got FFDD vs FFDE: FAIL
FAIL: 0b, 0x0040 1xs 2d 4i
1xs 2d 4i: Got 0000000C vs 0000000D: FAIL
PASS: 0b, 0x0040 16xs 2d 4i
FAIL: 0b, 0x0040 1xv 2d 4i
1xv 2d 4i: Got FFDC vs FFDE: FAIL
FAIL: 0b, 0x0040 16xv 2d 4i
16xv 2d 4i: Got FFDD vs FFDE: FAIL
FAIL: 0b, 0x0040 1xs 4d 4i
1xs 4d 4i: Got 0000000C vs 0000000D: FAIL
PASS: 0b, 0x0040 16xs 4d 4i
FAIL: 0b, 0x0040 1xv 4d 4i
1xv 4d 4i: Got FFDC vs FFDE: FAIL
FAIL: 0b, 0x0040 16xv 4d 4i
16xv 4d 4i: Got FFDD vs FFDE: FAIL
Timer count-up test: 0b, 0x0080
FAIL: 0b, 0x0080 1xs 1d 1i
1xs 1d 1i: Got 00000010 vs 00000012: FAIL
FAIL: 0b, 0x0080 16xs 1d 1i
16xs 1d 1i: Got 00000060 vs 00000070: FAIL
PASS: 0b, 0x0080 1xv 1d 1i
FAIL: 0b, 0x0080 16xv 1d 1i
16xv 1d 1i: Got FFDC vs FFDD: FAIL
FAIL: 0b, 0x0080 1xs 2d 1i
1xs 2d 1i: Got 00000010 vs 00000012: FAIL
FAIL: 0b, 0x0080 16xs 2d 1i
16xs 2d 1i: Got 00000060 vs 00000070: FAIL
PASS: 0b, 0x0080 1xv 2d 1i
FAIL: 0b, 0x0080 16xv 2d 1i
16xv 2d 1i: Got FFDC vs FFDD: FAIL
FAIL: 0b, 0x0080 1xs 4d 1i
1xs 4d 1i: Got 00000010 vs 00000012: FAIL
FAIL: 0b, 0x0080 16xs 4d 1i
16xs 4d 1i: Got 00000060 vs 00000070: FAIL
PASS: 0b, 0x0080 1xv 4d 1i
FAIL: 0b, 0x0080 16xv 4d 1i
16xv 4d 1i: Got FFDC vs FFDD: FAIL
FAIL: 0b, 0x0080 1xs 1d 2i
1xs 1d 2i: Got 00000011 vs 00000013: FAIL
PASS: 0b, 0x0080 16xs 1d 2i
PASS: 0b, 0x0080 1xv 1d 2i
PASS: 0b, 0x0080 16xv 1d 2i
FAIL: 0b, 0x0080 1xs 2d 2i
1xs 2d 2i: Got 00000011 vs 00000013: FAIL
PASS: 0b, 0x0080 16xs 2d 2i
PASS: 0b, 0x0080 1xv 2d 2i
PASS: 0b, 0x0080 16xv 2d 2i
FAIL: 0b, 0x0080 1xs 4d 2i
1xs 4d 2i: Got 00000011 vs 00000013: FAIL
PASS: 0b, 0x0080 16xs 4d 2i
PASS: 0b, 0x0080 1xv 4d 2i
PASS: 0b, 0x0080 16xv 4d 2i
FAIL: 0b, 0x0080 1xs 1d 4i
1xs 1d 4i: Got 00000013 vs 00000015: FAIL
PASS: 0b, 0x0080 16xs 1d 4i
FAIL: 0b, 0x0080 1xv 1d 4i
1xv 1d 4i: Got FFDC vs FFDE: FAIL
PASS: 0b, 0x0080 16xv 1d 4i
FAIL: 0b, 0x0080 1xs 2d 4i
1xs 2d 4i: Got 00000013 vs 00000015: FAIL
PASS: 0b, 0x0080 16xs 2d 4i
FAIL: 0b, 0x0080 1xv 2d 4i
1xv 2d 4i: Got FFDC vs FFDE: FAIL
PASS: 0b, 0x0080 16xv 2d 4i
FAIL: 0b, 0x0080 1xs 4d 4i
1xs 4d 4i: Got 00000013 vs 00000015: FAIL
PASS: 0b, 0x0080 16xs 4d 4i
FAIL: 0b, 0x0080 1xv 4d 4i
1xv 4d 4i: Got FFDC vs FFDE: FAIL
PASS: 0b, 0x0080 16xv 4d 4i
Timer count-up test: 0b, 0x0800
FAIL: 0b, 0x0800 1xs 1d 1i
1xs 1d 1i: Got 000000E5 vs 00000102: FAIL
FAIL: 0b, 0x0800 16xs 1d 1i
16xs 1d 1i: Got 00000560 vs 000005A0: FAIL
PASS: 0b, 0x0800 1xv 1d 1i
PASS: 0b, 0x0800 16xv 1d 1i
FAIL: 0b, 0x0800 1xs 2d 1i
1xs 2d 1i: Got 000000E5 vs 00000102: FAIL
FAIL: 0b, 0x0800 16xs 2d 1i
16xs 2d 1i: Got 00000560 vs 000005A0: FAIL
PASS: 0b, 0x0800 1xv 2d 1i
PASS: 0b, 0x0800 16xv 2d 1i
FAIL: 0b, 0x0800 1xs 4d 1i
1xs 4d 1i: Got 000000E5 vs 00000102: FAIL
FAIL: 0b, 0x0800 16xs 4d 1i
16xs 4d 1i: Got 00000560 vs 000005A0: FAIL
PASS: 0b, 0x0800 1xv 4d 1i
PASS: 0b, 0x0800 16xv 4d 1i
FAIL: 0b, 0x0800 1xs 1d 2i
1xs 1d 2i: Got 000001BC vs 000001F3: FAIL
FAIL: 0b, 0x0800 16xs 1d 2i
16xs 1d 2i: Got 00000A70 vs 00000AE0: FAIL
FAIL: 0b, 0x0800 1xv 1d 2i
1xv 1d 2i: Got F85E vs F85C: FAIL
PASS: 0b, 0x0800 16xv 1d 2i
FAIL: 0b, 0x0800 1xs 2d 2i
1xs 2d 2i: Got 000001BC vs 000001F3: FAIL
FAIL: 0b, 0x0800 16xs 2d 2i
16xs 2d 2i: Got 00000A70 vs 00000AE0: FAIL
FAIL: 0b, 0x0800 1xv 2d 2i
1xv 2d 2i: Got F85E vs F85C: FAIL
PASS: 0b, 0x0800 16xv 2d 2i
FAIL: 0b, 0x0800 1xs 4d 2i
1xs 4d 2i: Got 000001BC vs 000001F3: FAIL
FAIL: 0b, 0x0800 16xs 4d 2i
16xs 4d 2i: Got 00000A70 vs 00000AE0: FAIL
FAIL: 0b, 0x0800 1xv 4d 2i
1xv 4d 2i: Got F85E vs F85C: FAIL
PASS: 0b, 0x0800 16xv 4d 2i
FAIL: 0b, 0x0800 1xs 1d 4i
1xs 1d 4i: Got 00000368 vs 000003D5: FAIL
FAIL: 0b, 0x0800 16xs 1d 4i
16xs 1d 4i: Got 00001470 vs 00001550: FAIL
FAIL: 0b, 0x0800 1xv 1d 4i
1xv 1d 4i: Got F85C vs F85E: FAIL
PASS: 0b, 0x0800 16xv 1d 4i
FAIL: 0b, 0x0800 1xs 2d 4i
1xs 2d 4i: Got 00000368 vs 000003D5: FAIL
FAIL: 0b, 0x0800 16xs 2d 4i
16xs 2d 4i: Got 00001470 vs 00001550: FAIL
FAIL: 0b, 0x0800 1xv 2d 4i
1xv 2d 4i: Got F85C vs F85E: FAIL
PASS: 0b, 0x0800 16xv 2d 4i
FAIL: 0b, 0x0800 1xs 4d 4i
1xs 4d 4i: Got 00000368 vs 000003D5: FAIL
FAIL: 0b, 0x0800 16xs 4d 4i
16xs 4d 4i: Got 00001470 vs 00001550: FAIL
FAIL: 0b, 0x0800 1xv 4d 4i
1xv 4d 4i: Got F85C vs F85E: FAIL
PASS: 0b, 0x0800 16xv 4d 4i
Timer count-up test: 0b, 0x8000
FAIL: 0b, 0x8000 1xs 1d 1i
1xs 1d 1i: Got 00000E3B vs 00001002: FAIL
FAIL: 0b, 0x8000 16xs 1d 1i
16xs 1d 1i: Got 00005560 vs 00005920: FAIL
FAIL: 0b, 0x8000 1xv 1d 1i
1xv 1d 1i: Got 805E vs 805C: FAIL
FAIL: 0b, 0x8000 16xv 1d 1i
16xv 1d 1i: Got 805C vs 805E: FAIL
FAIL: 0b, 0x8000 1xs 2d 1i
1xs 2d 1i: Got 00000E3B vs 00001002: FAIL
FAIL: 0b, 0x8000 16xs 2d 1i
16xs 2d 1i: Got 00005560 vs 00005920: FAIL
FAIL: 0b, 0x8000 1xv 2d 1i
1xv 2d 1i: Got 805E vs 805C: FAIL
FAIL: 0b, 0x8000 16xv 2d 1i
16xv 2d 1i: Got 805C vs 805E: FAIL
FAIL: 0b, 0x8000 1xs 4d 1i
1xs 4d 1i: Got 00000E3B vs 00001002: FAIL
FAIL: 0b, 0x8000 16xs 4d 1i
16xs 4d 1i: Got 00005560 vs 00005920: FAIL
FAIL: 0b, 0x8000 1xv 4d 1i
1xv 4d 1i: Got 805E vs 805C: FAIL
FAIL: 0b, 0x8000 16xv 4d 1i
16xv 4d 1i: Got 805C vs 805E: FAIL
FAIL: 0b, 0x8000 1xs 1d 2i
1xs 1d 2i: Got 00001C66 vs 00001FF3: FAIL
FAIL: 0b, 0x8000 16xs 1d 2i
16xs 1d 2i: Got 0000AA70 vs 0000B1D0: FAIL
PASS: 0b, 0x8000 1xv 1d 2i
PASS: 0b, 0x8000 16xv 1d 2i
FAIL: 0b, 0x8000 1xs 2d 2i
1xs 2d 2i: Got 00001C66 vs 00001FF3: FAIL
FAIL: 0b, 0x8000 16xs 2d 2i
16xs 2d 2i: Got 0000AA70 vs 0000B1D0: FAIL
PASS: 0b, 0x8000 1xv 2d 2i
PASS: 0b, 0x8000 16xv 2d 2i
FAIL: 0b, 0x8000 1xs 4d 2i
1xs 4d 2i: Got 00001C66 vs 00001FF3: FAIL
FAIL: 0b, 0x8000 16xs 4d 2i
16xs 4d 2i: Got 0000AA70 vs 0000B1D0: FAIL
PASS: 0b, 0x8000 1xv 4d 2i
PASS: 0b, 0x8000 16xv 4d 2i
FAIL: 0b, 0x8000 1xs 1d 4i
1xs 1d 4i: Got 000038BE vs 00003FD5: FAIL
FAIL: 0b, 0x8000 16xs 1d 4i
16xs 1d 4i: Got 00015470 vs 00016340: FAIL
PASS: 0b, 0x8000 1xv 1d 4i
PASS: 0b, 0x8000 16xv 1d 4i
FAIL: 0b, 0x8000 1xs 2d 4i
1xs 2d 4i: Got 000038BE vs 00003FD5: FAIL
FAIL: 0b, 0x8000 16xs 2d 4i
16xs 2d 4i: Got 00015470 vs 00016340: FAIL
PASS: 0b, 0x8000 1xv 2d 4i
PASS: 0b, 0x8000 16xv 2d 4i
FAIL: 0b, 0x8000 1xs 4d 4i
1xs 4d 4i: Got 000038BE vs 00003FD5: FAIL
FAIL: 0b, 0x8000 16xs 4d 4i
16xs 4d 4i: Got 00015470 vs 00016340: FAIL
PASS: 0b, 0x8000 1xv 4d 4i
PASS: 0b, 0x8000 16xv 4d 4i
Timer count-up test: 6b, 0x0010
FAIL: 6b, 0x0010 1xs 1d 1i
1xs 1d 1i: Got 0000006E vs 0000007B: FAIL
FAIL: 6b, 0x0010 16xs 1d 1i
16xs 1d 1i: Got 00000290 vs 000002B0: FAIL
PASS: 6b, 0x0010 1xv 1d 1i
PASS: 6b, 0x0010 16xv 1d 1i
FAIL: 6b, 0x0010 1xs 2d 1i
1xs 2d 1i: Got 0000006D vs 0000007B: FAIL
FAIL: 6b, 0x0010 16xs 2d 1i
16xs 2d 1i: Got 00000290 vs 000002B0: FAIL
PASS: 6b, 0x0010 1xv 2d 1i
PASS: 6b, 0x0010 16xv 2d 1i
FAIL: 6b, 0x0010 1xs 4d 1i
1xs 4d 1i: Got 00000073 vs 00000081: FAIL
FAIL: 6b, 0x0010 16xs 4d 1i
16xs 4d 1i: Got 000002C0 vs 000002D0: FAIL
PASS: 6b, 0x0010 1xv 4d 1i
PASS: 6b, 0x0010 16xv 4d 1i
FAIL: 6b, 0x0010 1xs 1d 2i
1xs 1d 2i: Got 000000D2 vs 000000EC: FAIL
FAIL: 6b, 0x0010 16xs 1d 2i
16xs 1d 2i: Got 000004F0 vs 00000520: FAIL
PASS: 6b, 0x0010 1xv 1d 2i
PASS: 6b, 0x0010 16xv 1d 2i
FAIL: 6b, 0x0010 1xs 2d 2i
1xs 2d 2i: Got 000000D2 vs 000000EB: FAIL
FAIL: 6b, 0x0010 16xs 2d 2i
16xs 2d 2i: Got 000004F0 vs 00000520: FAIL
PASS: 6b, 0x0010 1xv 2d 2i
PASS: 6b, 0x0010 16xv 2d 2i
FAIL: 6b, 0x0010 1xs 4d 2i
1xs 4d 2i: Got 000000D8 vs 000000F2: FAIL
FAIL: 6b, 0x0010 16xs 4d 2i
16xs 4d 2i: Got 00000510 vs 00000550: FAIL
PASS: 6b, 0x0010 1xv 4d 2i
PASS: 6b, 0x0010 16xv 4d 2i
FAIL: 6b, 0x0010 1xs 1d 4i
1xs 1d 4i: Got 0000019B vs 000001CE: FAIL
FAIL: 6b, 0x0010 16xs 1d 4i
16xs 1d 4i: Got 000009B0 vs 00000A10: FAIL
PASS: 6b, 0x0010 1xv 1d 4i
PASS: 6b, 0x0010 16xv 1d 4i
FAIL: 6b, 0x0010 1xs 2d 4i
1xs 2d 4i: Got 0000019B vs 000001CD: FAIL
FAIL: 6b, 0x0010 16xs 2d 4i
16xs 2d 4i: Got 000009A0 vs 00000A10: FAIL
PASS: 6b, 0x0010 1xv 2d 4i
PASS: 6b, 0x0010 16xv 2d 4i
FAIL: 6b, 0x0010 1xs 4d 4i
1xs 4d 4i: Got 000001A1 vs 000001D4: FAIL
FAIL: 6b, 0x0010 16xs 4d 4i
16xs 4d 4i: Got 000009D0 vs 00000A30: FAIL
PASS: 6b, 0x0010 1xv 4d 4i
PASS: 6b, 0x0010 16xv 4d 4i
Timer count-up test: 6b, 0x0011
FAIL: 6b, 0x0011 1xs 1d 1i
1xs 1d 1i: Got 00000075 vs 00000083: FAIL
FAIL: 6b, 0x0011 16xs 1d 1i
16xs 1d 1i: Got 000002C0 vs 000002E0: FAIL
PASS: 6b, 0x0011 1xv 1d 1i
PASS: 6b, 0x0011 16xv 1d 1i
FAIL: 6b, 0x0011 1xs 2d 1i
1xs 2d 1i: Got 00000074 vs 00000083: FAIL
FAIL: 6b, 0x0011 16xs 2d 1i
16xs 2d 1i: Got 000002C0 vs 000002E0: FAIL
PASS: 6b, 0x0011 1xv 2d 1i
PASS: 6b, 0x0011 16xv 2d 1i
FAIL: 6b, 0x0011 1xs 4d 1i
1xs 4d 1i: Got 0000007A vs 00000089: FAIL
FAIL: 6b, 0x0011 16xs 4d 1i
16xs 4d 1i: Got 000002E0 vs 00000300: FAIL
PASS: 6b, 0x0011 1xv 4d 1i
PASS: 6b, 0x0011 16xv 4d 1i
FAIL: 6b, 0x0011 1xs 1d 2i
1xs 1d 2i: Got 000000E1 vs 000000FC: FAIL
FAIL: 6b, 0x0011 16xs 1d 2i
16xs 1d 2i: Got 00000550 vs 00000580: FAIL
PASS: 6b, 0x0011 1xv 1d 2i
PASS: 6b, 0x0011 16xv 1d 2i
FAIL: 6b, 0x0011 1xs 2d 2i
1xs 2d 2i: Got 000000E0 vs 000000FB: FAIL
FAIL: 6b, 0x0011 16xs 2d 2i
16xs 2d 2i: Got 00000540 vs 00000580: FAIL
PASS: 6b, 0x0011 1xv 2d 2i
PASS: 6b, 0x0011 16xv 2d 2i
FAIL: 6b, 0x0011 1xs 4d 2i
1xs 4d 2i: Got 000000E6 vs 00000102: FAIL
FAIL: 6b, 0x0011 16xs 4d 2i
16xs 4d 2i: Got 00000570 vs 000005A0: FAIL
PASS: 6b, 0x0011 1xv 4d 2i
PASS: 6b, 0x0011 16xv 4d 2i
FAIL: 6b, 0x0011 1xs 1d 4i
1xs 1d 4i: Got 000001B8 vs 000001EE: FAIL
FAIL: 6b, 0x0011 16xs 1d 4i
16xs 1d 4i: Got 00000A50 vs 00000AC0: FAIL
PASS: 6b, 0x0011 1xv 1d 4i
PASS: 6b, 0x0011 16xv 1d 4i
FAIL: 6b, 0x0011 1xs 2d 4i
1xs 2d 4i: Got 000001B7 vs 000001ED: FAIL
FAIL: 6b, 0x0011 16xs 2d 4i
16xs 2d 4i: Got 00000A50 vs 00000AC0: FAIL
PASS: 6b, 0x0011 1xv 2d 4i
PASS: 6b, 0x0011 16xv 2d 4i
FAIL: 6b, 0x0011 1xs 4d 4i
1xs 4d 4i: Got 000001BD vs 000001F4: FAIL
FAIL: 6b, 0x0011 16xs 4d 4i
16xs 4d 4i: Got 00000A70 vs 00000AE0: FAIL
PASS: 6b, 0x0011 1xv 4d 4i
PASS: 6b, 0x0011 16xv 4d 4i
Timer count-up test: 6b, 0x0012
FAIL: 6b, 0x0012 1xs 1d 1i
1xs 1d 1i: Got 0000007C vs 0000008B: FAIL
FAIL: 6b, 0x0012 16xs 1d 1i
16xs 1d 1i: Got 000002F0 vs 00000310: FAIL
PASS: 6b, 0x0012 1xv 1d 1i
PASS: 6b, 0x0012 16xv 1d 1i
FAIL: 6b, 0x0012 1xs 2d 1i
1xs 2d 1i: Got 0000007B vs 0000008B: FAIL
FAIL: 6b, 0x0012 16xs 2d 1i
16xs 2d 1i: Got 000002F0 vs 00000310: FAIL
PASS: 6b, 0x0012 1xv 2d 1i
PASS: 6b, 0x0012 16xv 2d 1i
FAIL: 6b, 0x0012 1xs 4d 1i
1xs 4d 1i: Got 00000081 vs 00000091: FAIL
FAIL: 6b, 0x0012 16xs 4d 1i
16xs 4d 1i: Got 00000310 vs 00000330: FAIL
PASS: 6b, 0x0012 1xv 4d 1i
PASS: 6b, 0x0012 16xv 4d 1i
FAIL: 6b, 0x0012 1xs 1d 2i
1xs 1d 2i: Got 000000EF vs 0000010C: FAIL
FAIL: 6b, 0x0012 16xs 1d 2i
16xs 1d 2i: Got 000005A0 vs 000005E0: FAIL
PASS: 6b, 0x0012 1xv 1d 2i
PASS: 6b, 0x0012 16xv 1d 2i
FAIL: 6b, 0x0012 1xs 2d 2i
1xs 2d 2i: Got 000000EE vs 0000010B: FAIL
FAIL: 6b, 0x0012 16xs 2d 2i
16xs 2d 2i: Got 000005A0 vs 000005D0: FAIL
PASS: 6b, 0x0012 1xv 2d 2i
PASS: 6b, 0x0012 16xv 2d 2i
FAIL: 6b, 0x0012 1xs 4d 2i
1xs 4d 2i: Got 000000F4 vs 00000112: FAIL
FAIL: 6b, 0x0012 16xs 4d 2i
16xs 4d 2i: Got 000005C0 vs 00000600: FAIL
PASS: 6b, 0x0012 1xv 4d 2i
PASS: 6b, 0x0012 16xv 4d 2i
FAIL: 6b, 0x0012 1xs 1d 4i
1xs 1d 4i: Got 000001D4 vs 0000020E: FAIL
FAIL: 6b, 0x0012 16xs 1d 4i
16xs 1d 4i: Got 00000B00 vs 00000B70: FAIL
PASS: 6b, 0x0012 1xv 1d 4i
PASS: 6b, 0x0012 16xv 1d 4i
FAIL: 6b, 0x0012 1xs 2d 4i
1xs 2d 4i: Got 000001D4 vs 0000020D: FAIL
FAIL: 6b, 0x0012 16xs 2d 4i
16xs 2d 4i: Got 00000B00 vs 00000B70: FAIL
PASS: 6b, 0x0012 1xv 2d 4i
PASS: 6b, 0x0012 16xv 2d 4i
FAIL: 6b, 0x0012 1xs 4d 4i
1xs 4d 4i: Got 000001DA vs 00000214: FAIL
FAIL: 6b, 0x0012 16xs 4d 4i
16xs 4d 4i: Got 00000B20 vs 00000B90: FAIL
PASS: 6b, 0x0012 1xv 4d 4i
PASS: 6b, 0x0012 16xv 4d 4i
Timer count-up test: 6b, 0x0013
FAIL: 6b, 0x0013 1xs 1d 1i
1xs 1d 1i: Got 00000083 vs 00000093: FAIL
FAIL: 6b, 0x0013 16xs 1d 1i
16xs 1d 1i: Got 00000310 vs 00000340: FAIL
PASS: 6b, 0x0013 1xv 1d 1i
PASS: 6b, 0x0013 16xv 1d 1i
FAIL: 6b, 0x0013 1xs 2d 1i
1xs 2d 1i: Got 00000083 vs 00000093: FAIL
FAIL: 6b, 0x0013 16xs 2d 1i
16xs 2d 1i: Got 00000310 vs 00000330: FAIL
PASS: 6b, 0x0013 1xv 2d 1i
PASS: 6b, 0x0013 16xv 2d 1i
FAIL: 6b, 0x0013 1xs 4d 1i
1xs 4d 1i: Got 00000089 vs 00000099: FAIL
FAIL: 6b, 0x0013 16xs 4d 1i
16xs 4d 1i: Got 00000340 vs 00000360: FAIL
PASS: 6b, 0x0013 1xv 4d 1i
PASS: 6b, 0x0013 16xv 4d 1i
FAIL: 6b, 0x0013 1xs 1d 2i
1xs 1d 2i: Got 000000FD vs 0000011C: FAIL
FAIL: 6b, 0x0013 16xs 1d 2i
16xs 1d 2i: Got 000005F0 vs 00000630: FAIL
PASS: 6b, 0x0013 1xv 1d 2i
PASS: 6b, 0x0013 16xv 1d 2i
FAIL: 6b, 0x0013 1xs 2d 2i
1xs 2d 2i: Got 000000FC vs 0000011B: FAIL
FAIL: 6b, 0x0013 16xs 2d 2i
16xs 2d 2i: Got 000005F0 vs 00000630: FAIL
PASS: 6b, 0x0013 1xv 2d 2i
PASS: 6b, 0x0013 16xv 2d 2i
FAIL: 6b, 0x0013 1xs 4d 2i
1xs 4d 2i: Got 00000102 vs 00000122: FAIL
FAIL: 6b, 0x0013 16xs 4d 2i
16xs 4d 2i: Got 00000610 vs 00000650: FAIL
PASS: 6b, 0x0013 1xv 4d 2i
PASS: 6b, 0x0013 16xv 4d 2i
FAIL: 6b, 0x0013 1xs 1d 4i
1xs 1d 4i: Got 000001F1 vs 0000022E: FAIL
FAIL: 6b, 0x0013 16xs 1d 4i
16xs 1d 4i: Got 00000BB0 vs 00000C20: FAIL
PASS: 6b, 0x0013 1xv 1d 4i
PASS: 6b, 0x0013 16xv 1d 4i
FAIL: 6b, 0x0013 1xs 2d 4i
1xs 2d 4i: Got 000001F0 vs 0000022D: FAIL
FAIL: 6b, 0x0013 16xs 2d 4i
16xs 2d 4i: Got 00000BA0 vs 00000C20: FAIL
PASS: 6b, 0x0013 1xv 2d 4i
PASS: 6b, 0x0013 16xv 2d 4i
FAIL: 6b, 0x0013 1xs 4d 4i
1xs 4d 4i: Got 000001F6 vs 00000234: FAIL
FAIL: 6b, 0x0013 16xs 4d 4i
16xs 4d 4i: Got 00000BD0 vs 00000C40: FAIL
PASS: 6b, 0x0013 1xv 4d 4i
PASS: 6b, 0x0013 16xv 4d 4i
Timer count-up test: 8b, 0x0010
FAIL: 8b, 0x0010 1xs 1d 1i
1xs 1d 1i: Got 000001B5 vs 000001EB: FAIL
FAIL: 8b, 0x0010 16xs 1d 1i
16xs 1d 1i: Got 00000A40 vs 00000AB0: FAIL
PASS: 8b, 0x0010 1xv 1d 1i
PASS: 8b, 0x0010 16xv 1d 1i
FAIL: 8b, 0x0010 1xs 2d 1i
1xs 2d 1i: Got 000001B4 vs 000001EB: FAIL
FAIL: 8b, 0x0010 16xs 2d 1i
16xs 2d 1i: Got 00000A40 vs 00000AB0: FAIL
PASS: 8b, 0x0010 1xv 2d 1i
PASS: 8b, 0x0010 16xv 2d 1i
FAIL: 8b, 0x0010 1xs 4d 1i
1xs 4d 1i: Got 000001B3 vs 000001E9: FAIL
FAIL: 8b, 0x0010 16xs 4d 1i
16xs 4d 1i: Got 00000A40 vs 00000AB0: FAIL
PASS: 8b, 0x0010 1xv 4d 1i
PASS: 8b, 0x0010 16xv 4d 1i
FAIL: 8b, 0x0010 1xs 1d 2i
1xs 1d 2i: Got 0000036F vs 000003DC: FAIL
FAIL: 8b, 0x0010 16xs 1d 2i
16xs 1d 2i: Got 000014A0 vs 00001580: FAIL
PASS: 8b, 0x0010 1xv 1d 2i
PASS: 8b, 0x0010 16xv 1d 2i
FAIL: 8b, 0x0010 1xs 2d 2i
1xs 2d 2i: Got 0000036E vs 000003DB: FAIL
FAIL: 8b, 0x0010 16xs 2d 2i
16xs 2d 2i: Got 000014A0 vs 00001580: FAIL
PASS: 8b, 0x0010 1xv 2d 2i
PASS: 8b, 0x0010 16xv 2d 2i
FAIL: 8b, 0x0010 1xs 4d 2i
1xs 4d 2i: Got 0000036D vs 000003DA: FAIL
FAIL: 8b, 0x0010 16xs 4d 2i
16xs 4d 2i: Got 00001490 vs 00001570: FAIL
PASS: 8b, 0x0010 1xv 4d 2i
PASS: 8b, 0x0010 16xv 4d 2i
FAIL: 8b, 0x0010 1xs 1d 4i
1xs 1d 4i: Got 000006E3 vs 000007BE: FAIL
FAIL: 8b, 0x0010 16xs 1d 4i
16xs 1d 4i: Got 00002950 vs 00002B20: FAIL
PASS: 8b, 0x0010 1xv 1d 4i
PASS: 8b, 0x0010 16xv 1d 4i
FAIL: 8b, 0x0010 1xs 2d 4i
1xs 2d 4i: Got 000006E2 vs 000007BD: FAIL
FAIL: 8b, 0x0010 16xs 2d 4i
16xs 2d 4i: Got 00002950 vs 00002B10: FAIL
PASS: 8b, 0x0010 1xv 2d 4i
PASS: 8b, 0x0010 16xv 2d 4i
FAIL: 8b, 0x0010 1xs 4d 4i
1xs 4d 4i: Got 000006E1 vs 000007BC: FAIL
FAIL: 8b, 0x0010 16xs 4d 4i
16xs 4d 4i: Got 00002950 vs 00002B10: FAIL
PASS: 8b, 0x0010 1xv 4d 4i
PASS: 8b, 0x0010 16xv 4d 4i
Timer count-up test: 8b, 0x0011
FAIL: 8b, 0x0011 1xs 1d 1i
1xs 1d 1i: Got 000001D1 vs 0000020B: FAIL
FAIL: 8b, 0x0011 16xs 1d 1i
16xs 1d 1i: Got 00000AF0 vs 00000B60: FAIL
PASS: 8b, 0x0011 1xv 1d 1i
PASS: 8b, 0x0011 16xv 1d 1i
FAIL: 8b, 0x0011 1xs 2d 1i
1xs 2d 1i: Got 000001D1 vs 0000020B: FAIL
FAIL: 8b, 0x0011 16xs 2d 1i
16xs 2d 1i: Got 00000AF0 vs 00000B60: FAIL
PASS: 8b, 0x0011 1xv 2d 1i
PASS: 8b, 0x0011 16xv 2d 1i
FAIL: 8b, 0x0011 1xs 4d 1i
1xs 4d 1i: Got 000001D0 vs 00000209: FAIL
FAIL: 8b, 0x0011 16xs 4d 1i
16xs 4d 1i: Got 00000AE0 vs 00000B60: FAIL
PASS: 8b, 0x0011 1xv 4d 1i
PASS: 8b, 0x0011 16xv 4d 1i
FAIL: 8b, 0x0011 1xs 1d 2i
1xs 1d 2i: Got 000003A8 vs 0000041C: FAIL
FAIL: 8b, 0x0011 16xs 1d 2i
16xs 1d 2i: Got 000015F0 vs 000016E0: FAIL
PASS: 8b, 0x0011 1xv 1d 2i
PASS: 8b, 0x0011 16xv 1d 2i
FAIL: 8b, 0x0011 1xs 2d 2i
1xs 2d 2i: Got 000003A7 vs 0000041B: FAIL
FAIL: 8b, 0x0011 16xs 2d 2i
16xs 2d 2i: Got 000015F0 vs 000016E0: FAIL
PASS: 8b, 0x0011 1xv 2d 2i
PASS: 8b, 0x0011 16xv 2d 2i
FAIL: 8b, 0x0011 1xs 4d 2i
1xs 4d 2i: Got 000003A6 vs 0000041A: FAIL
FAIL: 8b, 0x0011 16xs 4d 2i
16xs 4d 2i: Got 000015F0 vs 000016E0: FAIL
PASS: 8b, 0x0011 1xv 4d 2i
PASS: 8b, 0x0011 16xv 4d 2i
FAIL: 8b, 0x0011 1xs 1d 4i
1xs 1d 4i: Got 00000754 vs 0000083E: FAIL
FAIL: 8b, 0x0011 16xs 1d 4i
16xs 1d 4i: Got 00002C00 vs 00002DE0: FAIL
PASS: 8b, 0x0011 1xv 1d 4i
PASS: 8b, 0x0011 16xv 1d 4i
FAIL: 8b, 0x0011 1xs 2d 4i
1xs 2d 4i: Got 00000754 vs 0000083D: FAIL
FAIL: 8b, 0x0011 16xs 2d 4i
16xs 2d 4i: Got 00002C00 vs 00002DE0: FAIL
PASS: 8b, 0x0011 1xv 2d 4i
PASS: 8b, 0x0011 16xv 2d 4i
FAIL: 8b, 0x0011 1xs 4d 4i
1xs 4d 4i: Got 00000753 vs 0000083C: FAIL
FAIL: 8b, 0x0011 16xs 4d 4i
16xs 4d 4i: Got 00002BF0 vs 00002DE0: FAIL
PASS: 8b, 0x0011 1xv 4d 4i
PASS: 8b, 0x0011 16xv 4d 4i
Timer count-up test: 8b, 0x0012
FAIL: 8b, 0x0012 1xs 1d 1i
1xs 1d 1i: Got 000001EE vs 0000022B: FAIL
FAIL: 8b, 0x0012 16xs 1d 1i
16xs 1d 1i: Got 00000B90 vs 00000C10: FAIL
PASS: 8b, 0x0012 1xv 1d 1i
PASS: 8b, 0x0012 16xv 1d 1i
FAIL: 8b, 0x0012 1xs 2d 1i
1xs 2d 1i: Got 000001ED vs 0000022B: FAIL
FAIL: 8b, 0x0012 16xs 2d 1i
16xs 2d 1i: Got 00000B90 vs 00000C10: FAIL
PASS: 8b, 0x0012 1xv 2d 1i
PASS: 8b, 0x0012 16xv 2d 1i
FAIL: 8b, 0x0012 1xs 4d 1i
1xs 4d 1i: Got 000001EC vs 00000229: FAIL
FAIL: 8b, 0x0012 16xs 4d 1i
16xs 4d 1i: Got 00000B90 vs 00000C10: FAIL
PASS: 8b, 0x0012 1xv 4d 1i
PASS: 8b, 0x0012 16xv 4d 1i
FAIL: 8b, 0x0012 1xs 1d 2i
1xs 1d 2i: Got 000003E1 vs 0000045C: FAIL
FAIL: 8b, 0x0012 16xs 1d 2i
16xs 1d 2i: Got 00001750 vs 00001850: FAIL
PASS: 8b, 0x0012 1xv 1d 2i
PASS: 8b, 0x0012 16xv 1d 2i
FAIL: 8b, 0x0012 1xs 2d 2i
1xs 2d 2i: Got 000003E0 vs 0000045B: FAIL
FAIL: 8b, 0x0012 16xs 2d 2i
16xs 2d 2i: Got 00001740 vs 00001840: FAIL
PASS: 8b, 0x0012 1xv 2d 2i
PASS: 8b, 0x0012 16xv 2d 2i
FAIL: 8b, 0x0012 1xs 4d 2i
1xs 4d 2i: Got 000003DF vs 0000045A: FAIL
FAIL: 8b, 0x0012 16xs 4d 2i
16xs 4d 2i: Got 00001740 vs 00001840: FAIL
PASS: 8b, 0x0012 1xv 4d 2i
PASS: 8b, 0x0012 16xv 4d 2i
FAIL: 8b, 0x0012 1xs 1d 4i
1xs 1d 4i: Got 000007C6 vs 000008BE: FAIL
FAIL: 8b, 0x0012 16xs 1d 4i
16xs 1d 4i: Got 00002EB0 vs 000030B0: FAIL
PASS: 8b, 0x0012 1xv 1d 4i
PASS: 8b, 0x0012 16xv 1d 4i
FAIL: 8b, 0x0012 1xs 2d 4i
1xs 2d 4i: Got 000007C6 vs 000008BD: FAIL
FAIL: 8b, 0x0012 16xs 2d 4i
16xs 2d 4i: Got 00002EA0 vs 000030A0: FAIL
PASS: 8b, 0x0012 1xv 2d 4i
PASS: 8b, 0x0012 16xv 2d 4i
FAIL: 8b, 0x0012 1xs 4d 4i
1xs 4d 4i: Got 000007C4 vs 000008BC: FAIL
FAIL: 8b, 0x0012 16xs 4d 4i
16xs 4d 4i: Got 00002EA0 vs 000030A0: FAIL
PASS: 8b, 0x0012 1xv 4d 4i
PASS: 8b, 0x0012 16xv 4d 4i
Timer count-up test: 8b, 0x0013
FAIL: 8b, 0x0013 1xs 1d 1i
1xs 1d 1i: Got 0000020A vs 0000024B: FAIL
FAIL: 8b, 0x0013 16xs 1d 1i
16xs 1d 1i: Got 00000C40 vs 00000CD0: FAIL
PASS: 8b, 0x0013 1xv 1d 1i
PASS: 8b, 0x0013 16xv 1d 1i
FAIL: 8b, 0x0013 1xs 2d 1i
1xs 2d 1i: Got 0000020A vs 0000024B: FAIL
FAIL: 8b, 0x0013 16xs 2d 1i
16xs 2d 1i: Got 00000C40 vs 00000CC0: FAIL
PASS: 8b, 0x0013 1xv 2d 1i
PASS: 8b, 0x0013 16xv 2d 1i
FAIL: 8b, 0x0013 1xs 4d 1i
1xs 4d 1i: Got 00000209 vs 00000249: FAIL
FAIL: 8b, 0x0013 16xs 4d 1i
16xs 4d 1i: Got 00000C40 vs 00000CC0: FAIL
PASS: 8b, 0x0013 1xv 4d 1i
PASS: 8b, 0x0013 16xv 4d 1i
FAIL: 8b, 0x0013 1xs 1d 2i
1xs 1d 2i: Got 00000419 vs 0000049C: FAIL
FAIL: 8b, 0x0013 16xs 1d 2i
16xs 1d 2i: Got 000018A0 vs 000019B0: FAIL
PASS: 8b, 0x0013 1xv 1d 2i
PASS: 8b, 0x0013 16xv 1d 2i
FAIL: 8b, 0x0013 1xs 2d 2i
1xs 2d 2i: Got 00000419 vs 0000049B: FAIL
FAIL: 8b, 0x0013 16xs 2d 2i
16xs 2d 2i: Got 000018A0 vs 000019B0: FAIL
PASS: 8b, 0x0013 1xv 2d 2i
PASS: 8b, 0x0013 16xv 2d 2i
FAIL: 8b, 0x0013 1xs 4d 2i
1xs 4d 2i: Got 00000418 vs 0000049A: FAIL
FAIL: 8b, 0x0013 16xs 4d 2i
16xs 4d 2i: Got 00001890 vs 000019A0: FAIL
PASS: 8b, 0x0013 1xv 4d 2i
PASS: 8b, 0x0013 16xv 4d 2i
FAIL: 8b, 0x0013 1xs 1d 4i
1xs 1d 4i: Got 00000838 vs 0000093E: FAIL
FAIL: 8b, 0x0013 16xs 1d 4i
16xs 1d 4i: Got 00003150 vs 00003370: FAIL
PASS: 8b, 0x0013 1xv 1d 4i
PASS: 8b, 0x0013 16xv 1d 4i
FAIL: 8b, 0x0013 1xs 2d 4i
1xs 2d 4i: Got 00000837 vs 0000093D: FAIL
FAIL: 8b, 0x0013 16xs 2d 4i
16xs 2d 4i: Got 00003150 vs 00003370: FAIL
PASS: 8b, 0x0013 1xv 2d 4i
PASS: 8b, 0x0013 16xv 2d 4i
FAIL: 8b, 0x0013 1xs 4d 4i
1xs 4d 4i: Got 00000836 vs 0000093C: FAIL
FAIL: 8b, 0x0013 16xs 4d 4i
16xs 4d 4i: Got 00003150 vs 00003370: FAIL
PASS: 8b, 0x0013 1xv 4d 4i
PASS: 8b, 0x0013 16xv 4d 4i
Timer count-up test: 10b, 0x0010
FAIL: 10b, 0x0010 1xs 1d 1i
1xs 1d 1i: Got 0000070A vs 000007EB: FAIL
FAIL: 10b, 0x0010 16xs 1d 1i
16xs 1d 1i: Got 00002A40 vs 00002C10: FAIL
PASS: 10b, 0x0010 1xv 1d 1i
PASS: 10b, 0x0010 16xv 1d 1i
FAIL: 10b, 0x0010 1xs 2d 1i
1xs 2d 1i: Got 0000070A vs 000007EB: FAIL
FAIL: 10b, 0x0010 16xs 2d 1i
16xs 2d 1i: Got 00002A40 vs 00002C10: FAIL
PASS: 10b, 0x0010 1xv 2d 1i
PASS: 10b, 0x0010 16xv 2d 1i
FAIL: 10b, 0x0010 1xs 4d 1i
1xs 4d 1i: Got 00000709 vs 000007E9: FAIL
FAIL: 10b, 0x0010 16xs 4d 1i
16xs 4d 1i: Got 00002A40 vs 00002C10: FAIL
PASS: 10b, 0x0010 1xv 4d 1i
PASS: 10b, 0x0010 16xv 4d 1i
FAIL: 10b, 0x0010 1xs 1d 2i
1xs 1d 2i: Got 00000E19 vs 00000FDC: FAIL
FAIL: 10b, 0x0010 16xs 1d 2i
16xs 1d 2i: Got 000054A0 vs 00005850: FAIL
PASS: 10b, 0x0010 1xv 1d 2i
PASS: 10b, 0x0010 16xv 1d 2i
FAIL: 10b, 0x0010 1xs 2d 2i
1xs 2d 2i: Got 00000E19 vs 00000FDB: FAIL
FAIL: 10b, 0x0010 16xs 2d 2i
16xs 2d 2i: Got 000054A0 vs 00005840: FAIL
PASS: 10b, 0x0010 1xv 2d 2i
PASS: 10b, 0x0010 16xv 2d 2i
FAIL: 10b, 0x0010 1xs 4d 2i
1xs 4d 2i: Got 00000E18 vs 00000FDA: FAIL
FAIL: 10b, 0x0010 16xs 4d 2i
16xs 4d 2i: Got 00005490 vs 00005840: FAIL
PASS: 10b, 0x0010 1xv 4d 2i
PASS: 10b, 0x0010 16xv 4d 2i
FAIL: 10b, 0x0010 1xs 1d 4i
1xs 1d 4i: Got 00001C38 vs 00001FBE: FAIL
FAIL: 10b, 0x0010 16xs 1d 4i
16xs 1d 4i: Got 0000A950 vs 0000B0B0: FAIL
PASS: 10b, 0x0010 1xv 1d 4i
PASS: 10b, 0x0010 16xv 1d 4i
FAIL: 10b, 0x0010 1xs 2d 4i
1xs 2d 4i: Got 00001C37 vs 00001FBD: FAIL
FAIL: 10b, 0x0010 16xs 2d 4i
16xs 2d 4i: Got 0000A950 vs 0000B0A0: FAIL
PASS: 10b, 0x0010 1xv 2d 4i
PASS: 10b, 0x0010 16xv 2d 4i
FAIL: 10b, 0x0010 1xs 4d 4i
1xs 4d 4i: Got 00001C36 vs 00001FBC: FAIL
FAIL: 10b, 0x0010 16xs 4d 4i
16xs 4d 4i: Got 0000A950 vs 0000B0A0: FAIL
PASS: 10b, 0x0010 1xv 4d 4i
PASS: 10b, 0x0010 16xv 4d 4i
Timer count-up test: 10b, 0x0011
FAIL: 10b, 0x0011 1xs 1d 1i
1xs 1d 1i: Got 0000077C vs 0000086B: FAIL
FAIL: 10b, 0x0011 16xs 1d 1i
16xs 1d 1i: Got 00002CF0 vs 00002EE0: FAIL
PASS: 10b, 0x0011 1xv 1d 1i
PASS: 10b, 0x0011 16xv 1d 1i
FAIL: 10b, 0x0011 1xs 2d 1i
1xs 2d 1i: Got 0000077B vs 0000086B: FAIL
FAIL: 10b, 0x0011 16xs 2d 1i
16xs 2d 1i: Got 00002CF0 vs 00002EE0: FAIL
PASS: 10b, 0x0011 1xv 2d 1i
PASS: 10b, 0x0011 16xv 2d 1i
FAIL: 10b, 0x0011 1xs 4d 1i
1xs 4d 1i: Got 0000077A vs 00000869: FAIL
FAIL: 10b, 0x0011 16xs 4d 1i
16xs 4d 1i: Got 00002CE0 vs 00002ED0: FAIL
PASS: 10b, 0x0011 1xv 4d 1i
PASS: 10b, 0x0011 16xv 4d 1i
FAIL: 10b, 0x0011 1xs 1d 2i
1xs 1d 2i: Got 00000EFD vs 000010DC: FAIL
FAIL: 10b, 0x0011 16xs 1d 2i
16xs 1d 2i: Got 000059F0 vs 00005DE0: FAIL
PASS: 10b, 0x0011 1xv 1d 2i
PASS: 10b, 0x0011 16xv 1d 2i
FAIL: 10b, 0x0011 1xs 2d 2i
1xs 2d 2i: Got 00000EFC vs 000010DB: FAIL
FAIL: 10b, 0x0011 16xs 2d 2i
16xs 2d 2i: Got 000059F0 vs 00005DD0: FAIL
PASS: 10b, 0x0011 1xv 2d 2i
PASS: 10b, 0x0011 16xv 2d 2i
FAIL: 10b, 0x0011 1xs 4d 2i
1xs 4d 2i: Got 00000EFB vs 000010DA: FAIL
FAIL: 10b, 0x0011 16xs 4d 2i
16xs 4d 2i: Got 000059F0 vs 00005DD0: FAIL
PASS: 10b, 0x0011 1xv 4d 2i
PASS: 10b, 0x0011 16xv 4d 2i
FAIL: 10b, 0x0011 1xs 1d 4i
1xs 1d 4i: Got 00001DFF vs 000021BE: FAIL
FAIL: 10b, 0x0011 16xs 1d 4i
16xs 1d 4i: Got 0000B400 vs 0000BBD0: FAIL
PASS: 10b, 0x0011 1xv 1d 4i
PASS: 10b, 0x0011 16xv 1d 4i
FAIL: 10b, 0x0011 1xs 2d 4i
1xs 2d 4i: Got 00001DFE vs 000021BD: FAIL
FAIL: 10b, 0x0011 16xs 2d 4i
16xs 2d 4i: Got 0000B400 vs 0000BBD0: FAIL
PASS: 10b, 0x0011 1xv 2d 4i
PASS: 10b, 0x0011 16xv 2d 4i
FAIL: 10b, 0x0011 1xs 4d 4i
1xs 4d 4i: Got 00001DFD vs 000021BC: FAIL
FAIL: 10b, 0x0011 16xs 4d 4i
16xs 4d 4i: Got 0000B3F0 vs 0000BBC0: FAIL
PASS: 10b, 0x0011 1xv 4d 4i
PASS: 10b, 0x0011 16xv 4d 4i
Timer count-up test: 10b, 0x0012
FAIL: 10b, 0x0012 1xs 1d 1i
1xs 1d 1i: Got 000007EE vs 000008EB: FAIL
FAIL: 10b, 0x0012 16xs 1d 1i
16xs 1d 1i: Got 00002F90 vs 000031A0: FAIL
PASS: 10b, 0x0012 1xv 1d 1i
PASS: 10b, 0x0012 16xv 1d 1i
FAIL: 10b, 0x0012 1xs 2d 1i
1xs 2d 1i: Got 000007ED vs 000008EB: FAIL
FAIL: 10b, 0x0012 16xs 2d 1i
16xs 2d 1i: Got 00002F90 vs 000031A0: FAIL
PASS: 10b, 0x0012 1xv 2d 1i
PASS: 10b, 0x0012 16xv 2d 1i
FAIL: 10b, 0x0012 1xs 4d 1i
1xs 4d 1i: Got 000007EC vs 000008E9: FAIL
FAIL: 10b, 0x0012 16xs 4d 1i
16xs 4d 1i: Got 00002F90 vs 000031A0: FAIL
PASS: 10b, 0x0012 1xv 4d 1i
PASS: 10b, 0x0012 16xv 4d 1i
FAIL: 10b, 0x0012 1xs 1d 2i
1xs 1d 2i: Got 00000FE1 vs 000011DC: FAIL
FAIL: 10b, 0x0012 16xs 1d 2i
16xs 1d 2i: Got 00005F50 vs 00006370: FAIL
PASS: 10b, 0x0012 1xv 1d 2i
PASS: 10b, 0x0012 16xv 1d 2i
FAIL: 10b, 0x0012 1xs 2d 2i
1xs 2d 2i: Got 00000FE0 vs 000011DB: FAIL
FAIL: 10b, 0x0012 16xs 2d 2i
16xs 2d 2i: Got 00005F40 vs 00006360: FAIL
PASS: 10b, 0x0012 1xv 2d 2i
PASS: 10b, 0x0012 16xv 2d 2i
FAIL: 10b, 0x0012 1xs 4d 2i
1xs 4d 2i: Got 00000FDF vs 000011DA: FAIL
FAIL: 10b, 0x0012 16xs 4d 2i
16xs 4d 2i: Got 00005F40 vs 00006360: FAIL
PASS: 10b, 0x0012 1xv 4d 2i
PASS: 10b, 0x0012 16xv 4d 2i
FAIL: 10b, 0x0012 1xs 1d 4i
1xs 1d 4i: Got 00001FC6 vs 000023BE: FAIL
FAIL: 10b, 0x0012 16xs 1d 4i
16xs 1d 4i: Got 0000BEB0 vs 0000C6F0: FAIL
PASS: 10b, 0x0012 1xv 1d 4i
PASS: 10b, 0x0012 16xv 1d 4i
FAIL: 10b, 0x0012 1xs 2d 4i
1xs 2d 4i: Got 00001FC6 vs 000023BD: FAIL
FAIL: 10b, 0x0012 16xs 2d 4i
16xs 2d 4i: Got 0000BEA0 vs 0000C6F0: FAIL
PASS: 10b, 0x0012 1xv 2d 4i
PASS: 10b, 0x0012 16xv 2d 4i
FAIL: 10b, 0x0012 1xs 4d 4i
1xs 4d 4i: Got 00001FC4 vs 000023BC: FAIL
FAIL: 10b, 0x0012 16xs 4d 4i
16xs 4d 4i: Got 0000BEA0 vs 0000C6E0: FAIL
PASS: 10b, 0x0012 1xv 4d 4i
PASS: 10b, 0x0012 16xv 4d 4i
Timer count-up test: 10b, 0x0013
FAIL: 10b, 0x0013 1xs 1d 1i
1xs 1d 1i: Got 00000860 vs 0000096B: FAIL
FAIL: 10b, 0x0013 16xs 1d 1i
16xs 1d 1i: Got 00003240 vs 00003470: FAIL
PASS: 10b, 0x0013 1xv 1d 1i
PASS: 10b, 0x0013 16xv 1d 1i
FAIL: 10b, 0x0013 1xs 2d 1i
1xs 2d 1i: Got 0000085F vs 0000096B: FAIL
FAIL: 10b, 0x0013 16xs 2d 1i
16xs 2d 1i: Got 00003240 vs 00003470: FAIL
PASS: 10b, 0x0013 1xv 2d 1i
PASS: 10b, 0x0013 16xv 2d 1i
FAIL: 10b, 0x0013 1xs 4d 1i
1xs 4d 1i: Got 0000085E vs 00000969: FAIL
FAIL: 10b, 0x0013 16xs 4d 1i
16xs 4d 1i: Got 00003240 vs 00003460: FAIL
PASS: 10b, 0x0013 1xv 4d 1i
PASS: 10b, 0x0013 16xv 4d 1i
FAIL: 10b, 0x0013 1xs 1d 2i
1xs 1d 2i: Got 000010C4 vs 000012DC: FAIL
FAIL: 10b, 0x0013 16xs 1d 2i
16xs 1d 2i: Got 000064A0 vs 00006900: FAIL
PASS: 10b, 0x0013 1xv 1d 2i
PASS: 10b, 0x0013 16xv 1d 2i
FAIL: 10b, 0x0013 1xs 2d 2i
1xs 2d 2i: Got 000010C4 vs 000012DB: FAIL
FAIL: 10b, 0x0013 16xs 2d 2i
16xs 2d 2i: Got 000064A0 vs 000068F0: FAIL
PASS: 10b, 0x0013 1xv 2d 2i
PASS: 10b, 0x0013 16xv 2d 2i
FAIL: 10b, 0x0013 1xs 4d 2i
1xs 4d 2i: Got 000010C2 vs 000012DA: FAIL
FAIL: 10b, 0x0013 16xs 4d 2i
16xs 4d 2i: Got 00006490 vs 000068F0: FAIL
PASS: 10b, 0x0013 1xv 4d 2i
PASS: 10b, 0x0013 16xv 4d 2i
FAIL: 10b, 0x0013 1xs 1d 4i
1xs 1d 4i: Got 0000218D vs 000025BE: FAIL
FAIL: 10b, 0x0013 16xs 1d 4i
16xs 1d 4i: Got 0000C950 vs 0000D210: FAIL
PASS: 10b, 0x0013 1xv 1d 4i
PASS: 10b, 0x0013 16xv 1d 4i
FAIL: 10b, 0x0013 1xs 2d 4i
1xs 2d 4i: Got 0000218D vs 000025BD: FAIL
FAIL: 10b, 0x0013 16xs 2d 4i
16xs 2d 4i: Got 0000C950 vs 0000D210: FAIL
PASS: 10b, 0x0013 1xv 2d 4i
PASS: 10b, 0x0013 16xv 2d 4i
FAIL: 10b, 0x0013 1xs 4d 4i
1xs 4d 4i: Got 0000218C vs 000025BC: FAIL
FAIL: 10b, 0x0013 16xs 4d 4i
16xs 4d 4i: Got 0000C950 vs 0000D200: FAIL
PASS: 10b, 0x0013 1xv 4d 4i
PASS: 10b, 0x0013 16xv 4d 4i
[sram]
Game Boy Advance Test Suite
===
Timer count-up test: 0b, 0x0001
Timer count-up test: 0b, 0x0005
1xs 1d 1i: Got 00000002 vs 00000003: FAIL
1xv 1d 1i: Got FFFD vs FFFF: FAIL
1xs 2d 1i: Got 00000002 vs 00000003: FAIL
1xv 2d 1i: Got FFFD vs FFFF: FAIL
1xs 4d 1i: Got 00000002 vs 00000003: FAIL
1xv 4d 1i: Got FFFD vs FFFF: FAIL
1xs 1d 2i: Got 00000002 vs 00000003: FAIL
1xv 1d 2i: Got FFFC vs FFFB: FAIL
16xv 1d 2i: Got FFFC vs FFFE: FAIL
1xs 2d 2i: Got 00000002 vs 00000003: FAIL
1xv 2d 2i: Got FFFC vs FFFB: FAIL
16xv 2d 2i: Got FFFC vs FFFE: FAIL
1xs 4d 2i: Got 00000002 vs 00000003: FAIL
1xv 4d 2i: Got FFFC vs FFFB: FAIL
16xv 4d 2i: Got FFFC vs FFFE: FAIL
1xs 1d 4i: Got 00000002 vs 00000003: FAIL
1xv 1d 4i: Got FFFF vs FFFD: FAIL
16xv 1d 4i: Got FFFF vs FFFB: FAIL
1xs 2d 4i: Got 00000002 vs 00000003: FAIL
1xv 2d 4i: Got FFFF vs FFFD: FAIL
16xv 2d 4i: Got FFFF vs FFFB: FAIL
1xs 4d 4i: Got 00000002 vs 00000003: FAIL
1xv 4d 4i: Got FFFF vs FFFD: FAIL
16xv 4d 4i: Got FFFF vs FFFB: FAIL
Timer count-up test: 0b, 0x000C
16xs 1d 1i: Got 00000010 vs 00000020: FAIL
1xv 1d 1i: Got FFFE vs FFFC: FAIL
16xv 1d 1i: Got FFFC vs FFFE: FAIL
16xs 2d 1i: Got 00000010 vs 00000020: FAIL
1xv 2d 1i: Got FFFE vs FFFC: FAIL
16xv 2d 1i: Got FFFC vs FFFE: FAIL
16xs 4d 1i: Got 00000010 vs 00000020: FAIL
1xv 4d 1i: Got FFFE vs FFFC: FAIL
16xv 4d 1i: Got FFFC vs FFFE: FAIL
16xs 1d 2i: Got 00000010 vs 00000020: FAIL
16xv 1d 2i: Got FFFB vs FFFF: FAIL
16xs 2d 2i: Got 00000010 vs 00000020: FAIL
16xv 2d 2i: Got FFFB vs FFFF: FAIL
16xs 4d 2i: Got 00000010 vs 00000020: FAIL
16xv 4d 2i: Got FFFB vs FFFF: FAIL
16xs 1d 4i: Got 00000010 vs 00000020: FAIL
1xv 1d 4i: Got FFFB vs FFFF: FAIL
16xv 1d 4i: Got FFF9 vs FFF5: FAIL
16xs 2d 4i: Got 00000010 vs 00000020: FAIL
1xv 2d 4i: Got FFFB vs FFFF: FAIL
16xv 2d 4i: Got FFF9 vs FFF5: FAIL
16xs 4d 4i: Got 00000010 vs 00000020: FAIL
1xv 4d 4i: Got FFFB vs FFFF: FAIL
16xv 4d 4i: Got FFF9 vs FFF5: FAIL
Timer count-up test: 0b, 0x000D
1xs 1d 1i: Got 00000003 vs 00000004: FAIL
1xv 1d 1i: Got FFF5 vs FFF6: FAIL
16xv 1d 1i: Got FFF7 vs FFF5: FAIL
1xs 2d 1i: Got 00000003 vs 00000004: FAIL
1xv 2d 1i: Got FFF5 vs FFF6: FAIL
16xv 2d 1i: Got FFF7 vs FFF5: FAIL
1xs 4d 1i: Got 00000003 vs 00000004: FAIL
1xv 4d 1i: Got FFF5 vs FFF6: FAIL
16xv 4d 1i: Got FFF7 vs FFF5: FAIL
1xs 1d 2i: Got 00000003 vs 00000004: FAIL
1xv 1d 2i: Got FFF7 vs FFFA: FAIL
1xs 2d 2i: Got 00000003 vs 00000004: FAIL
1xv 2d 2i: Got FFF7 vs FFFA: FAIL
1xs 4d 2i: Got 00000003 vs 00000004: FAIL
1xv 4d 2i: Got FFF7 vs FFFA: FAIL
1xs 1d 4i: Got 00000003 vs 00000004: FAIL
1xv 1d 4i: Got FFFB vs FFF5: FAIL
16xv 1d 4i: Got FFFD vs FFF4: FAIL
1xs 2d 4i: Got 00000003 vs 00000004: FAIL
1xv 2d 4i: Got FFFB vs FFF5: FAIL
16xv 2d 4i: Got FFFD vs FFF4: FAIL
1xs 4d 4i: Got 00000003 vs 00000004: FAIL
1xv 4d 4i: Got FFFB vs FFF5: FAIL
16xv 4d 4i: Got FFFD vs FFF4: FAIL
Timer count-up test: 0b, 0x0010
1xv 1d 1i: Got FFFF vs FFFC: FAIL
16xv 1d 1i: Got FFFC vs FFFE: FAIL
1xv 2d 1i: Got FFFF vs FFFC: FAIL
16xv 2d 1i: Got FFFC vs FFFE: FAIL
1xv 4d 1i: Got FFFF vs FFFC: FAIL
16xv 4d 1i: Got FFFC vs FFFE: FAIL
1xv 1d 2i: Got FFF6 vs FFF5: FAIL
16xv 1d 2i: Got FFF3 vs FFF7: FAIL
1xv 2d 2i: Got FFF6 vs FFF5: FAIL
16xv 2d 2i: Got FFF3 vs FFF7: FAIL
1xv 4d 2i: Got FFF6 vs FFF5: FAIL
16xv 4d 2i: Got FFF3 vs FFF7: FAIL
1xv 1d 4i: Got FFF4 vs FFF7: FAIL
16xv 1d 4i: Got FFF1 vs FFF9: FAIL
1xv 2d 4i: Got FFF4 vs FFF7: FAIL
16xv 2d 4i: Got FFF1 vs FFF9: FAIL
1xv 4d 4i: Got FFF4 vs FFF7: FAIL
16xv 4d 4i: Got FFF1 vs FFF9: FAIL
Timer count-up test: 0b, 0x0014
1xv 1d 2i: Got FFF7 vs FFF9: FAIL
16xv 1d 2i: Got FFF7 vs FFF9: FAIL
1xv 2d 2i: Got FFF7 vs FFF9: FAIL
16xv 2d 2i: Got FFF7 vs FFF9: FAIL
1xv 4d 2i: Got FFF7 vs FFF9: FAIL
16xv 4d 2i: Got FFF7 vs FFF9: FAIL
1xv 1d 4i: Got FFF5 vs FFFB: FAIL
16xv 1d 4i: Got FFF5 vs FFFB: FAIL
1xv 2d 4i: Got FFF5 vs FFFB: FAIL
16xv 2d 4i: Got FFF5 vs FFFB: FAIL
1xv 4d 4i: Got FFF5 vs FFFB: FAIL
16xv 4d 4i: Got FFF5 vs FFFB: FAIL
Timer count-up test: 0b, 0x0015
1xs 1d 1i: Got 00000004 vs 00000005: FAIL
1xs 2d 1i: Got 00000004 vs 00000005: FAIL
1xs 4d 1i: Got 00000004 vs 00000005: FAIL
1xs 1d 2i: Got 00000004 vs 00000005: FAIL
1xv 1d 2i: Got FFEE vs FFF0: FAIL
16xv 1d 2i: Got FFEC vs FFEE: FAIL
1xs 2d 2i: Got 00000004 vs 00000005: FAIL
1xv 2d 2i: Got FFEE vs FFF0: FAIL
16xv 2d 2i: Got FFEC vs FFEE: FAIL
1xs 4d 2i: Got 00000004 vs 00000005: FAIL
1xv 4d 2i: Got FFEE vs FFF0: FAIL
16xv 4d 2i: Got FFEC vs FFEE: FAIL
1xs 1d 4i: Got 00000004 vs 00000005: FAIL
1xv 1d 4i: Got FFF5 vs FFFB: FAIL
16xv 1d 4i: Got FFF3 vs FFF9: FAIL
1xs 2d 4i: Got 00000004 vs 00000005: FAIL
1xv 2d 4i: Got FFF5 vs FFFB: FAIL
16xv 2d 4i: Got FFF3 vs FFF9: FAIL
1xs 4d 4i: Got 00000004 vs 00000005: FAIL
1xv 4d 4i: Got FFF5 vs FFFB: FAIL
16xv 4d 4i: Got FFF3 vs FFF9: FAIL
Timer count-up test: 0b, 0x0020
1xs 1d 1i: Got 00000005 vs 00000006: FAIL
1xs 2d 1i: Got 00000005 vs 00000006: FAIL
1xs 4d 1i: Got 00000005 vs 00000006: FAIL
1xs 1d 2i: Got 00000005 vs 00000006: FAIL
1xv 1d 2i: Got FFF3 vs FFF5: FAIL
16xv 1d 2i: Got FFF3 vs FFF5: FAIL
1xs 2d 2i: Got 00000005 vs 00000006: FAIL
1xv 2d 2i: Got FFF3 vs FFF5: FAIL
16xv 2d 2i: Got FFF3 vs FFF5: FAIL
1xs 4d 2i: Got 00000005 vs 00000006: FAIL
1xv 4d 2i: Got FFF3 vs FFF5: FAIL
16xv 4d 2i: Got FFF3 vs FFF5: FAIL
1xs 1d 4i: Got 00000005 vs 00000006: FAIL
1xv 1d 4i: Got FFE1 vs FFE7: FAIL
16xv 1d 4i: Got FFE1 vs FFE7: FAIL
1xs 2d 4i: Got 00000005 vs 00000006: FAIL
1xv 2d 4i: Got FFE1 vs FFE7: FAIL
16xv 2d 4i: Got FFE1 vs FFE7: FAIL
1xs 4d 4i: Got 00000005 vs 00000006: FAIL
1xv 4d 4i: Got FFE1 vs FFE7: FAIL
16xv 4d 4i: Got FFE1 vs FFE7: FAIL
Timer count-up test: 0b, 0x0024
16xs 1d 1i: Got 00000020 vs 00000030: FAIL
1xv 1d 1i: Got FFF1 vs FFF0: FAIL
16xv 1d 1i: Got FFF0 vs FFF1: FAIL
16xs 2d 1i: Got 00000020 vs 00000030: FAIL
1xv 2d 1i: Got FFF1 vs FFF0: FAIL
16xv 2d 1i: Got FFF0 vs FFF1: FAIL
16xs 4d 1i: Got 00000020 vs 00000030: FAIL
1xv 4d 1i: Got FFF1 vs FFF0: FAIL
16xv 4d 1i: Got FFF0 vs FFF1: FAIL
16xs 1d 2i: Got 00000020 vs 00000030: FAIL
1xv 1d 2i: Got FFFC vs FFFD: FAIL
16xv 1d 2i: Got FFFB vs FFFE: FAIL
16xs 2d 2i: Got 00000020 vs 00000030: FAIL
1xv 2d 2i: Got FFFC vs FFFD: FAIL
16xv 2d 2i: Got FFFB vs FFFE: FAIL
16xs 4d 2i: Got 00000020 vs 00000030: FAIL
1xv 4d 2i: Got FFFC vs FFFD: FAIL
16xv 4d 2i: Got FFFB vs FFFE: FAIL
16xs 1d 4i: Got 00000020 vs 00000030: FAIL
1xv 1d 4i: Got FFEE vs FFF3: FAIL
16xv 1d 4i: Got FFED vs FFF4: FAIL
16xs 2d 4i: Got 00000020 vs 00000030: FAIL
1xv 2d 4i: Got FFEE vs FFF3: FAIL
16xv 2d 4i: Got FFED vs FFF4: FAIL
16xs 4d 4i: Got 00000020 vs 00000030: FAIL
1xv 4d 4i: Got FFEE vs FFF3: FAIL
16xv 4d 4i: Got FFED vs FFF4: FAIL
Timer count-up test: 0b, 0x0025
1xs 1d 1i: Got 00000006 vs 00000007: FAIL
1xv 1d 1i: Got FFED vs FFEF: FAIL
16xv 1d 1i: Got FFF0 vs FFED: FAIL
1xs 2d 1i: Got 00000006 vs 00000007: FAIL
1xv 2d 1i: Got FFED vs FFEF: FAIL
16xv 2d 1i: Got FFF0 vs FFED: FAIL
1xs 4d 1i: Got 00000006 vs 00000007: FAIL
1xv 4d 1i: Got FFED vs FFEF: FAIL
16xv 4d 1i: Got FFF0 vs FFED: FAIL
1xs 1d 2i: Got 00000006 vs 00000007: FAIL
1xv 1d 2i: Got FFF5 vs FFF9: FAIL
16xv 1d 2i: Got FFF8 vs FFF7: FAIL
1xs 2d 2i: Got 00000006 vs 00000007: FAIL
1xv 2d 2i: Got FFF5 vs FFF9: FAIL
16xv 2d 2i: Got FFF8 vs FFF7: FAIL
1xs 4d 2i: Got 00000006 vs 00000007: FAIL
1xv 4d 2i: Got FFF5 vs FFF9: FAIL
16xv 4d 2i: Got FFF8 vs FFF7: FAIL
1xs 1d 4i: Got 00000006 vs 00000007: FAIL
1xv 1d 4i: Got FFE0 vs FFE8: FAIL
16xv 1d 4i: Got FFE3 vs FFE6: FAIL
1xs 2d 4i: Got 00000006 vs 00000007: FAIL
1xv 2d 4i: Got FFE0 vs FFE8: FAIL
16xv 2d 4i: Got FFE3 vs FFE6: FAIL
1xs 4d 4i: Got 00000006 vs 00000007: FAIL
1xv 4d 4i: Got FFE0 vs FFE8: FAIL
16xv 4d 4i: Got FFE3 vs FFE6: FAIL
Timer count-up test: 0b, 0x0040
1xs 1d 1i: Got 00000009 vs 0000000A: FAIL
1xs 2d 1i: Got 00000009 vs 0000000A: FAIL
1xs 4d 1i: Got 00000009 vs 0000000A: FAIL
1xs 1d 2i: Got 0000000A vs 0000000B: FAIL
1xs 2d 2i: Got 0000000A vs 0000000B: FAIL
1xs 4d 2i: Got 0000000A vs 0000000B: FAIL
1xs 1d 4i: Got 0000000C vs 0000000D: FAIL
1xv 1d 4i: Got FFDC vs FFDE: FAIL
16xv 1d 4i: Got FFDD vs FFDE: FAIL
1xs 2d 4i: Got 0000000C vs 0000000D: FAIL
1xv 2d 4i: Got FFDC vs FFDE: FAIL
16xv 2d 4i: Got FFDD vs FFDE: FAIL
1xs 4d 4i: Got 0000000C vs 0000000D: FAIL
1xv 4d 4i: Got FFDC vs FFDE: FAIL
16xv 4d 4i: Got FFDD vs FFDE: FAIL
Timer count-up test: 0b, 0x0080
1xs 1d 1i: Got 00000010 vs 00000012: FAIL
16xs 1d 1i: Got 00000060 vs 00000070: FAIL
16xv 1d 1i: Got FFDC vs FFDD: FAIL
1xs 2d 1i: Got 00000010 vs 00000012: FAIL
16xs 2d 1i: Got 00000060 vs 00000070: FAIL
16xv 2d 1i: Got FFDC vs FFDD: FAIL
1xs 4d 1i: Got 00000010 vs 00000012: FAIL
16xs 4d 1i: Got 00000060 vs 00000070: FAIL
16xv 4d 1i: Got FFDC vs FFDD: FAIL
1xs 1d 2i: Got 00000011 vs 00000013: FAIL
1xs 2d 2i: Got 00000011 vs 00000013: FAIL
1xs 4d 2i: Got 00000011 vs 00000013: FAIL
1xs 1d 4i: Got 00000013 vs 00000015: FAIL
1xv 1d 4i: Got FFDC vs FFDE: FAIL
1xs 2d 4i: Got 00000013 vs 00000015: FAIL
1xv 2d 4i: Got FFDC vs FFDE: FAIL
1xs 4d 4i: Got 00000013 vs 00000015: FAIL
1xv 4d 4i: Got FFDC vs FFDE: FAIL
Timer count-up test: 0b, 0x0800
1xs 1d 1i: Got 000000E5 vs 00000102: FAIL
16xs 1d 1i: Got 00000560 vs 000005A0: FAIL
1xs 2d 1i: Got 000000E5 vs 00000102: FAIL
16xs 2d 1i: Got 00000560 vs 000005A0: FAIL
1xs 4d 1i: Got 000000E5 vs 00000102: FAIL
16xs 4d 1i: Got 00000560 vs 000005A0: FAIL
1xs 1d 2i: Got 000001BC vs 000001F3: FAIL
16xs 1d 2i: Got 00000A70 vs 00000AE0: FAIL
1xv 1d 2i: Got F85E vs F85C: FAIL
1xs 2d 2i: Got 000001BC vs 000001F3: FAIL
16xs 2d 2i: Got 00000A70 vs 00000AE0: FAIL
1xv 2d 2i: Got F85E vs F85C: FAIL
1xs 4d 2i: Got 000001BC vs 000001F3: FAIL
16xs 4d 2i: Got 00000A70 vs 00000AE0: FAIL
1xv 4d 2i: Got F85E vs F85C: FAIL
1xs 1d 4i: Got 00000368 vs 000003D5: FAIL
16xs 1d 4i: Got 00001470 vs 00001550: FAIL
1xv 1d 4i: Got F85C vs F85E: FAIL
1xs 2d 4i: Got 00000368 vs 000003D5: FAIL
16xs 2d 4i: Got 00001470 vs 00001550: FAIL
1xv 2d 4i: Got F85C vs F85E: FAIL
1xs 4d 4i: Got 00000368 vs 000003D5: FAIL
16xs 4d 4i: Got 00001470 vs 00001550: FAIL
1xv 4d 4i: Got F85C vs F85E: FAIL
Timer count-up test: 0b, 0x8000
1xs 1d 1i: Got 00000E3B vs 00001002: FAIL
16xs 1d 1i: Got 00005560 vs 00005920: FAIL
1xv 1d 1i: Got 805E vs 805C: FAIL
16xv 1d 1i: Got 805C vs 805E: FAIL
1xs 2d 1i: Got 00000E3B vs 00001002: FAIL
16xs 2d 1i: Got 00005560 vs 00005920: FAIL
1xv 2d 1i: Got 805E vs 805C: FAIL
16xv 2d 1i: Got 805C vs 805E: FAIL
1xs 4d 1i: Got 00000E3B vs 00001002: FAIL
16xs 4d 1i: Got 00005560 vs 00005920: FAIL
1xv 4d 1i: Got 805E vs 805C: FAIL
16xv 4d 1i: Got 805C vs 805E: FAIL
1xs 1d 2i: Got 00001C66 vs 00001FF3: FAIL
16xs 1d 2i: Got 0000AA70 vs 0000B1D0: FAIL
1xs 2d 2i: Got 00001C66 vs 00001FF3: FAIL
16xs 2d 2i: Got 0000AA70 vs 0000B1D0: FAIL
1xs 4d 2i: Got 00001C66 vs 00001FF3: FAIL
16xs 4d 2i: Got 0000AA70 vs 0000B1D0: FAIL
1xs 1d 4i: Got 000038BE vs 00003FD5: FAIL
16xs 1d 4i: Got 00015470 vs 00016340: FAIL
1xs 2d 4i: Got 000038BE vs 00003FD5: FAIL
16xs 2d 4i: Got 00015470 vs 00016340: FAIL
1xs 4d 4i: Got 000038BE vs 00003FD5: FAIL
16xs 4d 4i: Got 00015470 vs 00016340: FAIL
Timer count-up test: 6b, 0x0010
1xs 1d 1i: Got 0000006E vs 0000007B: FAIL
16xs 1d 1i: Got 00000290 vs 000002B0: FAIL
1xs 2d 1i: Got 0000006D vs 0000007B: FAIL
16xs 2d 1i: Got 00000290 vs 000002B0: FAIL
1xs 4d 1i: Got 00000073 vs 00000081: FAIL
16xs 4d 1i: Got 000002C0 vs 000002D0: FAIL
1xs 1d 2i: Got 000000D2 vs 000000EC: FAIL
16xs 1d 2i: Got 000004F0 vs 00000520: FAIL
1xs 2d 2i: Got 000000D2 vs 000000EB: FAIL
16xs 2d 2i: Got 000004F0 vs 00000520: FAIL
1xs 4d 2i: Got 000000D8 vs 000000F2: FAIL
16xs 4d 2i: Got 00000510 vs 00000550: FAIL
1xs 1d 4i: Got 0000019B vs 000001CE: FAIL
16xs 1d 4i: Got 000009B0 vs 00000A10: FAIL
1xs 2d 4i: Got 0000019B vs 000001CD: FAIL
16xs 2d 4i: Got 000009A0 vs 00000A10: FAIL
1xs 4d 4i: Got 000001A1 vs 000001D4: FAIL
16xs 4d 4i: Got 000009D0 vs 00000A30: FAIL
Timer count-up test: 6b, 0x0011
1xs 1d 1i: Got 00000075 vs 00000083: FAIL
16xs 1d 1i: Got 000002C0 vs 000002E0: FAIL
1xs 2d 1i: Got 00000074 vs 00000083: FAIL
16xs 2d 1i: Got 000002C0 vs 000002E0: FAIL
1xs 4d 1i: Got 0000007A vs 00000089: FAIL
16xs 4d 1i: Got 000002E0 vs 00000300: FAIL
1xs 1d 2i: Got 000000E1 vs 000000FC: FAIL
16xs 1d 2i: Got 00000550 vs 00000580: FAIL
1xs 2d 2i: Got 000000E0 vs 000000FB: FAIL
16xs 2d 2i: Got 00000540 vs 00000580: FAIL
1xs 4d 2i: Got 000000E6 vs 00000102: FAIL
16xs 4d 2i: Got 00000570 vs 000005A0: FAIL
1xs 1d 4i: Got 000001B8 vs 000001EE: FAIL
16xs 1d 4i: Got 00000A50 vs 00000AC0: FAIL
1xs 2d 4i: Got 000001B7 vs 000001ED: FAIL
16xs 2d 4i: Got 00000A50 vs 00000AC0: FAIL
1xs 4d 4i: Got 000001BD vs 000001F4: FAIL
16xs 4d 4i: Got 00000A70 vs 00000AE0: FAIL
Timer count-up test: 6b, 0x0012
1xs 1d 1i: Got 0000007C vs 0000008B: FAIL
16xs 1d 1i: Got 000002F0 vs 00000310: FAIL
1xs 2d 1i: Got 0000007B vs 0000008B: FAIL
16xs 2d 1i: Got 000002F0 vs 00000310: FAIL
1xs 4d 1i: Got 00000081 vs 00000091: FAIL
16xs 4d 1i: Got 00000310 vs 00000330: FAIL
1xs 1d 2i: Got 000000EF vs 0000010C: FAIL
16xs 1d 2i: Got 000005A0 vs 000005E0: FAIL
1xs 2d 2i: Got 000000EE vs 0000010B: FAIL
16xs 2d 2i: Got 000005A0 vs 000005D0: FAIL
1xs 4d 2i: Got 000000F4 vs 00000112: FAIL
16xs 4d 2i: Got 000005C0 vs 00000600: FAIL
1xs 1d 4i: Got 000001D4 vs 0000020E: FAIL
16xs 1d 4i: Got 00000B00 vs 00000B70: FAIL
1xs 2d 4i: Got 000001D4 vs 0000020D: FAIL
16xs 2d 4i: Got 00000B00 vs 00000B70: FAIL
1xs 4d 4i: Got 000001DA vs 00000214: FAIL
16xs 4d 4i: Got 00000B20 vs 00000B90: FAIL
Timer count-up test: 6b, 0x0013
1xs 1d 1i: Got 00000083 vs 00000093: FAIL
16xs 1d 1i: Got 00000310 vs 00000340: FAIL
1xs 2d 1i: Got 00000083 vs 00000093: FAIL
16xs 2d 1i: Got 00000310 vs 00000330: FAIL
1xs 4d 1i: Got 00000089 vs 00000099: FAIL
16xs 4d 1i: Got 00000340 vs 00000360: FAIL
1xs 1d 2i: Got 000000FD vs 0000011C: FAIL
16xs 1d 2i: Got 000005F0 vs 00000630: FAIL
1xs 2d 2i: Got 000000FC vs 0000011B: FAIL
16xs 2d 2i: Got 000005F0 vs 00000630: FAIL
1xs 4d 2i: Got 00000102 vs 00000122: FAIL
16xs 4d 2i: Got 00000610 vs 00000650: FAIL
1xs 1d 4i: Got 000001F1 vs 0000022E: FAIL
16xs 1d 4i: Got 00000BB0 vs 00000C20: FAIL
1xs 2d 4i: Got 000001F0 vs 0000022D: FAIL
16xs 2d 4i: Got 00000BA0 vs 00000C20: FAIL
1xs 4d 4i: Got 000001F6 vs 00000234: FAIL
16xs 4d 4i: Got 00000BD0 vs 00000C40: FAIL
Timer count-up test: 8b, 0x0010
1xs 1d 1i: Got 000001B5 vs 000001EB: FAIL
16xs 1d 1i: Got 00000A40 vs 00000AB0: FAIL
1xs 2d 1i: Got 000001B4 vs 000001EB: FAIL
16xs 2d 1i: Got 00000A40 vs 00000AB0: FAIL
1xs 4d 1i: Got 000001B3 vs 000001E9: FAIL
16xs 4d 1i: Got 00000A40 vs 00000AB0: FAIL
1xs 1d 2i: Got 0000036F vs 000003DC: FAIL
16xs 1d 2i: Got 000014A0 vs 00001580: FAIL
1xs 2d 2i: Got 0000036E vs 000003DB: FAIL
16xs 2d 2i: Got 000014A0 vs 00001580: FAIL
1xs 4d 2i: Got 0000036D vs 000003DA: FAIL
16xs 4d 2i: Got 00001490 vs 00001570: FAIL
1xs 1d 4i: Got 000006E3 vs 000007BE: FAIL
16xs 1d 4i: Got 00002950 vs 00002B20: FAIL
1xs 2d 4i: Got 000006E2 vs 000007BD: FAIL
16xs 2d 4i: Got 00002950 vs 00002B10: FAIL
1xs 4d 4i: Got 000006E1 vs 000007BC: FAIL
16xs 4d 4i: Got 00002950 vs 00002B10: FAIL
Timer count-up test: 8b, 0x0011
1xs 1d 1i: Got 000001D1 vs 0000020B: FAIL
16xs 1d 1i: Got 00000AF0 vs 00000B60: FAIL
1xs 2d 1i: Got 000001D1 vs 0000020B: FAIL
16xs 2d 1i: Got 00000AF0 vs 00000B60: FAIL
1xs 4d 1i: Got 000001D0 vs 00000209: FAIL
16xs 4d 1i: Got 00000AE0 vs 00000B60: FAIL
1xs 1d 2i: Got 000003A8 vs 0000041C: FAIL
16xs 1d 2i: Got 000015F0 vs 000016E0: FAIL
1xs 2d 2i: Got 000003A7 vs 0000041B: FAIL
16xs 2d 2i: Got 000015F0 vs 000016E0: FAIL
1xs 4d 2i: Got 000003A6 vs 0000041A: FAIL
16xs 4d 2i: Got 000015F0 vs 000016E0: FAIL
1xs 1d 4i: Got 00000754 vs 0000083E: FAIL
16xs 1d 4i: Got 00002C00 vs 00002DE0: FAIL
1xs 2d 4i: Got 00000754 vs 0000083D: FAIL
16xs 2d 4i: Got 00002C00 vs 00002DE0: FAIL
1xs 4d 4i: Got 00000753 vs 0000083C: FAIL
16xs 4d 4i: Got 00002BF0 vs 00002DE0: FAIL
Timer count-up test: 8b, 0x0012
1xs 1d 1i: Got 000001EE vs 0000022B: FAIL
16xs 1d 1i: Got 00000B90 vs 00000C10: FAIL
1xs 2d 1i: Got 000001ED vs 0000022B: FAIL
16xs 2d 1i: Got 00000B90 vs 00000C10: FAIL
1xs 4d 1i: Got 000001EC vs 00000229: FAIL
16xs 4d 1i: Got 00000B90 vs 00000C10: FAIL
1xs 1d 2i: Got 000003E1 vs 0000045C: FAIL
16xs 1d 2i: Got 00001750 vs 00001850: FAIL
1xs 2d 2i: Got 000003E0 vs 0000045B: FAIL
16xs 2d 2i: Got 00001740 vs 00001840: FAIL
1xs 4d 2i: Got 000003DF vs 0000045A: FAIL
16xs 4d 2i: Got 00001740 vs 00001840: FAIL
1xs 1d 4i: Got 000007C6 vs 000008BE: FAIL
16xs 1d 4i: Got 00002EB0 vs 000030B0: FAIL
1xs 2d 4i: Got 000007C6 vs 000008BD: FAIL
16xs 2d 4i: Got 00002EA0 vs 000030A0: FAIL
1xs 4d 4i: Got 000007C4 vs 000008BC: FAIL
16xs 4d 4i: Got 00002EA0 vs 000030A0: FAIL
Timer count-up test: 8b, 0x0013
1xs 1d 1i: Got 0000020A vs 0000024B: FAIL
16xs 1d 1i: Got 00000C40 vs 00000CD0: FAIL
1xs 2d 1i: Got 0000020A vs 0000024B: FAIL
16xs 2d 1i: Got 00000C40 vs 00000CC0: FAIL
1xs 4d 1i: Got 00000209 vs 00000249: FAIL
16xs 4d 1i: Got 00000C40 vs 00000CC0: FAIL
1xs 1d 2i: Got 00000419 vs 0000049C: FAIL
16xs 1d 2i: Got 000018A0 vs 000019B0: FAIL
1xs 2d 2i: Got 00000419 vs 0000049B: FAIL
16xs 2d 2i: Got 000018A0 vs 000019B0: FAIL
1xs 4d 2i: Got 00000418 vs 0000049A: FAIL
16xs 4d 2i: Got 00001890 vs 000019A0: FAIL
1xs 1d 4i: Got 00000838 vs 0000093E: FAIL
16xs 1d 4i: Got 00003150 vs 00003370: FAIL
1xs 2d 4i: Got 00000837 vs 0000093D: FAIL
16xs 2d 4i: Got 00003150 vs 00003370: FAIL
1xs 4d 4i: Got 00000836 vs 0000093C: FAIL
16xs 4d 4i: Got 00003150 vs 00003370: FAIL
Timer count-up test: 10b, 0x0010
1xs 1d 1i: Got 0000070A vs 000007EB: FAIL
16xs 1d 1i: Got 00002A40 vs 00002C10: FAIL
1xs 2d 1i: Got 0000070A vs 000007EB: FAIL
16xs 2d 1i: Got 00002A40 vs 00002C10: FAIL
1xs 4d 1i: Got 00000709 vs 000007E9: FAIL
16xs 4d 1i: Got 00002A40 vs 00002C10: FAIL
1xs 1d 2i: Got 00000E19 vs 00000FDC: FAIL
16xs 1d 2i: Got 000054A0 vs 00005850: FAIL
1xs 2d 2i: Got 00000E19 vs 00000FDB: FAIL
16xs 2d 2i: Got 000054A0 vs 00005840: FAIL
1xs 4d 2i: Got 00000E18 vs 00000FDA: FAIL
16xs 4d 2i: Got 00005490 vs 00005840: FAIL
1xs 1d 4i: Got 00001C38 vs 00001FBE: FAIL
16xs 1d 4i: Got 0000A950 vs 0000B0B0: FAIL
1xs 2d 4i: Got 00001C37 vs 00001FBD: FAIL
16xs 2d 4i: Got 0000A950 vs 0000B0A0: FAIL
1xs 4d 4i: Got 00001C36 vs 00001FBC: FAIL
16xs 4d 4i: Got 0000A950 vs 0000B0A0: FAIL
Timer count-up test: 10b, 0x0011
1xs 1d 1i: Got 0000077C vs 0000086B: FAIL
16xs 1d 1i: Got 00002CF0 vs 00002EE0: FAIL
1xs 2d 1i: Got 0000077B vs 0000086B: FAIL
16xs 2d 1i: Got 00002CF0 vs 00002EE0: FAIL
1xs 4d 1i: Got 0000077A vs 00000869: FAIL
16xs 4d 1i: Got 00002CE0 vs 00002ED0: FAIL
1xs 1d 2i: Got 00000EFD vs 000010DC: FAIL
16xs 1d 2i: Got 000059F0 vs 00005DE0: FAIL
1xs 2d 2i: Got 00000EFC vs 000010DB: FAIL
16xs 2d 2i: Got 000059F0 vs 00005DD0: FAIL
1xs 4d 2i: Got 00000EFB vs 000010DA: FAIL
16xs 4d 2i: Got 000059F0 vs 00005DD0: FAIL
1xs 1d 4i: Got 00001DFF vs 000021BE: FAIL
16xs 1d 4i: Got 0000B400 vs 0000BBD0: FAIL
1xs 2d 4i: Got 00001DFE vs 000021BD: FAIL
16xs 2d 4i: Got 0000B400 vs 0000BBD0: FAIL
1xs 4d 4i: Got 00001DFD vs 000021BC: FAIL
16xs 4d 4i: Got 0000B3F0 vs 0000BBC0: FAIL
Timer count-up test: 10b, 0x0012
1xs 1d 1i: Got 000007EE vs 000008EB: FAIL
16xs 1d 1i: Got 00002F90 vs 000031A0: FAIL
1xs 2d 1i: Got 000007ED vs 000008EB: FAIL
16xs 2d 1i: Got 00002F90 vs 000031A0: FAIL
1xs 4d 1i: Got 000007EC vs 000008E9: FAIL
16xs 4d 1i: Got 00002F90 vs 000031A0: FAIL
1xs 1d 2i: Got 00000FE1 vs 000011DC: FAIL
16xs 1d 2i: Got 00005F50 vs 00006370: FAIL
1xs 2d 2i: Got 00000FE0 vs 000011DB: FAIL
16xs 2d 2i: Got 00005F40 vs 00006360: FAIL
1xs 4d 2i: Got 00000FDF vs 000011DA: FAIL
16xs 4d 2i: Got 00005F40 vs 00006360: FAIL
1xs 1d 4i: Got 00001FC6 vs 000023BE: FAIL
16xs 1d 4i: Got 0000BEB0 vs 0000C6F0: FAIL
1xs 2d 4i: Got 00001FC6 vs 000023BD: FAIL
16xs 2d 4i: Got 0000BEA0 vs 0000C6F0: FAIL
1xs 4d 4i: Got 00001FC4 vs 000023BC: FAIL
16xs 4d 4i: Got 0000BEA0 vs 0000C6E0: FAIL
Timer count-up test: 10b, 0x0013
1xs 1d 1i: Got 00000860 vs 0000096B: FAIL
16xs 1d 1i: Got 00003240 vs 00003470: FAIL
1xs 2d 1i: Got 0000085F vs 0000096B: FAIL
16xs 2d 1i: Got 00003240 vs 00003470: FAIL
1xs 4d 1i: Got 0000085E vs 00000969: FAIL
16xs 4d 1i: Got 00003240 vs 00003460: FAIL
1xs 1d 2i: Got 000010C4 vs 000012DC: FAIL
16xs 1d 2i: Got 000064A0 vs 00006900: FAIL
1xs 2d 2i: Got 000010C4 vs 000012DB: FAIL
16xs 2d 2i: Got 000064A0 vs 000068F0: FAIL
1xs 4d 2i: Got 000010C2 vs 000012DA: FAIL
16xs 4d 2i: Got 00006490 vs 000068F0: FAIL
1xs 1d 4i: Got 0000218D vs 000025BE: FAIL
16xs 1d 4i: Got 0000C950 vs 0000D210: FAIL
1xs 2d 4i: Got 0000218D vs 000025BD: FAIL
16xs 2d 4i: Got 0000C950 vs 0000D210: FAIL
1xs 4d 4i: Got 0000218C vs 000025BC: FAIL
16xs 4d 4i: Got 0000C950 vs 0000D200: FAIL

=== Summary ===
No END: summaries were emitted yet; use the per-suite SRAM output above.
