=== GBA Test Suite Runner ===
ROM:  tests/assets/roms/suite.gba
BIOS: tests/assets/roms/gba_bios.bin
Booting...
After 60 frames: PC=0x00000348 CPSR=0x6000005F halted=1 cycle=16769984
[DBG] Game Boy Advance Test Suite
===
[DBG] BEGIN: Timing tests
[DBG] Timing test: Calibration
[DBG] PASS: Calibration ARM/ROM ...
[DBG] PASS: Calibration ARM/ROM P..
[DBG] PASS: Calibration ARM/ROM .N.
[DBG] PASS: Calibration ARM/ROM PN.
[DBG] PASS: Calibration ARM/ROM ..S
[DBG] PASS: Calibration ARM/ROM P.S
[DBG] PASS: Calibration ARM/ROM .NS
[DBG] PASS: Calibration ARM/ROM PNS
[DBG] PASS: Calibration ARM/WRAM
[DBG] PASS: Calibration ARM/IWRAM
[DBG] PASS: Calibration Thumb/ROM ...
[DBG] PASS: Calibration Thumb/ROM P..
[DBG] PASS: Calibration Thumb/ROM .N.
[DBG] PASS: Calibration Thumb/ROM PN.
[DBG] PASS: Calibration Thumb/ROM ..S
[DBG] PASS: Calibration Thumb/ROM P.S
[DBG] PASS: Calibration Thumb/ROM .NS
[DBG] PASS: Calibration Thumb/ROM PNS
[DBG] PASS: Calibration Thumb/WRAM
[DBG] PASS: Calibration Thumb/IWRAM
[DBG] Timing test: nop
[DBG] PASS: nop ARM/ROM ...
[DBG] PASS: nop ARM/ROM P..
[DBG] PASS: nop ARM/ROM .N.
[DBG] PASS: nop ARM/ROM PN.
[DBG] PASS: nop ARM/ROM ..S
[DBG] PASS: nop ARM/ROM P.S
[DBG] PASS: nop ARM/ROM .NS
[DBG] PASS: nop ARM/ROM PNS
[DBG] PASS: nop ARM/WRAM
[DBG] PASS: nop ARM/IWRAM
[DBG] PASS: nop Thumb/ROM ...
[DBG] PASS: nop Thumb/ROM P..
[DBG] PASS: nop Thumb/ROM .N.
[DBG] PASS: nop Thumb/ROM PN.
[DBG] PASS: nop Thumb/ROM ..S
[DBG] PASS: nop Thumb/ROM P.S
[DBG] PASS: nop Thumb/ROM .NS
[DBG] PASS: nop Thumb/ROM PNS
[DBG] PASS: nop Thumb/WRAM
[DBG] PASS: nop Thumb/IWRAM
[DBG] Timing test: nop / nop
[DBG] PASS: nop / nop ARM/ROM ...
[DBG] PASS: nop / nop ARM/ROM P..
[DBG] PASS: nop / nop ARM/ROM .N.
[DBG] PASS: nop / nop ARM/ROM PN.
[DBG] PASS: nop / nop ARM/ROM ..S
[DBG] PASS: nop / nop ARM/ROM P.S
[DBG] PASS: nop / nop ARM/ROM .NS
[DBG] PASS: nop / nop ARM/ROM PNS
[DBG] PASS: nop / nop ARM/WRAM
[DBG] PASS: nop / nop ARM/IWRAM
[DBG] PASS: nop / nop Thumb/ROM ...
[DBG] PASS: nop / nop Thumb/ROM P..
[DBG] PASS: nop / nop Thumb/ROM .N.
[DBG] PASS: nop / nop Thumb/ROM PN.
[DBG] PASS: nop / nop Thumb/ROM ..S
[DBG] PASS: nop / nop Thumb/ROM P.S
[DBG] PASS: nop / nop Thumb/ROM .NS
[DBG] PASS: nop / nop Thumb/ROM PNS
[DBG] PASS: nop / nop Thumb/WRAM
[DBG] PASS: nop / nop Thumb/IWRAM
[DBG] Timing test: ldrh r2, [sp]
[DBG] PASS: ldrh r2, [sp] ARM/ROM ...
[DBG] PASS: ldrh r2, [sp] ARM/ROM P..
[DBG] PASS: ldrh r2, [sp] ARM/ROM .N.
[DBG] PASS: ldrh r2, [sp] ARM/ROM PN.
[DBG] PASS: ldrh r2, [sp] ARM/ROM ..S
[DBG] PASS: ldrh r2, [sp] ARM/ROM P.S
[DBG] PASS: ldrh r2, [sp] ARM/ROM .NS
[DBG] PASS: ldrh r2, [sp] ARM/ROM PNS
[DBG] PASS: ldrh r2, [sp] ARM/WRAM
[DBG] PASS: ldrh r2, [sp] ARM/IWRAM
[DBG] PASS: ldrh r2, [sp] Thumb/ROM ...
[DBG] PASS: ldrh r2, [sp] Thumb/ROM P..
[DBG] PASS: ldrh r2, [sp] Thumb/ROM .N.
[DBG] PASS: ldrh r2, [sp] Thumb/ROM PN.
[DBG] PASS: ldrh r2, [sp] Thumb/ROM ..S
[DBG] PASS: ldrh r2, [sp] Thumb/ROM P.S
[DBG] PASS: ldrh r2, [sp] Thumb/ROM .NS
[DBG] PASS: ldrh r2, [sp] Thumb/ROM PNS
[DBG] PASS: ldrh r2, [sp] Thumb/WRAM
[DBG] PASS: ldrh r2, [sp] Thumb/IWRAM
[DBG] Timing test: ldrh r2, [sp] / nop
[DBG] PASS: ldrh r2, [sp] / nop ARM/ROM ...
[DBG] PASS: ldrh r2, [sp] / nop ARM/ROM P..
[DBG] PASS: ldrh r2, [sp] / nop ARM/ROM .N.
[DBG] PASS: ldrh r2, [sp] / nop ARM/ROM PN.
[DBG] PASS: ldrh r2, [sp] / nop ARM/ROM ..S
[DBG] PASS: ldrh r2, [sp] / nop ARM/ROM P.S
[DBG] PASS: ldrh r2, [sp] / nop ARM/ROM .NS
[DBG] PASS: ldrh r2, [sp] / nop ARM/ROM PNS
[DBG] PASS: ldrh r2, [sp] / nop ARM/WRAM
[DBG] PASS: ldrh r2, [sp] / nop ARM/IWRAM
[DBG] PASS: ldrh r2, [sp] / nop Thumb/ROM ...
[DBG] PASS: ldrh r2, [sp] / nop Thumb/ROM P..
[DBG] PASS: ldrh r2, [sp] / nop Thumb/ROM .N.
[DBG] PASS: ldrh r2, [sp] / nop Thumb/ROM PN.
[DBG] PASS: ldrh r2, [sp] / nop Thumb/ROM ..S
[DBG] PASS: ldrh r2, [sp] / nop Thumb/ROM P.S
[DBG] PASS: ldrh r2, [sp] / nop Thumb/ROM .NS
[DBG] PASS: ldrh r2, [sp] / nop Thumb/ROM PNS
[DBG] PASS: ldrh r2, [sp] / nop Thumb/WRAM
[DBG] PASS: ldrh r2, [sp] / nop Thumb/IWRAM
[DBG] Timing test: nop / ldrh r2, [sp]
[DBG] PASS: nop / ldrh r2, [sp] ARM/ROM ...
[DBG] PASS: nop / ldrh r2, [sp] ARM/ROM P..
[DBG] PASS: nop / ldrh r2, [sp] ARM/ROM .N.
[DBG] PASS: nop / ldrh r2, [sp] ARM/ROM PN.
[DBG] PASS: nop / ldrh r2, [sp] ARM/ROM ..S
[DBG] PASS: nop / ldrh r2, [sp] ARM/ROM P.S
[DBG] PASS: nop / ldrh r2, [sp] ARM/ROM .NS
[DBG] PASS: nop / ldrh r2, [sp] ARM/ROM PNS
[DBG] PASS: nop / ldrh r2, [sp] ARM/WRAM
[DBG] PASS: nop / ldrh r2, [sp] ARM/IWRAM
[DBG] PASS: nop / ldrh r2, [sp] Thumb/ROM ...
[DBG] PASS: nop / ldrh r2, [sp] Thumb/ROM P..
[DBG] PASS: nop / ldrh r2, [sp] Thumb/ROM .N.
[DBG] PASS: nop / ldrh r2, [sp] Thumb/ROM PN.
[DBG] PASS: nop / ldrh r2, [sp] Thumb/ROM ..S
[DBG] PASS: nop / ldrh r2, [sp] Thumb/ROM P.S
[DBG] PASS: nop / ldrh r2, [sp] Thumb/ROM .NS
[DBG] PASS: nop / ldrh r2, [sp] Thumb/ROM PNS
[DBG] PASS: nop / ldrh r2, [sp] Thumb/WRAM
[DBG] PASS: nop / ldrh r2, [sp] Thumb/IWRAM
[DBG] Timing test: nop / ldrh r2, [sp] / nop
[DBG] PASS: nop / ldrh r2, [sp] / nop ARM/ROM ...
[DBG] PASS: nop / ldrh r2, [sp] / nop ARM/ROM P..
[DBG] PASS: nop / ldrh r2, [sp] / nop ARM/ROM .N.
[DBG] PASS: nop / ldrh r2, [sp] / nop ARM/ROM PN.
[DBG] PASS: nop / ldrh r2, [sp] / nop ARM/ROM ..S
[DBG] PASS: nop / ldrh r2, [sp] / nop ARM/ROM P.S
[DBG] PASS: nop / ldrh r2, [sp] / nop ARM/ROM .NS
[DBG] PASS: nop / ldrh r2, [sp] / nop ARM/ROM PNS
[DBG] PASS: nop / ldrh r2, [sp] / nop ARM/WRAM
[DBG] PASS: nop / ldrh r2, [sp] / nop ARM/IWRAM
[DBG] PASS: nop / ldrh r2, [sp] / nop Thumb/ROM ...
[DBG] PASS: nop / ldrh r2, [sp] / nop Thumb/ROM P..
[DBG] PASS: nop / ldrh r2, [sp] / nop Thumb/ROM .N.
[DBG] PASS: nop / ldrh r2, [sp] / nop Thumb/ROM PN.
[DBG] PASS: nop / ldrh r2, [sp] / nop Thumb/ROM ..S
[DBG] PASS: nop / ldrh r2, [sp] / nop Thumb/ROM P.S
[DBG] PASS: nop / ldrh r2, [sp] / nop Thumb/ROM .NS
[DBG] PASS: nop / ldrh r2, [sp] / nop Thumb/ROM PNS
[DBG] PASS: nop / ldrh r2, [sp] / nop Thumb/WRAM
[DBG] PASS: nop / ldrh r2, [sp] / nop Thumb/IWRAM
[DBG] Timing test: ldrh r2, [#0x08000000]
[DBG] PASS: ldrh r2, [#0x08000000] ARM/ROM ...
[DBG] PASS: ldrh r2, [#0x08000000] ARM/ROM P..
[DBG] PASS: ldrh r2, [#0x08000000] ARM/ROM .N.
[DBG] PASS: ldrh r2, [#0x08000000] ARM/ROM PN.
[DBG] PASS: ldrh r2, [#0x08000000] ARM/ROM ..S
[DBG] PASS: ldrh r2, [#0x08000000] ARM/ROM P.S
[DBG] PASS: ldrh r2, [#0x08000000] ARM/ROM .NS
[DBG] PASS: ldrh r2, [#0x08000000] ARM/ROM PNS
[DBG] PASS: ldrh r2, [#0x08000000] ARM/WRAM
[DBG] PASS: ldrh r2, [#0x08000000] ARM/IWRAM
[DBG] PASS: ldrh r2, [#0x08000000] Thumb/ROM ...
[DBG] PASS: ldrh r2, [#0x08000000] Thumb/ROM P..
[DBG] PASS: ldrh r2, [#0x08000000] Thumb/ROM .N.
[DBG] PASS: ldrh r2, [#0x08000000] Thumb/ROM PN.
[DBG] PASS: ldrh r2, [#0x08000000] Thumb/ROM ..S
[DBG] PASS: ldrh r2, [#0x08000000] Thumb/ROM P.S
[DBG] PASS: ldrh r2, [#0x08000000] Thumb/ROM .NS
[DBG] PASS: ldrh r2, [#0x08000000] Thumb/ROM PNS
[DBG] PASS: ldrh r2, [#0x08000000] Thumb/WRAM
[DBG] PASS: ldrh r2, [#0x08000000] Thumb/IWRAM
[DBG] Timing test: ldrh r2, [#0x08000000] / nop
[DBG] PASS: ldrh r2, [#0x08000000] / nop ARM/ROM ...
[DBG] PASS: ldrh r2, [#0x08000000] / nop ARM/ROM P..
[DBG] PASS: ldrh r2, [#0x08000000] / nop ARM/ROM .N.
[DBG] PASS: ldrh r2, [#0x08000000] / nop ARM/ROM PN.
[DBG] PASS: ldrh r2, [#0x08000000] / nop ARM/ROM ..S
[DBG] PASS: ldrh r2, [#0x08000000] / nop ARM/ROM P.S
[DBG] PASS: ldrh r2, [#0x08000000] / nop ARM/ROM .NS
[DBG] PASS: ldrh r2, [#0x08000000] / nop ARM/ROM PNS
[DBG] PASS: ldrh r2, [#0x08000000] / nop ARM/WRAM
[DBG] PASS: ldrh r2, [#0x08000000] / nop ARM/IWRAM
[DBG] PASS: ldrh r2, [#0x08000000] / nop Thumb/ROM ...
[DBG] PASS: ldrh r2, [#0x08000000] / nop Thumb/ROM P..
[DBG] PASS: ldrh r2, [#0x08000000] / nop Thumb/ROM .N.
[DBG] PASS: ldrh r2, [#0x08000000] / nop Thumb/ROM PN.
[DBG] PASS: ldrh r2, [#0x08000000] / nop Thumb/ROM ..S
[DBG] PASS: ldrh r2, [#0x08000000] / nop Thumb/ROM P.S
[DBG] PASS: ldrh r2, [#0x08000000] / nop Thumb/ROM .NS
[DBG] PASS: ldrh r2, [#0x08000000] / nop Thumb/ROM PNS
[DBG] PASS: ldrh r2, [#0x08000000] / nop Thumb/WRAM
[DBG] PASS: ldrh r2, [#0x08000000] / nop Thumb/IWRAM
[DBG] Timing test: nop / ldrh r2, [#0x08000000]
[DBG] PASS: nop / ldrh r2, [#0x08000000] ARM/ROM ...
[DBG] PASS: nop / ldrh r2, [#0x08000000] ARM/ROM P..
[DBG] PASS: nop / ldrh r2, [#0x08000000] ARM/ROM .N.
[DBG] PASS: nop / ldrh r2, [#0x08000000] ARM/ROM PN.
[DBG] PASS: nop / ldrh r2, [#0x08000000] ARM/ROM ..S
[DBG] PASS: nop / ldrh r2, [#0x08000000] ARM/ROM P.S
[DBG] PASS: nop / ldrh r2, [#0x08000000] ARM/ROM .NS
[DBG] PASS: nop / ldrh r2, [#0x08000000] ARM/ROM PNS
[DBG] PASS: nop / ldrh r2, [#0x08000000] ARM/WRAM
[DBG] PASS: nop / ldrh r2, [#0x08000000] ARM/IWRAM
[DBG] PASS: nop / ldrh r2, [#0x08000000] Thumb/ROM ...
[DBG] PASS: nop / ldrh r2, [#0x08000000] Thumb/ROM P..
[DBG] PASS: nop / ldrh r2, [#0x08000000] Thumb/ROM .N.
[DBG] PASS: nop / ldrh r2, [#0x08000000] Thumb/ROM PN.
[DBG] PASS: nop / ldrh r2, [#0x08000000] Thumb/ROM ..S
[DBG] PASS: nop / ldrh r2, [#0x08000000] Thumb/ROM P.S
[DBG] PASS: nop / ldrh r2, [#0x08000000] Thumb/ROM .NS
[DBG] PASS: nop / ldrh r2, [#0x08000000] Thumb/ROM PNS
[DBG] PASS: nop / ldrh r2, [#0x08000000] Thumb/WRAM
[DBG] PASS: nop / ldrh r2, [#0x08000000] Thumb/IWRAM
[DBG] Timing test: ldr r2, [sp]
[DBG] PASS: ldr r2, [sp] ARM/ROM ...
[DBG] PASS: ldr r2, [sp] ARM/ROM P..
[DBG] PASS: ldr r2, [sp] ARM/ROM .N.
[DBG] PASS: ldr r2, [sp] ARM/ROM PN.
[DBG] PASS: ldr r2, [sp] ARM/ROM ..S
[DBG] PASS: ldr r2, [sp] ARM/ROM P.S
[DBG] PASS: ldr r2, [sp] ARM/ROM .NS
[DBG] PASS: ldr r2, [sp] ARM/ROM PNS
[DBG] PASS: ldr r2, [sp] ARM/WRAM
[DBG] PASS: ldr r2, [sp] ARM/IWRAM
[DBG] PASS: ldr r2, [sp] Thumb/ROM ...
[DBG] PASS: ldr r2, [sp] Thumb/ROM P..
[DBG] PASS: ldr r2, [sp] Thumb/ROM .N.
[DBG] PASS: ldr r2, [sp] Thumb/ROM PN.
[DBG] PASS: ldr r2, [sp] Thumb/ROM ..S
[DBG] PASS: ldr r2, [sp] Thumb/ROM P.S
[DBG] PASS: ldr r2, [sp] Thumb/ROM .NS
[DBG] PASS: ldr r2, [sp] Thumb/ROM PNS
[DBG] PASS: ldr r2, [sp] Thumb/WRAM
[DBG] PASS: ldr r2, [sp] Thumb/IWRAM
[DBG] Timing test: ldr r2, [sp] / nop
[DBG] PASS: ldr r2, [sp] / nop ARM/ROM ...
[DBG] PASS: ldr r2, [sp] / nop ARM/ROM P..
[DBG] PASS: ldr r2, [sp] / nop ARM/ROM .N.
[DBG] PASS: ldr r2, [sp] / nop ARM/ROM PN.
[DBG] PASS: ldr r2, [sp] / nop ARM/ROM ..S
[DBG] PASS: ldr r2, [sp] / nop ARM/ROM P.S
[DBG] PASS: ldr r2, [sp] / nop ARM/ROM .NS
[DBG] PASS: ldr r2, [sp] / nop ARM/ROM PNS
[DBG] PASS: ldr r2, [sp] / nop ARM/WRAM
[DBG] PASS: ldr r2, [sp] / nop ARM/IWRAM
[DBG] PASS: ldr r2, [sp] / nop Thumb/ROM ...
[DBG] PASS: ldr r2, [sp] / nop Thumb/ROM P..
[DBG] PASS: ldr r2, [sp] / nop Thumb/ROM .N.
[DBG] PASS: ldr r2, [sp] / nop Thumb/ROM PN.
[DBG] PASS: ldr r2, [sp] / nop Thumb/ROM ..S
[DBG] PASS: ldr r2, [sp] / nop Thumb/ROM P.S
[DBG] PASS: ldr r2, [sp] / nop Thumb/ROM .NS
[DBG] PASS: ldr r2, [sp] / nop Thumb/ROM PNS
[DBG] PASS: ldr r2, [sp] / nop Thumb/WRAM
[DBG] PASS: ldr r2, [sp] / nop Thumb/IWRAM
[DBG] Timing test: nop / ldr r2, [sp]
[DBG] PASS: nop / ldr r2, [sp] ARM/ROM ...
[DBG] PASS: nop / ldr r2, [sp] ARM/ROM P..
[DBG] PASS: nop / ldr r2, [sp] ARM/ROM .N.
[DBG] PASS: nop / ldr r2, [sp] ARM/ROM PN.
[DBG] PASS: nop / ldr r2, [sp] ARM/ROM ..S
[DBG] PASS: nop / ldr r2, [sp] ARM/ROM P.S
[DBG] PASS: nop / ldr r2, [sp] ARM/ROM .NS
[DBG] PASS: nop / ldr r2, [sp] ARM/ROM PNS
[DBG] PASS: nop / ldr r2, [sp] ARM/WRAM
[DBG] PASS: nop / ldr r2, [sp] ARM/IWRAM
[DBG] PASS: nop / ldr r2, [sp] Thumb/ROM ...
[DBG] PASS: nop / ldr r2, [sp] Thumb/ROM P..
[DBG] PASS: nop / ldr r2, [sp] Thumb/ROM .N.
[DBG] PASS: nop / ldr r2, [sp] Thumb/ROM PN.
[DBG] PASS: nop / ldr r2, [sp] Thumb/ROM ..S
[DBG] PASS: nop / ldr r2, [sp] Thumb/ROM P.S
[DBG] PASS: nop / ldr r2, [sp] Thumb/ROM .NS
[DBG] PASS: nop / ldr r2, [sp] Thumb/ROM PNS
[DBG] PASS: nop / ldr r2, [sp] Thumb/WRAM
[DBG] PASS: nop / ldr r2, [sp] Thumb/IWRAM
[DBG] Timing test: ldr r2, [#0x08000000]
[DBG] PASS: ldr r2, [#0x08000000] ARM/ROM ...
[DBG] PASS: ldr r2, [#0x08000000] ARM/ROM P..
[DBG] PASS: ldr r2, [#0x08000000] ARM/ROM .N.
[DBG] PASS: ldr r2, [#0x08000000] ARM/ROM PN.
[DBG] PASS: ldr r2, [#0x08000000] ARM/ROM ..S
[DBG] PASS: ldr r2, [#0x08000000] ARM/ROM P.S
[DBG] PASS: ldr r2, [#0x08000000] ARM/ROM .NS
[DBG] PASS: ldr r2, [#0x08000000] ARM/ROM PNS
[DBG] PASS: ldr r2, [#0x08000000] ARM/WRAM
[DBG] PASS: ldr r2, [#0x08000000] ARM/IWRAM
[DBG] PASS: ldr r2, [#0x08000000] Thumb/ROM ...
[DBG] PASS: ldr r2, [#0x08000000] Thumb/ROM P..
[DBG] PASS: ldr r2, [#0x08000000] Thumb/ROM .N.
[DBG] PASS: ldr r2, [#0x08000000] Thumb/ROM PN.
[DBG] PASS: ldr r2, [#0x08000000] Thumb/ROM ..S
[DBG] PASS: ldr r2, [#0x08000000] Thumb/ROM P.S
[DBG] PASS: ldr r2, [#0x08000000] Thumb/ROM .NS
[DBG] PASS: ldr r2, [#0x08000000] Thumb/ROM PNS
[DBG] PASS: ldr r2, [#0x08000000] Thumb/WRAM
[DBG] PASS: ldr r2, [#0x08000000] Thumb/IWRAM
[DBG] Timing test: ldr r2, [#0x08000000] / nop
[DBG] PASS: ldr r2, [#0x08000000] / nop ARM/ROM ...
[DBG] PASS: ldr r2, [#0x08000000] / nop ARM/ROM P..
[DBG] PASS: ldr r2, [#0x08000000] / nop ARM/ROM .N.
[DBG] PASS: ldr r2, [#0x08000000] / nop ARM/ROM PN.
[DBG] PASS: ldr r2, [#0x08000000] / nop ARM/ROM ..S
[DBG] PASS: ldr r2, [#0x08000000] / nop ARM/ROM P.S
[DBG] PASS: ldr r2, [#0x08000000] / nop ARM/ROM .NS
[DBG] PASS: ldr r2, [#0x08000000] / nop ARM/ROM PNS
[DBG] PASS: ldr r2, [#0x08000000] / nop ARM/WRAM
[DBG] PASS: ldr r2, [#0x08000000] / nop ARM/IWRAM
[DBG] PASS: ldr r2, [#0x08000000] / nop Thumb/ROM ...
[DBG] PASS: ldr r2, [#0x08000000] / nop Thumb/ROM P..
[DBG] PASS: ldr r2, [#0x08000000] / nop Thumb/ROM .N.
[DBG] PASS: ldr r2, [#0x08000000] / nop Thumb/ROM PN.
[DBG] PASS: ldr r2, [#0x08000000] / nop Thumb/ROM ..S
[DBG] PASS: ldr r2, [#0x08000000] / nop Thumb/ROM P.S
[DBG] PASS: ldr r2, [#0x08000000] / nop Thumb/ROM .NS
[DBG] PASS: ldr r2, [#0x08000000] / nop Thumb/ROM PNS
[DBG] PASS: ldr r2, [#0x08000000] / nop Thumb/WRAM
[DBG] PASS: ldr r2, [#0x08000000] / nop Thumb/IWRAM
[DBG] Timing test: nop / ldr r2, [#0x08000000]
[DBG] PASS: nop / ldr r2, [#0x08000000] ARM/ROM ...
[DBG] PASS: nop / ldr r2, [#0x08000000] ARM/ROM P..
[DBG] PASS: nop / ldr r2, [#0x08000000] ARM/ROM .N.
[DBG] PASS: nop / ldr r2, [#0x08000000] ARM/ROM PN.
[DBG] PASS: nop / ldr r2, [#0x08000000] ARM/ROM ..S
[DBG] PASS: nop / ldr r2, [#0x08000000] ARM/ROM P.S
[DBG] PASS: nop / ldr r2, [#0x08000000] ARM/ROM .NS
[DBG] PASS: nop / ldr r2, [#0x08000000] ARM/ROM PNS
[DBG] PASS: nop / ldr r2, [#0x08000000] ARM/WRAM
[DBG] PASS: nop / ldr r2, [#0x08000000] ARM/IWRAM
[DBG] PASS: nop / ldr r2, [#0x08000000] Thumb/ROM ...
[DBG] PASS: nop / ldr r2, [#0x08000000] Thumb/ROM P..
[DBG] PASS: nop / ldr r2, [#0x08000000] Thumb/ROM .N.
[DBG] PASS: nop / ldr r2, [#0x08000000] Thumb/ROM PN.
[DBG] PASS: nop / ldr r2, [#0x08000000] Thumb/ROM ..S
[DBG] PASS: nop / ldr r2, [#0x08000000] Thumb/ROM P.S
[DBG] PASS: nop / ldr r2, [#0x08000000] Thumb/ROM .NS
[DBG] PASS: nop / ldr r2, [#0x08000000] Thumb/ROM PNS
[DBG] PASS: nop / ldr r2, [#0x08000000] Thumb/WRAM
[DBG] PASS: nop / ldr r2, [#0x08000000] Thumb/IWRAM
[DBG] Timing test: strh r3, [sp]
[DBG] PASS: strh r3, [sp] ARM/ROM ...
[DBG] PASS: strh r3, [sp] ARM/ROM P..
[DBG] PASS: strh r3, [sp] ARM/ROM .N.
[DBG] PASS: strh r3, [sp] ARM/ROM PN.
[DBG] PASS: strh r3, [sp] ARM/ROM ..S
[DBG] PASS: strh r3, [sp] ARM/ROM P.S
[DBG] PASS: strh r3, [sp] ARM/ROM .NS
[DBG] PASS: strh r3, [sp] ARM/ROM PNS
[DBG] PASS: strh r3, [sp] ARM/WRAM
[DBG] PASS: strh r3, [sp] ARM/IWRAM
[DBG] PASS: strh r3, [sp] Thumb/ROM ...
[DBG] PASS: strh r3, [sp] Thumb/ROM P..
[DBG] PASS: strh r3, [sp] Thumb/ROM .N.
[DBG] PASS: strh r3, [sp] Thumb/ROM PN.
[DBG] PASS: strh r3, [sp] Thumb/ROM ..S
[DBG] PASS: strh r3, [sp] Thumb/ROM P.S
[DBG] PASS: strh r3, [sp] Thumb/ROM .NS
[DBG] PASS: strh r3, [sp] Thumb/ROM PNS
[DBG] PASS: strh r3, [sp] Thumb/WRAM
[DBG] PASS: strh r3, [sp] Thumb/IWRAM
[DBG] Timing test: strh r3, [sp] / nop
[DBG] PASS: strh r3, [sp] / nop ARM/ROM ...
[DBG] PASS: strh r3, [sp] / nop ARM/ROM P..
[DBG] PASS: strh r3, [sp] / nop ARM/ROM .N.
[DBG] PASS: strh r3, [sp] / nop ARM/ROM PN.
[DBG] PASS: strh r3, [sp] / nop ARM/ROM ..S
[DBG] PASS: strh r3, [sp] / nop ARM/ROM P.S
[DBG] PASS: strh r3, [sp] / nop ARM/ROM .NS
[DBG] PASS: strh r3, [sp] / nop ARM/ROM PNS
[DBG] PASS: strh r3, [sp] / nop ARM/WRAM
[DBG] PASS: strh r3, [sp] / nop ARM/IWRAM
[DBG] PASS: strh r3, [sp] / nop Thumb/ROM ...
[DBG] PASS: strh r3, [sp] / nop Thumb/ROM P..
[DBG] PASS: strh r3, [sp] / nop Thumb/ROM .N.
[DBG] PASS: strh r3, [sp] / nop Thumb/ROM PN.
[DBG] PASS: strh r3, [sp] / nop Thumb/ROM ..S
[DBG] PASS: strh r3, [sp] / nop Thumb/ROM P.S
[DBG] PASS: strh r3, [sp] / nop Thumb/ROM .NS
[DBG] PASS: strh r3, [sp] / nop Thumb/ROM PNS
[DBG] PASS: strh r3, [sp] / nop Thumb/WRAM
[DBG] PASS: strh r3, [sp] / nop Thumb/IWRAM
[DBG] Timing test: nop / strh r3, [sp]
[DBG] PASS: nop / strh r3, [sp] ARM/ROM ...
[DBG] PASS: nop / strh r3, [sp] ARM/ROM P..
[DBG] PASS: nop / strh r3, [sp] ARM/ROM .N.
[DBG] PASS: nop / strh r3, [sp] ARM/ROM PN.
[DBG] PASS: nop / strh r3, [sp] ARM/ROM ..S
[DBG] PASS: nop / strh r3, [sp] ARM/ROM P.S
[DBG] PASS: nop / strh r3, [sp] ARM/ROM .NS
[DBG] PASS: nop / strh r3, [sp] ARM/ROM PNS
[DBG] PASS: nop / strh r3, [sp] ARM/WRAM
[DBG] PASS: nop / strh r3, [sp] ARM/IWRAM
[DBG] PASS: nop / strh r3, [sp] Thumb/ROM ...
[DBG] PASS: nop / strh r3, [sp] Thumb/ROM P..
[DBG] PASS: nop / strh r3, [sp] Thumb/ROM .N.
[DBG] PASS: nop / strh r3, [sp] Thumb/ROM PN.
[DBG] PASS: nop / strh r3, [sp] Thumb/ROM ..S
[DBG] PASS: nop / strh r3, [sp] Thumb/ROM P.S
[DBG] PASS: nop / strh r3, [sp] Thumb/ROM .NS
[DBG] PASS: nop / strh r3, [sp] Thumb/ROM PNS
[DBG] PASS: nop / strh r3, [sp] Thumb/WRAM
[DBG] PASS: nop / strh r3, [sp] Thumb/IWRAM
[DBG] Timing test: nop / strh r3, [sp] / nop
[DBG] PASS: nop / strh r3, [sp] / nop ARM/ROM ...
[DBG] PASS: nop / strh r3, [sp] / nop ARM/ROM P..
[DBG] PASS: nop / strh r3, [sp] / nop ARM/ROM .N.
[DBG] PASS: nop / strh r3, [sp] / nop ARM/ROM PN.
[DBG] PASS: nop / strh r3, [sp] / nop ARM/ROM ..S
[DBG] PASS: nop / strh r3, [sp] / nop ARM/ROM P.S
[DBG] PASS: nop / strh r3, [sp] / nop ARM/ROM .NS
[DBG] PASS: nop / strh r3, [sp] / nop ARM/ROM PNS
[DBG] PASS: nop / strh r3, [sp] / nop ARM/WRAM
[DBG] PASS: nop / strh r3, [sp] / nop ARM/IWRAM
[DBG] PASS: nop / strh r3, [sp] / nop Thumb/ROM ...
[DBG] PASS: nop / strh r3, [sp] / nop Thumb/ROM P..
[DBG] PASS: nop / strh r3, [sp] / nop Thumb/ROM .N.
[DBG] PASS: nop / strh r3, [sp] / nop Thumb/ROM PN.
[DBG] PASS: nop / strh r3, [sp] / nop Thumb/ROM ..S
[DBG] PASS: nop / strh r3, [sp] / nop Thumb/ROM P.S
[DBG] PASS: nop / strh r3, [sp] / nop Thumb/ROM .NS
[DBG] PASS: nop / strh r3, [sp] / nop Thumb/ROM PNS
[DBG] PASS: nop / strh r3, [sp] / nop Thumb/WRAM
[DBG] PASS: nop / strh r3, [sp] / nop Thumb/IWRAM
[DBG] Timing test: ldr r2, [sp] x2
[DBG] PASS: ldr r2, [sp] x2 ARM/ROM ...
[DBG] PASS: ldr r2, [sp] x2 ARM/ROM P..
[DBG] PASS: ldr r2, [sp] x2 ARM/ROM .N.
[DBG] PASS: ldr r2, [sp] x2 ARM/ROM PN.
[DBG] PASS: ldr r2, [sp] x2 ARM/ROM ..S
[DBG] PASS: ldr r2, [sp] x2 ARM/ROM P.S
[DBG] PASS: ldr r2, [sp] x2 ARM/ROM .NS
[DBG] PASS: ldr r2, [sp] x2 ARM/ROM PNS
[DBG] PASS: ldr r2, [sp] x2 ARM/WRAM
[DBG] PASS: ldr r2, [sp] x2 ARM/IWRAM
[DBG] PASS: ldr r2, [sp] x2 Thumb/ROM ...
[DBG] PASS: ldr r2, [sp] x2 Thumb/ROM P..
[DBG] PASS: ldr r2, [sp] x2 Thumb/ROM .N.
[DBG] PASS: ldr r2, [sp] x2 Thumb/ROM PN.
[DBG] PASS: ldr r2, [sp] x2 Thumb/ROM ..S
[DBG] PASS: ldr r2, [sp] x2 Thumb/ROM P.S
[DBG] PASS: ldr r2, [sp] x2 Thumb/ROM .NS
[DBG] PASS: ldr r2, [sp] x2 Thumb/ROM PNS
[DBG] PASS: ldr r2, [sp] x2 Thumb/WRAM
[DBG] PASS: ldr r2, [sp] x2 Thumb/IWRAM
[DBG] Timing test: ldr r2, [#0x08000000] / ldr r2, [sp]
[DBG] PASS: ldr r2, [#0x08000000] / ldr r2, [sp] ARM/ROM ...
[DBG] PASS: ldr r2, [#0x08000000] / ldr r2, [sp] ARM/ROM P..
[DBG] PASS: ldr r2, [#0x08000000] / ldr r2, [sp] ARM/ROM .N.
[DBG] PASS: ldr r2, [#0x08000000] / ldr r2, [sp] ARM/ROM PN.
[DBG] PASS: ldr r2, [#0x08000000] / ldr r2, [sp] ARM/ROM ..S
[DBG] PASS: ldr r2, [#0x08000000] / ldr r2, [sp] ARM/ROM P.S
[DBG] PASS: ldr r2, [#0x08000000] / ldr r2, [sp] ARM/ROM .NS
[DBG] PASS: ldr r2, [#0x08000000] / ldr r2, [sp] ARM/ROM PNS
[DBG] PASS: ldr r2, [#0x08000000] / ldr r2, [sp] ARM/WRAM
[DBG] PASS: ldr r2, [#0x08000000] / ldr r2, [sp] ARM/IWRAM
[DBG] PASS: ldr r2, [#0x08000000] / ldr r2, [sp] Thumb/ROM ...
[DBG] PASS: ldr r2, [#0x08000000] / ldr r2, [sp] Thumb/ROM P..
[DBG] PASS: ldr r2, [#0x08000000] / ldr r2, [sp] Thumb/ROM .N.
[DBG] PASS: ldr r2, [#0x08000000] / ldr r2, [sp] Thumb/ROM PN.
[DBG] PASS: ldr r2, [#0x08000000] / ldr r2, [sp] Thumb/ROM ..S
[DBG] PASS: ldr r2, [#0x08000000] / ldr r2, [sp] Thumb/ROM P.S
[DBG] PASS: ldr r2, [#0x08000000] / ldr r2, [sp] Thumb/ROM .NS
[DBG] PASS: ldr r2, [#0x08000000] / ldr r2, [sp] Thumb/ROM PNS
[DBG] PASS: ldr r2, [#0x08000000] / ldr r2, [sp] Thumb/WRAM
[DBG] PASS: ldr r2, [#0x08000000] / ldr r2, [sp] Thumb/IWRAM
[DBG] Timing test: ldr r2, [sp] / ldr r2, [#0x08000000]
[DBG] PASS: ldr r2, [sp] / ldr r2, [#0x08000000] ARM/ROM ...
[DBG] PASS: ldr r2, [sp] / ldr r2, [#0x08000000] ARM/ROM P..
[DBG] PASS: ldr r2, [sp] / ldr r2, [#0x08000000] ARM/ROM .N.
[DBG] PASS: ldr r2, [sp] / ldr r2, [#0x08000000] ARM/ROM PN.
[DBG] PASS: ldr r2, [sp] / ldr r2, [#0x08000000] ARM/ROM ..S
[DBG] PASS: ldr r2, [sp] / ldr r2, [#0x08000000] ARM/ROM P.S
[DBG] PASS: ldr r2, [sp] / ldr r2, [#0x08000000] ARM/ROM .NS
[DBG] PASS: ldr r2, [sp] / ldr r2, [#0x08000000] ARM/ROM PNS
[DBG] PASS: ldr r2, [sp] / ldr r2, [#0x08000000] ARM/WRAM
[DBG] PASS: ldr r2, [sp] / ldr r2, [#0x08000000] ARM/IWRAM
[DBG] PASS: ldr r2, [sp] / ldr r2, [#0x08000000] Thumb/ROM ...
[DBG] PASS: ldr r2, [sp] / ldr r2, [#0x08000000] Thumb/ROM P..
[DBG] PASS: ldr r2, [sp] / ldr r2, [#0x08000000] Thumb/ROM .N.
[DBG] PASS: ldr r2, [sp] / ldr r2, [#0x08000000] Thumb/ROM PN.
[DBG] PASS: ldr r2, [sp] / ldr r2, [#0x08000000] Thumb/ROM ..S
[DBG] PASS: ldr r2, [sp] / ldr r2, [#0x08000000] Thumb/ROM P.S
[DBG] PASS: ldr r2, [sp] / ldr r2, [#0x08000000] Thumb/ROM .NS
[DBG] PASS: ldr r2, [sp] / ldr r2, [#0x08000000] Thumb/ROM PNS
[DBG] PASS: ldr r2, [sp] / ldr r2, [#0x08000000] Thumb/WRAM
[DBG] PASS: ldr r2, [sp] / ldr r2, [#0x08000000] Thumb/IWRAM
[DBG] Timing test: ldr r2, [#0x08000000] x2
[DBG] PASS: ldr r2, [#0x08000000] x2 ARM/ROM ...
[DBG] PASS: ldr r2, [#0x08000000] x2 ARM/ROM P..
[DBG] PASS: ldr r2, [#0x08000000] x2 ARM/ROM .N.
[DBG] PASS: ldr r2, [#0x08000000] x2 ARM/ROM PN.
[DBG] PASS: ldr r2, [#0x08000000] x2 ARM/ROM ..S
[DBG] PASS: ldr r2, [#0x08000000] x2 ARM/ROM P.S
[DBG] PASS: ldr r2, [#0x08000000] x2 ARM/ROM .NS
[DBG] PASS: ldr r2, [#0x08000000] x2 ARM/ROM PNS
[DBG] PASS: ldr r2, [#0x08000000] x2 ARM/WRAM
[DBG] PASS: ldr r2, [#0x08000000] x2 ARM/IWRAM
[DBG] PASS: ldr r2, [#0x08000000] x2 Thumb/ROM ...
[DBG] PASS: ldr r2, [#0x08000000] x2 Thumb/ROM P..
[DBG] PASS: ldr r2, [#0x08000000] x2 Thumb/ROM .N.
[DBG] PASS: ldr r2, [#0x08000000] x2 Thumb/ROM PN.
[DBG] PASS: ldr r2, [#0x08000000] x2 Thumb/ROM ..S
[DBG] PASS: ldr r2, [#0x08000000] x2 Thumb/ROM P.S
[DBG] PASS: ldr r2, [#0x08000000] x2 Thumb/ROM .NS
[DBG] PASS: ldr r2, [#0x08000000] x2 Thumb/ROM PNS
[DBG] PASS: ldr r2, [#0x08000000] x2 Thumb/WRAM
[DBG] PASS: ldr r2, [#0x08000000] x2 Thumb/IWRAM
[DBG] Timing test: str r3, [sp] x2
[DBG] PASS: str r3, [sp] x2 ARM/ROM ...
[DBG] PASS: str r3, [sp] x2 ARM/ROM P..
[DBG] PASS: str r3, [sp] x2 ARM/ROM .N.
[DBG] PASS: str r3, [sp] x2 ARM/ROM PN.
[DBG] PASS: str r3, [sp] x2 ARM/ROM ..S
[DBG] PASS: str r3, [sp] x2 ARM/ROM P.S
[DBG] PASS: str r3, [sp] x2 ARM/ROM .NS
[DBG] PASS: str r3, [sp] x2 ARM/ROM PNS
[DBG] PASS: str r3, [sp] x2 ARM/WRAM
[DBG] PASS: str r3, [sp] x2 ARM/IWRAM
[DBG] PASS: str r3, [sp] x2 Thumb/ROM ...
[DBG] PASS: str r3, [sp] x2 Thumb/ROM P..
[DBG] PASS: str r3, [sp] x2 Thumb/ROM .N.
[DBG] PASS: str r3, [sp] x2 Thumb/ROM PN.
[DBG] PASS: str r3, [sp] x2 Thumb/ROM ..S
[DBG] PASS: str r3, [sp] x2 Thumb/ROM P.S
[DBG] PASS: str r3, [sp] x2 Thumb/ROM .NS
[DBG] PASS: str r3, [sp] x2 Thumb/ROM PNS
[DBG] PASS: str r3, [sp] x2 Thumb/WRAM
[DBG] PASS: str r3, [sp] x2 Thumb/IWRAM
[DBG] Timing test: ldr r2, [sp] / str r2, [sp]
[DBG] PASS: ldr r2, [sp] / str r2, [sp] ARM/ROM ...
[DBG] PASS: ldr r2, [sp] / str r2, [sp] ARM/ROM P..
[DBG] PASS: ldr r2, [sp] / str r2, [sp] ARM/ROM .N.
[DBG] PASS: ldr r2, [sp] / str r2, [sp] ARM/ROM PN.
[DBG] PASS: ldr r2, [sp] / str r2, [sp] ARM/ROM ..S
[DBG] PASS: ldr r2, [sp] / str r2, [sp] ARM/ROM P.S
[DBG] PASS: ldr r2, [sp] / str r2, [sp] ARM/ROM .NS
[DBG] PASS: ldr r2, [sp] / str r2, [sp] ARM/ROM PNS
[DBG] PASS: ldr r2, [sp] / str r2, [sp] ARM/WRAM
[DBG] PASS: ldr r2, [sp] / str r2, [sp] ARM/IWRAM
[DBG] PASS: ldr r2, [sp] / str r2, [sp] Thumb/ROM ...
[DBG] PASS: ldr r2, [sp] / str r2, [sp] Thumb/ROM P..
[DBG] PASS: ldr r2, [sp] / str r2, [sp] Thumb/ROM .N.
[DBG] PASS: ldr r2, [sp] / str r2, [sp] Thumb/ROM PN.
[DBG] PASS: ldr r2, [sp] / str r2, [sp] Thumb/ROM ..S
[DBG] PASS: ldr r2, [sp] / str r2, [sp] Thumb/ROM P.S
[DBG] PASS: ldr r2, [sp] / str r2, [sp] Thumb/ROM .NS
[DBG] PASS: ldr r2, [sp] / str r2, [sp] Thumb/ROM PNS
[DBG] PASS: ldr r2, [sp] / str r2, [sp] Thumb/WRAM
[DBG] PASS: ldr r2, [sp] / str r2, [sp] Thumb/IWRAM
[DBG] Timing test: str r3, [sp] / ldr r3, [sp]
[DBG] PASS: str r3, [sp] / ldr r3, [sp] ARM/ROM ...
[DBG] PASS: str r3, [sp] / ldr r3, [sp] ARM/ROM P..
[DBG] PASS: str r3, [sp] / ldr r3, [sp] ARM/ROM .N.
[DBG] PASS: str r3, [sp] / ldr r3, [sp] ARM/ROM PN.
[DBG] PASS: str r3, [sp] / ldr r3, [sp] ARM/ROM ..S
[DBG] PASS: str r3, [sp] / ldr r3, [sp] ARM/ROM P.S
[DBG] PASS: str r3, [sp] / ldr r3, [sp] ARM/ROM .NS
[DBG] PASS: str r3, [sp] / ldr r3, [sp] ARM/ROM PNS
[DBG] PASS: str r3, [sp] / ldr r3, [sp] ARM/WRAM
[DBG] PASS: str r3, [sp] / ldr r3, [sp] ARM/IWRAM
[DBG] PASS: str r3, [sp] / ldr r3, [sp] Thumb/ROM ...
[DBG] PASS: str r3, [sp] / ldr r3, [sp] Thumb/ROM P..
[DBG] PASS: str r3, [sp] / ldr r3, [sp] Thumb/ROM .N.
[DBG] PASS: str r3, [sp] / ldr r3, [sp] Thumb/ROM PN.
[DBG] PASS: str r3, [sp] / ldr r3, [sp] Thumb/ROM ..S
[DBG] PASS: str r3, [sp] / ldr r3, [sp] Thumb/ROM P.S
[DBG] PASS: str r3, [sp] / ldr r3, [sp] Thumb/ROM .NS
[DBG] PASS: str r3, [sp] / ldr r3, [sp] Thumb/ROM PNS
[DBG] PASS: str r3, [sp] / ldr r3, [sp] Thumb/WRAM
[DBG] PASS: str r3, [sp] / ldr r3, [sp] Thumb/IWRAM
[DBG] Timing test: ldmia sp, {r2}
[DBG] PASS: ldmia sp, {r2} ARM/ROM ...
[DBG] PASS: ldmia sp, {r2} ARM/ROM P..
[DBG] PASS: ldmia sp, {r2} ARM/ROM .N.
[DBG] PASS: ldmia sp, {r2} ARM/ROM PN.
[DBG] PASS: ldmia sp, {r2} ARM/ROM ..S
[DBG] PASS: ldmia sp, {r2} ARM/ROM P.S
[DBG] PASS: ldmia sp, {r2} ARM/ROM .NS
[DBG] PASS: ldmia sp, {r2} ARM/ROM PNS
[DBG] PASS: ldmia sp, {r2} ARM/WRAM
[DBG] PASS: ldmia sp, {r2} ARM/IWRAM
[DBG] Timing test: ldmia sp, {r2, r3}
[DBG] PASS: ldmia sp, {r2, r3} ARM/ROM ...
[DBG] PASS: ldmia sp, {r2, r3} ARM/ROM P..
[DBG] PASS: ldmia sp, {r2, r3} ARM/ROM .N.
[DBG] PASS: ldmia sp, {r2, r3} ARM/ROM PN.
[DBG] PASS: ldmia sp, {r2, r3} ARM/ROM ..S
[DBG] PASS: ldmia sp, {r2, r3} ARM/ROM P.S
[DBG] PASS: ldmia sp, {r2, r3} ARM/ROM .NS
[DBG] PASS: ldmia sp, {r2, r3} ARM/ROM PNS
[DBG] PASS: ldmia sp, {r2, r3} ARM/WRAM
[DBG] PASS: ldmia sp, {r2, r3} ARM/IWRAM
[DBG] Timing test: ldmia sp, {r2-r7}
[DBG] PASS: ldmia sp, {r2-r7} ARM/ROM ...
[DBG] PASS: ldmia sp, {r2-r7} ARM/ROM P..
[DBG] PASS: ldmia sp, {r2-r7} ARM/ROM .N.
[DBG] PASS: ldmia sp, {r2-r7} ARM/ROM PN.
[DBG] PASS: ldmia sp, {r2-r7} ARM/ROM ..S
[DBG] PASS: ldmia sp, {r2-r7} ARM/ROM P.S
[DBG] PASS: ldmia sp, {r2-r7} ARM/ROM .NS
[DBG] PASS: ldmia sp, {r2-r7} ARM/ROM PNS
[DBG] PASS: ldmia sp, {r2-r7} ARM/WRAM
[DBG] PASS: ldmia sp, {r2-r7} ARM/IWRAM
[DBG] Timing test: ldmia sp, {r2} x2
[DBG] PASS: ldmia sp, {r2} x2 ARM/ROM ...
[DBG] PASS: ldmia sp, {r2} x2 ARM/ROM P..
[DBG] PASS: ldmia sp, {r2} x2 ARM/ROM .N.
[DBG] PASS: ldmia sp, {r2} x2 ARM/ROM PN.
[DBG] PASS: ldmia sp, {r2} x2 ARM/ROM ..S
[DBG] PASS: ldmia sp, {r2} x2 ARM/ROM P.S
[DBG] PASS: ldmia sp, {r2} x2 ARM/ROM .NS
[DBG] PASS: ldmia sp, {r2} x2 ARM/ROM PNS
[DBG] PASS: ldmia sp, {r2} x2 ARM/WRAM
[DBG] PASS: ldmia sp, {r2} x2 ARM/IWRAM
[DBG] Timing test: ldmia sp, {r2, r3} x2
[DBG] PASS: ldmia sp, {r2, r3} x2 ARM/ROM ...
[DBG] PASS: ldmia sp, {r2, r3} x2 ARM/ROM P..
[DBG] PASS: ldmia sp, {r2, r3} x2 ARM/ROM .N.
[DBG] PASS: ldmia sp, {r2, r3} x2 ARM/ROM PN.
[DBG] PASS: ldmia sp, {r2, r3} x2 ARM/ROM ..S
[DBG] PASS: ldmia sp, {r2, r3} x2 ARM/ROM P.S
[DBG] PASS: ldmia sp, {r2, r3} x2 ARM/ROM .NS
[DBG] PASS: ldmia sp, {r2, r3} x2 ARM/ROM PNS
[DBG] PASS: ldmia sp, {r2, r3} x2 ARM/WRAM
[DBG] PASS: ldmia sp, {r2, r3} x2 ARM/IWRAM
[DBG] Timing test: ldmia sp, {r2-r7} x2
[DBG] PASS: ldmia sp, {r2-r7} x2 ARM/ROM ...
[DBG] PASS: ldmia sp, {r2-r7} x2 ARM/ROM P..
[DBG] PASS: ldmia sp, {r2-r7} x2 ARM/ROM .N.
[DBG] PASS: ldmia sp, {r2-r7} x2 ARM/ROM PN.
[DBG] PASS: ldmia sp, {r2-r7} x2 ARM/ROM ..S
[DBG] PASS: ldmia sp, {r2-r7} x2 ARM/ROM P.S
[DBG] PASS: ldmia sp, {r2-r7} x2 ARM/ROM .NS
[DBG] PASS: ldmia sp, {r2-r7} x2 ARM/ROM PNS
[DBG] PASS: ldmia sp, {r2-r7} x2 ARM/WRAM
[DBG] PASS: ldmia sp, {r2-r7} x2 ARM/IWRAM
[DBG] Timing test: stmia sp, {r2}
[DBG] PASS: stmia sp, {r2} ARM/ROM ...
[DBG] PASS: stmia sp, {r2} ARM/ROM P..
[DBG] PASS: stmia sp, {r2} ARM/ROM .N.
[DBG] PASS: stmia sp, {r2} ARM/ROM PN.
[DBG] PASS: stmia sp, {r2} ARM/ROM ..S
[DBG] PASS: stmia sp, {r2} ARM/ROM P.S
[DBG] PASS: stmia sp, {r2} ARM/ROM .NS
[DBG] PASS: stmia sp, {r2} ARM/ROM PNS
[DBG] PASS: stmia sp, {r2} ARM/WRAM
[DBG] PASS: stmia sp, {r2} ARM/IWRAM
[DBG] Timing test: stmia sp, {r2, r3}
[DBG] PASS: stmia sp, {r2, r3} ARM/ROM ...
[DBG] PASS: stmia sp, {r2, r3} ARM/ROM P..
[DBG] PASS: stmia sp, {r2, r3} ARM/ROM .N.
[DBG] PASS: stmia sp, {r2, r3} ARM/ROM PN.
[DBG] PASS: stmia sp, {r2, r3} ARM/ROM ..S
[DBG] PASS: stmia sp, {r2, r3} ARM/ROM P.S
[DBG] PASS: stmia sp, {r2, r3} ARM/ROM .NS
[DBG] PASS: stmia sp, {r2, r3} ARM/ROM PNS
[DBG] PASS: stmia sp, {r2, r3} ARM/WRAM
[DBG] PASS: stmia sp, {r2, r3} ARM/IWRAM
[DBG] Timing test: stmia sp, {r2-r7}
[DBG] PASS: stmia sp, {r2-r7} ARM/ROM ...
[DBG] PASS: stmia sp, {r2-r7} ARM/ROM P..
[DBG] PASS: stmia sp, {r2-r7} ARM/ROM .N.
[DBG] PASS: stmia sp, {r2-r7} ARM/ROM PN.
[DBG] PASS: stmia sp, {r2-r7} ARM/ROM ..S
[DBG] PASS: stmia sp, {r2-r7} ARM/ROM P.S
[DBG] PASS: stmia sp, {r2-r7} ARM/ROM .NS
[DBG] PASS: stmia sp, {r2-r7} ARM/ROM PNS
[DBG] PASS: stmia sp, {r2-r7} ARM/WRAM
[DBG] PASS: stmia sp, {r2-r7} ARM/IWRAM
[DBG] Timing test: stmia sp, {r2} x2
[DBG] PASS: stmia sp, {r2} x2 ARM/ROM ...
[DBG] PASS: stmia sp, {r2} x2 ARM/ROM P..
[DBG] PASS: stmia sp, {r2} x2 ARM/ROM .N.
[DBG] PASS: stmia sp, {r2} x2 ARM/ROM PN.
[DBG] PASS: stmia sp, {r2} x2 ARM/ROM ..S
[DBG] PASS: stmia sp, {r2} x2 ARM/ROM P.S
[DBG] PASS: stmia sp, {r2} x2 ARM/ROM .NS
[DBG] PASS: stmia sp, {r2} x2 ARM/ROM PNS
[DBG] PASS: stmia sp, {r2} x2 ARM/WRAM
[DBG] PASS: stmia sp, {r2} x2 ARM/IWRAM
[DBG] Timing test: stmia sp, {r2, r3} x2
[DBG] PASS: stmia sp, {r2, r3} x2 ARM/ROM ...
[DBG] PASS: stmia sp, {r2, r3} x2 ARM/ROM P..
[DBG] PASS: stmia sp, {r2, r3} x2 ARM/ROM .N.
[DBG] PASS: stmia sp, {r2, r3} x2 ARM/ROM PN.
[DBG] PASS: stmia sp, {r2, r3} x2 ARM/ROM ..S
[DBG] PASS: stmia sp, {r2, r3} x2 ARM/ROM P.S
[DBG] PASS: stmia sp, {r2, r3} x2 ARM/ROM .NS
[DBG] FAIL: stmia sp, {r2, r3} x2 ARM/ROM PNS
[DBG] ARM/ROM PNS: Got    10 vs     8: FAIL
[DBG] PASS: stmia sp, {r2, r3} x2 ARM/WRAM
[DBG] PASS: stmia sp, {r2, r3} x2 ARM/IWRAM
[DBG] Timing test: stmia sp, {r2-r7} x2
[DBG] PASS: stmia sp, {r2-r7} x2 ARM/ROM ...
[DBG] PASS: stmia sp, {r2-r7} x2 ARM/ROM P..
[DBG] PASS: stmia sp, {r2-r7} x2 ARM/ROM .N.
[DBG] PASS: stmia sp, {r2-r7} x2 ARM/ROM PN.
[DBG] PASS: stmia sp, {r2-r7} x2 ARM/ROM ..S
[DBG] PASS: stmia sp, {r2-r7} x2 ARM/ROM P.S
[DBG] PASS: stmia sp, {r2-r7} x2 ARM/ROM .NS
[DBG] PASS: stmia sp, {r2-r7} x2 ARM/ROM PNS
[DBG] PASS: stmia sp, {r2-r7} x2 ARM/WRAM
[DBG] PASS: stmia sp, {r2-r7} x2 ARM/IWRAM
[DBG] Timing test: ldmia [#0x07FFFFFC]!, {r3-r7}
[DBG] PASS: ldmia [#0x07FFFFFC]!, {r3-r7} ARM/ROM ...
[DBG] PASS: ldmia [#0x07FFFFFC]!, {r3-r7} ARM/ROM P..
[DBG] PASS: ldmia [#0x07FFFFFC]!, {r3-r7} ARM/ROM .N.
[DBG] PASS: ldmia [#0x07FFFFFC]!, {r3-r7} ARM/ROM PN.
[DBG] PASS: ldmia [#0x07FFFFFC]!, {r3-r7} ARM/ROM ..S
[DBG] PASS: ldmia [#0x07FFFFFC]!, {r3-r7} ARM/ROM P.S
[DBG] PASS: ldmia [#0x07FFFFFC]!, {r3-r7} ARM/ROM .NS
[DBG] PASS: ldmia [#0x07FFFFFC]!, {r3-r7} ARM/ROM PNS
[DBG] PASS: ldmia [#0x07FFFFFC]!, {r3-r7} ARM/WRAM
[DBG] PASS: ldmia [#0x07FFFFFC]!, {r3-r7} ARM/IWRAM
[DBG] PASS: ldmia [#0x07FFFFFC]!, {r3-r7} Thumb/ROM ...
[DBG] PASS: ldmia [#0x07FFFFFC]!, {r3-r7} Thumb/ROM P..
[DBG] PASS: ldmia [#0x07FFFFFC]!, {r3-r7} Thumb/ROM .N.
[DBG] PASS: ldmia [#0x07FFFFFC]!, {r3-r7} Thumb/ROM PN.
[DBG] PASS: ldmia [#0x07FFFFFC]!, {r3-r7} Thumb/ROM ..S
[DBG] PASS: ldmia [#0x07FFFFFC]!, {r3-r7} Thumb/ROM P.S
[DBG] PASS: ldmia [#0x07FFFFFC]!, {r3-r7} Thumb/ROM .NS
[DBG] PASS: ldmia [#0x07FFFFFC]!, {r3-r7} Thumb/ROM PNS
[DBG] PASS: ldmia [#0x07FFFFFC]!, {r3-r7} Thumb/WRAM
[DBG] PASS: ldmia [#0x07FFFFFC]!, {r3-r7} Thumb/IWRAM
[DBG] Timing test: ldmia [#0x07FFFFF8]!, {r3-r7}
[DBG] PASS: ldmia [#0x07FFFFF8]!, {r3-r7} ARM/ROM ...
[DBG] PASS: ldmia [#0x07FFFFF8]!, {r3-r7} ARM/ROM P..
[DBG] PASS: ldmia [#0x07FFFFF8]!, {r3-r7} ARM/ROM .N.
[DBG] PASS: ldmia [#0x07FFFFF8]!, {r3-r7} ARM/ROM PN.
[DBG] PASS: ldmia [#0x07FFFFF8]!, {r3-r7} ARM/ROM ..S
[DBG] PASS: ldmia [#0x07FFFFF8]!, {r3-r7} ARM/ROM P.S
[DBG] PASS: ldmia [#0x07FFFFF8]!, {r3-r7} ARM/ROM .NS
[DBG] PASS: ldmia [#0x07FFFFF8]!, {r3-r7} ARM/ROM PNS
[DBG] PASS: ldmia [#0x07FFFFF8]!, {r3-r7} ARM/WRAM
[DBG] PASS: ldmia [#0x07FFFFF8]!, {r3-r7} ARM/IWRAM
[DBG] PASS: ldmia [#0x07FFFFF8]!, {r3-r7} Thumb/ROM ...
[DBG] PASS: ldmia [#0x07FFFFF8]!, {r3-r7} Thumb/ROM P..
[DBG] PASS: ldmia [#0x07FFFFF8]!, {r3-r7} Thumb/ROM .N.
[DBG] PASS: ldmia [#0x07FFFFF8]!, {r3-r7} Thumb/ROM PN.
[DBG] PASS: ldmia [#0x07FFFFF8]!, {r3-r7} Thumb/ROM ..S
[DBG] PASS: ldmia [#0x07FFFFF8]!, {r3-r7} Thumb/ROM P.S
[DBG] PASS: ldmia [#0x07FFFFF8]!, {r3-r7} Thumb/ROM .NS
[DBG] PASS: ldmia [#0x07FFFFF8]!, {r3-r7} Thumb/ROM PNS
[DBG] PASS: ldmia [#0x07FFFFF8]!, {r3-r7} Thumb/WRAM
[DBG] PASS: ldmia [#0x07FFFFF8]!, {r3-r7} Thumb/IWRAM
[DBG] Timing test: ldmia [#0x07FFFFF4]!, {r3-r7}
[DBG] PASS: ldmia [#0x07FFFFF4]!, {r3-r7} ARM/ROM ...
[DBG] PASS: ldmia [#0x07FFFFF4]!, {r3-r7} ARM/ROM P..
[DBG] PASS: ldmia [#0x07FFFFF4]!, {r3-r7} ARM/ROM .N.
[DBG] PASS: ldmia [#0x07FFFFF4]!, {r3-r7} ARM/ROM PN.
[DBG] PASS: ldmia [#0x07FFFFF4]!, {r3-r7} ARM/ROM ..S
[DBG] PASS: ldmia [#0x07FFFFF4]!, {r3-r7} ARM/ROM P.S
[DBG] PASS: ldmia [#0x07FFFFF4]!, {r3-r7} ARM/ROM .NS
[DBG] PASS: ldmia [#0x07FFFFF4]!, {r3-r7} ARM/ROM PNS
[DBG] PASS: ldmia [#0x07FFFFF4]!, {r3-r7} ARM/WRAM
[DBG] PASS: ldmia [#0x07FFFFF4]!, {r3-r7} ARM/IWRAM
[DBG] PASS: ldmia [#0x07FFFFF4]!, {r3-r7} Thumb/ROM ...
[DBG] PASS: ldmia [#0x07FFFFF4]!, {r3-r7} Thumb/ROM P..
[DBG] PASS: ldmia [#0x07FFFFF4]!, {r3-r7} Thumb/ROM .N.
[DBG] PASS: ldmia [#0x07FFFFF4]!, {r3-r7} Thumb/ROM PN.
[DBG] PASS: ldmia [#0x07FFFFF4]!, {r3-r7} Thumb/ROM ..S
[DBG] PASS: ldmia [#0x07FFFFF4]!, {r3-r7} Thumb/ROM P.S
[DBG] PASS: ldmia [#0x07FFFFF4]!, {r3-r7} Thumb/ROM .NS
[DBG] PASS: ldmia [#0x07FFFFF4]!, {r3-r7} Thumb/ROM PNS
[DBG] PASS: ldmia [#0x07FFFFF4]!, {r3-r7} Thumb/WRAM
[DBG] PASS: ldmia [#0x07FFFFF4]!, {r3-r7} Thumb/IWRAM
[DBG] Timing test: ldmia [#0x07FFFFF0]!, {r3-r7}
[DBG] PASS: ldmia [#0x07FFFFF0]!, {r3-r7} ARM/ROM ...
[DBG] PASS: ldmia [#0x07FFFFF0]!, {r3-r7} ARM/ROM P..
[DBG] PASS: ldmia [#0x07FFFFF0]!, {r3-r7} ARM/ROM .N.
[DBG] PASS: ldmia [#0x07FFFFF0]!, {r3-r7} ARM/ROM PN.
[DBG] PASS: ldmia [#0x07FFFFF0]!, {r3-r7} ARM/ROM ..S
[DBG] PASS: ldmia [#0x07FFFFF0]!, {r3-r7} ARM/ROM P.S
[DBG] PASS: ldmia [#0x07FFFFF0]!, {r3-r7} ARM/ROM .NS
[DBG] PASS: ldmia [#0x07FFFFF0]!, {r3-r7} ARM/ROM PNS
[DBG] PASS: ldmia [#0x07FFFFF0]!, {r3-r7} ARM/WRAM
[DBG] PASS: ldmia [#0x07FFFFF0]!, {r3-r7} ARM/IWRAM
[DBG] PASS: ldmia [#0x07FFFFF0]!, {r3-r7} Thumb/ROM ...
[DBG] PASS: ldmia [#0x07FFFFF0]!, {r3-r7} Thumb/ROM P..
[DBG] PASS: ldmia [#0x07FFFFF0]!, {r3-r7} Thumb/ROM .N.
[DBG] PASS: ldmia [#0x07FFFFF0]!, {r3-r7} Thumb/ROM PN.
[DBG] PASS: ldmia [#0x07FFFFF0]!, {r3-r7} Thumb/ROM ..S
[DBG] PASS: ldmia [#0x07FFFFF0]!, {r3-r7} Thumb/ROM P.S
[DBG] PASS: ldmia [#0x07FFFFF0]!, {r3-r7} Thumb/ROM .NS
[DBG] PASS: ldmia [#0x07FFFFF0]!, {r3-r7} Thumb/ROM PNS
[DBG] PASS: ldmia [#0x07FFFFF0]!, {r3-r7} Thumb/WRAM
[DBG] PASS: ldmia [#0x07FFFFF0]!, {r3-r7} Thumb/IWRAM
[DBG] Timing test: ldmia [#0x07FFFFEC]!, {r3-r7}
[DBG] PASS: ldmia [#0x07FFFFEC]!, {r3-r7} ARM/ROM ...
[DBG] PASS: ldmia [#0x07FFFFEC]!, {r3-r7} ARM/ROM P..
[DBG] PASS: ldmia [#0x07FFFFEC]!, {r3-r7} ARM/ROM .N.
[DBG] PASS: ldmia [#0x07FFFFEC]!, {r3-r7} ARM/ROM PN.
[DBG] PASS: ldmia [#0x07FFFFEC]!, {r3-r7} ARM/ROM ..S
[DBG] PASS: ldmia [#0x07FFFFEC]!, {r3-r7} ARM/ROM P.S
[DBG] PASS: ldmia [#0x07FFFFEC]!, {r3-r7} ARM/ROM .NS
[DBG] PASS: ldmia [#0x07FFFFEC]!, {r3-r7} ARM/ROM PNS
[DBG] PASS: ldmia [#0x07FFFFEC]!, {r3-r7} ARM/WRAM
[DBG] PASS: ldmia [#0x07FFFFEC]!, {r3-r7} ARM/IWRAM
[DBG] PASS: ldmia [#0x07FFFFEC]!, {r3-r7} Thumb/ROM ...
[DBG] PASS: ldmia [#0x07FFFFEC]!, {r3-r7} Thumb/ROM P..
[DBG] PASS: ldmia [#0x07FFFFEC]!, {r3-r7} Thumb/ROM .N.
[DBG] PASS: ldmia [#0x07FFFFEC]!, {r3-r7} Thumb/ROM PN.
[DBG] PASS: ldmia [#0x07FFFFEC]!, {r3-r7} Thumb/ROM ..S
[DBG] PASS: ldmia [#0x07FFFFEC]!, {r3-r7} Thumb/ROM P.S
[DBG] PASS: ldmia [#0x07FFFFEC]!, {r3-r7} Thumb/ROM .NS
[DBG] PASS: ldmia [#0x07FFFFEC]!, {r3-r7} Thumb/ROM PNS
[DBG] PASS: ldmia [#0x07FFFFEC]!, {r3-r7} Thumb/WRAM
[DBG] PASS: ldmia [#0x07FFFFEC]!, {r3-r7} Thumb/IWRAM
[DBG] Timing test: mul #0x00000000, #0xFF
[DBG] PASS: mul #0x00000000, #0xFF ARM/ROM ...
[DBG] PASS: mul #0x00000000, #0xFF ARM/ROM P..
[DBG] PASS: mul #0x00000000, #0xFF ARM/ROM .N.
[DBG] PASS: mul #0x00000000, #0xFF ARM/ROM PN.
[DBG] PASS: mul #0x00000000, #0xFF ARM/ROM ..S
[DBG] PASS: mul #0x00000000, #0xFF ARM/ROM P.S
[DBG] PASS: mul #0x00000000, #0xFF ARM/ROM .NS
[DBG] PASS: mul #0x00000000, #0xFF ARM/ROM PNS
[DBG] PASS: mul #0x00000000, #0xFF ARM/WRAM
[DBG] PASS: mul #0x00000000, #0xFF ARM/IWRAM
[DBG] PASS: mul #0x00000000, #0xFF Thumb/ROM ...
[DBG] PASS: mul #0x00000000, #0xFF Thumb/ROM P..
[DBG] PASS: mul #0x00000000, #0xFF Thumb/ROM .N.
[DBG] PASS: mul #0x00000000, #0xFF Thumb/ROM PN.
[DBG] PASS: mul #0x00000000, #0xFF Thumb/ROM ..S
[DBG] PASS: mul #0x00000000, #0xFF Thumb/ROM P.S
[DBG] PASS: mul #0x00000000, #0xFF Thumb/ROM .NS
[DBG] PASS: mul #0x00000000, #0xFF Thumb/ROM PNS
[DBG] PASS: mul #0x00000000, #0xFF Thumb/WRAM
[DBG] PASS: mul #0x00000000, #0xFF Thumb/IWRAM
[DBG] Timing test: mul #0x00000078, #0xFF
[DBG] FAIL: mul #0x00000078, #0xFF ARM/ROM ...
[DBG] ARM/ROM ...: Got    10 vs     9: FAIL
[DBG] PASS: mul #0x00000078, #0xFF ARM/ROM P..
[DBG] FAIL: mul #0x00000078, #0xFF ARM/ROM .N.
[DBG] ARM/ROM .N.: Got     9 vs     8: FAIL
[DBG] PASS: mul #0x00000078, #0xFF ARM/ROM PN.
[DBG] FAIL: mul #0x00000078, #0xFF ARM/ROM ..S
[DBG] ARM/ROM ..S: Got     9 vs     8: FAIL
[DBG] PASS: mul #0x00000078, #0xFF ARM/ROM P.S
[DBG] FAIL: mul #0x00000078, #0xFF ARM/ROM .NS
[DBG] ARM/ROM .NS: Got     8 vs     7: FAIL
[DBG] PASS: mul #0x00000078, #0xFF ARM/ROM PNS
[DBG] FAIL: mul #0x00000078, #0xFF ARM/WRAM
[DBG] ARM/WRAM: Got     8 vs     7: FAIL
[DBG] FAIL: mul #0x00000078, #0xFF ARM/IWRAM
[DBG] ARM/IWRAM: Got     3 vs     2: FAIL
[DBG] PASS: mul #0x00000078, #0xFF Thumb/ROM ...
[DBG] PASS: mul #0x00000078, #0xFF Thumb/ROM P..
[DBG] PASS: mul #0x00000078, #0xFF Thumb/ROM .N.
[DBG] PASS: mul #0x00000078, #0xFF Thumb/ROM PN.
[DBG] PASS: mul #0x00000078, #0xFF Thumb/ROM ..S
[DBG] PASS: mul #0x00000078, #0xFF Thumb/ROM P.S
[DBG] PASS: mul #0x00000078, #0xFF Thumb/ROM .NS
[DBG] PASS: mul #0x00000078, #0xFF Thumb/ROM PNS
[DBG] PASS: mul #0x00000078, #0xFF Thumb/WRAM
[DBG] PASS: mul #0x00000078, #0xFF Thumb/IWRAM
[DBG] Timing test: mul #0x00005678, #0xFF
[DBG] FAIL: mul #0x00005678, #0xFF ARM/ROM ...
[DBG] ARM/ROM ...: Got    11 vs    10: FAIL
[DBG] PASS: mul #0x00005678, #0xFF ARM/ROM P..
[DBG] FAIL: mul #0x00005678, #0xFF ARM/ROM .N.
[DBG] ARM/ROM .N.: Got    10 vs     9: FAIL
[DBG] PASS: mul #0x00005678, #0xFF ARM/ROM PN.
[DBG] FAIL: mul #0x00005678, #0xFF ARM/ROM ..S
[DBG] ARM/ROM ..S: Got    10 vs     9: FAIL
[DBG] PASS: mul #0x00005678, #0xFF ARM/ROM P.S
[DBG] FAIL: mul #0x00005678, #0xFF ARM/ROM .NS
[DBG] ARM/ROM .NS: Got     9 vs     8: FAIL
[DBG] PASS: mul #0x00005678, #0xFF ARM/ROM PNS
[DBG] FAIL: mul #0x00005678, #0xFF ARM/WRAM
[DBG] ARM/WRAM: Got     9 vs     8: FAIL
[DBG] FAIL: mul #0x00005678, #0xFF ARM/IWRAM
[DBG] ARM/IWRAM: Got     4 vs     3: FAIL
[DBG] PASS: mul #0x00005678, #0xFF Thumb/ROM ...
[DBG] PASS: mul #0x00005678, #0xFF Thumb/ROM P..
[DBG] PASS: mul #0x00005678, #0xFF Thumb/ROM .N.
[DBG] PASS: mul #0x00005678, #0xFF Thumb/ROM PN.
[DBG] PASS: mul #0x00005678, #0xFF Thumb/ROM ..S
[DBG] PASS: mul #0x00005678, #0xFF Thumb/ROM P.S
[DBG] PASS: mul #0x00005678, #0xFF Thumb/ROM .NS
[DBG] PASS: mul #0x00005678, #0xFF Thumb/ROM PNS
[DBG] PASS: mul #0x00005678, #0xFF Thumb/WRAM
[DBG] PASS: mul #0x00005678, #0xFF Thumb/IWRAM
[DBG] Timing test: mul #0x00345678, #0xFF
[DBG] FAIL: mul #0x00345678, #0xFF ARM/ROM ...
[DBG] ARM/ROM ...: Got    12 vs    11: FAIL
[DBG] PASS: mul #0x00345678, #0xFF ARM/ROM P..
[DBG] FAIL: mul #0x00345678, #0xFF ARM/ROM .N.
[DBG] ARM/ROM .N.: Got    11 vs    10: FAIL
[DBG] PASS: mul #0x00345678, #0xFF ARM/ROM PN.
[DBG] FAIL: mul #0x00345678, #0xFF ARM/ROM ..S
[DBG] ARM/ROM ..S: Got    11 vs    10: FAIL
[DBG] FAIL: mul #0x00345678, #0xFF ARM/ROM P.S
[DBG] ARM/ROM P.S: Got     5 vs     4: FAIL
[DBG] FAIL: mul #0x00345678, #0xFF ARM/ROM .NS
[DBG] ARM/ROM .NS: Got    10 vs     9: FAIL
[DBG] FAIL: mul #0x00345678, #0xFF ARM/ROM PNS
[DBG] ARM/ROM PNS: Got     5 vs     4: FAIL
[DBG] FAIL: mul #0x00345678, #0xFF ARM/WRAM
[DBG] ARM/WRAM: Got    10 vs     9: FAIL
[DBG] FAIL: mul #0x00345678, #0xFF ARM/IWRAM
[DBG] ARM/IWRAM: Got     5 vs     4: FAIL
[DBG] PASS: mul #0x00345678, #0xFF Thumb/ROM ...
[DBG] PASS: mul #0x00345678, #0xFF Thumb/ROM P..
[DBG] PASS: mul #0x00345678, #0xFF Thumb/ROM .N.
[DBG] PASS: mul #0x00345678, #0xFF Thumb/ROM PN.
[DBG] PASS: mul #0x00345678, #0xFF Thumb/ROM ..S
[DBG] PASS: mul #0x00345678, #0xFF Thumb/ROM P.S
[DBG] PASS: mul #0x00345678, #0xFF Thumb/ROM .NS
[DBG] PASS: mul #0x00345678, #0xFF Thumb/ROM PNS
[DBG] PASS: mul #0x00345678, #0xFF Thumb/WRAM
[DBG] PASS: mul #0x00345678, #0xFF Thumb/IWRAM
[DBG] Timing test: mul #0x12345678, #0xFF
[DBG] PASS: mul #0x12345678, #0xFF ARM/ROM ...
[DBG] PASS: mul #0x12345678, #0xFF ARM/ROM P..
[DBG] PASS: mul #0x12345678, #0xFF ARM/ROM .N.
[DBG] PASS: mul #0x12345678, #0xFF ARM/ROM PN.
[DBG] PASS: mul #0x12345678, #0xFF ARM/ROM ..S
[DBG] PASS: mul #0x12345678, #0xFF ARM/ROM P.S
[DBG] PASS: mul #0x12345678, #0xFF ARM/ROM .NS
[DBG] PASS: mul #0x12345678, #0xFF ARM/ROM PNS
[DBG] PASS: mul #0x12345678, #0xFF ARM/WRAM
[DBG] PASS: mul #0x12345678, #0xFF ARM/IWRAM
[DBG] PASS: mul #0x12345678, #0xFF Thumb/ROM ...
[DBG] PASS: mul #0x12345678, #0xFF Thumb/ROM P..
[DBG] PASS: mul #0x12345678, #0xFF Thumb/ROM .N.
[DBG] PASS: mul #0x12345678, #0xFF Thumb/ROM PN.
[DBG] PASS: mul #0x12345678, #0xFF Thumb/ROM ..S
[DBG] PASS: mul #0x12345678, #0xFF Thumb/ROM P.S
[DBG] PASS: mul #0x12345678, #0xFF Thumb/ROM .NS
[DBG] PASS: mul #0x12345678, #0xFF Thumb/ROM PNS
[DBG] PASS: mul #0x12345678, #0xFF Thumb/WRAM
[DBG] PASS: mul #0x12345678, #0xFF Thumb/IWRAM
[DBG] Timing test: mul #0xFF000000, #0xFF
[DBG] FAIL: mul #0xFF000000, #0xFF ARM/ROM ...
[DBG] ARM/ROM ...: Got    12 vs    11: FAIL
[DBG] PASS: mul #0xFF000000, #0xFF ARM/ROM P..
[DBG] FAIL: mul #0xFF000000, #0xFF ARM/ROM .N.
[DBG] ARM/ROM .N.: Got    11 vs    10: FAIL
[DBG] PASS: mul #0xFF000000, #0xFF ARM/ROM PN.
[DBG] FAIL: mul #0xFF000000, #0xFF ARM/ROM ..S
[DBG] ARM/ROM ..S: Got    11 vs    10: FAIL
[DBG] FAIL: mul #0xFF000000, #0xFF ARM/ROM P.S
[DBG] ARM/ROM P.S: Got     5 vs     4: FAIL
[DBG] FAIL: mul #0xFF000000, #0xFF ARM/ROM .NS
[DBG] ARM/ROM .NS: Got    10 vs     9: FAIL
[DBG] FAIL: mul #0xFF000000, #0xFF ARM/ROM PNS
[DBG] ARM/ROM PNS: Got     5 vs     4: FAIL
[DBG] FAIL: mul #0xFF000000, #0xFF ARM/WRAM
[DBG] ARM/WRAM: Got    10 vs     9: FAIL
[DBG] FAIL: mul #0xFF000000, #0xFF ARM/IWRAM
[DBG] ARM/IWRAM: Got     5 vs     4: FAIL
[DBG] PASS: mul #0xFF000000, #0xFF Thumb/ROM ...
[DBG] PASS: mul #0xFF000000, #0xFF Thumb/ROM P..
[DBG] PASS: mul #0xFF000000, #0xFF Thumb/ROM .N.
[DBG] PASS: mul #0xFF000000, #0xFF Thumb/ROM PN.
[DBG] PASS: mul #0xFF000000, #0xFF Thumb/ROM ..S
[DBG] PASS: mul #0xFF000000, #0xFF Thumb/ROM P.S
[DBG] PASS: mul #0xFF000000, #0xFF Thumb/ROM .NS
[DBG] PASS: mul #0xFF000000, #0xFF Thumb/ROM PNS
[DBG] PASS: mul #0xFF000000, #0xFF Thumb/WRAM
[DBG] PASS: mul #0xFF000000, #0xFF Thumb/IWRAM
[DBG] Timing test: mul #0xFFFF0000, #0xFF
[DBG] FAIL: mul #0xFFFF0000, #0xFF ARM/ROM ...
[DBG] ARM/ROM ...: Got    11 vs    10: FAIL
[DBG] PASS: mul #0xFFFF0000, #0xFF ARM/ROM P..
[DBG] FAIL: mul #0xFFFF0000, #0xFF ARM/ROM .N.
[DBG] ARM/ROM .N.: Got    10 vs     9: FAIL
[DBG] PASS: mul #0xFFFF0000, #0xFF ARM/ROM PN.
[DBG] FAIL: mul #0xFFFF0000, #0xFF ARM/ROM ..S
[DBG] ARM/ROM ..S: Got    10 vs     9: FAIL
[DBG] PASS: mul #0xFFFF0000, #0xFF ARM/ROM P.S
[DBG] FAIL: mul #0xFFFF0000, #0xFF ARM/ROM .NS
[DBG] ARM/ROM .NS: Got     9 vs     8: FAIL
[DBG] PASS: mul #0xFFFF0000, #0xFF ARM/ROM PNS
[DBG] FAIL: mul #0xFFFF0000, #0xFF ARM/WRAM
[DBG] ARM/WRAM: Got     9 vs     8: FAIL
[DBG] FAIL: mul #0xFFFF0000, #0xFF ARM/IWRAM
[DBG] ARM/IWRAM: Got     4 vs     3: FAIL
[DBG] PASS: mul #0xFFFF0000, #0xFF Thumb/ROM ...
[DBG] PASS: mul #0xFFFF0000, #0xFF Thumb/ROM P..
[DBG] PASS: mul #0xFFFF0000, #0xFF Thumb/ROM .N.
[DBG] PASS: mul #0xFFFF0000, #0xFF Thumb/ROM PN.
[DBG] PASS: mul #0xFFFF0000, #0xFF Thumb/ROM ..S
[DBG] PASS: mul #0xFFFF0000, #0xFF Thumb/ROM P.S
[DBG] PASS: mul #0xFFFF0000, #0xFF Thumb/ROM .NS
[DBG] PASS: mul #0xFFFF0000, #0xFF Thumb/ROM PNS
[DBG] PASS: mul #0xFFFF0000, #0xFF Thumb/WRAM
[DBG] PASS: mul #0xFFFF0000, #0xFF Thumb/IWRAM
[DBG] Timing test: mul #0xFFFFFF00, #0xFF
[DBG] FAIL: mul #0xFFFFFF00, #0xFF ARM/ROM ...
[DBG] ARM/ROM ...: Got    10 vs     9: FAIL
[DBG] PASS: mul #0xFFFFFF00, #0xFF ARM/ROM P..
[DBG] FAIL: mul #0xFFFFFF00, #0xFF ARM/ROM .N.
[DBG] ARM/ROM .N.: Got     9 vs     8: FAIL
[DBG] PASS: mul #0xFFFFFF00, #0xFF ARM/ROM PN.
[DBG] FAIL: mul #0xFFFFFF00, #0xFF ARM/ROM ..S
[DBG] ARM/ROM ..S: Got     9 vs     8: FAIL
[DBG] PASS: mul #0xFFFFFF00, #0xFF ARM/ROM P.S
[DBG] FAIL: mul #0xFFFFFF00, #0xFF ARM/ROM .NS
[DBG] ARM/ROM .NS: Got     8 vs     7: FAIL
[DBG] PASS: mul #0xFFFFFF00, #0xFF ARM/ROM PNS
[DBG] FAIL: mul #0xFFFFFF00, #0xFF ARM/WRAM
[DBG] ARM/WRAM: Got     8 vs     7: FAIL
[DBG] FAIL: mul #0xFFFFFF00, #0xFF ARM/IWRAM
[DBG] ARM/IWRAM: Got     3 vs     2: FAIL
[DBG] PASS: mul #0xFFFFFF00, #0xFF Thumb/ROM ...
[DBG] PASS: mul #0xFFFFFF00, #0xFF Thumb/ROM P..
[DBG] PASS: mul #0xFFFFFF00, #0xFF Thumb/ROM .N.
[DBG] PASS: mul #0xFFFFFF00, #0xFF Thumb/ROM PN.
[DBG] PASS: mul #0xFFFFFF00, #0xFF Thumb/ROM ..S
[DBG] PASS: mul #0xFFFFFF00, #0xFF Thumb/ROM P.S
[DBG] PASS: mul #0xFFFFFF00, #0xFF Thumb/ROM .NS
[DBG] PASS: mul #0xFFFFFF00, #0xFF Thumb/ROM PNS
[DBG] PASS: mul #0xFFFFFF00, #0xFF Thumb/WRAM
[DBG] PASS: mul #0xFFFFFF00, #0xFF Thumb/IWRAM
[DBG] Timing test: mul #0xFFFFFFFF, #0xFF
[DBG] PASS: mul #0xFFFFFFFF, #0xFF ARM/ROM ...
[DBG] PASS: mul #0xFFFFFFFF, #0xFF ARM/ROM P..
[DBG] PASS: mul #0xFFFFFFFF, #0xFF ARM/ROM .N.
[DBG] PASS: mul #0xFFFFFFFF, #0xFF ARM/ROM PN.
[DBG] PASS: mul #0xFFFFFFFF, #0xFF ARM/ROM ..S
[DBG] PASS: mul #0xFFFFFFFF, #0xFF ARM/ROM P.S
[DBG] PASS: mul #0xFFFFFFFF, #0xFF ARM/ROM .NS
[DBG] PASS: mul #0xFFFFFFFF, #0xFF ARM/ROM PNS
[DBG] PASS: mul #0xFFFFFFFF, #0xFF ARM/WRAM
[DBG] PASS: mul #0xFFFFFFFF, #0xFF ARM/IWRAM
[DBG] PASS: mul #0xFFFFFFFF, #0xFF Thumb/ROM ...
[DBG] PASS: mul #0xFFFFFFFF, #0xFF Thumb/ROM P..
[DBG] PASS: mul #0xFFFFFFFF, #0xFF Thumb/ROM .N.
[DBG] PASS: mul #0xFFFFFFFF, #0xFF Thumb/ROM PN.
[DBG] PASS: mul #0xFFFFFFFF, #0xFF Thumb/ROM ..S
[DBG] PASS: mul #0xFFFFFFFF, #0xFF Thumb/ROM P.S
[DBG] PASS: mul #0xFFFFFFFF, #0xFF Thumb/ROM .NS
[DBG] PASS: mul #0xFFFFFFFF, #0xFF Thumb/ROM PNS
[DBG] PASS: mul #0xFFFFFFFF, #0xFF Thumb/WRAM
[DBG] PASS: mul #0xFFFFFFFF, #0xFF Thumb/IWRAM
[DBG] Timing test: mul #0xFFFFFFFF, #0x00
[DBG] PASS: mul #0xFFFFFFFF, #0x00 ARM/ROM ...
[DBG] PASS: mul #0xFFFFFFFF, #0x00 ARM/ROM P..
[DBG] PASS: mul #0xFFFFFFFF, #0x00 ARM/ROM .N.
[DBG] PASS: mul #0xFFFFFFFF, #0x00 ARM/ROM PN.
[DBG] PASS: mul #0xFFFFFFFF, #0x00 ARM/ROM ..S
[DBG] PASS: mul #0xFFFFFFFF, #0x00 ARM/ROM P.S
[DBG] PASS: mul #0xFFFFFFFF, #0x00 ARM/ROM .NS
[DBG] PASS: mul #0xFFFFFFFF, #0x00 ARM/ROM PNS
[DBG] PASS: mul #0xFFFFFFFF, #0x00 ARM/WRAM
[DBG] PASS: mul #0xFFFFFFFF, #0x00 ARM/IWRAM
[DBG] PASS: mul #0xFFFFFFFF, #0x00 Thumb/ROM ...
[DBG] PASS: mul #0xFFFFFFFF, #0x00 Thumb/ROM P..
[DBG] PASS: mul #0xFFFFFFFF, #0x00 Thumb/ROM .N.
[DBG] PASS: mul #0xFFFFFFFF, #0x00 Thumb/ROM PN.
[DBG] PASS: mul #0xFFFFFFFF, #0x00 Thumb/ROM ..S
[DBG] PASS: mul #0xFFFFFFFF, #0x00 Thumb/ROM P.S
[DBG] PASS: mul #0xFFFFFFFF, #0x00 Thumb/ROM .NS
[DBG] PASS: mul #0xFFFFFFFF, #0x00 Thumb/ROM PNS
[DBG] PASS: mul #0xFFFFFFFF, #0x00 Thumb/WRAM
[DBG] PASS: mul #0xFFFFFFFF, #0x00 Thumb/IWRAM
[DBG] Timing test: mla #0x00000000, #0xFF
[DBG] PASS: mla #0x00000000, #0xFF ARM/ROM ...
[DBG] PASS: mla #0x00000000, #0xFF ARM/ROM P..
[DBG] PASS: mla #0x00000000, #0xFF ARM/ROM .N.
[DBG] PASS: mla #0x00000000, #0xFF ARM/ROM PN.
[DBG] PASS: mla #0x00000000, #0xFF ARM/ROM ..S
[DBG] PASS: mla #0x00000000, #0xFF ARM/ROM P.S
[DBG] PASS: mla #0x00000000, #0xFF ARM/ROM .NS
[DBG] PASS: mla #0x00000000, #0xFF ARM/ROM PNS
[DBG] PASS: mla #0x00000000, #0xFF ARM/WRAM
[DBG] PASS: mla #0x00000000, #0xFF ARM/IWRAM
[DBG] Timing test: mla #0x00000078, #0xFF
[DBG] FAIL: mla #0x00000078, #0xFF ARM/ROM ...
[DBG] ARM/ROM ...: Got    11 vs    10: FAIL
[DBG] PASS: mla #0x00000078, #0xFF ARM/ROM P..
[DBG] FAIL: mla #0x00000078, #0xFF ARM/ROM .N.
[DBG] ARM/ROM .N.: Got    10 vs     9: FAIL
[DBG] PASS: mla #0x00000078, #0xFF ARM/ROM PN.
[DBG] FAIL: mla #0x00000078, #0xFF ARM/ROM ..S
[DBG] ARM/ROM ..S: Got    10 vs     9: FAIL
[DBG] PASS: mla #0x00000078, #0xFF ARM/ROM P.S
[DBG] FAIL: mla #0x00000078, #0xFF ARM/ROM .NS
[DBG] ARM/ROM .NS: Got     9 vs     8: FAIL
[DBG] PASS: mla #0x00000078, #0xFF ARM/ROM PNS
[DBG] FAIL: mla #0x00000078, #0xFF ARM/WRAM
[DBG] ARM/WRAM: Got     9 vs     8: FAIL
[DBG] FAIL: mla #0x00000078, #0xFF ARM/IWRAM
[DBG] ARM/IWRAM: Got     4 vs     3: FAIL
[DBG] Timing test: mla #0x00005678, #0xFF
[DBG] FAIL: mla #0x00005678, #0xFF ARM/ROM ...
[DBG] ARM/ROM ...: Got    12 vs    10: FAIL
[DBG] PASS: mla #0x00005678, #0xFF ARM/ROM P..
[DBG] FAIL: mla #0x00005678, #0xFF ARM/ROM .N.
[DBG] ARM/ROM .N.: Got    11 vs     9: FAIL
[DBG] PASS: mla #0x00005678, #0xFF ARM/ROM PN.
[DBG] FAIL: mla #0x00005678, #0xFF ARM/ROM ..S
[DBG] ARM/ROM ..S: Got    11 vs     9: FAIL
[DBG] FAIL: mla #0x00005678, #0xFF ARM/ROM P.S
[DBG] ARM/ROM P.S: Got     5 vs     4: FAIL
[DBG] FAIL: mla #0x00005678, #0xFF ARM/ROM .NS
[DBG] ARM/ROM .NS: Got    10 vs     8: FAIL
[DBG] FAIL: mla #0x00005678, #0xFF ARM/ROM PNS
[DBG] ARM/ROM PNS: Got     5 vs     4: FAIL
[DBG] FAIL: mla #0x00005678, #0xFF ARM/WRAM
[DBG] ARM/WRAM: Got    10 vs     8: FAIL
[DBG] FAIL: mla #0x00005678, #0xFF ARM/IWRAM
[DBG] ARM/IWRAM: Got     5 vs     3: FAIL
[DBG] Timing test: mla #0x00345678, #0xFF
[DBG] FAIL: mla #0x00345678, #0xFF ARM/ROM ...
[DBG] ARM/ROM ...: Got    13 vs    10: FAIL
[DBG] PASS: mla #0x00345678, #0xFF ARM/ROM P..
[DBG] FAIL: mla #0x00345678, #0xFF ARM/ROM .N.
[DBG] ARM/ROM .N.: Got    12 vs     9: FAIL
[DBG] PASS: mla #0x00345678, #0xFF ARM/ROM PN.
[DBG] FAIL: mla #0x00345678, #0xFF ARM/ROM ..S
[DBG] ARM/ROM ..S: Got    12 vs     9: FAIL
[DBG] FAIL: mla #0x00345678, #0xFF ARM/ROM P.S
[DBG] ARM/ROM P.S: Got     6 vs     4: FAIL
[DBG] FAIL: mla #0x00345678, #0xFF ARM/ROM .NS
[DBG] ARM/ROM .NS: Got    11 vs     8: FAIL
[DBG] FAIL: mla #0x00345678, #0xFF ARM/ROM PNS
[DBG] ARM/ROM PNS: Got     6 vs     4: FAIL
[DBG] FAIL: mla #0x00345678, #0xFF ARM/WRAM
[DBG] ARM/WRAM: Got    11 vs     8: FAIL
[DBG] FAIL: mla #0x00345678, #0xFF ARM/IWRAM
[DBG] ARM/IWRAM: Got     6 vs     3: FAIL
[DBG] Timing test: mla #0x12345678, #0xFF
[DBG] FAIL: mla #0x12345678, #0xFF ARM/ROM ...
[DBG] ARM/ROM ...: Got    13 vs    10: FAIL
[DBG] PASS: mla #0x12345678, #0xFF ARM/ROM P..
[DBG] FAIL: mla #0x12345678, #0xFF ARM/ROM .N.
[DBG] ARM/ROM .N.: Got    12 vs     9: FAIL
[DBG] PASS: mla #0x12345678, #0xFF ARM/ROM PN.
[DBG] FAIL: mla #0x12345678, #0xFF ARM/ROM ..S
[DBG] ARM/ROM ..S: Got    12 vs     9: FAIL
[DBG] FAIL: mla #0x12345678, #0xFF ARM/ROM P.S
[DBG] ARM/ROM P.S: Got     6 vs     4: FAIL
[DBG] FAIL: mla #0x12345678, #0xFF ARM/ROM .NS
[DBG] ARM/ROM .NS: Got    11 vs     8: FAIL
[DBG] FAIL: mla #0x12345678, #0xFF ARM/ROM PNS
[DBG] ARM/ROM PNS: Got     6 vs     4: FAIL
[DBG] FAIL: mla #0x12345678, #0xFF ARM/WRAM
[DBG] ARM/WRAM: Got    11 vs     8: FAIL
[DBG] FAIL: mla #0x12345678, #0xFF ARM/IWRAM
[DBG] ARM/IWRAM: Got     6 vs     3: FAIL
[DBG] Timing test: mla #0xFF000000, #0xFF
[DBG] PASS: mla #0xFF000000, #0xFF ARM/ROM ...
[DBG] PASS: mla #0xFF000000, #0xFF ARM/ROM P..
[DBG] PASS: mla #0xFF000000, #0xFF ARM/ROM .N.
[DBG] PASS: mla #0xFF000000, #0xFF ARM/ROM PN.
[DBG] PASS: mla #0xFF000000, #0xFF ARM/ROM ..S
[DBG] PASS: mla #0xFF000000, #0xFF ARM/ROM P.S
[DBG] PASS: mla #0xFF000000, #0xFF ARM/ROM .NS
[DBG] PASS: mla #0xFF000000, #0xFF ARM/ROM PNS
[DBG] PASS: mla #0xFF000000, #0xFF ARM/WRAM
[DBG] PASS: mla #0xFF000000, #0xFF ARM/IWRAM
[DBG] Timing test: mla #0xFFFF0000, #0xFF
[DBG] FAIL: mla #0xFFFF0000, #0xFF ARM/ROM ...
[DBG] ARM/ROM ...: Got    12 vs    10: FAIL
[DBG] PASS: mla #0xFFFF0000, #0xFF ARM/ROM P..
[DBG] FAIL: mla #0xFFFF0000, #0xFF ARM/ROM .N.
[DBG] ARM/ROM .N.: Got    11 vs     9: FAIL
[DBG] PASS: mla #0xFFFF0000, #0xFF ARM/ROM PN.
[DBG] FAIL: mla #0xFFFF0000, #0xFF ARM/ROM ..S
[DBG] ARM/ROM ..S: Got    11 vs     9: FAIL
[DBG] FAIL: mla #0xFFFF0000, #0xFF ARM/ROM P.S
[DBG] ARM/ROM P.S: Got     5 vs     4: FAIL
[DBG] FAIL: mla #0xFFFF0000, #0xFF ARM/ROM .NS
[DBG] ARM/ROM .NS: Got    10 vs     8: FAIL
[DBG] FAIL: mla #0xFFFF0000, #0xFF ARM/ROM PNS
[DBG] ARM/ROM PNS: Got     5 vs     4: FAIL
[DBG] FAIL: mla #0xFFFF0000, #0xFF ARM/WRAM
[DBG] ARM/WRAM: Got    10 vs     8: FAIL
[DBG] FAIL: mla #0xFFFF0000, #0xFF ARM/IWRAM
[DBG] ARM/IWRAM: Got     5 vs     3: FAIL
[DBG] Timing test: mla #0xFFFFFF00, #0xFF
[DBG] FAIL: mla #0xFFFFFF00, #0xFF ARM/ROM ...
[DBG] ARM/ROM ...: Got    11 vs    10: FAIL
[DBG] PASS: mla #0xFFFFFF00, #0xFF ARM/ROM P..
[DBG] FAIL: mla #0xFFFFFF00, #0xFF ARM/ROM .N.
[DBG] ARM/ROM .N.: Got    10 vs     9: FAIL
[DBG] PASS: mla #0xFFFFFF00, #0xFF ARM/ROM PN.
[DBG] FAIL: mla #0xFFFFFF00, #0xFF ARM/ROM ..S
[DBG] ARM/ROM ..S: Got    10 vs     9: FAIL
[DBG] PASS: mla #0xFFFFFF00, #0xFF ARM/ROM P.S
[DBG] FAIL: mla #0xFFFFFF00, #0xFF ARM/ROM .NS
[DBG] ARM/ROM .NS: Got     9 vs     8: FAIL
[DBG] PASS: mla #0xFFFFFF00, #0xFF ARM/ROM PNS
[DBG] FAIL: mla #0xFFFFFF00, #0xFF ARM/WRAM
[DBG] ARM/WRAM: Got     9 vs     8: FAIL
[DBG] FAIL: mla #0xFFFFFF00, #0xFF ARM/IWRAM
[DBG] ARM/IWRAM: Got     4 vs     3: FAIL
[DBG] Timing test: mla #0xFFFFFFFF, #0xFF
[DBG] PASS: mla #0xFFFFFFFF, #0xFF ARM/ROM ...
[DBG] PASS: mla #0xFFFFFFFF, #0xFF ARM/ROM P..
[DBG] PASS: mla #0xFFFFFFFF, #0xFF ARM/ROM .N.
[DBG] PASS: mla #0xFFFFFFFF, #0xFF ARM/ROM PN.
[DBG] PASS: mla #0xFFFFFFFF, #0xFF ARM/ROM ..S
[DBG] PASS: mla #0xFFFFFFFF, #0xFF ARM/ROM P.S
[DBG] PASS: mla #0xFFFFFFFF, #0xFF ARM/ROM .NS
[DBG] PASS: mla #0xFFFFFFFF, #0xFF ARM/ROM PNS
[DBG] PASS: mla #0xFFFFFFFF, #0xFF ARM/WRAM
[DBG] PASS: mla #0xFFFFFFFF, #0xFF ARM/IWRAM
[DBG] Timing test: mla #0xFFFFFFFF, #0x00
[DBG] PASS: mla #0xFFFFFFFF, #0x00 ARM/ROM ...
[DBG] PASS: mla #0xFFFFFFFF, #0x00 ARM/ROM P..
[DBG] PASS: mla #0xFFFFFFFF, #0x00 ARM/ROM .N.
[DBG] PASS: mla #0xFFFFFFFF, #0x00 ARM/ROM PN.
[DBG] PASS: mla #0xFFFFFFFF, #0x00 ARM/ROM ..S
[DBG] PASS: mla #0xFFFFFFFF, #0x00 ARM/ROM P.S
[DBG] PASS: mla #0xFFFFFFFF, #0x00 ARM/ROM .NS
[DBG] PASS: mla #0xFFFFFFFF, #0x00 ARM/ROM PNS
[DBG] PASS: mla #0xFFFFFFFF, #0x00 ARM/WRAM
[DBG] PASS: mla #0xFFFFFFFF, #0x00 ARM/IWRAM
[DBG] Timing test: smull #0x00000000, #0xFF
[DBG] FAIL: smull #0x00000000, #0xFF ARM/ROM ...
[DBG] ARM/ROM ...: Got    11 vs    10: FAIL
[DBG] PASS: smull #0x00000000, #0xFF ARM/ROM P..
[DBG] FAIL: smull #0x00000000, #0xFF ARM/ROM .N.
[DBG] ARM/ROM .N.: Got    10 vs     9: FAIL
[DBG] PASS: smull #0x00000000, #0xFF ARM/ROM PN.
[DBG] FAIL: smull #0x00000000, #0xFF ARM/ROM ..S
[DBG] ARM/ROM ..S: Got    10 vs     9: FAIL
[DBG] PASS: smull #0x00000000, #0xFF ARM/ROM P.S
[DBG] FAIL: smull #0x00000000, #0xFF ARM/ROM .NS
[DBG] ARM/ROM .NS: Got     9 vs     8: FAIL
[DBG] PASS: smull #0x00000000, #0xFF ARM/ROM PNS
[DBG] FAIL: smull #0x00000000, #0xFF ARM/WRAM
[DBG] ARM/WRAM: Got     9 vs     8: FAIL
[DBG] FAIL: smull #0x00000000, #0xFF ARM/IWRAM
[DBG] ARM/IWRAM: Got     4 vs     3: FAIL
[DBG] Timing test: smull #0x00000078, #0xFF
[DBG] FAIL: smull #0x00000078, #0xFF ARM/ROM ...
[DBG] ARM/ROM ...: Got    11 vs    10: FAIL
[DBG] PASS: smull #0x00000078, #0xFF ARM/ROM P..
[DBG] FAIL: smull #0x00000078, #0xFF ARM/ROM .N.
[DBG] ARM/ROM .N.: Got    10 vs     9: FAIL
[DBG] PASS: smull #0x00000078, #0xFF ARM/ROM PN.
[DBG] FAIL: smull #0x00000078, #0xFF ARM/ROM ..S
[DBG] ARM/ROM ..S: Got    10 vs     9: FAIL
[DBG] PASS: smull #0x00000078, #0xFF ARM/ROM P.S
[DBG] FAIL: smull #0x00000078, #0xFF ARM/ROM .NS
[DBG] ARM/ROM .NS: Got     9 vs     8: FAIL
[DBG] PASS: smull #0x00000078, #0xFF ARM/ROM PNS
[DBG] FAIL: smull #0x00000078, #0xFF ARM/WRAM
[DBG] ARM/WRAM: Got     9 vs     8: FAIL
[DBG] FAIL: smull #0x00000078, #0xFF ARM/IWRAM
[DBG] ARM/IWRAM: Got     4 vs     3: FAIL
[DBG] Timing test: smull #0x00005678, #0xFF
[DBG] FAIL: smull #0x00005678, #0xFF ARM/ROM ...
[DBG] ARM/ROM ...: Got    12 vs    11: FAIL
[DBG] PASS: smull #0x00005678, #0xFF ARM/ROM P..
[DBG] FAIL: smull #0x00005678, #0xFF ARM/ROM .N.
[DBG] ARM/ROM .N.: Got    11 vs    10: FAIL
[DBG] PASS: smull #0x00005678, #0xFF ARM/ROM PN.
[DBG] FAIL: smull #0x00005678, #0xFF ARM/ROM ..S
[DBG] ARM/ROM ..S: Got    11 vs    10: FAIL
[DBG] FAIL: smull #0x00005678, #0xFF ARM/ROM P.S
[DBG] ARM/ROM P.S: Got     5 vs     4: FAIL
[DBG] FAIL: smull #0x00005678, #0xFF ARM/ROM .NS
[DBG] ARM/ROM .NS: Got    10 vs     9: FAIL
[DBG] FAIL: smull #0x00005678, #0xFF ARM/ROM PNS
[DBG] ARM/ROM PNS: Got     5 vs     4: FAIL
[DBG] FAIL: smull #0x00005678, #0xFF ARM/WRAM
[DBG] ARM/WRAM: Got    10 vs     9: FAIL
[DBG] FAIL: smull #0x00005678, #0xFF ARM/IWRAM
[DBG] ARM/IWRAM: Got     5 vs     4: FAIL
[DBG] Timing test: smull #0x00345678, #0xFF
[DBG] FAIL: smull #0x00345678, #0xFF ARM/ROM ...
[DBG] ARM/ROM ...: Got    13 vs    12: FAIL
[DBG] PASS: smull #0x00345678, #0xFF ARM/ROM P..
[DBG] FAIL: smull #0x00345678, #0xFF ARM/ROM .N.
[DBG] ARM/ROM .N.: Got    12 vs    11: FAIL
[DBG] PASS: smull #0x00345678, #0xFF ARM/ROM PN.
[DBG] FAIL: smull #0x00345678, #0xFF ARM/ROM ..S
[DBG] ARM/ROM ..S: Got    12 vs    11: FAIL
[DBG] FAIL: smull #0x00345678, #0xFF ARM/ROM P.S
[DBG] ARM/ROM P.S: Got     6 vs     5: FAIL
[DBG] FAIL: smull #0x00345678, #0xFF ARM/ROM .NS
[DBG] ARM/ROM .NS: Got    11 vs    10: FAIL
[DBG] FAIL: smull #0x00345678, #0xFF ARM/ROM PNS
[DBG] ARM/ROM PNS: Got     6 vs     5: FAIL
[DBG] FAIL: smull #0x00345678, #0xFF ARM/WRAM
[DBG] ARM/WRAM: Got    11 vs    10: FAIL
[DBG] FAIL: smull #0x00345678, #0xFF ARM/IWRAM
[DBG] ARM/IWRAM: Got     6 vs     5: FAIL
[DBG] Timing test: smull #0x12345678, #0xFF
[DBG] FAIL: smull #0x12345678, #0xFF ARM/ROM ...
[DBG] ARM/ROM ...: Got    14 vs    13: FAIL
[DBG] FAIL: smull #0x12345678, #0xFF ARM/ROM P..
[DBG] ARM/ROM P..: Got     7 vs     6: FAIL
[DBG] FAIL: smull #0x12345678, #0xFF ARM/ROM .N.
[DBG] ARM/ROM .N.: Got    13 vs    12: FAIL
[DBG] FAIL: smull #0x12345678, #0xFF ARM/ROM PN.
[DBG] ARM/ROM PN.: Got     7 vs     6: FAIL
[DBG] FAIL: smull #0x12345678, #0xFF ARM/ROM ..S
[DBG] ARM/ROM ..S: Got    13 vs    12: FAIL
[DBG] FAIL: smull #0x12345678, #0xFF ARM/ROM P.S
[DBG] ARM/ROM P.S: Got     7 vs     6: FAIL
[DBG] FAIL: smull #0x12345678, #0xFF ARM/ROM .NS
[DBG] ARM/ROM .NS: Got    12 vs    11: FAIL
[DBG] FAIL: smull #0x12345678, #0xFF ARM/ROM PNS
[DBG] ARM/ROM PNS: Got     7 vs     6: FAIL
[DBG] FAIL: smull #0x12345678, #0xFF ARM/WRAM
[DBG] ARM/WRAM: Got    12 vs    11: FAIL
[DBG] FAIL: smull #0x12345678, #0xFF ARM/IWRAM
[DBG] ARM/IWRAM: Got     7 vs     6: FAIL
[DBG] Timing test: smull #0xFF000000, #0xFF
[DBG] FAIL: smull #0xFF000000, #0xFF ARM/ROM ...
[DBG] ARM/ROM ...: Got    13 vs    12: FAIL
[DBG] PASS: smull #0xFF000000, #0xFF ARM/ROM P..
[DBG] FAIL: smull #0xFF000000, #0xFF ARM/ROM .N.
[DBG] ARM/ROM .N.: Got    12 vs    11: FAIL
[DBG] PASS: smull #0xFF000000, #0xFF ARM/ROM PN.
[DBG] FAIL: smull #0xFF000000, #0xFF ARM/ROM ..S
[DBG] ARM/ROM ..S: Got    12 vs    11: FAIL
[DBG] FAIL: smull #0xFF000000, #0xFF ARM/ROM P.S
[DBG] ARM/ROM P.S: Got     6 vs     5: FAIL
[DBG] FAIL: smull #0xFF000000, #0xFF ARM/ROM .NS
[DBG] ARM/ROM .NS: Got    11 vs    10: FAIL
[DBG] FAIL: smull #0xFF000000, #0xFF ARM/ROM PNS
[DBG] ARM/ROM PNS: Got     6 vs     5: FAIL
[DBG] FAIL: smull #0xFF000000, #0xFF ARM/WRAM
[DBG] ARM/WRAM: Got    11 vs    10: FAIL
[DBG] FAIL: smull #0xFF000000, #0xFF ARM/IWRAM
[DBG] ARM/IWRAM: Got     6 vs     5: FAIL
[DBG] Timing test: smull #0xFFFF0000, #0xFF
[DBG] FAIL: smull #0xFFFF0000, #0xFF ARM/ROM ...
[DBG] ARM/ROM ...: Got    12 vs    11: FAIL
[DBG] PASS: smull #0xFFFF0000, #0xFF ARM/ROM P..
[DBG] FAIL: smull #0xFFFF0000, #0xFF ARM/ROM .N.
[DBG] ARM/ROM .N.: Got    11 vs    10: FAIL
[DBG] PASS: smull #0xFFFF0000, #0xFF ARM/ROM PN.
[DBG] FAIL: smull #0xFFFF0000, #0xFF ARM/ROM ..S
[DBG] ARM/ROM ..S: Got    11 vs    10: FAIL
[DBG] FAIL: smull #0xFFFF0000, #0xFF ARM/ROM P.S
[DBG] ARM/ROM P.S: Got     5 vs     4: FAIL
[DBG] FAIL: smull #0xFFFF0000, #0xFF ARM/ROM .NS
[DBG] ARM/ROM .NS: Got    10 vs     9: FAIL
[DBG] FAIL: smull #0xFFFF0000, #0xFF ARM/ROM PNS
[DBG] ARM/ROM PNS: Got     5 vs     4: FAIL
[DBG] FAIL: smull #0xFFFF0000, #0xFF ARM/WRAM
[DBG] ARM/WRAM: Got    10 vs     9: FAIL
[DBG] FAIL: smull #0xFFFF0000, #0xFF ARM/IWRAM
[DBG] ARM/IWRAM: Got     5 vs     4: FAIL
[DBG] Timing test: smull #0xFFFFFF00, #0xFF
[DBG] FAIL: smull #0xFFFFFF00, #0xFF ARM/ROM ...
[DBG] ARM/ROM ...: Got    11 vs    10: FAIL
[DBG] PASS: smull #0xFFFFFF00, #0xFF ARM/ROM P..
[DBG] FAIL: smull #0xFFFFFF00, #0xFF ARM/ROM .N.
[DBG] ARM/ROM .N.: Got    10 vs     9: FAIL
[DBG] PASS: smull #0xFFFFFF00, #0xFF ARM/ROM PN.
[DBG] FAIL: smull #0xFFFFFF00, #0xFF ARM/ROM ..S
[DBG] ARM/ROM ..S: Got    10 vs     9: FAIL
[DBG] PASS: smull #0xFFFFFF00, #0xFF ARM/ROM P.S
[DBG] FAIL: smull #0xFFFFFF00, #0xFF ARM/ROM .NS
[DBG] ARM/ROM .NS: Got     9 vs     8: FAIL
[DBG] PASS: smull #0xFFFFFF00, #0xFF ARM/ROM PNS
[DBG] FAIL: smull #0xFFFFFF00, #0xFF ARM/WRAM
[DBG] ARM/WRAM: Got     9 vs     8: FAIL
[DBG] FAIL: smull #0xFFFFFF00, #0xFF ARM/IWRAM
[DBG] ARM/IWRAM: Got     4 vs     3: FAIL
[DBG] Timing test: smull #0xFFFFFFFF, #0xFF
[DBG] FAIL: smull #0xFFFFFFFF, #0xFF ARM/ROM ...
[DBG] ARM/ROM ...: Got    11 vs    10: FAIL
[DBG] PASS: smull #0xFFFFFFFF, #0xFF ARM/ROM P..
[DBG] FAIL: smull #0xFFFFFFFF, #0xFF ARM/ROM .N.
[DBG] ARM/ROM .N.: Got    10 vs     9: FAIL
[DBG] PASS: smull #0xFFFFFFFF, #0xFF ARM/ROM PN.
[DBG] FAIL: smull #0xFFFFFFFF, #0xFF ARM/ROM ..S
[DBG] ARM/ROM ..S: Got    10 vs     9: FAIL
[DBG] PASS: smull #0xFFFFFFFF, #0xFF ARM/ROM P.S
[DBG] FAIL: smull #0xFFFFFFFF, #0xFF ARM/ROM .NS
[DBG] ARM/ROM .NS: Got     9 vs     8: FAIL
[DBG] PASS: smull #0xFFFFFFFF, #0xFF ARM/ROM PNS
[DBG] FAIL: smull #0xFFFFFFFF, #0xFF ARM/WRAM
[DBG] ARM/WRAM: Got     9 vs     8: FAIL
[DBG] FAIL: smull #0xFFFFFFFF, #0xFF ARM/IWRAM
[DBG] ARM/IWRAM: Got     4 vs     3: FAIL
[DBG] Timing test: smull #0xFFFFFFFF, #0x00
[DBG] FAIL: smull #0xFFFFFFFF, #0x00 ARM/ROM ...
[DBG] ARM/ROM ...: Got    11 vs    10: FAIL
[DBG] PASS: smull #0xFFFFFFFF, #0x00 ARM/ROM P..
[DBG] FAIL: smull #0xFFFFFFFF, #0x00 ARM/ROM .N.
[DBG] ARM/ROM .N.: Got    10 vs     9: FAIL
[DBG] PASS: smull #0xFFFFFFFF, #0x00 ARM/ROM PN.
[DBG] FAIL: smull #0xFFFFFFFF, #0x00 ARM/ROM ..S
[DBG] ARM/ROM ..S: Got    10 vs     9: FAIL
[DBG] PASS: smull #0xFFFFFFFF, #0x00 ARM/ROM P.S
[DBG] FAIL: smull #0xFFFFFFFF, #0x00 ARM/ROM .NS
[DBG] ARM/ROM .NS: Got     9 vs     8: FAIL
[DBG] PASS: smull #0xFFFFFFFF, #0x00 ARM/ROM PNS
[DBG] FAIL: smull #0xFFFFFFFF, #0x00 ARM/WRAM
[DBG] ARM/WRAM: Got     9 vs     8: FAIL
[DBG] FAIL: smull #0xFFFFFFFF, #0x00 ARM/IWRAM
[DBG] ARM/IWRAM: Got     4 vs     3: FAIL
[DBG] Timing test: smlal #0x00000000, #0xFF
[DBG] FAIL: smlal #0x00000000, #0xFF ARM/ROM ...
[DBG] ARM/ROM ...: Got    12 vs    11: FAIL
[DBG] PASS: smlal #0x00000000, #0xFF ARM/ROM P..
[DBG] FAIL: smlal #0x00000000, #0xFF ARM/ROM .N.
[DBG] ARM/ROM .N.: Got    11 vs    10: FAIL
[DBG] PASS: smlal #0x00000000, #0xFF ARM/ROM PN.
[DBG] FAIL: smlal #0x00000000, #0xFF ARM/ROM ..S
[DBG] ARM/ROM ..S: Got    11 vs    10: FAIL
[DBG] FAIL: smlal #0x00000000, #0xFF ARM/ROM P.S
[DBG] ARM/ROM P.S: Got     5 vs     4: FAIL
[DBG] FAIL: smlal #0x00000000, #0xFF ARM/ROM .NS
[DBG] ARM/ROM .NS: Got    10 vs     9: FAIL
[DBG] FAIL: smlal #0x00000000, #0xFF ARM/ROM PNS
[DBG] ARM/ROM PNS: Got     5 vs     4: FAIL
[DBG] FAIL: smlal #0x00000000, #0xFF ARM/WRAM
[DBG] ARM/WRAM: Got    10 vs     9: FAIL
[DBG] FAIL: smlal #0x00000000, #0xFF ARM/IWRAM
[DBG] ARM/IWRAM: Got     5 vs     4: FAIL
[DBG] Timing test: smlal #0x00000078, #0xFF
[DBG] FAIL: smlal #0x00000078, #0xFF ARM/ROM ...
[DBG] ARM/ROM ...: Got    12 vs    11: FAIL
[DBG] PASS: smlal #0x00000078, #0xFF ARM/ROM P..
[DBG] FAIL: smlal #0x00000078, #0xFF ARM/ROM .N.
[DBG] ARM/ROM .N.: Got    11 vs    10: FAIL
[DBG] PASS: smlal #0x00000078, #0xFF ARM/ROM PN.
[DBG] FAIL: smlal #0x00000078, #0xFF ARM/ROM ..S
[DBG] ARM/ROM ..S: Got    11 vs    10: FAIL
[DBG] FAIL: smlal #0x00000078, #0xFF ARM/ROM P.S
[DBG] ARM/ROM P.S: Got     5 vs     4: FAIL
[DBG] FAIL: smlal #0x00000078, #0xFF ARM/ROM .NS
[DBG] ARM/ROM .NS: Got    10 vs     9: FAIL
[DBG] FAIL: smlal #0x00000078, #0xFF ARM/ROM PNS
[DBG] ARM/ROM PNS: Got     5 vs     4: FAIL
[DBG] FAIL: smlal #0x00000078, #0xFF ARM/WRAM
[DBG] ARM/WRAM: Got    10 vs     9: FAIL
[DBG] FAIL: smlal #0x00000078, #0xFF ARM/IWRAM
[DBG] ARM/IWRAM: Got     5 vs     4: FAIL
[DBG] Timing test: smlal #0x00005678, #0xFF
[DBG] FAIL: smlal #0x00005678, #0xFF ARM/ROM ...
[DBG] ARM/ROM ...: Got    13 vs    12: FAIL
[DBG] PASS: smlal #0x00005678, #0xFF ARM/ROM P..
[DBG] FAIL: smlal #0x00005678, #0xFF ARM/ROM .N.
[DBG] ARM/ROM .N.: Got    12 vs    11: FAIL
[DBG] PASS: smlal #0x00005678, #0xFF ARM/ROM PN.
[DBG] FAIL: smlal #0x00005678, #0xFF ARM/ROM ..S
[DBG] ARM/ROM ..S: Got    12 vs    11: FAIL
[DBG] FAIL: smlal #0x00005678, #0xFF ARM/ROM P.S
[DBG] ARM/ROM P.S: Got     6 vs     5: FAIL
[DBG] FAIL: smlal #0x00005678, #0xFF ARM/ROM .NS
[DBG] ARM/ROM .NS: Got    11 vs    10: FAIL
[DBG] FAIL: smlal #0x00005678, #0xFF ARM/ROM PNS
[DBG] ARM/ROM PNS: Got     6 vs     5: FAIL
[DBG] FAIL: smlal #0x00005678, #0xFF ARM/WRAM
[DBG] ARM/WRAM: Got    11 vs    10: FAIL
[DBG] FAIL: smlal #0x00005678, #0xFF ARM/IWRAM
[DBG] ARM/IWRAM: Got     6 vs     5: FAIL
[DBG] Timing test: smlal #0x00345678, #0xFF
[DBG] FAIL: smlal #0x00345678, #0xFF ARM/ROM ...
[DBG] ARM/ROM ...: Got    14 vs    13: FAIL
[DBG] FAIL: smlal #0x00345678, #0xFF ARM/ROM P..
[DBG] ARM/ROM P..: Got     7 vs     6: FAIL
[DBG] FAIL: smlal #0x00345678, #0xFF ARM/ROM .N.
[DBG] ARM/ROM .N.: Got    13 vs    12: FAIL
[DBG] FAIL: smlal #0x00345678, #0xFF ARM/ROM PN.
[DBG] ARM/ROM PN.: Got     7 vs     6: FAIL
[DBG] FAIL: smlal #0x00345678, #0xFF ARM/ROM ..S
[DBG] ARM/ROM ..S: Got    13 vs    12: FAIL
[DBG] FAIL: smlal #0x00345678, #0xFF ARM/ROM P.S
[DBG] ARM/ROM P.S: Got     7 vs     6: FAIL
[DBG] FAIL: smlal #0x00345678, #0xFF ARM/ROM .NS
[DBG] ARM/ROM .NS: Got    12 vs    11: FAIL
[DBG] FAIL: smlal #0x00345678, #0xFF ARM/ROM PNS
[DBG] ARM/ROM PNS: Got     7 vs     6: FAIL
[DBG] FAIL: smlal #0x00345678, #0xFF ARM/WRAM
[DBG] ARM/WRAM: Got    12 vs    11: FAIL
[DBG] FAIL: smlal #0x00345678, #0xFF ARM/IWRAM
[DBG] ARM/IWRAM: Got     7 vs     6: FAIL
[DBG] Timing test: smlal #0x12345678, #0xFF
[DBG] FAIL: smlal #0x12345678, #0xFF ARM/ROM ...
[DBG] ARM/ROM ...: Got    15 vs    14: FAIL
[DBG] FAIL: smlal #0x12345678, #0xFF ARM/ROM P..
[DBG] ARM/ROM P..: Got     8 vs     7: FAIL
[DBG] FAIL: smlal #0x12345678, #0xFF ARM/ROM .N.
[DBG] ARM/ROM .N.: Got    14 vs    13: FAIL
[DBG] FAIL: smlal #0x12345678, #0xFF ARM/ROM PN.
[DBG] ARM/ROM PN.: Got     8 vs     7: FAIL
[DBG] FAIL: smlal #0x12345678, #0xFF ARM/ROM ..S
[DBG] ARM/ROM ..S: Got    14 vs    13: FAIL
[DBG] FAIL: smlal #0x12345678, #0xFF ARM/ROM P.S
[DBG] ARM/ROM P.S: Got     8 vs     7: FAIL
[DBG] FAIL: smlal #0x12345678, #0xFF ARM/ROM .NS
[DBG] ARM/ROM .NS: Got    13 vs    12: FAIL
[DBG] FAIL: smlal #0x12345678, #0xFF ARM/ROM PNS
[DBG] ARM/ROM PNS: Got     8 vs     7: FAIL
[DBG] FAIL: smlal #0x12345678, #0xFF ARM/WRAM
[DBG] ARM/WRAM: Got    13 vs    12: FAIL
[DBG] FAIL: smlal #0x12345678, #0xFF ARM/IWRAM
[DBG] ARM/IWRAM: Got     8 vs     7: FAIL
[DBG] Timing test: smlal #0xFF000000, #0xFF
[DBG] FAIL: smlal #0xFF000000, #0xFF ARM/ROM ...
[DBG] ARM/ROM ...: Got    14 vs    13: FAIL
[DBG] FAIL: smlal #0xFF000000, #0xFF ARM/ROM P..
[DBG] ARM/ROM P..: Got     7 vs     6: FAIL
[DBG] FAIL: smlal #0xFF000000, #0xFF ARM/ROM .N.
[DBG] ARM/ROM .N.: Got    13 vs    12: FAIL
[DBG] FAIL: smlal #0xFF000000, #0xFF ARM/ROM PN.
[DBG] ARM/ROM PN.: Got     7 vs     6: FAIL
[DBG] FAIL: smlal #0xFF000000, #0xFF ARM/ROM ..S
[DBG] ARM/ROM ..S: Got    13 vs    12: FAIL
[DBG] FAIL: smlal #0xFF000000, #0xFF ARM/ROM P.S
[DBG] ARM/ROM P.S: Got     7 vs     6: FAIL
[DBG] FAIL: smlal #0xFF000000, #0xFF ARM/ROM .NS
[DBG] ARM/ROM .NS: Got    12 vs    11: FAIL
[DBG] FAIL: smlal #0xFF000000, #0xFF ARM/ROM PNS
[DBG] ARM/ROM PNS: Got     7 vs     6: FAIL
[DBG] FAIL: smlal #0xFF000000, #0xFF ARM/WRAM
[DBG] ARM/WRAM: Got    12 vs    11: FAIL
[DBG] FAIL: smlal #0xFF000000, #0xFF ARM/IWRAM
[DBG] ARM/IWRAM: Got     7 vs     6: FAIL
[DBG] Timing test: smlal #0xFFFF0000, #0xFF
[DBG] FAIL: smlal #0xFFFF0000, #0xFF ARM/ROM ...
[DBG] ARM/ROM ...: Got    13 vs    12: FAIL
[DBG] PASS: smlal #0xFFFF0000, #0xFF ARM/ROM P..
[DBG] FAIL: smlal #0xFFFF0000, #0xFF ARM/ROM .N.
[DBG] ARM/ROM .N.: Got    12 vs    11: FAIL
[DBG] PASS: smlal #0xFFFF0000, #0xFF ARM/ROM PN.
[DBG] FAIL: smlal #0xFFFF0000, #0xFF ARM/ROM ..S
[DBG] ARM/ROM ..S: Got    12 vs    11: FAIL
[DBG] FAIL: smlal #0xFFFF0000, #0xFF ARM/ROM P.S
[DBG] ARM/ROM P.S: Got     6 vs     5: FAIL
[DBG] FAIL: smlal #0xFFFF0000, #0xFF ARM/ROM .NS
[DBG] ARM/ROM .NS: Got    11 vs    10: FAIL
[DBG] FAIL: smlal #0xFFFF0000, #0xFF ARM/ROM PNS
[DBG] ARM/ROM PNS: Got     6 vs     5: FAIL
[DBG] FAIL: smlal #0xFFFF0000, #0xFF ARM/WRAM
[DBG] ARM/WRAM: Got    11 vs    10: FAIL
[DBG] FAIL: smlal #0xFFFF0000, #0xFF ARM/IWRAM
[DBG] ARM/IWRAM: Got     6 vs     5: FAIL
[DBG] Timing test: smlal #0xFFFFFF00, #0xFF
[DBG] FAIL: smlal #0xFFFFFF00, #0xFF ARM/ROM ...
[DBG] ARM/ROM ...: Got    12 vs    11: FAIL
[DBG] PASS: smlal #0xFFFFFF00, #0xFF ARM/ROM P..
[DBG] FAIL: smlal #0xFFFFFF00, #0xFF ARM/ROM .N.
[DBG] ARM/ROM .N.: Got    11 vs    10: FAIL
[DBG] PASS: smlal #0xFFFFFF00, #0xFF ARM/ROM PN.
[DBG] FAIL: smlal #0xFFFFFF00, #0xFF ARM/ROM ..S
[DBG] ARM/ROM ..S: Got    11 vs    10: FAIL
[DBG] FAIL: smlal #0xFFFFFF00, #0xFF ARM/ROM P.S
[DBG] ARM/ROM P.S: Got     5 vs     4: FAIL
[DBG] FAIL: smlal #0xFFFFFF00, #0xFF ARM/ROM .NS
[DBG] ARM/ROM .NS: Got    10 vs     9: FAIL
[DBG] FAIL: smlal #0xFFFFFF00, #0xFF ARM/ROM PNS
[DBG] ARM/ROM PNS: Got     5 vs     4: FAIL
[DBG] FAIL: smlal #0xFFFFFF00, #0xFF ARM/WRAM
[DBG] ARM/WRAM: Got    10 vs     9: FAIL
[DBG] FAIL: smlal #0xFFFFFF00, #0xFF ARM/IWRAM
[DBG] ARM/IWRAM: Got     5 vs     4: FAIL
[DBG] Timing test: smlal #0xFFFFFFFF, #0xFF
[DBG] FAIL: smlal #0xFFFFFFFF, #0xFF ARM/ROM ...
[DBG] ARM/ROM ...: Got    12 vs    11: FAIL
[DBG] PASS: smlal #0xFFFFFFFF, #0xFF ARM/ROM P..
[DBG] FAIL: smlal #0xFFFFFFFF, #0xFF ARM/ROM .N.
[DBG] ARM/ROM .N.: Got    11 vs    10: FAIL
[DBG] PASS: smlal #0xFFFFFFFF, #0xFF ARM/ROM PN.
[DBG] FAIL: smlal #0xFFFFFFFF, #0xFF ARM/ROM ..S
[DBG] ARM/ROM ..S: Got    11 vs    10: FAIL
[DBG] FAIL: smlal #0xFFFFFFFF, #0xFF ARM/ROM P.S
[DBG] ARM/ROM P.S: Got     5 vs     4: FAIL
[DBG] FAIL: smlal #0xFFFFFFFF, #0xFF ARM/ROM .NS
[DBG] ARM/ROM .NS: Got    10 vs     9: FAIL
[DBG] FAIL: smlal #0xFFFFFFFF, #0xFF ARM/ROM PNS
[DBG] ARM/ROM PNS: Got     5 vs     4: FAIL
[DBG] FAIL: smlal #0xFFFFFFFF, #0xFF ARM/WRAM
[DBG] ARM/WRAM: Got    10 vs     9: FAIL
[DBG] FAIL: smlal #0xFFFFFFFF, #0xFF ARM/IWRAM
[DBG] ARM/IWRAM: Got     5 vs     4: FAIL
[DBG] Timing test: smlal #0xFFFFFFFF, #0x00
[DBG] FAIL: smlal #0xFFFFFFFF, #0x00 ARM/ROM ...
[DBG] ARM/ROM ...: Got    12 vs    11: FAIL
[DBG] PASS: smlal #0xFFFFFFFF, #0x00 ARM/ROM P..
[DBG] FAIL: smlal #0xFFFFFFFF, #0x00 ARM/ROM .N.
[DBG] ARM/ROM .N.: Got    11 vs    10: FAIL
[DBG] PASS: smlal #0xFFFFFFFF, #0x00 ARM/ROM PN.
[DBG] FAIL: smlal #0xFFFFFFFF, #0x00 ARM/ROM ..S
[DBG] ARM/ROM ..S: Got    11 vs    10: FAIL
[DBG] FAIL: smlal #0xFFFFFFFF, #0x00 ARM/ROM P.S
[DBG] ARM/ROM P.S: Got     5 vs     4: FAIL
[DBG] FAIL: smlal #0xFFFFFFFF, #0x00 ARM/ROM .NS
[DBG] ARM/ROM .NS: Got    10 vs     9: FAIL
[DBG] FAIL: smlal #0xFFFFFFFF, #0x00 ARM/ROM PNS
[DBG] ARM/ROM PNS: Got     5 vs     4: FAIL
[DBG] FAIL: smlal #0xFFFFFFFF, #0x00 ARM/WRAM
[DBG] ARM/WRAM: Got    10 vs     9: FAIL
[DBG] FAIL: smlal #0xFFFFFFFF, #0x00 ARM/IWRAM
[DBG] ARM/IWRAM: Got     5 vs     4: FAIL
[DBG] Timing test: umull #0x00000000, #0xFF
[DBG] FAIL: umull #0x00000000, #0xFF ARM/ROM ...
[DBG] ARM/ROM ...: Got    11 vs    10: FAIL
[DBG] PASS: umull #0x00000000, #0xFF ARM/ROM P..
[DBG] FAIL: umull #0x00000000, #0xFF ARM/ROM .N.
[DBG] ARM/ROM .N.: Got    10 vs     9: FAIL
[DBG] PASS: umull #0x00000000, #0xFF ARM/ROM PN.
[DBG] FAIL: umull #0x00000000, #0xFF ARM/ROM ..S
[DBG] ARM/ROM ..S: Got    10 vs     9: FAIL
[DBG] PASS: umull #0x00000000, #0xFF ARM/ROM P.S
[DBG] FAIL: umull #0x00000000, #0xFF ARM/ROM .NS
[DBG] ARM/ROM .NS: Got     9 vs     8: FAIL
[DBG] PASS: umull #0x00000000, #0xFF ARM/ROM PNS
[DBG] FAIL: umull #0x00000000, #0xFF ARM/WRAM
[DBG] ARM/WRAM: Got     9 vs     8: FAIL
[DBG] FAIL: umull #0x00000000, #0xFF ARM/IWRAM
[DBG] ARM/IWRAM: Got     4 vs     3: FAIL
[DBG] Timing test: umull #0x00000078, #0xFF
[DBG] FAIL: umull #0x00000078, #0xFF ARM/ROM ...
[DBG] ARM/ROM ...: Got    11 vs    10: FAIL
[DBG] PASS: umull #0x00000078, #0xFF ARM/ROM P..
[DBG] FAIL: umull #0x00000078, #0xFF ARM/ROM .N.
[DBG] ARM/ROM .N.: Got    10 vs     9: FAIL
[DBG] PASS: umull #0x00000078, #0xFF ARM/ROM PN.
[DBG] FAIL: umull #0x00000078, #0xFF ARM/ROM ..S
[DBG] ARM/ROM ..S: Got    10 vs     9: FAIL
[DBG] PASS: umull #0x00000078, #0xFF ARM/ROM P.S
[DBG] FAIL: umull #0x00000078, #0xFF ARM/ROM .NS
[DBG] ARM/ROM .NS: Got     9 vs     8: FAIL
[DBG] PASS: umull #0x00000078, #0xFF ARM/ROM PNS
[DBG] FAIL: umull #0x00000078, #0xFF ARM/WRAM
[DBG] ARM/WRAM: Got     9 vs     8: FAIL
[DBG] FAIL: umull #0x00000078, #0xFF ARM/IWRAM
[DBG] ARM/IWRAM: Got     4 vs     3: FAIL
[DBG] Timing test: umull #0x00005678, #0xFF
[DBG] FAIL: umull #0x00005678, #0xFF ARM/ROM ...
[DBG] ARM/ROM ...: Got    12 vs    11: FAIL
[DBG] PASS: umull #0x00005678, #0xFF ARM/ROM P..
[DBG] FAIL: umull #0x00005678, #0xFF ARM/ROM .N.
[DBG] ARM/ROM .N.: Got    11 vs    10: FAIL
[DBG] PASS: umull #0x00005678, #0xFF ARM/ROM PN.
[DBG] FAIL: umull #0x00005678, #0xFF ARM/ROM ..S
[DBG] ARM/ROM ..S: Got    11 vs    10: FAIL
[DBG] FAIL: umull #0x00005678, #0xFF ARM/ROM P.S
[DBG] ARM/ROM P.S: Got     5 vs     4: FAIL
[DBG] FAIL: umull #0x00005678, #0xFF ARM/ROM .NS
[DBG] ARM/ROM .NS: Got    10 vs     9: FAIL
[DBG] FAIL: umull #0x00005678, #0xFF ARM/ROM PNS
[DBG] ARM/ROM PNS: Got     5 vs     4: FAIL
[DBG] FAIL: umull #0x00005678, #0xFF ARM/WRAM
[DBG] ARM/WRAM: Got    10 vs     9: FAIL
[DBG] FAIL: umull #0x00005678, #0xFF ARM/IWRAM
[DBG] ARM/IWRAM: Got     5 vs     4: FAIL
[DBG] Timing test: umull #0x00345678, #0xFF
[DBG] FAIL: umull #0x00345678, #0xFF ARM/ROM ...
[DBG] ARM/ROM ...: Got    13 vs    12: FAIL
[DBG] PASS: umull #0x00345678, #0xFF ARM/ROM P..
[DBG] FAIL: umull #0x00345678, #0xFF ARM/ROM .N.
[DBG] ARM/ROM .N.: Got    12 vs    11: FAIL
[DBG] PASS: umull #0x00345678, #0xFF ARM/ROM PN.
[DBG] FAIL: umull #0x00345678, #0xFF ARM/ROM ..S
[DBG] ARM/ROM ..S: Got    12 vs    11: FAIL
[DBG] FAIL: umull #0x00345678, #0xFF ARM/ROM P.S
[DBG] ARM/ROM P.S: Got     6 vs     5: FAIL
[DBG] FAIL: umull #0x00345678, #0xFF ARM/ROM .NS
[DBG] ARM/ROM .NS: Got    11 vs    10: FAIL
[DBG] FAIL: umull #0x00345678, #0xFF ARM/ROM PNS
[DBG] ARM/ROM PNS: Got     6 vs     5: FAIL
[DBG] FAIL: umull #0x00345678, #0xFF ARM/WRAM
[DBG] ARM/WRAM: Got    11 vs    10: FAIL
[DBG] FAIL: umull #0x00345678, #0xFF ARM/IWRAM
[DBG] ARM/IWRAM: Got     6 vs     5: FAIL
[DBG] Timing test: umull #0x12345678, #0xFF
[DBG] FAIL: umull #0x12345678, #0xFF ARM/ROM ...
[DBG] ARM/ROM ...: Got    14 vs    13: FAIL
[DBG] FAIL: umull #0x12345678, #0xFF ARM/ROM P..
[DBG] ARM/ROM P..: Got     7 vs     6: FAIL
[DBG] FAIL: umull #0x12345678, #0xFF ARM/ROM .N.
[DBG] ARM/ROM .N.: Got    13 vs    12: FAIL
[DBG] FAIL: umull #0x12345678, #0xFF ARM/ROM PN.
[DBG] ARM/ROM PN.: Got     7 vs     6: FAIL
[DBG] FAIL: umull #0x12345678, #0xFF ARM/ROM ..S
[DBG] ARM/ROM ..S: Got    13 vs    12: FAIL
[DBG] FAIL: umull #0x12345678, #0xFF ARM/ROM P.S
[DBG] ARM/ROM P.S: Got     7 vs     6: FAIL
[DBG] FAIL: umull #0x12345678, #0xFF ARM/ROM .NS
[DBG] ARM/ROM .NS: Got    12 vs    11: FAIL
[DBG] FAIL: umull #0x12345678, #0xFF ARM/ROM PNS
[DBG] ARM/ROM PNS: Got     7 vs     6: FAIL
[DBG] FAIL: umull #0x12345678, #0xFF ARM/WRAM
[DBG] ARM/WRAM: Got    12 vs    11: FAIL
[DBG] FAIL: umull #0x12345678, #0xFF ARM/IWRAM
[DBG] ARM/IWRAM: Got     7 vs     6: FAIL
[DBG] Timing test: umull #0xFF000000, #0xFF
[DBG] FAIL: umull #0xFF000000, #0xFF ARM/ROM ...
[DBG] ARM/ROM ...: Got    14 vs    13: FAIL
[DBG] FAIL: umull #0xFF000000, #0xFF ARM/ROM P..
[DBG] ARM/ROM P..: Got     7 vs     6: FAIL
[DBG] FAIL: umull #0xFF000000, #0xFF ARM/ROM .N.
[DBG] ARM/ROM .N.: Got    13 vs    12: FAIL
[DBG] FAIL: umull #0xFF000000, #0xFF ARM/ROM PN.
[DBG] ARM/ROM PN.: Got     7 vs     6: FAIL
[DBG] FAIL: umull #0xFF000000, #0xFF ARM/ROM ..S
[DBG] ARM/ROM ..S: Got    13 vs    12: FAIL
[DBG] FAIL: umull #0xFF000000, #0xFF ARM/ROM P.S
[DBG] ARM/ROM P.S: Got     7 vs     6: FAIL
[DBG] FAIL: umull #0xFF000000, #0xFF ARM/ROM .NS
[DBG] ARM/ROM .NS: Got    12 vs    11: FAIL
[DBG] FAIL: umull #0xFF000000, #0xFF ARM/ROM PNS
[DBG] ARM/ROM PNS: Got     7 vs     6: FAIL
[DBG] FAIL: umull #0xFF000000, #0xFF ARM/WRAM
[DBG] ARM/WRAM: Got    12 vs    11: FAIL
[DBG] FAIL: umull #0xFF000000, #0xFF ARM/IWRAM
[DBG] ARM/IWRAM: Got     7 vs     6: FAIL
[DBG] Timing test: umull #0xFFFF0000, #0xFF
[DBG] FAIL: umull #0xFFFF0000, #0xFF ARM/ROM ...
[DBG] ARM/ROM ...: Got    14 vs    13: FAIL
[DBG] FAIL: umull #0xFFFF0000, #0xFF ARM/ROM P..
[DBG] ARM/ROM P..: Got     7 vs     6: FAIL
[DBG] FAIL: umull #0xFFFF0000, #0xFF ARM/ROM .N.
[DBG] ARM/ROM .N.: Got    13 vs    12: FAIL
[DBG] FAIL: umull #0xFFFF0000, #0xFF ARM/ROM PN.
[DBG] ARM/ROM PN.: Got     7 vs     6: FAIL
[DBG] FAIL: umull #0xFFFF0000, #0xFF ARM/ROM ..S
[DBG] ARM/ROM ..S: Got    13 vs    12: FAIL
[DBG] FAIL: umull #0xFFFF0000, #0xFF ARM/ROM P.S
[DBG] ARM/ROM P.S: Got     7 vs     6: FAIL
[DBG] FAIL: umull #0xFFFF0000, #0xFF ARM/ROM .NS
[DBG] ARM/ROM .NS: Got    12 vs    11: FAIL
[DBG] FAIL: umull #0xFFFF0000, #0xFF ARM/ROM PNS
[DBG] ARM/ROM PNS: Got     7 vs     6: FAIL
[DBG] FAIL: umull #0xFFFF0000, #0xFF ARM/WRAM
[DBG] ARM/WRAM: Got    12 vs    11: FAIL
[DBG] FAIL: umull #0xFFFF0000, #0xFF ARM/IWRAM
[DBG] ARM/IWRAM: Got     7 vs     6: FAIL
[DBG] Timing test: umull #0xFFFFFF00, #0xFF
[DBG] FAIL: umull #0xFFFFFF00, #0xFF ARM/ROM ...
[DBG] ARM/ROM ...: Got    14 vs    13: FAIL
[DBG] FAIL: umull #0xFFFFFF00, #0xFF ARM/ROM P..
[DBG] ARM/ROM P..: Got     7 vs     6: FAIL
[DBG] FAIL: umull #0xFFFFFF00, #0xFF ARM/ROM .N.
[DBG] ARM/ROM .N.: Got    13 vs    12: FAIL
[DBG] FAIL: umull #0xFFFFFF00, #0xFF ARM/ROM PN.
[DBG] ARM/ROM PN.: Got     7 vs     6: FAIL
[DBG] FAIL: umull #0xFFFFFF00, #0xFF ARM/ROM ..S
[DBG] ARM/ROM ..S: Got    13 vs    12: FAIL
[DBG] FAIL: umull #0xFFFFFF00, #0xFF ARM/ROM P.S
[DBG] ARM/ROM P.S: Got     7 vs     6: FAIL
[DBG] FAIL: umull #0xFFFFFF00, #0xFF ARM/ROM .NS
[DBG] ARM/ROM .NS: Got    12 vs    11: FAIL
[DBG] FAIL: umull #0xFFFFFF00, #0xFF ARM/ROM PNS
[DBG] ARM/ROM PNS: Got     7 vs     6: FAIL
[DBG] FAIL: umull #0xFFFFFF00, #0xFF ARM/WRAM
[DBG] ARM/WRAM: Got    12 vs    11: FAIL
[DBG] FAIL: umull #0xFFFFFF00, #0xFF ARM/IWRAM
[DBG] ARM/IWRAM: Got     7 vs     6: FAIL
[DBG] Timing test: umull #0xFFFFFFFF, #0xFF
[DBG] FAIL: umull #0xFFFFFFFF, #0xFF ARM/ROM ...
[DBG] ARM/ROM ...: Got    14 vs    13: FAIL
[DBG] FAIL: umull #0xFFFFFFFF, #0xFF ARM/ROM P..
[DBG] ARM/ROM P..: Got     7 vs     6: FAIL
[DBG] FAIL: umull #0xFFFFFFFF, #0xFF ARM/ROM .N.
[DBG] ARM/ROM .N.: Got    13 vs    12: FAIL
[DBG] FAIL: umull #0xFFFFFFFF, #0xFF ARM/ROM PN.
[DBG] ARM/ROM PN.: Got     7 vs     6: FAIL
[DBG] FAIL: umull #0xFFFFFFFF, #0xFF ARM/ROM ..S
[DBG] ARM/ROM ..S: Got    13 vs    12: FAIL
[DBG] FAIL: umull #0xFFFFFFFF, #0xFF ARM/ROM P.S
[DBG] ARM/ROM P.S: Got     7 vs     6: FAIL
[DBG] FAIL: umull #0xFFFFFFFF, #0xFF ARM/ROM .NS
[DBG] ARM/ROM .NS: Got    12 vs    11: FAIL
[DBG] FAIL: umull #0xFFFFFFFF, #0xFF ARM/ROM PNS
[DBG] ARM/ROM PNS: Got     7 vs     6: FAIL
[DBG] FAIL: umull #0xFFFFFFFF, #0xFF ARM/WRAM
[DBG] ARM/WRAM: Got    12 vs    11: FAIL
[DBG] FAIL: umull #0xFFFFFFFF, #0xFF ARM/IWRAM
[DBG] ARM/IWRAM: Got     7 vs     6: FAIL
[DBG] Timing test: umull #0xFFFFFFFF, #0x00
[DBG] FAIL: umull #0xFFFFFFFF, #0x00 ARM/ROM ...
[DBG] ARM/ROM ...: Got    14 vs    13: FAIL
[DBG] FAIL: umull #0xFFFFFFFF, #0x00 ARM/ROM P..
[DBG] ARM/ROM P..: Got     7 vs     6: FAIL
[DBG] FAIL: umull #0xFFFFFFFF, #0x00 ARM/ROM .N.
[DBG] ARM/ROM .N.: Got    13 vs    12: FAIL
[DBG] FAIL: umull #0xFFFFFFFF, #0x00 ARM/ROM PN.
[DBG] ARM/ROM PN.: Got     7 vs     6: FAIL
[DBG] FAIL: umull #0xFFFFFFFF, #0x00 ARM/ROM ..S
[DBG] ARM/ROM ..S: Got    13 vs    12: FAIL
[DBG] FAIL: umull #0xFFFFFFFF, #0x00 ARM/ROM P.S
[DBG] ARM/ROM P.S: Got     7 vs     6: FAIL
[DBG] FAIL: umull #0xFFFFFFFF, #0x00 ARM/ROM .NS
[DBG] ARM/ROM .NS: Got    12 vs    11: FAIL
[DBG] FAIL: umull #0xFFFFFFFF, #0x00 ARM/ROM PNS
[DBG] ARM/ROM PNS: Got     7 vs     6: FAIL
[DBG] FAIL: umull #0xFFFFFFFF, #0x00 ARM/WRAM
[DBG] ARM/WRAM: Got    12 vs    11: FAIL
[DBG] FAIL: umull #0xFFFFFFFF, #0x00 ARM/IWRAM
[DBG] ARM/IWRAM: Got     7 vs     6: FAIL
[DBG] Timing test: umlal #0x00000000, #0xFF
[DBG] FAIL: umlal #0x00000000, #0xFF ARM/ROM ...
[DBG] ARM/ROM ...: Got    12 vs    11: FAIL
[DBG] PASS: umlal #0x00000000, #0xFF ARM/ROM P..
[DBG] FAIL: umlal #0x00000000, #0xFF ARM/ROM .N.
[DBG] ARM/ROM .N.: Got    11 vs    10: FAIL
[DBG] PASS: umlal #0x00000000, #0xFF ARM/ROM PN.
[DBG] FAIL: umlal #0x00000000, #0xFF ARM/ROM ..S
[DBG] ARM/ROM ..S: Got    11 vs    10: FAIL
[DBG] FAIL: umlal #0x00000000, #0xFF ARM/ROM P.S
[DBG] ARM/ROM P.S: Got     5 vs     4: FAIL
[DBG] FAIL: umlal #0x00000000, #0xFF ARM/ROM .NS
[DBG] ARM/ROM .NS: Got    10 vs     9: FAIL
[DBG] FAIL: umlal #0x00000000, #0xFF ARM/ROM PNS
[DBG] ARM/ROM PNS: Got     5 vs     4: FAIL
[DBG] FAIL: umlal #0x00000000, #0xFF ARM/WRAM
[DBG] ARM/WRAM: Got    10 vs     9: FAIL
[DBG] FAIL: umlal #0x00000000, #0xFF ARM/IWRAM
[DBG] ARM/IWRAM: Got     5 vs     4: FAIL
[DBG] Timing test: umlal #0x00000078, #0xFF
[DBG] FAIL: umlal #0x00000078, #0xFF ARM/ROM ...
[DBG] ARM/ROM ...: Got    12 vs    11: FAIL
[DBG] PASS: umlal #0x00000078, #0xFF ARM/ROM P..
[DBG] FAIL: umlal #0x00000078, #0xFF ARM/ROM .N.
[DBG] ARM/ROM .N.: Got    11 vs    10: FAIL
[DBG] PASS: umlal #0x00000078, #0xFF ARM/ROM PN.
[DBG] FAIL: umlal #0x00000078, #0xFF ARM/ROM ..S
[DBG] ARM/ROM ..S: Got    11 vs    10: FAIL
[DBG] FAIL: umlal #0x00000078, #0xFF ARM/ROM P.S
[DBG] ARM/ROM P.S: Got     5 vs     4: FAIL
[DBG] FAIL: umlal #0x00000078, #0xFF ARM/ROM .NS
[DBG] ARM/ROM .NS: Got    10 vs     9: FAIL
[DBG] FAIL: umlal #0x00000078, #0xFF ARM/ROM PNS
[DBG] ARM/ROM PNS: Got     5 vs     4: FAIL
[DBG] FAIL: umlal #0x00000078, #0xFF ARM/WRAM
[DBG] ARM/WRAM: Got    10 vs     9: FAIL
[DBG] FAIL: umlal #0x00000078, #0xFF ARM/IWRAM
[DBG] ARM/IWRAM: Got     5 vs     4: FAIL
[DBG] Timing test: umlal #0x00005678, #0xFF
[DBG] FAIL: umlal #0x00005678, #0xFF ARM/ROM ...
[DBG] ARM/ROM ...: Got    13 vs    12: FAIL
[DBG] PASS: umlal #0x00005678, #0xFF ARM/ROM P..
[DBG] FAIL: umlal #0x00005678, #0xFF ARM/ROM .N.
[DBG] ARM/ROM .N.: Got    12 vs    11: FAIL
[DBG] PASS: umlal #0x00005678, #0xFF ARM/ROM PN.
[DBG] FAIL: umlal #0x00005678, #0xFF ARM/ROM ..S
[DBG] ARM/ROM ..S: Got    12 vs    11: FAIL
[DBG] FAIL: umlal #0x00005678, #0xFF ARM/ROM P.S
[DBG] ARM/ROM P.S: Got     6 vs     5: FAIL
[DBG] FAIL: umlal #0x00005678, #0xFF ARM/ROM .NS
[DBG] ARM/ROM .NS: Got    11 vs    10: FAIL
[DBG] FAIL: umlal #0x00005678, #0xFF ARM/ROM PNS
[DBG] ARM/ROM PNS: Got     6 vs     5: FAIL
[DBG] FAIL: umlal #0x00005678, #0xFF ARM/WRAM
[DBG] ARM/WRAM: Got    11 vs    10: FAIL
[DBG] FAIL: umlal #0x00005678, #0xFF ARM/IWRAM
[DBG] ARM/IWRAM: Got     6 vs     5: FAIL
[DBG] Timing test: umlal #0x00345678, #0xFF
[DBG] FAIL: umlal #0x00345678, #0xFF ARM/ROM ...
[DBG] ARM/ROM ...: Got    14 vs    13: FAIL
[DBG] FAIL: umlal #0x00345678, #0xFF ARM/ROM P..
[DBG] ARM/ROM P..: Got     7 vs     6: FAIL
[DBG] FAIL: umlal #0x00345678, #0xFF ARM/ROM .N.
[DBG] ARM/ROM .N.: Got    13 vs    12: FAIL
[DBG] FAIL: umlal #0x00345678, #0xFF ARM/ROM PN.
[DBG] ARM/ROM PN.: Got     7 vs     6: FAIL
[DBG] FAIL: umlal #0x00345678, #0xFF ARM/ROM ..S
[DBG] ARM/ROM ..S: Got    13 vs    12: FAIL
[DBG] FAIL: umlal #0x00345678, #0xFF ARM/ROM P.S
[DBG] ARM/ROM P.S: Got     7 vs     6: FAIL
[DBG] FAIL: umlal #0x00345678, #0xFF ARM/ROM .NS
[DBG] ARM/ROM .NS: Got    12 vs    11: FAIL
[DBG] FAIL: umlal #0x00345678, #0xFF ARM/ROM PNS
[DBG] ARM/ROM PNS: Got     7 vs     6: FAIL
[DBG] FAIL: umlal #0x00345678, #0xFF ARM/WRAM
[DBG] ARM/WRAM: Got    12 vs    11: FAIL
[DBG] FAIL: umlal #0x00345678, #0xFF ARM/IWRAM
[DBG] ARM/IWRAM: Got     7 vs     6: FAIL
[DBG] Timing test: umlal #0x12345678, #0xFF
[DBG] FAIL: umlal #0x12345678, #0xFF ARM/ROM ...
[DBG] ARM/ROM ...: Got    15 vs    14: FAIL
[DBG] FAIL: umlal #0x12345678, #0xFF ARM/ROM P..
[DBG] ARM/ROM P..: Got     8 vs     7: FAIL
[DBG] FAIL: umlal #0x12345678, #0xFF ARM/ROM .N.
[DBG] ARM/ROM .N.: Got    14 vs    13: FAIL
[DBG] FAIL: umlal #0x12345678, #0xFF ARM/ROM PN.
[DBG] ARM/ROM PN.: Got     8 vs     7: FAIL
[DBG] FAIL: umlal #0x12345678, #0xFF ARM/ROM ..S
[DBG] ARM/ROM ..S: Got    14 vs    13: FAIL
[DBG] FAIL: umlal #0x12345678, #0xFF ARM/ROM P.S
[DBG] ARM/ROM P.S: Got     8 vs     7: FAIL
[DBG] FAIL: umlal #0x12345678, #0xFF ARM/ROM .NS
[DBG] ARM/ROM .NS: Got    13 vs    12: FAIL
[DBG] FAIL: umlal #0x12345678, #0xFF ARM/ROM PNS
[DBG] ARM/ROM PNS: Got     8 vs     7: FAIL
[DBG] FAIL: umlal #0x12345678, #0xFF ARM/WRAM
[DBG] ARM/WRAM: Got    13 vs    12: FAIL
[DBG] FAIL: umlal #0x12345678, #0xFF ARM/IWRAM
[DBG] ARM/IWRAM: Got     8 vs     7: FAIL
[DBG] Timing test: umlal #0xFF000000, #0xFF
[DBG] FAIL: umlal #0xFF000000, #0xFF ARM/ROM ...
[DBG] ARM/ROM ...: Got    15 vs    14: FAIL
[DBG] FAIL: umlal #0xFF000000, #0xFF ARM/ROM P..
[DBG] ARM/ROM P..: Got     8 vs     7: FAIL
[DBG] FAIL: umlal #0xFF000000, #0xFF ARM/ROM .N.
[DBG] ARM/ROM .N.: Got    14 vs    13: FAIL
[DBG] FAIL: umlal #0xFF000000, #0xFF ARM/ROM PN.
[DBG] ARM/ROM PN.: Got     8 vs     7: FAIL
[DBG] FAIL: umlal #0xFF000000, #0xFF ARM/ROM ..S
[DBG] ARM/ROM ..S: Got    14 vs    13: FAIL
[DBG] FAIL: umlal #0xFF000000, #0xFF ARM/ROM P.S
[DBG] ARM/ROM P.S: Got     8 vs     7: FAIL
[DBG] FAIL: umlal #0xFF000000, #0xFF ARM/ROM .NS
[DBG] ARM/ROM .NS: Got    13 vs    12: FAIL
[DBG] FAIL: umlal #0xFF000000, #0xFF ARM/ROM PNS
[DBG] ARM/ROM PNS: Got     8 vs     7: FAIL
[DBG] FAIL: umlal #0xFF000000, #0xFF ARM/WRAM
[DBG] ARM/WRAM: Got    13 vs    12: FAIL
[DBG] FAIL: umlal #0xFF000000, #0xFF ARM/IWRAM
[DBG] ARM/IWRAM: Got     8 vs     7: FAIL
[DBG] Timing test: umlal #0xFFFF0000, #0xFF
[DBG] FAIL: umlal #0xFFFF0000, #0xFF ARM/ROM ...
[DBG] ARM/ROM ...: Got    15 vs    14: FAIL
[DBG] FAIL: umlal #0xFFFF0000, #0xFF ARM/ROM P..
[DBG] ARM/ROM P..: Got     8 vs     7: FAIL
[DBG] FAIL: umlal #0xFFFF0000, #0xFF ARM/ROM .N.
[DBG] ARM/ROM .N.: Got    14 vs    13: FAIL
[DBG] FAIL: umlal #0xFFFF0000, #0xFF ARM/ROM PN.
[DBG] ARM/ROM PN.: Got     8 vs     7: FAIL
[DBG] FAIL: umlal #0xFFFF0000, #0xFF ARM/ROM ..S
[DBG] ARM/ROM ..S: Got    14 vs    13: FAIL
[DBG] FAIL: umlal #0xFFFF0000, #0xFF ARM/ROM P.S
[DBG] ARM/ROM P.S: Got     8 vs     7: FAIL
[DBG] FAIL: umlal #0xFFFF0000, #0xFF ARM/ROM .NS
[DBG] ARM/ROM .NS: Got    13 vs    12: FAIL
[DBG] FAIL: umlal #0xFFFF0000, #0xFF ARM/ROM PNS
[DBG] ARM/ROM PNS: Got     8 vs     7: FAIL
[DBG] FAIL: umlal #0xFFFF0000, #0xFF ARM/WRAM
[DBG] ARM/WRAM: Got    13 vs    12: FAIL
[DBG] FAIL: umlal #0xFFFF0000, #0xFF ARM/IWRAM
[DBG] ARM/IWRAM: Got     8 vs     7: FAIL
[DBG] Timing test: umlal #0xFFFFFF00, #0xFF
[DBG] FAIL: umlal #0xFFFFFF00, #0xFF ARM/ROM ...
[DBG] ARM/ROM ...: Got    15 vs    14: FAIL
[DBG] FAIL: umlal #0xFFFFFF00, #0xFF ARM/ROM P..
[DBG] ARM/ROM P..: Got     8 vs     7: FAIL
[DBG] FAIL: umlal #0xFFFFFF00, #0xFF ARM/ROM .N.
[DBG] ARM/ROM .N.: Got    14 vs    13: FAIL
[DBG] FAIL: umlal #0xFFFFFF00, #0xFF ARM/ROM PN.
[DBG] ARM/ROM PN.: Got     8 vs     7: FAIL
[DBG] FAIL: umlal #0xFFFFFF00, #0xFF ARM/ROM ..S
[DBG] ARM/ROM ..S: Got    14 vs    13: FAIL
[DBG] FAIL: umlal #0xFFFFFF00, #0xFF ARM/ROM P.S
[DBG] ARM/ROM P.S: Got     8 vs     7: FAIL
[DBG] FAIL: umlal #0xFFFFFF00, #0xFF ARM/ROM .NS
[DBG] ARM/ROM .NS: Got    13 vs    12: FAIL
[DBG] FAIL: umlal #0xFFFFFF00, #0xFF ARM/ROM PNS
[DBG] ARM/ROM PNS: Got     8 vs     7: FAIL
[DBG] FAIL: umlal #0xFFFFFF00, #0xFF ARM/WRAM
[DBG] ARM/WRAM: Got    13 vs    12: FAIL
[DBG] FAIL: umlal #0xFFFFFF00, #0xFF ARM/IWRAM
[DBG] ARM/IWRAM: Got     8 vs     7: FAIL
[DBG] Timing test: umlal #0xFFFFFFFF, #0xFF
[DBG] FAIL: umlal #0xFFFFFFFF, #0xFF ARM/ROM ...
[DBG] ARM/ROM ...: Got    15 vs    14: FAIL
[DBG] FAIL: umlal #0xFFFFFFFF, #0xFF ARM/ROM P..
[DBG] ARM/ROM P..: Got     8 vs     7: FAIL
[DBG] FAIL: umlal #0xFFFFFFFF, #0xFF ARM/ROM .N.
[DBG] ARM/ROM .N.: Got    14 vs    13: FAIL
[DBG] FAIL: umlal #0xFFFFFFFF, #0xFF ARM/ROM PN.
[DBG] ARM/ROM PN.: Got     8 vs     7: FAIL
[DBG] FAIL: umlal #0xFFFFFFFF, #0xFF ARM/ROM ..S
[DBG] ARM/ROM ..S: Got    14 vs    13: FAIL
[DBG] FAIL: umlal #0xFFFFFFFF, #0xFF ARM/ROM P.S
[DBG] ARM/ROM P.S: Got     8 vs     7: FAIL
[DBG] FAIL: umlal #0xFFFFFFFF, #0xFF ARM/ROM .NS
[DBG] ARM/ROM .NS: Got    13 vs    12: FAIL
[DBG] FAIL: umlal #0xFFFFFFFF, #0xFF ARM/ROM PNS
[DBG] ARM/ROM PNS: Got     8 vs     7: FAIL
[DBG] FAIL: umlal #0xFFFFFFFF, #0xFF ARM/WRAM
[DBG] ARM/WRAM: Got    13 vs    12: FAIL
[DBG] FAIL: umlal #0xFFFFFFFF, #0xFF ARM/IWRAM
[DBG] ARM/IWRAM: Got     8 vs     7: FAIL
[DBG] Timing test: umlal #0xFFFFFFFF, #0x00
[DBG] FAIL: umlal #0xFFFFFFFF, #0x00 ARM/ROM ...
[DBG] ARM/ROM ...: Got    15 vs    14: FAIL
[DBG] FAIL: umlal #0xFFFFFFFF, #0x00 ARM/ROM P..
[DBG] ARM/ROM P..: Got     8 vs     7: FAIL
[DBG] FAIL: umlal #0xFFFFFFFF, #0x00 ARM/ROM .N.
[DBG] ARM/ROM .N.: Got    14 vs    13: FAIL
[DBG] FAIL: umlal #0xFFFFFFFF, #0x00 ARM/ROM PN.
[DBG] ARM/ROM PN.: Got     8 vs     7: FAIL
[DBG] FAIL: umlal #0xFFFFFFFF, #0x00 ARM/ROM ..S
[DBG] ARM/ROM ..S: Got    14 vs    13: FAIL
[DBG] FAIL: umlal #0xFFFFFFFF, #0x00 ARM/ROM P.S
[DBG] ARM/ROM P.S: Got     8 vs     7: FAIL
[DBG] FAIL: umlal #0xFFFFFFFF, #0x00 ARM/ROM .NS
[DBG] ARM/ROM .NS: Got    13 vs    12: FAIL
[DBG] FAIL: umlal #0xFFFFFFFF, #0x00 ARM/ROM PNS
[DBG] ARM/ROM PNS: Got     8 vs     7: FAIL
[DBG] FAIL: umlal #0xFFFFFFFF, #0x00 ARM/WRAM
[DBG] ARM/WRAM: Got    13 vs    12: FAIL
[DBG] FAIL: umlal #0xFFFFFFFF, #0x00 ARM/IWRAM
[DBG] ARM/IWRAM: Got     8 vs     7: FAIL
[DBG] Timing test: b pc
[DBG] FAIL: b pc ARM/ROM ...

--- Suite 03: Timing ---
Frames: 280  PC=0x0802BABE  CPSR=0x2000003F  halted=0  cycle=188116546
[debug]
Game Boy Advance Test Suite
===
BEGIN: Timing tests
Timing test: Calibration
PASS: Calibration ARM/ROM ...
PASS: Calibration ARM/ROM P..
PASS: Calibration ARM/ROM .N.
PASS: Calibration ARM/ROM PN.
PASS: Calibration ARM/ROM ..S
PASS: Calibration ARM/ROM P.S
PASS: Calibration ARM/ROM .NS
PASS: Calibration ARM/ROM PNS
PASS: Calibration ARM/WRAM
PASS: Calibration ARM/IWRAM
PASS: Calibration Thumb/ROM ...
PASS: Calibration Thumb/ROM P..
PASS: Calibration Thumb/ROM .N.
PASS: Calibration Thumb/ROM PN.
PASS: Calibration Thumb/ROM ..S
PASS: Calibration Thumb/ROM P.S
PASS: Calibration Thumb/ROM .NS
PASS: Calibration Thumb/ROM PNS
PASS: Calibration Thumb/WRAM
PASS: Calibration Thumb/IWRAM
Timing test: nop
PASS: nop ARM/ROM ...
PASS: nop ARM/ROM P..
PASS: nop ARM/ROM .N.
PASS: nop ARM/ROM PN.
PASS: nop ARM/ROM ..S
PASS: nop ARM/ROM P.S
PASS: nop ARM/ROM .NS
PASS: nop ARM/ROM PNS
PASS: nop ARM/WRAM
PASS: nop ARM/IWRAM
PASS: nop Thumb/ROM ...
PASS: nop Thumb/ROM P..
PASS: nop Thumb/ROM .N.
PASS: nop Thumb/ROM PN.
PASS: nop Thumb/ROM ..S
PASS: nop Thumb/ROM P.S
PASS: nop Thumb/ROM .NS
PASS: nop Thumb/ROM PNS
PASS: nop Thumb/WRAM
PASS: nop Thumb/IWRAM
Timing test: nop / nop
PASS: nop / nop ARM/ROM ...
PASS: nop / nop ARM/ROM P..
PASS: nop / nop ARM/ROM .N.
PASS: nop / nop ARM/ROM PN.
PASS: nop / nop ARM/ROM ..S
PASS: nop / nop ARM/ROM P.S
PASS: nop / nop ARM/ROM .NS
PASS: nop / nop ARM/ROM PNS
PASS: nop / nop ARM/WRAM
PASS: nop / nop ARM/IWRAM
PASS: nop / nop Thumb/ROM ...
PASS: nop / nop Thumb/ROM P..
PASS: nop / nop Thumb/ROM .N.
PASS: nop / nop Thumb/ROM PN.
PASS: nop / nop Thumb/ROM ..S
PASS: nop / nop Thumb/ROM P.S
PASS: nop / nop Thumb/ROM .NS
PASS: nop / nop Thumb/ROM PNS
PASS: nop / nop Thumb/WRAM
PASS: nop / nop Thumb/IWRAM
Timing test: ldrh r2, [sp]
PASS: ldrh r2, [sp] ARM/ROM ...
PASS: ldrh r2, [sp] ARM/ROM P..
PASS: ldrh r2, [sp] ARM/ROM .N.
PASS: ldrh r2, [sp] ARM/ROM PN.
PASS: ldrh r2, [sp] ARM/ROM ..S
PASS: ldrh r2, [sp] ARM/ROM P.S
PASS: ldrh r2, [sp] ARM/ROM .NS
PASS: ldrh r2, [sp] ARM/ROM PNS
PASS: ldrh r2, [sp] ARM/WRAM
PASS: ldrh r2, [sp] ARM/IWRAM
PASS: ldrh r2, [sp] Thumb/ROM ...
PASS: ldrh r2, [sp] Thumb/ROM P..
PASS: ldrh r2, [sp] Thumb/ROM .N.
PASS: ldrh r2, [sp] Thumb/ROM PN.
PASS: ldrh r2, [sp] Thumb/ROM ..S
PASS: ldrh r2, [sp] Thumb/ROM P.S
PASS: ldrh r2, [sp] Thumb/ROM .NS
PASS: ldrh r2, [sp] Thumb/ROM PNS
PASS: ldrh r2, [sp] Thumb/WRAM
PASS: ldrh r2, [sp] Thumb/IWRAM
Timing test: ldrh r2, [sp] / nop
PASS: ldrh r2, [sp] / nop ARM/ROM ...
PASS: ldrh r2, [sp] / nop ARM/ROM P..
PASS: ldrh r2, [sp] / nop ARM/ROM .N.
PASS: ldrh r2, [sp] / nop ARM/ROM PN.
PASS: ldrh r2, [sp] / nop ARM/ROM ..S
PASS: ldrh r2, [sp] / nop ARM/ROM P.S
PASS: ldrh r2, [sp] / nop ARM/ROM .NS
PASS: ldrh r2, [sp] / nop ARM/ROM PNS
PASS: ldrh r2, [sp] / nop ARM/WRAM
PASS: ldrh r2, [sp] / nop ARM/IWRAM
PASS: ldrh r2, [sp] / nop Thumb/ROM ...
PASS: ldrh r2, [sp] / nop Thumb/ROM P..
PASS: ldrh r2, [sp] / nop Thumb/ROM .N.
PASS: ldrh r2, [sp] / nop Thumb/ROM PN.
PASS: ldrh r2, [sp] / nop Thumb/ROM ..S
PASS: ldrh r2, [sp] / nop Thumb/ROM P.S
PASS: ldrh r2, [sp] / nop Thumb/ROM .NS
PASS: ldrh r2, [sp] / nop Thumb/ROM PNS
PASS: ldrh r2, [sp] / nop Thumb/WRAM
PASS: ldrh r2, [sp] / nop Thumb/IWRAM
Timing test: nop / ldrh r2, [sp]
PASS: nop / ldrh r2, [sp] ARM/ROM ...
PASS: nop / ldrh r2, [sp] ARM/ROM P..
PASS: nop / ldrh r2, [sp] ARM/ROM .N.
PASS: nop / ldrh r2, [sp] ARM/ROM PN.
PASS: nop / ldrh r2, [sp] ARM/ROM ..S
PASS: nop / ldrh r2, [sp] ARM/ROM P.S
PASS: nop / ldrh r2, [sp] ARM/ROM .NS
PASS: nop / ldrh r2, [sp] ARM/ROM PNS
PASS: nop / ldrh r2, [sp] ARM/WRAM
PASS: nop / ldrh r2, [sp] ARM/IWRAM
PASS: nop / ldrh r2, [sp] Thumb/ROM ...
PASS: nop / ldrh r2, [sp] Thumb/ROM P..
PASS: nop / ldrh r2, [sp] Thumb/ROM .N.
PASS: nop / ldrh r2, [sp] Thumb/ROM PN.
PASS: nop / ldrh r2, [sp] Thumb/ROM ..S
PASS: nop / ldrh r2, [sp] Thumb/ROM P.S
PASS: nop / ldrh r2, [sp] Thumb/ROM .NS
PASS: nop / ldrh r2, [sp] Thumb/ROM PNS
PASS: nop / ldrh r2, [sp] Thumb/WRAM
PASS: nop / ldrh r2, [sp] Thumb/IWRAM
Timing test: nop / ldrh r2, [sp] / nop
PASS: nop / ldrh r2, [sp] / nop ARM/ROM ...
PASS: nop / ldrh r2, [sp] / nop ARM/ROM P..
PASS: nop / ldrh r2, [sp] / nop ARM/ROM .N.
PASS: nop / ldrh r2, [sp] / nop ARM/ROM PN.
PASS: nop / ldrh r2, [sp] / nop ARM/ROM ..S
PASS: nop / ldrh r2, [sp] / nop ARM/ROM P.S
PASS: nop / ldrh r2, [sp] / nop ARM/ROM .NS
PASS: nop / ldrh r2, [sp] / nop ARM/ROM PNS
PASS: nop / ldrh r2, [sp] / nop ARM/WRAM
PASS: nop / ldrh r2, [sp] / nop ARM/IWRAM
PASS: nop / ldrh r2, [sp] / nop Thumb/ROM ...
PASS: nop / ldrh r2, [sp] / nop Thumb/ROM P..
PASS: nop / ldrh r2, [sp] / nop Thumb/ROM .N.
PASS: nop / ldrh r2, [sp] / nop Thumb/ROM PN.
PASS: nop / ldrh r2, [sp] / nop Thumb/ROM ..S
PASS: nop / ldrh r2, [sp] / nop Thumb/ROM P.S
PASS: nop / ldrh r2, [sp] / nop Thumb/ROM .NS
PASS: nop / ldrh r2, [sp] / nop Thumb/ROM PNS
PASS: nop / ldrh r2, [sp] / nop Thumb/WRAM
PASS: nop / ldrh r2, [sp] / nop Thumb/IWRAM
Timing test: ldrh r2, [#0x08000000]
PASS: ldrh r2, [#0x08000000] ARM/ROM ...
PASS: ldrh r2, [#0x08000000] ARM/ROM P..
PASS: ldrh r2, [#0x08000000] ARM/ROM .N.
PASS: ldrh r2, [#0x08000000] ARM/ROM PN.
PASS: ldrh r2, [#0x08000000] ARM/ROM ..S
PASS: ldrh r2, [#0x08000000] ARM/ROM P.S
PASS: ldrh r2, [#0x08000000] ARM/ROM .NS
PASS: ldrh r2, [#0x08000000] ARM/ROM PNS
PASS: ldrh r2, [#0x08000000] ARM/WRAM
PASS: ldrh r2, [#0x08000000] ARM/IWRAM
PASS: ldrh r2, [#0x08000000] Thumb/ROM ...
PASS: ldrh r2, [#0x08000000] Thumb/ROM P..
PASS: ldrh r2, [#0x08000000] Thumb/ROM .N.
PASS: ldrh r2, [#0x08000000] Thumb/ROM PN.
PASS: ldrh r2, [#0x08000000] Thumb/ROM ..S
PASS: ldrh r2, [#0x08000000] Thumb/ROM P.S
PASS: ldrh r2, [#0x08000000] Thumb/ROM .NS
PASS: ldrh r2, [#0x08000000] Thumb/ROM PNS
PASS: ldrh r2, [#0x08000000] Thumb/WRAM
PASS: ldrh r2, [#0x08000000] Thumb/IWRAM
Timing test: ldrh r2, [#0x08000000] / nop
PASS: ldrh r2, [#0x08000000] / nop ARM/ROM ...
PASS: ldrh r2, [#0x08000000] / nop ARM/ROM P..
PASS: ldrh r2, [#0x08000000] / nop ARM/ROM .N.
PASS: ldrh r2, [#0x08000000] / nop ARM/ROM PN.
PASS: ldrh r2, [#0x08000000] / nop ARM/ROM ..S
PASS: ldrh r2, [#0x08000000] / nop ARM/ROM P.S
PASS: ldrh r2, [#0x08000000] / nop ARM/ROM .NS
PASS: ldrh r2, [#0x08000000] / nop ARM/ROM PNS
PASS: ldrh r2, [#0x08000000] / nop ARM/WRAM
PASS: ldrh r2, [#0x08000000] / nop ARM/IWRAM
PASS: ldrh r2, [#0x08000000] / nop Thumb/ROM ...
PASS: ldrh r2, [#0x08000000] / nop Thumb/ROM P..
PASS: ldrh r2, [#0x08000000] / nop Thumb/ROM .N.
PASS: ldrh r2, [#0x08000000] / nop Thumb/ROM PN.
PASS: ldrh r2, [#0x08000000] / nop Thumb/ROM ..S
PASS: ldrh r2, [#0x08000000] / nop Thumb/ROM P.S
PASS: ldrh r2, [#0x08000000] / nop Thumb/ROM .NS
PASS: ldrh r2, [#0x08000000] / nop Thumb/ROM PNS
PASS: ldrh r2, [#0x08000000] / nop Thumb/WRAM
PASS: ldrh r2, [#0x08000000] / nop Thumb/IWRAM
Timing test: nop / ldrh r2, [#0x08000000]
PASS: nop / ldrh r2, [#0x08000000] ARM/ROM ...
PASS: nop / ldrh r2, [#0x08000000] ARM/ROM P..
PASS: nop / ldrh r2, [#0x08000000] ARM/ROM .N.
PASS: nop / ldrh r2, [#0x08000000] ARM/ROM PN.
PASS: nop / ldrh r2, [#0x08000000] ARM/ROM ..S
PASS: nop / ldrh r2, [#0x08000000] ARM/ROM P.S
PASS: nop / ldrh r2, [#0x08000000] ARM/ROM .NS
PASS: nop / ldrh r2, [#0x08000000] ARM/ROM PNS
PASS: nop / ldrh r2, [#0x08000000] ARM/WRAM
PASS: nop / ldrh r2, [#0x08000000] ARM/IWRAM
PASS: nop / ldrh r2, [#0x08000000] Thumb/ROM ...
PASS: nop / ldrh r2, [#0x08000000] Thumb/ROM P..
PASS: nop / ldrh r2, [#0x08000000] Thumb/ROM .N.
PASS: nop / ldrh r2, [#0x08000000] Thumb/ROM PN.
PASS: nop / ldrh r2, [#0x08000000] Thumb/ROM ..S
PASS: nop / ldrh r2, [#0x08000000] Thumb/ROM P.S
PASS: nop / ldrh r2, [#0x08000000] Thumb/ROM .NS
PASS: nop / ldrh r2, [#0x08000000] Thumb/ROM PNS
PASS: nop / ldrh r2, [#0x08000000] Thumb/WRAM
PASS: nop / ldrh r2, [#0x08000000] Thumb/IWRAM
Timing test: ldr r2, [sp]
PASS: ldr r2, [sp] ARM/ROM ...
PASS: ldr r2, [sp] ARM/ROM P..
PASS: ldr r2, [sp] ARM/ROM .N.
PASS: ldr r2, [sp] ARM/ROM PN.
PASS: ldr r2, [sp] ARM/ROM ..S
PASS: ldr r2, [sp] ARM/ROM P.S
PASS: ldr r2, [sp] ARM/ROM .NS
PASS: ldr r2, [sp] ARM/ROM PNS
PASS: ldr r2, [sp] ARM/WRAM
PASS: ldr r2, [sp] ARM/IWRAM
PASS: ldr r2, [sp] Thumb/ROM ...
PASS: ldr r2, [sp] Thumb/ROM P..
PASS: ldr r2, [sp] Thumb/ROM .N.
PASS: ldr r2, [sp] Thumb/ROM PN.
PASS: ldr r2, [sp] Thumb/ROM ..S
PASS: ldr r2, [sp] Thumb/ROM P.S
PASS: ldr r2, [sp] Thumb/ROM .NS
PASS: ldr r2, [sp] Thumb/ROM PNS
PASS: ldr r2, [sp] Thumb/WRAM
PASS: ldr r2, [sp] Thumb/IWRAM
Timing test: ldr r2, [sp] / nop
PASS: ldr r2, [sp] / nop ARM/ROM ...
PASS: ldr r2, [sp] / nop ARM/ROM P..
PASS: ldr r2, [sp] / nop ARM/ROM .N.
PASS: ldr r2, [sp] / nop ARM/ROM PN.
PASS: ldr r2, [sp] / nop ARM/ROM ..S
PASS: ldr r2, [sp] / nop ARM/ROM P.S
PASS: ldr r2, [sp] / nop ARM/ROM .NS
PASS: ldr r2, [sp] / nop ARM/ROM PNS
PASS: ldr r2, [sp] / nop ARM/WRAM
PASS: ldr r2, [sp] / nop ARM/IWRAM
PASS: ldr r2, [sp] / nop Thumb/ROM ...
PASS: ldr r2, [sp] / nop Thumb/ROM P..
PASS: ldr r2, [sp] / nop Thumb/ROM .N.
PASS: ldr r2, [sp] / nop Thumb/ROM PN.
PASS: ldr r2, [sp] / nop Thumb/ROM ..S
PASS: ldr r2, [sp] / nop Thumb/ROM P.S
PASS: ldr r2, [sp] / nop Thumb/ROM .NS
PASS: ldr r2, [sp] / nop Thumb/ROM PNS
PASS: ldr r2, [sp] / nop Thumb/WRAM
PASS: ldr r2, [sp] / nop Thumb/IWRAM
Timing test: nop / ldr r2, [sp]
PASS: nop / ldr r2, [sp] ARM/ROM ...
PASS: nop / ldr r2, [sp] ARM/ROM P..
PASS: nop / ldr r2, [sp] ARM/ROM .N.
PASS: nop / ldr r2, [sp] ARM/ROM PN.
PASS: nop / ldr r2, [sp] ARM/ROM ..S
PASS: nop / ldr r2, [sp] ARM/ROM P.S
PASS: nop / ldr r2, [sp] ARM/ROM .NS
PASS: nop / ldr r2, [sp] ARM/ROM PNS
PASS: nop / ldr r2, [sp] ARM/WRAM
PASS: nop / ldr r2, [sp] ARM/IWRAM
PASS: nop / ldr r2, [sp] Thumb/ROM ...
PASS: nop / ldr r2, [sp] Thumb/ROM P..
PASS: nop / ldr r2, [sp] Thumb/ROM .N.
PASS: nop / ldr r2, [sp] Thumb/ROM PN.
PASS: nop / ldr r2, [sp] Thumb/ROM ..S
PASS: nop / ldr r2, [sp] Thumb/ROM P.S
PASS: nop / ldr r2, [sp] Thumb/ROM .NS
PASS: nop / ldr r2, [sp] Thumb/ROM PNS
PASS: nop / ldr r2, [sp] Thumb/WRAM
PASS: nop / ldr r2, [sp] Thumb/IWRAM
Timing test: ldr r2, [#0x08000000]
PASS: ldr r2, [#0x08000000] ARM/ROM ...
PASS: ldr r2, [#0x08000000] ARM/ROM P..
PASS: ldr r2, [#0x08000000] ARM/ROM .N.
PASS: ldr r2, [#0x08000000] ARM/ROM PN.
PASS: ldr r2, [#0x08000000] ARM/ROM ..S
PASS: ldr r2, [#0x08000000] ARM/ROM P.S
PASS: ldr r2, [#0x08000000] ARM/ROM .NS
PASS: ldr r2, [#0x08000000] ARM/ROM PNS
PASS: ldr r2, [#0x08000000] ARM/WRAM
PASS: ldr r2, [#0x08000000] ARM/IWRAM
PASS: ldr r2, [#0x08000000] Thumb/ROM ...
PASS: ldr r2, [#0x08000000] Thumb/ROM P..
PASS: ldr r2, [#0x08000000] Thumb/ROM .N.
PASS: ldr r2, [#0x08000000] Thumb/ROM PN.
PASS: ldr r2, [#0x08000000] Thumb/ROM ..S
PASS: ldr r2, [#0x08000000] Thumb/ROM P.S
PASS: ldr r2, [#0x08000000] Thumb/ROM .NS
PASS: ldr r2, [#0x08000000] Thumb/ROM PNS
PASS: ldr r2, [#0x08000000] Thumb/WRAM
PASS: ldr r2, [#0x08000000] Thumb/IWRAM
Timing test: ldr r2, [#0x08000000] / nop
PASS: ldr r2, [#0x08000000] / nop ARM/ROM ...
PASS: ldr r2, [#0x08000000] / nop ARM/ROM P..
PASS: ldr r2, [#0x08000000] / nop ARM/ROM .N.
PASS: ldr r2, [#0x08000000] / nop ARM/ROM PN.
PASS: ldr r2, [#0x08000000] / nop ARM/ROM ..S
PASS: ldr r2, [#0x08000000] / nop ARM/ROM P.S
PASS: ldr r2, [#0x08000000] / nop ARM/ROM .NS
PASS: ldr r2, [#0x08000000] / nop ARM/ROM PNS
PASS: ldr r2, [#0x08000000] / nop ARM/WRAM
PASS: ldr r2, [#0x08000000] / nop ARM/IWRAM
PASS: ldr r2, [#0x08000000] / nop Thumb/ROM ...
PASS: ldr r2, [#0x08000000] / nop Thumb/ROM P..
PASS: ldr r2, [#0x08000000] / nop Thumb/ROM .N.
PASS: ldr r2, [#0x08000000] / nop Thumb/ROM PN.
PASS: ldr r2, [#0x08000000] / nop Thumb/ROM ..S
PASS: ldr r2, [#0x08000000] / nop Thumb/ROM P.S
PASS: ldr r2, [#0x08000000] / nop Thumb/ROM .NS
PASS: ldr r2, [#0x08000000] / nop Thumb/ROM PNS
PASS: ldr r2, [#0x08000000] / nop Thumb/WRAM
PASS: ldr r2, [#0x08000000] / nop Thumb/IWRAM
Timing test: nop / ldr r2, [#0x08000000]
PASS: nop / ldr r2, [#0x08000000] ARM/ROM ...
PASS: nop / ldr r2, [#0x08000000] ARM/ROM P..
PASS: nop / ldr r2, [#0x08000000] ARM/ROM .N.
PASS: nop / ldr r2, [#0x08000000] ARM/ROM PN.
PASS: nop / ldr r2, [#0x08000000] ARM/ROM ..S
PASS: nop / ldr r2, [#0x08000000] ARM/ROM P.S
PASS: nop / ldr r2, [#0x08000000] ARM/ROM .NS
PASS: nop / ldr r2, [#0x08000000] ARM/ROM PNS
PASS: nop / ldr r2, [#0x08000000] ARM/WRAM
PASS: nop / ldr r2, [#0x08000000] ARM/IWRAM
PASS: nop / ldr r2, [#0x08000000] Thumb/ROM ...
PASS: nop / ldr r2, [#0x08000000] Thumb/ROM P..
PASS: nop / ldr r2, [#0x08000000] Thumb/ROM .N.
PASS: nop / ldr r2, [#0x08000000] Thumb/ROM PN.
PASS: nop / ldr r2, [#0x08000000] Thumb/ROM ..S
PASS: nop / ldr r2, [#0x08000000] Thumb/ROM P.S
PASS: nop / ldr r2, [#0x08000000] Thumb/ROM .NS
PASS: nop / ldr r2, [#0x08000000] Thumb/ROM PNS
PASS: nop / ldr r2, [#0x08000000] Thumb/WRAM
PASS: nop / ldr r2, [#0x08000000] Thumb/IWRAM
Timing test: strh r3, [sp]
PASS: strh r3, [sp] ARM/ROM ...
PASS: strh r3, [sp] ARM/ROM P..
PASS: strh r3, [sp] ARM/ROM .N.
PASS: strh r3, [sp] ARM/ROM PN.
PASS: strh r3, [sp] ARM/ROM ..S
PASS: strh r3, [sp] ARM/ROM P.S
PASS: strh r3, [sp] ARM/ROM .NS
PASS: strh r3, [sp] ARM/ROM PNS
PASS: strh r3, [sp] ARM/WRAM
PASS: strh r3, [sp] ARM/IWRAM
PASS: strh r3, [sp] Thumb/ROM ...
PASS: strh r3, [sp] Thumb/ROM P..
PASS: strh r3, [sp] Thumb/ROM .N.
PASS: strh r3, [sp] Thumb/ROM PN.
PASS: strh r3, [sp] Thumb/ROM ..S
PASS: strh r3, [sp] Thumb/ROM P.S
PASS: strh r3, [sp] Thumb/ROM .NS
PASS: strh r3, [sp] Thumb/ROM PNS
PASS: strh r3, [sp] Thumb/WRAM
PASS: strh r3, [sp] Thumb/IWRAM
Timing test: strh r3, [sp] / nop
PASS: strh r3, [sp] / nop ARM/ROM ...
PASS: strh r3, [sp] / nop ARM/ROM P..
PASS: strh r3, [sp] / nop ARM/ROM .N.
PASS: strh r3, [sp] / nop ARM/ROM PN.
PASS: strh r3, [sp] / nop ARM/ROM ..S
PASS: strh r3, [sp] / nop ARM/ROM P.S
PASS: strh r3, [sp] / nop ARM/ROM .NS
PASS: strh r3, [sp] / nop ARM/ROM PNS
PASS: strh r3, [sp] / nop ARM/WRAM
PASS: strh r3, [sp] / nop ARM/IWRAM
PASS: strh r3, [sp] / nop Thumb/ROM ...
PASS: strh r3, [sp] / nop Thumb/ROM P..
PASS: strh r3, [sp] / nop Thumb/ROM .N.
PASS: strh r3, [sp] / nop Thumb/ROM PN.
PASS: strh r3, [sp] / nop Thumb/ROM ..S
PASS: strh r3, [sp] / nop Thumb/ROM P.S
PASS: strh r3, [sp] / nop Thumb/ROM .NS
PASS: strh r3, [sp] / nop Thumb/ROM PNS
PASS: strh r3, [sp] / nop Thumb/WRAM
PASS: strh r3, [sp] / nop Thumb/IWRAM
Timing test: nop / strh r3, [sp]
PASS: nop / strh r3, [sp] ARM/ROM ...
PASS: nop / strh r3, [sp] ARM/ROM P..
PASS: nop / strh r3, [sp] ARM/ROM .N.
PASS: nop / strh r3, [sp] ARM/ROM PN.
PASS: nop / strh r3, [sp] ARM/ROM ..S
PASS: nop / strh r3, [sp] ARM/ROM P.S
PASS: nop / strh r3, [sp] ARM/ROM .NS
PASS: nop / strh r3, [sp] ARM/ROM PNS
PASS: nop / strh r3, [sp] ARM/WRAM
PASS: nop / strh r3, [sp] ARM/IWRAM
PASS: nop / strh r3, [sp] Thumb/ROM ...
PASS: nop / strh r3, [sp] Thumb/ROM P..
PASS: nop / strh r3, [sp] Thumb/ROM .N.
PASS: nop / strh r3, [sp] Thumb/ROM PN.
PASS: nop / strh r3, [sp] Thumb/ROM ..S
PASS: nop / strh r3, [sp] Thumb/ROM P.S
PASS: nop / strh r3, [sp] Thumb/ROM .NS
PASS: nop / strh r3, [sp] Thumb/ROM PNS
PASS: nop / strh r3, [sp] Thumb/WRAM
PASS: nop / strh r3, [sp] Thumb/IWRAM
Timing test: nop / strh r3, [sp] / nop
PASS: nop / strh r3, [sp] / nop ARM/ROM ...
PASS: nop / strh r3, [sp] / nop ARM/ROM P..
PASS: nop / strh r3, [sp] / nop ARM/ROM .N.
PASS: nop / strh r3, [sp] / nop ARM/ROM PN.
PASS: nop / strh r3, [sp] / nop ARM/ROM ..S
PASS: nop / strh r3, [sp] / nop ARM/ROM P.S
PASS: nop / strh r3, [sp] / nop ARM/ROM .NS
PASS: nop / strh r3, [sp] / nop ARM/ROM PNS
PASS: nop / strh r3, [sp] / nop ARM/WRAM
PASS: nop / strh r3, [sp] / nop ARM/IWRAM
PASS: nop / strh r3, [sp] / nop Thumb/ROM ...
PASS: nop / strh r3, [sp] / nop Thumb/ROM P..
PASS: nop / strh r3, [sp] / nop Thumb/ROM .N.
PASS: nop / strh r3, [sp] / nop Thumb/ROM PN.
PASS: nop / strh r3, [sp] / nop Thumb/ROM ..S
PASS: nop / strh r3, [sp] / nop Thumb/ROM P.S
PASS: nop / strh r3, [sp] / nop Thumb/ROM .NS
PASS: nop / strh r3, [sp] / nop Thumb/ROM PNS
PASS: nop / strh r3, [sp] / nop Thumb/WRAM
PASS: nop / strh r3, [sp] / nop Thumb/IWRAM
Timing test: ldr r2, [sp] x2
PASS: ldr r2, [sp] x2 ARM/ROM ...
PASS: ldr r2, [sp] x2 ARM/ROM P..
PASS: ldr r2, [sp] x2 ARM/ROM .N.
PASS: ldr r2, [sp] x2 ARM/ROM PN.
PASS: ldr r2, [sp] x2 ARM/ROM ..S
PASS: ldr r2, [sp] x2 ARM/ROM P.S
PASS: ldr r2, [sp] x2 ARM/ROM .NS
PASS: ldr r2, [sp] x2 ARM/ROM PNS
PASS: ldr r2, [sp] x2 ARM/WRAM
PASS: ldr r2, [sp] x2 ARM/IWRAM
PASS: ldr r2, [sp] x2 Thumb/ROM ...
PASS: ldr r2, [sp] x2 Thumb/ROM P..
PASS: ldr r2, [sp] x2 Thumb/ROM .N.
PASS: ldr r2, [sp] x2 Thumb/ROM PN.
PASS: ldr r2, [sp] x2 Thumb/ROM ..S
PASS: ldr r2, [sp] x2 Thumb/ROM P.S
PASS: ldr r2, [sp] x2 Thumb/ROM .NS
PASS: ldr r2, [sp] x2 Thumb/ROM PNS
PASS: ldr r2, [sp] x2 Thumb/WRAM
PASS: ldr r2, [sp] x2 Thumb/IWRAM
Timing test: ldr r2, [#0x08000000] / ldr r2, [sp]
PASS: ldr r2, [#0x08000000] / ldr r2, [sp] ARM/ROM ...
PASS: ldr r2, [#0x08000000] / ldr r2, [sp] ARM/ROM P..
PASS: ldr r2, [#0x08000000] / ldr r2, [sp] ARM/ROM .N.
PASS: ldr r2, [#0x08000000] / ldr r2, [sp] ARM/ROM PN.
PASS: ldr r2, [#0x08000000] / ldr r2, [sp] ARM/ROM ..S
PASS: ldr r2, [#0x08000000] / ldr r2, [sp] ARM/ROM P.S
PASS: ldr r2, [#0x08000000] / ldr r2, [sp] ARM/ROM .NS
PASS: ldr r2, [#0x08000000] / ldr r2, [sp] ARM/ROM PNS
PASS: ldr r2, [#0x08000000] / ldr r2, [sp] ARM/WRAM
PASS: ldr r2, [#0x08000000] / ldr r2, [sp] ARM/IWRAM
PASS: ldr r2, [#0x08000000] / ldr r2, [sp] Thumb/ROM ...
PASS: ldr r2, [#0x08000000] / ldr r2, [sp] Thumb/ROM P..
PASS: ldr r2, [#0x08000000] / ldr r2, [sp] Thumb/ROM .N.
PASS: ldr r2, [#0x08000000] / ldr r2, [sp] Thumb/ROM PN.
PASS: ldr r2, [#0x08000000] / ldr r2, [sp] Thumb/ROM ..S
PASS: ldr r2, [#0x08000000] / ldr r2, [sp] Thumb/ROM P.S
PASS: ldr r2, [#0x08000000] / ldr r2, [sp] Thumb/ROM .NS
PASS: ldr r2, [#0x08000000] / ldr r2, [sp] Thumb/ROM PNS
PASS: ldr r2, [#0x08000000] / ldr r2, [sp] Thumb/WRAM
PASS: ldr r2, [#0x08000000] / ldr r2, [sp] Thumb/IWRAM
Timing test: ldr r2, [sp] / ldr r2, [#0x08000000]
PASS: ldr r2, [sp] / ldr r2, [#0x08000000] ARM/ROM ...
PASS: ldr r2, [sp] / ldr r2, [#0x08000000] ARM/ROM P..
PASS: ldr r2, [sp] / ldr r2, [#0x08000000] ARM/ROM .N.
PASS: ldr r2, [sp] / ldr r2, [#0x08000000] ARM/ROM PN.
PASS: ldr r2, [sp] / ldr r2, [#0x08000000] ARM/ROM ..S
PASS: ldr r2, [sp] / ldr r2, [#0x08000000] ARM/ROM P.S
PASS: ldr r2, [sp] / ldr r2, [#0x08000000] ARM/ROM .NS
PASS: ldr r2, [sp] / ldr r2, [#0x08000000] ARM/ROM PNS
PASS: ldr r2, [sp] / ldr r2, [#0x08000000] ARM/WRAM
PASS: ldr r2, [sp] / ldr r2, [#0x08000000] ARM/IWRAM
PASS: ldr r2, [sp] / ldr r2, [#0x08000000] Thumb/ROM ...
PASS: ldr r2, [sp] / ldr r2, [#0x08000000] Thumb/ROM P..
PASS: ldr r2, [sp] / ldr r2, [#0x08000000] Thumb/ROM .N.
PASS: ldr r2, [sp] / ldr r2, [#0x08000000] Thumb/ROM PN.
PASS: ldr r2, [sp] / ldr r2, [#0x08000000] Thumb/ROM ..S
PASS: ldr r2, [sp] / ldr r2, [#0x08000000] Thumb/ROM P.S
PASS: ldr r2, [sp] / ldr r2, [#0x08000000] Thumb/ROM .NS
PASS: ldr r2, [sp] / ldr r2, [#0x08000000] Thumb/ROM PNS
PASS: ldr r2, [sp] / ldr r2, [#0x08000000] Thumb/WRAM
PASS: ldr r2, [sp] / ldr r2, [#0x08000000] Thumb/IWRAM
Timing test: ldr r2, [#0x08000000] x2
PASS: ldr r2, [#0x08000000] x2 ARM/ROM ...
PASS: ldr r2, [#0x08000000] x2 ARM/ROM P..
PASS: ldr r2, [#0x08000000] x2 ARM/ROM .N.
PASS: ldr r2, [#0x08000000] x2 ARM/ROM PN.
PASS: ldr r2, [#0x08000000] x2 ARM/ROM ..S
PASS: ldr r2, [#0x08000000] x2 ARM/ROM P.S
PASS: ldr r2, [#0x08000000] x2 ARM/ROM .NS
PASS: ldr r2, [#0x08000000] x2 ARM/ROM PNS
PASS: ldr r2, [#0x08000000] x2 ARM/WRAM
PASS: ldr r2, [#0x08000000] x2 ARM/IWRAM
PASS: ldr r2, [#0x08000000] x2 Thumb/ROM ...
PASS: ldr r2, [#0x08000000] x2 Thumb/ROM P..
PASS: ldr r2, [#0x08000000] x2 Thumb/ROM .N.
PASS: ldr r2, [#0x08000000] x2 Thumb/ROM PN.
PASS: ldr r2, [#0x08000000] x2 Thumb/ROM ..S
PASS: ldr r2, [#0x08000000] x2 Thumb/ROM P.S
PASS: ldr r2, [#0x08000000] x2 Thumb/ROM .NS
PASS: ldr r2, [#0x08000000] x2 Thumb/ROM PNS
PASS: ldr r2, [#0x08000000] x2 Thumb/WRAM
PASS: ldr r2, [#0x08000000] x2 Thumb/IWRAM
Timing test: str r3, [sp] x2
PASS: str r3, [sp] x2 ARM/ROM ...
PASS: str r3, [sp] x2 ARM/ROM P..
PASS: str r3, [sp] x2 ARM/ROM .N.
PASS: str r3, [sp] x2 ARM/ROM PN.
PASS: str r3, [sp] x2 ARM/ROM ..S
PASS: str r3, [sp] x2 ARM/ROM P.S
PASS: str r3, [sp] x2 ARM/ROM .NS
PASS: str r3, [sp] x2 ARM/ROM PNS
PASS: str r3, [sp] x2 ARM/WRAM
PASS: str r3, [sp] x2 ARM/IWRAM
PASS: str r3, [sp] x2 Thumb/ROM ...
PASS: str r3, [sp] x2 Thumb/ROM P..
PASS: str r3, [sp] x2 Thumb/ROM .N.
PASS: str r3, [sp] x2 Thumb/ROM PN.
PASS: str r3, [sp] x2 Thumb/ROM ..S
PASS: str r3, [sp] x2 Thumb/ROM P.S
PASS: str r3, [sp] x2 Thumb/ROM .NS
PASS: str r3, [sp] x2 Thumb/ROM PNS
PASS: str r3, [sp] x2 Thumb/WRAM
PASS: str r3, [sp] x2 Thumb/IWRAM
Timing test: ldr r2, [sp] / str r2, [sp]
PASS: ldr r2, [sp] / str r2, [sp] ARM/ROM ...
PASS: ldr r2, [sp] / str r2, [sp] ARM/ROM P..
PASS: ldr r2, [sp] / str r2, [sp] ARM/ROM .N.
PASS: ldr r2, [sp] / str r2, [sp] ARM/ROM PN.
PASS: ldr r2, [sp] / str r2, [sp] ARM/ROM ..S
PASS: ldr r2, [sp] / str r2, [sp] ARM/ROM P.S
PASS: ldr r2, [sp] / str r2, [sp] ARM/ROM .NS
PASS: ldr r2, [sp] / str r2, [sp] ARM/ROM PNS
PASS: ldr r2, [sp] / str r2, [sp] ARM/WRAM
PASS: ldr r2, [sp] / str r2, [sp] ARM/IWRAM
PASS: ldr r2, [sp] / str r2, [sp] Thumb/ROM ...
PASS: ldr r2, [sp] / str r2, [sp] Thumb/ROM P..
PASS: ldr r2, [sp] / str r2, [sp] Thumb/ROM .N.
PASS: ldr r2, [sp] / str r2, [sp] Thumb/ROM PN.
PASS: ldr r2, [sp] / str r2, [sp] Thumb/ROM ..S
PASS: ldr r2, [sp] / str r2, [sp] Thumb/ROM P.S
PASS: ldr r2, [sp] / str r2, [sp] Thumb/ROM .NS
PASS: ldr r2, [sp] / str r2, [sp] Thumb/ROM PNS
PASS: ldr r2, [sp] / str r2, [sp] Thumb/WRAM
PASS: ldr r2, [sp] / str r2, [sp] Thumb/IWRAM
Timing test: str r3, [sp] / ldr r3, [sp]
PASS: str r3, [sp] / ldr r3, [sp] ARM/ROM ...
PASS: str r3, [sp] / ldr r3, [sp] ARM/ROM P..
PASS: str r3, [sp] / ldr r3, [sp] ARM/ROM .N.
PASS: str r3, [sp] / ldr r3, [sp] ARM/ROM PN.
PASS: str r3, [sp] / ldr r3, [sp] ARM/ROM ..S
PASS: str r3, [sp] / ldr r3, [sp] ARM/ROM P.S
PASS: str r3, [sp] / ldr r3, [sp] ARM/ROM .NS
PASS: str r3, [sp] / ldr r3, [sp] ARM/ROM PNS
PASS: str r3, [sp] / ldr r3, [sp] ARM/WRAM
PASS: str r3, [sp] / ldr r3, [sp] ARM/IWRAM
PASS: str r3, [sp] / ldr r3, [sp] Thumb/ROM ...
PASS: str r3, [sp] / ldr r3, [sp] Thumb/ROM P..
PASS: str r3, [sp] / ldr r3, [sp] Thumb/ROM .N.
PASS: str r3, [sp] / ldr r3, [sp] Thumb/ROM PN.
PASS: str r3, [sp] / ldr r3, [sp] Thumb/ROM ..S
PASS: str r3, [sp] / ldr r3, [sp] Thumb/ROM P.S
PASS: str r3, [sp] / ldr r3, [sp] Thumb/ROM .NS
PASS: str r3, [sp] / ldr r3, [sp] Thumb/ROM PNS
PASS: str r3, [sp] / ldr r3, [sp] Thumb/WRAM
PASS: str r3, [sp] / ldr r3, [sp] Thumb/IWRAM
Timing test: ldmia sp, {r2}
PASS: ldmia sp, {r2} ARM/ROM ...
PASS: ldmia sp, {r2} ARM/ROM P..
PASS: ldmia sp, {r2} ARM/ROM .N.
PASS: ldmia sp, {r2} ARM/ROM PN.
PASS: ldmia sp, {r2} ARM/ROM ..S
PASS: ldmia sp, {r2} ARM/ROM P.S
PASS: ldmia sp, {r2} ARM/ROM .NS
PASS: ldmia sp, {r2} ARM/ROM PNS
PASS: ldmia sp, {r2} ARM/WRAM
PASS: ldmia sp, {r2} ARM/IWRAM
Timing test: ldmia sp, {r2, r3}
PASS: ldmia sp, {r2, r3} ARM/ROM ...
PASS: ldmia sp, {r2, r3} ARM/ROM P..
PASS: ldmia sp, {r2, r3} ARM/ROM .N.
PASS: ldmia sp, {r2, r3} ARM/ROM PN.
PASS: ldmia sp, {r2, r3} ARM/ROM ..S
PASS: ldmia sp, {r2, r3} ARM/ROM P.S
PASS: ldmia sp, {r2, r3} ARM/ROM .NS
PASS: ldmia sp, {r2, r3} ARM/ROM PNS
PASS: ldmia sp, {r2, r3} ARM/WRAM
PASS: ldmia sp, {r2, r3} ARM/IWRAM
Timing test: ldmia sp, {r2-r7}
PASS: ldmia sp, {r2-r7} ARM/ROM ...
PASS: ldmia sp, {r2-r7} ARM/ROM P..
PASS: ldmia sp, {r2-r7} ARM/ROM .N.
PASS: ldmia sp, {r2-r7} ARM/ROM PN.
PASS: ldmia sp, {r2-r7} ARM/ROM ..S
PASS: ldmia sp, {r2-r7} ARM/ROM P.S
PASS: ldmia sp, {r2-r7} ARM/ROM .NS
PASS: ldmia sp, {r2-r7} ARM/ROM PNS
PASS: ldmia sp, {r2-r7} ARM/WRAM
PASS: ldmia sp, {r2-r7} ARM/IWRAM
Timing test: ldmia sp, {r2} x2
PASS: ldmia sp, {r2} x2 ARM/ROM ...
PASS: ldmia sp, {r2} x2 ARM/ROM P..
PASS: ldmia sp, {r2} x2 ARM/ROM .N.
PASS: ldmia sp, {r2} x2 ARM/ROM PN.
PASS: ldmia sp, {r2} x2 ARM/ROM ..S
PASS: ldmia sp, {r2} x2 ARM/ROM P.S
PASS: ldmia sp, {r2} x2 ARM/ROM .NS
PASS: ldmia sp, {r2} x2 ARM/ROM PNS
PASS: ldmia sp, {r2} x2 ARM/WRAM
PASS: ldmia sp, {r2} x2 ARM/IWRAM
Timing test: ldmia sp, {r2, r3} x2
PASS: ldmia sp, {r2, r3} x2 ARM/ROM ...
PASS: ldmia sp, {r2, r3} x2 ARM/ROM P..
PASS: ldmia sp, {r2, r3} x2 ARM/ROM .N.
PASS: ldmia sp, {r2, r3} x2 ARM/ROM PN.
PASS: ldmia sp, {r2, r3} x2 ARM/ROM ..S
PASS: ldmia sp, {r2, r3} x2 ARM/ROM P.S
PASS: ldmia sp, {r2, r3} x2 ARM/ROM .NS
PASS: ldmia sp, {r2, r3} x2 ARM/ROM PNS
PASS: ldmia sp, {r2, r3} x2 ARM/WRAM
PASS: ldmia sp, {r2, r3} x2 ARM/IWRAM
Timing test: ldmia sp, {r2-r7} x2
PASS: ldmia sp, {r2-r7} x2 ARM/ROM ...
PASS: ldmia sp, {r2-r7} x2 ARM/ROM P..
PASS: ldmia sp, {r2-r7} x2 ARM/ROM .N.
PASS: ldmia sp, {r2-r7} x2 ARM/ROM PN.
PASS: ldmia sp, {r2-r7} x2 ARM/ROM ..S
PASS: ldmia sp, {r2-r7} x2 ARM/ROM P.S
PASS: ldmia sp, {r2-r7} x2 ARM/ROM .NS
PASS: ldmia sp, {r2-r7} x2 ARM/ROM PNS
PASS: ldmia sp, {r2-r7} x2 ARM/WRAM
PASS: ldmia sp, {r2-r7} x2 ARM/IWRAM
Timing test: stmia sp, {r2}
PASS: stmia sp, {r2} ARM/ROM ...
PASS: stmia sp, {r2} ARM/ROM P..
PASS: stmia sp, {r2} ARM/ROM .N.
PASS: stmia sp, {r2} ARM/ROM PN.
PASS: stmia sp, {r2} ARM/ROM ..S
PASS: stmia sp, {r2} ARM/ROM P.S
PASS: stmia sp, {r2} ARM/ROM .NS
PASS: stmia sp, {r2} ARM/ROM PNS
PASS: stmia sp, {r2} ARM/WRAM
PASS: stmia sp, {r2} ARM/IWRAM
Timing test: stmia sp, {r2, r3}
PASS: stmia sp, {r2, r3} ARM/ROM ...
PASS: stmia sp, {r2, r3} ARM/ROM P..
PASS: stmia sp, {r2, r3} ARM/ROM .N.
PASS: stmia sp, {r2, r3} ARM/ROM PN.
PASS: stmia sp, {r2, r3} ARM/ROM ..S
PASS: stmia sp, {r2, r3} ARM/ROM P.S
PASS: stmia sp, {r2, r3} ARM/ROM .NS
PASS: stmia sp, {r2, r3} ARM/ROM PNS
PASS: stmia sp, {r2, r3} ARM/WRAM
PASS: stmia sp, {r2, r3} ARM/IWRAM
Timing test: stmia sp, {r2-r7}
PASS: stmia sp, {r2-r7} ARM/ROM ...
PASS: stmia sp, {r2-r7} ARM/ROM P..
PASS: stmia sp, {r2-r7} ARM/ROM .N.
PASS: stmia sp, {r2-r7} ARM/ROM PN.
PASS: stmia sp, {r2-r7} ARM/ROM ..S
PASS: stmia sp, {r2-r7} ARM/ROM P.S
PASS: stmia sp, {r2-r7} ARM/ROM .NS
PASS: stmia sp, {r2-r7} ARM/ROM PNS
PASS: stmia sp, {r2-r7} ARM/WRAM
PASS: stmia sp, {r2-r7} ARM/IWRAM
Timing test: stmia sp, {r2} x2
PASS: stmia sp, {r2} x2 ARM/ROM ...
PASS: stmia sp, {r2} x2 ARM/ROM P..
PASS: stmia sp, {r2} x2 ARM/ROM .N.
PASS: stmia sp, {r2} x2 ARM/ROM PN.
PASS: stmia sp, {r2} x2 ARM/ROM ..S
PASS: stmia sp, {r2} x2 ARM/ROM P.S
PASS: stmia sp, {r2} x2 ARM/ROM .NS
PASS: stmia sp, {r2} x2 ARM/ROM PNS
PASS: stmia sp, {r2} x2 ARM/WRAM
PASS: stmia sp, {r2} x2 ARM/IWRAM
Timing test: stmia sp, {r2, r3} x2
PASS: stmia sp, {r2, r3} x2 ARM/ROM ...
PASS: stmia sp, {r2, r3} x2 ARM/ROM P..
PASS: stmia sp, {r2, r3} x2 ARM/ROM .N.
PASS: stmia sp, {r2, r3} x2 ARM/ROM PN.
PASS: stmia sp, {r2, r3} x2 ARM/ROM ..S
PASS: stmia sp, {r2, r3} x2 ARM/ROM P.S
PASS: stmia sp, {r2, r3} x2 ARM/ROM .NS
FAIL: stmia sp, {r2, r3} x2 ARM/ROM PNS
ARM/ROM PNS: Got    10 vs     8: FAIL
PASS: stmia sp, {r2, r3} x2 ARM/WRAM
PASS: stmia sp, {r2, r3} x2 ARM/IWRAM
Timing test: stmia sp, {r2-r7} x2
PASS: stmia sp, {r2-r7} x2 ARM/ROM ...
PASS: stmia sp, {r2-r7} x2 ARM/ROM P..
PASS: stmia sp, {r2-r7} x2 ARM/ROM .N.
PASS: stmia sp, {r2-r7} x2 ARM/ROM PN.
PASS: stmia sp, {r2-r7} x2 ARM/ROM ..S
PASS: stmia sp, {r2-r7} x2 ARM/ROM P.S
PASS: stmia sp, {r2-r7} x2 ARM/ROM .NS
PASS: stmia sp, {r2-r7} x2 ARM/ROM PNS
PASS: stmia sp, {r2-r7} x2 ARM/WRAM
PASS: stmia sp, {r2-r7} x2 ARM/IWRAM
Timing test: ldmia [#0x07FFFFFC]!, {r3-r7}
PASS: ldmia [#0x07FFFFFC]!, {r3-r7} ARM/ROM ...
PASS: ldmia [#0x07FFFFFC]!, {r3-r7} ARM/ROM P..
PASS: ldmia [#0x07FFFFFC]!, {r3-r7} ARM/ROM .N.
PASS: ldmia [#0x07FFFFFC]!, {r3-r7} ARM/ROM PN.
PASS: ldmia [#0x07FFFFFC]!, {r3-r7} ARM/ROM ..S
PASS: ldmia [#0x07FFFFFC]!, {r3-r7} ARM/ROM P.S
PASS: ldmia [#0x07FFFFFC]!, {r3-r7} ARM/ROM .NS
PASS: ldmia [#0x07FFFFFC]!, {r3-r7} ARM/ROM PNS
PASS: ldmia [#0x07FFFFFC]!, {r3-r7} ARM/WRAM
PASS: ldmia [#0x07FFFFFC]!, {r3-r7} ARM/IWRAM
PASS: ldmia [#0x07FFFFFC]!, {r3-r7} Thumb/ROM ...
PASS: ldmia [#0x07FFFFFC]!, {r3-r7} Thumb/ROM P..
PASS: ldmia [#0x07FFFFFC]!, {r3-r7} Thumb/ROM .N.
PASS: ldmia [#0x07FFFFFC]!, {r3-r7} Thumb/ROM PN.
PASS: ldmia [#0x07FFFFFC]!, {r3-r7} Thumb/ROM ..S
PASS: ldmia [#0x07FFFFFC]!, {r3-r7} Thumb/ROM P.S
PASS: ldmia [#0x07FFFFFC]!, {r3-r7} Thumb/ROM .NS
PASS: ldmia [#0x07FFFFFC]!, {r3-r7} Thumb/ROM PNS
PASS: ldmia [#0x07FFFFFC]!, {r3-r7} Thumb/WRAM
PASS: ldmia [#0x07FFFFFC]!, {r3-r7} Thumb/IWRAM
Timing test: ldmia [#0x07FFFFF8]!, {r3-r7}
PASS: ldmia [#0x07FFFFF8]!, {r3-r7} ARM/ROM ...
PASS: ldmia [#0x07FFFFF8]!, {r3-r7} ARM/ROM P..
PASS: ldmia [#0x07FFFFF8]!, {r3-r7} ARM/ROM .N.
PASS: ldmia [#0x07FFFFF8]!, {r3-r7} ARM/ROM PN.
PASS: ldmia [#0x07FFFFF8]!, {r3-r7} ARM/ROM ..S
PASS: ldmia [#0x07FFFFF8]!, {r3-r7} ARM/ROM P.S
PASS: ldmia [#0x07FFFFF8]!, {r3-r7} ARM/ROM .NS
PASS: ldmia [#0x07FFFFF8]!, {r3-r7} ARM/ROM PNS
PASS: ldmia [#0x07FFFFF8]!, {r3-r7} ARM/WRAM
PASS: ldmia [#0x07FFFFF8]!, {r3-r7} ARM/IWRAM
PASS: ldmia [#0x07FFFFF8]!, {r3-r7} Thumb/ROM ...
PASS: ldmia [#0x07FFFFF8]!, {r3-r7} Thumb/ROM P..
PASS: ldmia [#0x07FFFFF8]!, {r3-r7} Thumb/ROM .N.
PASS: ldmia [#0x07FFFFF8]!, {r3-r7} Thumb/ROM PN.
PASS: ldmia [#0x07FFFFF8]!, {r3-r7} Thumb/ROM ..S
PASS: ldmia [#0x07FFFFF8]!, {r3-r7} Thumb/ROM P.S
PASS: ldmia [#0x07FFFFF8]!, {r3-r7} Thumb/ROM .NS
PASS: ldmia [#0x07FFFFF8]!, {r3-r7} Thumb/ROM PNS
PASS: ldmia [#0x07FFFFF8]!, {r3-r7} Thumb/WRAM
PASS: ldmia [#0x07FFFFF8]!, {r3-r7} Thumb/IWRAM
Timing test: ldmia [#0x07FFFFF4]!, {r3-r7}
PASS: ldmia [#0x07FFFFF4]!, {r3-r7} ARM/ROM ...
PASS: ldmia [#0x07FFFFF4]!, {r3-r7} ARM/ROM P..
PASS: ldmia [#0x07FFFFF4]!, {r3-r7} ARM/ROM .N.
PASS: ldmia [#0x07FFFFF4]!, {r3-r7} ARM/ROM PN.
PASS: ldmia [#0x07FFFFF4]!, {r3-r7} ARM/ROM ..S
PASS: ldmia [#0x07FFFFF4]!, {r3-r7} ARM/ROM P.S
PASS: ldmia [#0x07FFFFF4]!, {r3-r7} ARM/ROM .NS
PASS: ldmia [#0x07FFFFF4]!, {r3-r7} ARM/ROM PNS
PASS: ldmia [#0x07FFFFF4]!, {r3-r7} ARM/WRAM
PASS: ldmia [#0x07FFFFF4]!, {r3-r7} ARM/IWRAM
PASS: ldmia [#0x07FFFFF4]!, {r3-r7} Thumb/ROM ...
PASS: ldmia [#0x07FFFFF4]!, {r3-r7} Thumb/ROM P..
PASS: ldmia [#0x07FFFFF4]!, {r3-r7} Thumb/ROM .N.
PASS: ldmia [#0x07FFFFF4]!, {r3-r7} Thumb/ROM PN.
PASS: ldmia [#0x07FFFFF4]!, {r3-r7} Thumb/ROM ..S
PASS: ldmia [#0x07FFFFF4]!, {r3-r7} Thumb/ROM P.S
PASS: ldmia [#0x07FFFFF4]!, {r3-r7} Thumb/ROM .NS
PASS: ldmia [#0x07FFFFF4]!, {r3-r7} Thumb/ROM PNS
PASS: ldmia [#0x07FFFFF4]!, {r3-r7} Thumb/WRAM
PASS: ldmia [#0x07FFFFF4]!, {r3-r7} Thumb/IWRAM
Timing test: ldmia [#0x07FFFFF0]!, {r3-r7}
PASS: ldmia [#0x07FFFFF0]!, {r3-r7} ARM/ROM ...
PASS: ldmia [#0x07FFFFF0]!, {r3-r7} ARM/ROM P..
PASS: ldmia [#0x07FFFFF0]!, {r3-r7} ARM/ROM .N.
PASS: ldmia [#0x07FFFFF0]!, {r3-r7} ARM/ROM PN.
PASS: ldmia [#0x07FFFFF0]!, {r3-r7} ARM/ROM ..S
PASS: ldmia [#0x07FFFFF0]!, {r3-r7} ARM/ROM P.S
PASS: ldmia [#0x07FFFFF0]!, {r3-r7} ARM/ROM .NS
PASS: ldmia [#0x07FFFFF0]!, {r3-r7} ARM/ROM PNS
PASS: ldmia [#0x07FFFFF0]!, {r3-r7} ARM/WRAM
PASS: ldmia [#0x07FFFFF0]!, {r3-r7} ARM/IWRAM
PASS: ldmia [#0x07FFFFF0]!, {r3-r7} Thumb/ROM ...
PASS: ldmia [#0x07FFFFF0]!, {r3-r7} Thumb/ROM P..
PASS: ldmia [#0x07FFFFF0]!, {r3-r7} Thumb/ROM .N.
PASS: ldmia [#0x07FFFFF0]!, {r3-r7} Thumb/ROM PN.
PASS: ldmia [#0x07FFFFF0]!, {r3-r7} Thumb/ROM ..S
PASS: ldmia [#0x07FFFFF0]!, {r3-r7} Thumb/ROM P.S
PASS: ldmia [#0x07FFFFF0]!, {r3-r7} Thumb/ROM .NS
PASS: ldmia [#0x07FFFFF0]!, {r3-r7} Thumb/ROM PNS
PASS: ldmia [#0x07FFFFF0]!, {r3-r7} Thumb/WRAM
PASS: ldmia [#0x07FFFFF0]!, {r3-r7} Thumb/IWRAM
Timing test: ldmia [#0x07FFFFEC]!, {r3-r7}
PASS: ldmia [#0x07FFFFEC]!, {r3-r7} ARM/ROM ...
PASS: ldmia [#0x07FFFFEC]!, {r3-r7} ARM/ROM P..
PASS: ldmia [#0x07FFFFEC]!, {r3-r7} ARM/ROM .N.
PASS: ldmia [#0x07FFFFEC]!, {r3-r7} ARM/ROM PN.
PASS: ldmia [#0x07FFFFEC]!, {r3-r7} ARM/ROM ..S
PASS: ldmia [#0x07FFFFEC]!, {r3-r7} ARM/ROM P.S
PASS: ldmia [#0x07FFFFEC]!, {r3-r7} ARM/ROM .NS
PASS: ldmia [#0x07FFFFEC]!, {r3-r7} ARM/ROM PNS
PASS: ldmia [#0x07FFFFEC]!, {r3-r7} ARM/WRAM
PASS: ldmia [#0x07FFFFEC]!, {r3-r7} ARM/IWRAM
PASS: ldmia [#0x07FFFFEC]!, {r3-r7} Thumb/ROM ...
PASS: ldmia [#0x07FFFFEC]!, {r3-r7} Thumb/ROM P..
PASS: ldmia [#0x07FFFFEC]!, {r3-r7} Thumb/ROM .N.
PASS: ldmia [#0x07FFFFEC]!, {r3-r7} Thumb/ROM PN.
PASS: ldmia [#0x07FFFFEC]!, {r3-r7} Thumb/ROM ..S
PASS: ldmia [#0x07FFFFEC]!, {r3-r7} Thumb/ROM P.S
PASS: ldmia [#0x07FFFFEC]!, {r3-r7} Thumb/ROM .NS
PASS: ldmia [#0x07FFFFEC]!, {r3-r7} Thumb/ROM PNS
PASS: ldmia [#0x07FFFFEC]!, {r3-r7} Thumb/WRAM
PASS: ldmia [#0x07FFFFEC]!, {r3-r7} Thumb/IWRAM
Timing test: mul #0x00000000, #0xFF
PASS: mul #0x00000000, #0xFF ARM/ROM ...
PASS: mul #0x00000000, #0xFF ARM/ROM P..
PASS: mul #0x00000000, #0xFF ARM/ROM .N.
PASS: mul #0x00000000, #0xFF ARM/ROM PN.
PASS: mul #0x00000000, #0xFF ARM/ROM ..S
PASS: mul #0x00000000, #0xFF ARM/ROM P.S
PASS: mul #0x00000000, #0xFF ARM/ROM .NS
PASS: mul #0x00000000, #0xFF ARM/ROM PNS
PASS: mul #0x00000000, #0xFF ARM/WRAM
PASS: mul #0x00000000, #0xFF ARM/IWRAM
PASS: mul #0x00000000, #0xFF Thumb/ROM ...
PASS: mul #0x00000000, #0xFF Thumb/ROM P..
PASS: mul #0x00000000, #0xFF Thumb/ROM .N.
PASS: mul #0x00000000, #0xFF Thumb/ROM PN.
PASS: mul #0x00000000, #0xFF Thumb/ROM ..S
PASS: mul #0x00000000, #0xFF Thumb/ROM P.S
PASS: mul #0x00000000, #0xFF Thumb/ROM .NS
PASS: mul #0x00000000, #0xFF Thumb/ROM PNS
PASS: mul #0x00000000, #0xFF Thumb/WRAM
PASS: mul #0x00000000, #0xFF Thumb/IWRAM
Timing test: mul #0x00000078, #0xFF
FAIL: mul #0x00000078, #0xFF ARM/ROM ...
ARM/ROM ...: Got    10 vs     9: FAIL
PASS: mul #0x00000078, #0xFF ARM/ROM P..
FAIL: mul #0x00000078, #0xFF ARM/ROM .N.
ARM/ROM .N.: Got     9 vs     8: FAIL
PASS: mul #0x00000078, #0xFF ARM/ROM PN.
FAIL: mul #0x00000078, #0xFF ARM/ROM ..S
ARM/ROM ..S: Got     9 vs     8: FAIL
PASS: mul #0x00000078, #0xFF ARM/ROM P.S
FAIL: mul #0x00000078, #0xFF ARM/ROM .NS
ARM/ROM .NS: Got     8 vs     7: FAIL
PASS: mul #0x00000078, #0xFF ARM/ROM PNS
FAIL: mul #0x00000078, #0xFF ARM/WRAM
ARM/WRAM: Got     8 vs     7: FAIL
FAIL: mul #0x00000078, #0xFF ARM/IWRAM
ARM/IWRAM: Got     3 vs     2: FAIL
PASS: mul #0x00000078, #0xFF Thumb/ROM ...
PASS: mul #0x00000078, #0xFF Thumb/ROM P..
PASS: mul #0x00000078, #0xFF Thumb/ROM .N.
PASS: mul #0x00000078, #0xFF Thumb/ROM PN.
PASS: mul #0x00000078, #0xFF Thumb/ROM ..S
PASS: mul #0x00000078, #0xFF Thumb/ROM P.S
PASS: mul #0x00000078, #0xFF Thumb/ROM .NS
PASS: mul #0x00000078, #0xFF Thumb/ROM PNS
PASS: mul #0x00000078, #0xFF Thumb/WRAM
PASS: mul #0x00000078, #0xFF Thumb/IWRAM
Timing test: mul #0x00005678, #0xFF
FAIL: mul #0x00005678, #0xFF ARM/ROM ...
ARM/ROM ...: Got    11 vs    10: FAIL
PASS: mul #0x00005678, #0xFF ARM/ROM P..
FAIL: mul #0x00005678, #0xFF ARM/ROM .N.
ARM/ROM .N.: Got    10 vs     9: FAIL
PASS: mul #0x00005678, #0xFF ARM/ROM PN.
FAIL: mul #0x00005678, #0xFF ARM/ROM ..S
ARM/ROM ..S: Got    10 vs     9: FAIL
PASS: mul #0x00005678, #0xFF ARM/ROM P.S
FAIL: mul #0x00005678, #0xFF ARM/ROM .NS
ARM/ROM .NS: Got     9 vs     8: FAIL
PASS: mul #0x00005678, #0xFF ARM/ROM PNS
FAIL: mul #0x00005678, #0xFF ARM/WRAM
ARM/WRAM: Got     9 vs     8: FAIL
FAIL: mul #0x00005678, #0xFF ARM/IWRAM
ARM/IWRAM: Got     4 vs     3: FAIL
PASS: mul #0x00005678, #0xFF Thumb/ROM ...
PASS: mul #0x00005678, #0xFF Thumb/ROM P..
PASS: mul #0x00005678, #0xFF Thumb/ROM .N.
PASS: mul #0x00005678, #0xFF Thumb/ROM PN.
PASS: mul #0x00005678, #0xFF Thumb/ROM ..S
PASS: mul #0x00005678, #0xFF Thumb/ROM P.S
PASS: mul #0x00005678, #0xFF Thumb/ROM .NS
PASS: mul #0x00005678, #0xFF Thumb/ROM PNS
PASS: mul #0x00005678, #0xFF Thumb/WRAM
PASS: mul #0x00005678, #0xFF Thumb/IWRAM
Timing test: mul #0x00345678, #0xFF
FAIL: mul #0x00345678, #0xFF ARM/ROM ...
ARM/ROM ...: Got    12 vs    11: FAIL
PASS: mul #0x00345678, #0xFF ARM/ROM P..
FAIL: mul #0x00345678, #0xFF ARM/ROM .N.
ARM/ROM .N.: Got    11 vs    10: FAIL
PASS: mul #0x00345678, #0xFF ARM/ROM PN.
FAIL: mul #0x00345678, #0xFF ARM/ROM ..S
ARM/ROM ..S: Got    11 vs    10: FAIL
FAIL: mul #0x00345678, #0xFF ARM/ROM P.S
ARM/ROM P.S: Got     5 vs     4: FAIL
FAIL: mul #0x00345678, #0xFF ARM/ROM .NS
ARM/ROM .NS: Got    10 vs     9: FAIL
FAIL: mul #0x00345678, #0xFF ARM/ROM PNS
ARM/ROM PNS: Got     5 vs     4: FAIL
FAIL: mul #0x00345678, #0xFF ARM/WRAM
ARM/WRAM: Got    10 vs     9: FAIL
FAIL: mul #0x00345678, #0xFF ARM/IWRAM
ARM/IWRAM: Got     5 vs     4: FAIL
PASS: mul #0x00345678, #0xFF Thumb/ROM ...
PASS: mul #0x00345678, #0xFF Thumb/ROM P..
PASS: mul #0x00345678, #0xFF Thumb/ROM .N.
PASS: mul #0x00345678, #0xFF Thumb/ROM PN.
PASS: mul #0x00345678, #0xFF Thumb/ROM ..S
PASS: mul #0x00345678, #0xFF Thumb/ROM P.S
PASS: mul #0x00345678, #0xFF Thumb/ROM .NS
PASS: mul #0x00345678, #0xFF Thumb/ROM PNS
PASS: mul #0x00345678, #0xFF Thumb/WRAM
PASS: mul #0x00345678, #0xFF Thumb/IWRAM
Timing test: mul #0x12345678, #0xFF
PASS: mul #0x12345678, #0xFF ARM/ROM ...
PASS: mul #0x12345678, #0xFF ARM/ROM P..
PASS: mul #0x12345678, #0xFF ARM/ROM .N.
PASS: mul #0x12345678, #0xFF ARM/ROM PN.
PASS: mul #0x12345678, #0xFF ARM/ROM ..S
PASS: mul #0x12345678, #0xFF ARM/ROM P.S
PASS: mul #0x12345678, #0xFF ARM/ROM .NS
PASS: mul #0x12345678, #0xFF ARM/ROM PNS
PASS: mul #0x12345678, #0xFF ARM/WRAM
PASS: mul #0x12345678, #0xFF ARM/IWRAM
PASS: mul #0x12345678, #0xFF Thumb/ROM ...
PASS: mul #0x12345678, #0xFF Thumb/ROM P..
PASS: mul #0x12345678, #0xFF Thumb/ROM .N.
PASS: mul #0x12345678, #0xFF Thumb/ROM PN.
PASS: mul #0x12345678, #0xFF Thumb/ROM ..S
PASS: mul #0x12345678, #0xFF Thumb/ROM P.S
PASS: mul #0x12345678, #0xFF Thumb/ROM .NS
PASS: mul #0x12345678, #0xFF Thumb/ROM PNS
PASS: mul #0x12345678, #0xFF Thumb/WRAM
PASS: mul #0x12345678, #0xFF Thumb/IWRAM
Timing test: mul #0xFF000000, #0xFF
FAIL: mul #0xFF000000, #0xFF ARM/ROM ...
ARM/ROM ...: Got    12 vs    11: FAIL
PASS: mul #0xFF000000, #0xFF ARM/ROM P..
FAIL: mul #0xFF000000, #0xFF ARM/ROM .N.
ARM/ROM .N.: Got    11 vs    10: FAIL
PASS: mul #0xFF000000, #0xFF ARM/ROM PN.
FAIL: mul #0xFF000000, #0xFF ARM/ROM ..S
ARM/ROM ..S: Got    11 vs    10: FAIL
FAIL: mul #0xFF000000, #0xFF ARM/ROM P.S
ARM/ROM P.S: Got     5 vs     4: FAIL
FAIL: mul #0xFF000000, #0xFF ARM/ROM .NS
ARM/ROM .NS: Got    10 vs     9: FAIL
FAIL: mul #0xFF000000, #0xFF ARM/ROM PNS
ARM/ROM PNS: Got     5 vs     4: FAIL
FAIL: mul #0xFF000000, #0xFF ARM/WRAM
ARM/WRAM: Got    10 vs     9: FAIL
FAIL: mul #0xFF000000, #0xFF ARM/IWRAM
ARM/IWRAM: Got     5 vs     4: FAIL
PASS: mul #0xFF000000, #0xFF Thumb/ROM ...
PASS: mul #0xFF000000, #0xFF Thumb/ROM P..
PASS: mul #0xFF000000, #0xFF Thumb/ROM .N.
PASS: mul #0xFF000000, #0xFF Thumb/ROM PN.
PASS: mul #0xFF000000, #0xFF Thumb/ROM ..S
PASS: mul #0xFF000000, #0xFF Thumb/ROM P.S
PASS: mul #0xFF000000, #0xFF Thumb/ROM .NS
PASS: mul #0xFF000000, #0xFF Thumb/ROM PNS
PASS: mul #0xFF000000, #0xFF Thumb/WRAM
PASS: mul #0xFF000000, #0xFF Thumb/IWRAM
Timing test: mul #0xFFFF0000, #0xFF
FAIL: mul #0xFFFF0000, #0xFF ARM/ROM ...
ARM/ROM ...: Got    11 vs    10: FAIL
PASS: mul #0xFFFF0000, #0xFF ARM/ROM P..
FAIL: mul #0xFFFF0000, #0xFF ARM/ROM .N.
ARM/ROM .N.: Got    10 vs     9: FAIL
PASS: mul #0xFFFF0000, #0xFF ARM/ROM PN.
FAIL: mul #0xFFFF0000, #0xFF ARM/ROM ..S
ARM/ROM ..S: Got    10 vs     9: FAIL
PASS: mul #0xFFFF0000, #0xFF ARM/ROM P.S
FAIL: mul #0xFFFF0000, #0xFF ARM/ROM .NS
ARM/ROM .NS: Got     9 vs     8: FAIL
PASS: mul #0xFFFF0000, #0xFF ARM/ROM PNS
FAIL: mul #0xFFFF0000, #0xFF ARM/WRAM
ARM/WRAM: Got     9 vs     8: FAIL
FAIL: mul #0xFFFF0000, #0xFF ARM/IWRAM
ARM/IWRAM: Got     4 vs     3: FAIL
PASS: mul #0xFFFF0000, #0xFF Thumb/ROM ...
PASS: mul #0xFFFF0000, #0xFF Thumb/ROM P..
PASS: mul #0xFFFF0000, #0xFF Thumb/ROM .N.
PASS: mul #0xFFFF0000, #0xFF Thumb/ROM PN.
PASS: mul #0xFFFF0000, #0xFF Thumb/ROM ..S
PASS: mul #0xFFFF0000, #0xFF Thumb/ROM P.S
PASS: mul #0xFFFF0000, #0xFF Thumb/ROM .NS
PASS: mul #0xFFFF0000, #0xFF Thumb/ROM PNS
PASS: mul #0xFFFF0000, #0xFF Thumb/WRAM
PASS: mul #0xFFFF0000, #0xFF Thumb/IWRAM
Timing test: mul #0xFFFFFF00, #0xFF
FAIL: mul #0xFFFFFF00, #0xFF ARM/ROM ...
ARM/ROM ...: Got    10 vs     9: FAIL
PASS: mul #0xFFFFFF00, #0xFF ARM/ROM P..
FAIL: mul #0xFFFFFF00, #0xFF ARM/ROM .N.
ARM/ROM .N.: Got     9 vs     8: FAIL
PASS: mul #0xFFFFFF00, #0xFF ARM/ROM PN.
FAIL: mul #0xFFFFFF00, #0xFF ARM/ROM ..S
ARM/ROM ..S: Got     9 vs     8: FAIL
PASS: mul #0xFFFFFF00, #0xFF ARM/ROM P.S
FAIL: mul #0xFFFFFF00, #0xFF ARM/ROM .NS
ARM/ROM .NS: Got     8 vs     7: FAIL
PASS: mul #0xFFFFFF00, #0xFF ARM/ROM PNS
FAIL: mul #0xFFFFFF00, #0xFF ARM/WRAM
ARM/WRAM: Got     8 vs     7: FAIL
FAIL: mul #0xFFFFFF00, #0xFF ARM/IWRAM
ARM/IWRAM: Got     3 vs     2: FAIL
PASS: mul #0xFFFFFF00, #0xFF Thumb/ROM ...
PASS: mul #0xFFFFFF00, #0xFF Thumb/ROM P..
PASS: mul #0xFFFFFF00, #0xFF Thumb/ROM .N.
PASS: mul #0xFFFFFF00, #0xFF Thumb/ROM PN.
PASS: mul #0xFFFFFF00, #0xFF Thumb/ROM ..S
PASS: mul #0xFFFFFF00, #0xFF Thumb/ROM P.S
PASS: mul #0xFFFFFF00, #0xFF Thumb/ROM .NS
PASS: mul #0xFFFFFF00, #0xFF Thumb/ROM PNS
PASS: mul #0xFFFFFF00, #0xFF Thumb/WRAM
PASS: mul #0xFFFFFF00, #0xFF Thumb/IWRAM
Timing test: mul #0xFFFFFFFF, #0xFF
PASS: mul #0xFFFFFFFF, #0xFF ARM/ROM ...
PASS: mul #0xFFFFFFFF, #0xFF ARM/ROM P..
PASS: mul #0xFFFFFFFF, #0xFF ARM/ROM .N.
PASS: mul #0xFFFFFFFF, #0xFF ARM/ROM PN.
PASS: mul #0xFFFFFFFF, #0xFF ARM/ROM ..S
PASS: mul #0xFFFFFFFF, #0xFF ARM/ROM P.S
PASS: mul #0xFFFFFFFF, #0xFF ARM/ROM .NS
PASS: mul #0xFFFFFFFF, #0xFF ARM/ROM PNS
PASS: mul #0xFFFFFFFF, #0xFF ARM/WRAM
PASS: mul #0xFFFFFFFF, #0xFF ARM/IWRAM
PASS: mul #0xFFFFFFFF, #0xFF Thumb/ROM ...
PASS: mul #0xFFFFFFFF, #0xFF Thumb/ROM P..
PASS: mul #0xFFFFFFFF, #0xFF Thumb/ROM .N.
PASS: mul #0xFFFFFFFF, #0xFF Thumb/ROM PN.
PASS: mul #0xFFFFFFFF, #0xFF Thumb/ROM ..S
PASS: mul #0xFFFFFFFF, #0xFF Thumb/ROM P.S
PASS: mul #0xFFFFFFFF, #0xFF Thumb/ROM .NS
PASS: mul #0xFFFFFFFF, #0xFF Thumb/ROM PNS
PASS: mul #0xFFFFFFFF, #0xFF Thumb/WRAM
PASS: mul #0xFFFFFFFF, #0xFF Thumb/IWRAM
Timing test: mul #0xFFFFFFFF, #0x00
PASS: mul #0xFFFFFFFF, #0x00 ARM/ROM ...
PASS: mul #0xFFFFFFFF, #0x00 ARM/ROM P..
PASS: mul #0xFFFFFFFF, #0x00 ARM/ROM .N.
PASS: mul #0xFFFFFFFF, #0x00 ARM/ROM PN.
PASS: mul #0xFFFFFFFF, #0x00 ARM/ROM ..S
PASS: mul #0xFFFFFFFF, #0x00 ARM/ROM P.S
PASS: mul #0xFFFFFFFF, #0x00 ARM/ROM .NS
PASS: mul #0xFFFFFFFF, #0x00 ARM/ROM PNS
PASS: mul #0xFFFFFFFF, #0x00 ARM/WRAM
PASS: mul #0xFFFFFFFF, #0x00 ARM/IWRAM
PASS: mul #0xFFFFFFFF, #0x00 Thumb/ROM ...
PASS: mul #0xFFFFFFFF, #0x00 Thumb/ROM P..
PASS: mul #0xFFFFFFFF, #0x00 Thumb/ROM .N.
PASS: mul #0xFFFFFFFF, #0x00 Thumb/ROM PN.
PASS: mul #0xFFFFFFFF, #0x00 Thumb/ROM ..S
PASS: mul #0xFFFFFFFF, #0x00 Thumb/ROM P.S
PASS: mul #0xFFFFFFFF, #0x00 Thumb/ROM .NS
PASS: mul #0xFFFFFFFF, #0x00 Thumb/ROM PNS
PASS: mul #0xFFFFFFFF, #0x00 Thumb/WRAM
PASS: mul #0xFFFFFFFF, #0x00 Thumb/IWRAM
Timing test: mla #0x00000000, #0xFF
PASS: mla #0x00000000, #0xFF ARM/ROM ...
PASS: mla #0x00000000, #0xFF ARM/ROM P..
PASS: mla #0x00000000, #0xFF ARM/ROM .N.
PASS: mla #0x00000000, #0xFF ARM/ROM PN.
PASS: mla #0x00000000, #0xFF ARM/ROM ..S
PASS: mla #0x00000000, #0xFF ARM/ROM P.S
PASS: mla #0x00000000, #0xFF ARM/ROM .NS
PASS: mla #0x00000000, #0xFF ARM/ROM PNS
PASS: mla #0x00000000, #0xFF ARM/WRAM
PASS: mla #0x00000000, #0xFF ARM/IWRAM
Timing test: mla #0x00000078, #0xFF
FAIL: mla #0x00000078, #0xFF ARM/ROM ...
ARM/ROM ...: Got    11 vs    10: FAIL
PASS: mla #0x00000078, #0xFF ARM/ROM P..
FAIL: mla #0x00000078, #0xFF ARM/ROM .N.
ARM/ROM .N.: Got    10 vs     9: FAIL
PASS: mla #0x00000078, #0xFF ARM/ROM PN.
FAIL: mla #0x00000078, #0xFF ARM/ROM ..S
ARM/ROM ..S: Got    10 vs     9: FAIL
PASS: mla #0x00000078, #0xFF ARM/ROM P.S
FAIL: mla #0x00000078, #0xFF ARM/ROM .NS
ARM/ROM .NS: Got     9 vs     8: FAIL
PASS: mla #0x00000078, #0xFF ARM/ROM PNS
FAIL: mla #0x00000078, #0xFF ARM/WRAM
ARM/WRAM: Got     9 vs     8: FAIL
FAIL: mla #0x00000078, #0xFF ARM/IWRAM
ARM/IWRAM: Got     4 vs     3: FAIL
Timing test: mla #0x00005678, #0xFF
FAIL: mla #0x00005678, #0xFF ARM/ROM ...
ARM/ROM ...: Got    12 vs    10: FAIL
PASS: mla #0x00005678, #0xFF ARM/ROM P..
FAIL: mla #0x00005678, #0xFF ARM/ROM .N.
ARM/ROM .N.: Got    11 vs     9: FAIL
PASS: mla #0x00005678, #0xFF ARM/ROM PN.
FAIL: mla #0x00005678, #0xFF ARM/ROM ..S
ARM/ROM ..S: Got    11 vs     9: FAIL
FAIL: mla #0x00005678, #0xFF ARM/ROM P.S
ARM/ROM P.S: Got     5 vs     4: FAIL
FAIL: mla #0x00005678, #0xFF ARM/ROM .NS
ARM/ROM .NS: Got    10 vs     8: FAIL
FAIL: mla #0x00005678, #0xFF ARM/ROM PNS
ARM/ROM PNS: Got     5 vs     4: FAIL
FAIL: mla #0x00005678, #0xFF ARM/WRAM
ARM/WRAM: Got    10 vs     8: FAIL
FAIL: mla #0x00005678, #0xFF ARM/IWRAM
ARM/IWRAM: Got     5 vs     3: FAIL
Timing test: mla #0x00345678, #0xFF
FAIL: mla #0x00345678, #0xFF ARM/ROM ...
ARM/ROM ...: Got    13 vs    10: FAIL
PASS: mla #0x00345678, #0xFF ARM/ROM P..
FAIL: mla #0x00345678, #0xFF ARM/ROM .N.
ARM/ROM .N.: Got    12 vs     9: FAIL
PASS: mla #0x00345678, #0xFF ARM/ROM PN.
FAIL: mla #0x00345678, #0xFF ARM/ROM ..S
ARM/ROM ..S: Got    12 vs     9: FAIL
FAIL: mla #0x00345678, #0xFF ARM/ROM P.S
ARM/ROM P.S: Got     6 vs     4: FAIL
FAIL: mla #0x00345678, #0xFF ARM/ROM .NS
ARM/ROM .NS: Got    11 vs     8: FAIL
FAIL: mla #0x00345678, #0xFF ARM/ROM PNS
ARM/ROM PNS: Got     6 vs     4: FAIL
FAIL: mla #0x00345678, #0xFF ARM/WRAM
ARM/WRAM: Got    11 vs     8: FAIL
FAIL: mla #0x00345678, #0xFF ARM/IWRAM
ARM/IWRAM: Got     6 vs     3: FAIL
Timing test: mla #0x12345678, #0xFF
FAIL: mla #0x12345678, #0xFF ARM/ROM ...
ARM/ROM ...: Got    13 vs    10: FAIL
PASS: mla #0x12345678, #0xFF ARM/ROM P..
FAIL: mla #0x12345678, #0xFF ARM/ROM .N.
ARM/ROM .N.: Got    12 vs     9: FAIL
PASS: mla #0x12345678, #0xFF ARM/ROM PN.
FAIL: mla #0x12345678, #0xFF ARM/ROM ..S
ARM/ROM ..S: Got    12 vs     9: FAIL
FAIL: mla #0x12345678, #0xFF ARM/ROM P.S
ARM/ROM P.S: Got     6 vs     4: FAIL
FAIL: mla #0x12345678, #0xFF ARM/ROM .NS
ARM/ROM .NS: Got    11 vs     8: FAIL
FAIL: mla #0x12345678, #0xFF ARM/ROM PNS
ARM/ROM PNS: Got     6 vs     4: FAIL
FAIL: mla #0x12345678, #0xFF ARM/WRAM
ARM/WRAM: Got    11 vs     8: FAIL
FAIL: mla #0x12345678, #0xFF ARM/IWRAM
ARM/IWRAM: Got     6 vs     3: FAIL
Timing test: mla #0xFF000000, #0xFF
PASS: mla #0xFF000000, #0xFF ARM/ROM ...
PASS: mla #0xFF000000, #0xFF ARM/ROM P..
PASS: mla #0xFF000000, #0xFF ARM/ROM .N.
PASS: mla #0xFF000000, #0xFF ARM/ROM PN.
PASS: mla #0xFF000000, #0xFF ARM/ROM ..S
PASS: mla #0xFF000000, #0xFF ARM/ROM P.S
PASS: mla #0xFF000000, #0xFF ARM/ROM .NS
PASS: mla #0xFF000000, #0xFF ARM/ROM PNS
PASS: mla #0xFF000000, #0xFF ARM/WRAM
PASS: mla #0xFF000000, #0xFF ARM/IWRAM
Timing test: mla #0xFFFF0000, #0xFF
FAIL: mla #0xFFFF0000, #0xFF ARM/ROM ...
ARM/ROM ...: Got    12 vs    10: FAIL
PASS: mla #0xFFFF0000, #0xFF ARM/ROM P..
FAIL: mla #0xFFFF0000, #0xFF ARM/ROM .N.
ARM/ROM .N.: Got    11 vs     9: FAIL
PASS: mla #0xFFFF0000, #0xFF ARM/ROM PN.
FAIL: mla #0xFFFF0000, #0xFF ARM/ROM ..S
ARM/ROM ..S: Got    11 vs     9: FAIL
FAIL: mla #0xFFFF0000, #0xFF ARM/ROM P.S
ARM/ROM P.S: Got     5 vs     4: FAIL
FAIL: mla #0xFFFF0000, #0xFF ARM/ROM .NS
ARM/ROM .NS: Got    10 vs     8: FAIL
FAIL: mla #0xFFFF0000, #0xFF ARM/ROM PNS
ARM/ROM PNS: Got     5 vs     4: FAIL
FAIL: mla #0xFFFF0000, #0xFF ARM/WRAM
ARM/WRAM: Got    10 vs     8: FAIL
FAIL: mla #0xFFFF0000, #0xFF ARM/IWRAM
ARM/IWRAM: Got     5 vs     3: FAIL
Timing test: mla #0xFFFFFF00, #0xFF
FAIL: mla #0xFFFFFF00, #0xFF ARM/ROM ...
ARM/ROM ...: Got    11 vs    10: FAIL
PASS: mla #0xFFFFFF00, #0xFF ARM/ROM P..
FAIL: mla #0xFFFFFF00, #0xFF ARM/ROM .N.
ARM/ROM .N.: Got    10 vs     9: FAIL
PASS: mla #0xFFFFFF00, #0xFF ARM/ROM PN.
FAIL: mla #0xFFFFFF00, #0xFF ARM/ROM ..S
ARM/ROM ..S: Got    10 vs     9: FAIL
PASS: mla #0xFFFFFF00, #0xFF ARM/ROM P.S
FAIL: mla #0xFFFFFF00, #0xFF ARM/ROM .NS
ARM/ROM .NS: Got     9 vs     8: FAIL
PASS: mla #0xFFFFFF00, #0xFF ARM/ROM PNS
FAIL: mla #0xFFFFFF00, #0xFF ARM/WRAM
ARM/WRAM: Got     9 vs     8: FAIL
FAIL: mla #0xFFFFFF00, #0xFF ARM/IWRAM
ARM/IWRAM: Got     4 vs     3: FAIL
Timing test: mla #0xFFFFFFFF, #0xFF
PASS: mla #0xFFFFFFFF, #0xFF ARM/ROM ...
PASS: mla #0xFFFFFFFF, #0xFF ARM/ROM P..
PASS: mla #0xFFFFFFFF, #0xFF ARM/ROM .N.
PASS: mla #0xFFFFFFFF, #0xFF ARM/ROM PN.
PASS: mla #0xFFFFFFFF, #0xFF ARM/ROM ..S
PASS: mla #0xFFFFFFFF, #0xFF ARM/ROM P.S
PASS: mla #0xFFFFFFFF, #0xFF ARM/ROM .NS
PASS: mla #0xFFFFFFFF, #0xFF ARM/ROM PNS
PASS: mla #0xFFFFFFFF, #0xFF ARM/WRAM
PASS: mla #0xFFFFFFFF, #0xFF ARM/IWRAM
Timing test: mla #0xFFFFFFFF, #0x00
PASS: mla #0xFFFFFFFF, #0x00 ARM/ROM ...
PASS: mla #0xFFFFFFFF, #0x00 ARM/ROM P..
PASS: mla #0xFFFFFFFF, #0x00 ARM/ROM .N.
PASS: mla #0xFFFFFFFF, #0x00 ARM/ROM PN.
PASS: mla #0xFFFFFFFF, #0x00 ARM/ROM ..S
PASS: mla #0xFFFFFFFF, #0x00 ARM/ROM P.S
PASS: mla #0xFFFFFFFF, #0x00 ARM/ROM .NS
PASS: mla #0xFFFFFFFF, #0x00 ARM/ROM PNS
PASS: mla #0xFFFFFFFF, #0x00 ARM/WRAM
PASS: mla #0xFFFFFFFF, #0x00 ARM/IWRAM
Timing test: smull #0x00000000, #0xFF
FAIL: smull #0x00000000, #0xFF ARM/ROM ...
ARM/ROM ...: Got    11 vs    10: FAIL
PASS: smull #0x00000000, #0xFF ARM/ROM P..
FAIL: smull #0x00000000, #0xFF ARM/ROM .N.
ARM/ROM .N.: Got    10 vs     9: FAIL
PASS: smull #0x00000000, #0xFF ARM/ROM PN.
FAIL: smull #0x00000000, #0xFF ARM/ROM ..S
ARM/ROM ..S: Got    10 vs     9: FAIL
PASS: smull #0x00000000, #0xFF ARM/ROM P.S
FAIL: smull #0x00000000, #0xFF ARM/ROM .NS
ARM/ROM .NS: Got     9 vs     8: FAIL
PASS: smull #0x00000000, #0xFF ARM/ROM PNS
FAIL: smull #0x00000000, #0xFF ARM/WRAM
ARM/WRAM: Got     9 vs     8: FAIL
FAIL: smull #0x00000000, #0xFF ARM/IWRAM
ARM/IWRAM: Got     4 vs     3: FAIL
Timing test: smull #0x00000078, #0xFF
FAIL: smull #0x00000078, #0xFF ARM/ROM ...
ARM/ROM ...: Got    11 vs    10: FAIL
PASS: smull #0x00000078, #0xFF ARM/ROM P..
FAIL: smull #0x00000078, #0xFF ARM/ROM .N.
ARM/ROM .N.: Got    10 vs     9: FAIL
PASS: smull #0x00000078, #0xFF ARM/ROM PN.
FAIL: smull #0x00000078, #0xFF ARM/ROM ..S
ARM/ROM ..S: Got    10 vs     9: FAIL
PASS: smull #0x00000078, #0xFF ARM/ROM P.S
FAIL: smull #0x00000078, #0xFF ARM/ROM .NS
ARM/ROM .NS: Got     9 vs     8: FAIL
PASS: smull #0x00000078, #0xFF ARM/ROM PNS
FAIL: smull #0x00000078, #0xFF ARM/WRAM
ARM/WRAM: Got     9 vs     8: FAIL
FAIL: smull #0x00000078, #0xFF ARM/IWRAM
ARM/IWRAM: Got     4 vs     3: FAIL
Timing test: smull #0x00005678, #0xFF
FAIL: smull #0x00005678, #0xFF ARM/ROM ...
ARM/ROM ...: Got    12 vs    11: FAIL
PASS: smull #0x00005678, #0xFF ARM/ROM P..
FAIL: smull #0x00005678, #0xFF ARM/ROM .N.
ARM/ROM .N.: Got    11 vs    10: FAIL
PASS: smull #0x00005678, #0xFF ARM/ROM PN.
FAIL: smull #0x00005678, #0xFF ARM/ROM ..S
ARM/ROM ..S: Got    11 vs    10: FAIL
FAIL: smull #0x00005678, #0xFF ARM/ROM P.S
ARM/ROM P.S: Got     5 vs     4: FAIL
FAIL: smull #0x00005678, #0xFF ARM/ROM .NS
ARM/ROM .NS: Got    10 vs     9: FAIL
FAIL: smull #0x00005678, #0xFF ARM/ROM PNS
ARM/ROM PNS: Got     5 vs     4: FAIL
FAIL: smull #0x00005678, #0xFF ARM/WRAM
ARM/WRAM: Got    10 vs     9: FAIL
FAIL: smull #0x00005678, #0xFF ARM/IWRAM
ARM/IWRAM: Got     5 vs     4: FAIL
Timing test: smull #0x00345678, #0xFF
FAIL: smull #0x00345678, #0xFF ARM/ROM ...
ARM/ROM ...: Got    13 vs    12: FAIL
PASS: smull #0x00345678, #0xFF ARM/ROM P..
FAIL: smull #0x00345678, #0xFF ARM/ROM .N.
ARM/ROM .N.: Got    12 vs    11: FAIL
PASS: smull #0x00345678, #0xFF ARM/ROM PN.
FAIL: smull #0x00345678, #0xFF ARM/ROM ..S
ARM/ROM ..S: Got    12 vs    11: FAIL
FAIL: smull #0x00345678, #0xFF ARM/ROM P.S
ARM/ROM P.S: Got     6 vs     5: FAIL
FAIL: smull #0x00345678, #0xFF ARM/ROM .NS
ARM/ROM .NS: Got    11 vs    10: FAIL
FAIL: smull #0x00345678, #0xFF ARM/ROM PNS
ARM/ROM PNS: Got     6 vs     5: FAIL
FAIL: smull #0x00345678, #0xFF ARM/WRAM
ARM/WRAM: Got    11 vs    10: FAIL
FAIL: smull #0x00345678, #0xFF ARM/IWRAM
ARM/IWRAM: Got     6 vs     5: FAIL
Timing test: smull #0x12345678, #0xFF
FAIL: smull #0x12345678, #0xFF ARM/ROM ...
ARM/ROM ...: Got    14 vs    13: FAIL
FAIL: smull #0x12345678, #0xFF ARM/ROM P..
ARM/ROM P..: Got     7 vs     6: FAIL
FAIL: smull #0x12345678, #0xFF ARM/ROM .N.
ARM/ROM .N.: Got    13 vs    12: FAIL
FAIL: smull #0x12345678, #0xFF ARM/ROM PN.
ARM/ROM PN.: Got     7 vs     6: FAIL
FAIL: smull #0x12345678, #0xFF ARM/ROM ..S
ARM/ROM ..S: Got    13 vs    12: FAIL
FAIL: smull #0x12345678, #0xFF ARM/ROM P.S
ARM/ROM P.S: Got     7 vs     6: FAIL
FAIL: smull #0x12345678, #0xFF ARM/ROM .NS
ARM/ROM .NS: Got    12 vs    11: FAIL
FAIL: smull #0x12345678, #0xFF ARM/ROM PNS
ARM/ROM PNS: Got     7 vs     6: FAIL
FAIL: smull #0x12345678, #0xFF ARM/WRAM
ARM/WRAM: Got    12 vs    11: FAIL
FAIL: smull #0x12345678, #0xFF ARM/IWRAM
ARM/IWRAM: Got     7 vs     6: FAIL
Timing test: smull #0xFF000000, #0xFF
FAIL: smull #0xFF000000, #0xFF ARM/ROM ...
ARM/ROM ...: Got    13 vs    12: FAIL
PASS: smull #0xFF000000, #0xFF ARM/ROM P..
FAIL: smull #0xFF000000, #0xFF ARM/ROM .N.
ARM/ROM .N.: Got    12 vs    11: FAIL
PASS: smull #0xFF000000, #0xFF ARM/ROM PN.
FAIL: smull #0xFF000000, #0xFF ARM/ROM ..S
ARM/ROM ..S: Got    12 vs    11: FAIL
FAIL: smull #0xFF000000, #0xFF ARM/ROM P.S
ARM/ROM P.S: Got     6 vs     5: FAIL
FAIL: smull #0xFF000000, #0xFF ARM/ROM .NS
ARM/ROM .NS: Got    11 vs    10: FAIL
FAIL: smull #0xFF000000, #0xFF ARM/ROM PNS
ARM/ROM PNS: Got     6 vs     5: FAIL
FAIL: smull #0xFF000000, #0xFF ARM/WRAM
ARM/WRAM: Got    11 vs    10: FAIL
FAIL: smull #0xFF000000, #0xFF ARM/IWRAM
ARM/IWRAM: Got     6 vs     5: FAIL
Timing test: smull #0xFFFF0000, #0xFF
FAIL: smull #0xFFFF0000, #0xFF ARM/ROM ...
ARM/ROM ...: Got    12 vs    11: FAIL
PASS: smull #0xFFFF0000, #0xFF ARM/ROM P..
FAIL: smull #0xFFFF0000, #0xFF ARM/ROM .N.
ARM/ROM .N.: Got    11 vs    10: FAIL
PASS: smull #0xFFFF0000, #0xFF ARM/ROM PN.
FAIL: smull #0xFFFF0000, #0xFF ARM/ROM ..S
ARM/ROM ..S: Got    11 vs    10: FAIL
FAIL: smull #0xFFFF0000, #0xFF ARM/ROM P.S
ARM/ROM P.S: Got     5 vs     4: FAIL
FAIL: smull #0xFFFF0000, #0xFF ARM/ROM .NS
ARM/ROM .NS: Got    10 vs     9: FAIL
FAIL: smull #0xFFFF0000, #0xFF ARM/ROM PNS
ARM/ROM PNS: Got     5 vs     4: FAIL
FAIL: smull #0xFFFF0000, #0xFF ARM/WRAM
ARM/WRAM: Got    10 vs     9: FAIL
FAIL: smull #0xFFFF0000, #0xFF ARM/IWRAM
ARM/IWRAM: Got     5 vs     4: FAIL
Timing test: smull #0xFFFFFF00, #0xFF
FAIL: smull #0xFFFFFF00, #0xFF ARM/ROM ...
ARM/ROM ...: Got    11 vs    10: FAIL
PASS: smull #0xFFFFFF00, #0xFF ARM/ROM P..
FAIL: smull #0xFFFFFF00, #0xFF ARM/ROM .N.
ARM/ROM .N.: Got    10 vs     9: FAIL
PASS: smull #0xFFFFFF00, #0xFF ARM/ROM PN.
FAIL: smull #0xFFFFFF00, #0xFF ARM/ROM ..S
ARM/ROM ..S: Got    10 vs     9: FAIL
PASS: smull #0xFFFFFF00, #0xFF ARM/ROM P.S
FAIL: smull #0xFFFFFF00, #0xFF ARM/ROM .NS
ARM/ROM .NS: Got     9 vs     8: FAIL
PASS: smull #0xFFFFFF00, #0xFF ARM/ROM PNS
FAIL: smull #0xFFFFFF00, #0xFF ARM/WRAM
ARM/WRAM: Got     9 vs     8: FAIL
FAIL: smull #0xFFFFFF00, #0xFF ARM/IWRAM
ARM/IWRAM: Got     4 vs     3: FAIL
Timing test: smull #0xFFFFFFFF, #0xFF
FAIL: smull #0xFFFFFFFF, #0xFF ARM/ROM ...
ARM/ROM ...: Got    11 vs    10: FAIL
PASS: smull #0xFFFFFFFF, #0xFF ARM/ROM P..
FAIL: smull #0xFFFFFFFF, #0xFF ARM/ROM .N.
ARM/ROM .N.: Got    10 vs     9: FAIL
PASS: smull #0xFFFFFFFF, #0xFF ARM/ROM PN.
FAIL: smull #0xFFFFFFFF, #0xFF ARM/ROM ..S
ARM/ROM ..S: Got    10 vs     9: FAIL
PASS: smull #0xFFFFFFFF, #0xFF ARM/ROM P.S
FAIL: smull #0xFFFFFFFF, #0xFF ARM/ROM .NS
ARM/ROM .NS: Got     9 vs     8: FAIL
PASS: smull #0xFFFFFFFF, #0xFF ARM/ROM PNS
FAIL: smull #0xFFFFFFFF, #0xFF ARM/WRAM
ARM/WRAM: Got     9 vs     8: FAIL
FAIL: smull #0xFFFFFFFF, #0xFF ARM/IWRAM
ARM/IWRAM: Got     4 vs     3: FAIL
Timing test: smull #0xFFFFFFFF, #0x00
FAIL: smull #0xFFFFFFFF, #0x00 ARM/ROM ...
ARM/ROM ...: Got    11 vs    10: FAIL
PASS: smull #0xFFFFFFFF, #0x00 ARM/ROM P..
FAIL: smull #0xFFFFFFFF, #0x00 ARM/ROM .N.
ARM/ROM .N.: Got    10 vs     9: FAIL
PASS: smull #0xFFFFFFFF, #0x00 ARM/ROM PN.
FAIL: smull #0xFFFFFFFF, #0x00 ARM/ROM ..S
ARM/ROM ..S: Got    10 vs     9: FAIL
PASS: smull #0xFFFFFFFF, #0x00 ARM/ROM P.S
FAIL: smull #0xFFFFFFFF, #0x00 ARM/ROM .NS
ARM/ROM .NS: Got     9 vs     8: FAIL
PASS: smull #0xFFFFFFFF, #0x00 ARM/ROM PNS
FAIL: smull #0xFFFFFFFF, #0x00 ARM/WRAM
ARM/WRAM: Got     9 vs     8: FAIL
FAIL: smull #0xFFFFFFFF, #0x00 ARM/IWRAM
ARM/IWRAM: Got     4 vs     3: FAIL
Timing test: smlal #0x00000000, #0xFF
FAIL: smlal #0x00000000, #0xFF ARM/ROM ...
ARM/ROM ...: Got    12 vs    11: FAIL
PASS: smlal #0x00000000, #0xFF ARM/ROM P..
FAIL: smlal #0x00000000, #0xFF ARM/ROM .N.
ARM/ROM .N.: Got    11 vs    10: FAIL
PASS: smlal #0x00000000, #0xFF ARM/ROM PN.
FAIL: smlal #0x00000000, #0xFF ARM/ROM ..S
ARM/ROM ..S: Got    11 vs    10: FAIL
FAIL: smlal #0x00000000, #0xFF ARM/ROM P.S
ARM/ROM P.S: Got     5 vs     4: FAIL
FAIL: smlal #0x00000000, #0xFF ARM/ROM .NS
ARM/ROM .NS: Got    10 vs     9: FAIL
FAIL: smlal #0x00000000, #0xFF ARM/ROM PNS
ARM/ROM PNS: Got     5 vs     4: FAIL
FAIL: smlal #0x00000000, #0xFF ARM/WRAM
ARM/WRAM: Got    10 vs     9: FAIL
FAIL: smlal #0x00000000, #0xFF ARM/IWRAM
ARM/IWRAM: Got     5 vs     4: FAIL
Timing test: smlal #0x00000078, #0xFF
FAIL: smlal #0x00000078, #0xFF ARM/ROM ...
ARM/ROM ...: Got    12 vs    11: FAIL
PASS: smlal #0x00000078, #0xFF ARM/ROM P..
FAIL: smlal #0x00000078, #0xFF ARM/ROM .N.
ARM/ROM .N.: Got    11 vs    10: FAIL
PASS: smlal #0x00000078, #0xFF ARM/ROM PN.
FAIL: smlal #0x00000078, #0xFF ARM/ROM ..S
ARM/ROM ..S: Got    11 vs    10: FAIL
FAIL: smlal #0x00000078, #0xFF ARM/ROM P.S
ARM/ROM P.S: Got     5 vs     4: FAIL
FAIL: smlal #0x00000078, #0xFF ARM/ROM .NS
ARM/ROM .NS: Got    10 vs     9: FAIL
FAIL: smlal #0x00000078, #0xFF ARM/ROM PNS
ARM/ROM PNS: Got     5 vs     4: FAIL
FAIL: smlal #0x00000078, #0xFF ARM/WRAM
ARM/WRAM: Got    10 vs     9: FAIL
FAIL: smlal #0x00000078, #0xFF ARM/IWRAM
ARM/IWRAM: Got     5 vs     4: FAIL
Timing test: smlal #0x00005678, #0xFF
FAIL: smlal #0x00005678, #0xFF ARM/ROM ...
ARM/ROM ...: Got    13 vs    12: FAIL
PASS: smlal #0x00005678, #0xFF ARM/ROM P..
FAIL: smlal #0x00005678, #0xFF ARM/ROM .N.
ARM/ROM .N.: Got    12 vs    11: FAIL
PASS: smlal #0x00005678, #0xFF ARM/ROM PN.
FAIL: smlal #0x00005678, #0xFF ARM/ROM ..S
ARM/ROM ..S: Got    12 vs    11: FAIL
FAIL: smlal #0x00005678, #0xFF ARM/ROM P.S
ARM/ROM P.S: Got     6 vs     5: FAIL
FAIL: smlal #0x00005678, #0xFF ARM/ROM .NS
ARM/ROM .NS: Got    11 vs    10: FAIL
FAIL: smlal #0x00005678, #0xFF ARM/ROM PNS
ARM/ROM PNS: Got     6 vs     5: FAIL
FAIL: smlal #0x00005678, #0xFF ARM/WRAM
ARM/WRAM: Got    11 vs    10: FAIL
FAIL: smlal #0x00005678, #0xFF ARM/IWRAM
ARM/IWRAM: Got     6 vs     5: FAIL
Timing test: smlal #0x00345678, #0xFF
FAIL: smlal #0x00345678, #0xFF ARM/ROM ...
ARM/ROM ...: Got    14 vs    13: FAIL
FAIL: smlal #0x00345678, #0xFF ARM/ROM P..
ARM/ROM P..: Got     7 vs     6: FAIL
FAIL: smlal #0x00345678, #0xFF ARM/ROM .N.
ARM/ROM .N.: Got    13 vs    12: FAIL
FAIL: smlal #0x00345678, #0xFF ARM/ROM PN.
ARM/ROM PN.: Got     7 vs     6: FAIL
FAIL: smlal #0x00345678, #0xFF ARM/ROM ..S
ARM/ROM ..S: Got    13 vs    12: FAIL
FAIL: smlal #0x00345678, #0xFF ARM/ROM P.S
ARM/ROM P.S: Got     7 vs     6: FAIL
FAIL: smlal #0x00345678, #0xFF ARM/ROM .NS
ARM/ROM .NS: Got    12 vs    11: FAIL
FAIL: smlal #0x00345678, #0xFF ARM/ROM PNS
ARM/ROM PNS: Got     7 vs     6: FAIL
FAIL: smlal #0x00345678, #0xFF ARM/WRAM
ARM/WRAM: Got    12 vs    11: FAIL
FAIL: smlal #0x00345678, #0xFF ARM/IWRAM
ARM/IWRAM: Got     7 vs     6: FAIL
Timing test: smlal #0x12345678, #0xFF
FAIL: smlal #0x12345678, #0xFF ARM/ROM ...
ARM/ROM ...: Got    15 vs    14: FAIL
FAIL: smlal #0x12345678, #0xFF ARM/ROM P..
ARM/ROM P..: Got     8 vs     7: FAIL
FAIL: smlal #0x12345678, #0xFF ARM/ROM .N.
ARM/ROM .N.: Got    14 vs    13: FAIL
FAIL: smlal #0x12345678, #0xFF ARM/ROM PN.
ARM/ROM PN.: Got     8 vs     7: FAIL
FAIL: smlal #0x12345678, #0xFF ARM/ROM ..S
ARM/ROM ..S: Got    14 vs    13: FAIL
FAIL: smlal #0x12345678, #0xFF ARM/ROM P.S
ARM/ROM P.S: Got     8 vs     7: FAIL
FAIL: smlal #0x12345678, #0xFF ARM/ROM .NS
ARM/ROM .NS: Got    13 vs    12: FAIL
FAIL: smlal #0x12345678, #0xFF ARM/ROM PNS
ARM/ROM PNS: Got     8 vs     7: FAIL
FAIL: smlal #0x12345678, #0xFF ARM/WRAM
ARM/WRAM: Got    13 vs    12: FAIL
FAIL: smlal #0x12345678, #0xFF ARM/IWRAM
ARM/IWRAM: Got     8 vs     7: FAIL
Timing test: smlal #0xFF000000, #0xFF
FAIL: smlal #0xFF000000, #0xFF ARM/ROM ...
ARM/ROM ...: Got    14 vs    13: FAIL
FAIL: smlal #0xFF000000, #0xFF ARM/ROM P..
ARM/ROM P..: Got     7 vs     6: FAIL
FAIL: smlal #0xFF000000, #0xFF ARM/ROM .N.
ARM/ROM .N.: Got    13 vs    12: FAIL
FAIL: smlal #0xFF000000, #0xFF ARM/ROM PN.
ARM/ROM PN.: Got     7 vs     6: FAIL
FAIL: smlal #0xFF000000, #0xFF ARM/ROM ..S
ARM/ROM ..S: Got    13 vs    12: FAIL
FAIL: smlal #0xFF000000, #0xFF ARM/ROM P.S
ARM/ROM P.S: Got     7 vs     6: FAIL
FAIL: smlal #0xFF000000, #0xFF ARM/ROM .NS
ARM/ROM .NS: Got    12 vs    11: FAIL
FAIL: smlal #0xFF000000, #0xFF ARM/ROM PNS
ARM/ROM PNS: Got     7 vs     6: FAIL
FAIL: smlal #0xFF000000, #0xFF ARM/WRAM
ARM/WRAM: Got    12 vs    11: FAIL
FAIL: smlal #0xFF000000, #0xFF ARM/IWRAM
ARM/IWRAM: Got     7 vs     6: FAIL
Timing test: smlal #0xFFFF0000, #0xFF
FAIL: smlal #0xFFFF0000, #0xFF ARM/ROM ...
ARM/ROM ...: Got    13 vs    12: FAIL
PASS: smlal #0xFFFF0000, #0xFF ARM/ROM P..
FAIL: smlal #0xFFFF0000, #0xFF ARM/ROM .N.
ARM/ROM .N.: Got    12 vs    11: FAIL
PASS: smlal #0xFFFF0000, #0xFF ARM/ROM PN.
FAIL: smlal #0xFFFF0000, #0xFF ARM/ROM ..S
ARM/ROM ..S: Got    12 vs    11: FAIL
FAIL: smlal #0xFFFF0000, #0xFF ARM/ROM P.S
ARM/ROM P.S: Got     6 vs     5: FAIL
FAIL: smlal #0xFFFF0000, #0xFF ARM/ROM .NS
ARM/ROM .NS: Got    11 vs    10: FAIL
FAIL: smlal #0xFFFF0000, #0xFF ARM/ROM PNS
ARM/ROM PNS: Got     6 vs     5: FAIL
FAIL: smlal #0xFFFF0000, #0xFF ARM/WRAM
ARM/WRAM: Got    11 vs    10: FAIL
FAIL: smlal #0xFFFF0000, #0xFF ARM/IWRAM
ARM/IWRAM: Got     6 vs     5: FAIL
Timing test: smlal #0xFFFFFF00, #0xFF
FAIL: smlal #0xFFFFFF00, #0xFF ARM/ROM ...
ARM/ROM ...: Got    12 vs    11: FAIL
PASS: smlal #0xFFFFFF00, #0xFF ARM/ROM P..
FAIL: smlal #0xFFFFFF00, #0xFF ARM/ROM .N.
ARM/ROM .N.: Got    11 vs    10: FAIL
PASS: smlal #0xFFFFFF00, #0xFF ARM/ROM PN.
FAIL: smlal #0xFFFFFF00, #0xFF ARM/ROM ..S
ARM/ROM ..S: Got    11 vs    10: FAIL
FAIL: smlal #0xFFFFFF00, #0xFF ARM/ROM P.S
ARM/ROM P.S: Got     5 vs     4: FAIL
FAIL: smlal #0xFFFFFF00, #0xFF ARM/ROM .NS
ARM/ROM .NS: Got    10 vs     9: FAIL
FAIL: smlal #0xFFFFFF00, #0xFF ARM/ROM PNS
ARM/ROM PNS: Got     5 vs     4: FAIL
FAIL: smlal #0xFFFFFF00, #0xFF ARM/WRAM
ARM/WRAM: Got    10 vs     9: FAIL
FAIL: smlal #0xFFFFFF00, #0xFF ARM/IWRAM
ARM/IWRAM: Got     5 vs     4: FAIL
Timing test: smlal #0xFFFFFFFF, #0xFF
FAIL: smlal #0xFFFFFFFF, #0xFF ARM/ROM ...
ARM/ROM ...: Got    12 vs    11: FAIL
PASS: smlal #0xFFFFFFFF, #0xFF ARM/ROM P..
FAIL: smlal #0xFFFFFFFF, #0xFF ARM/ROM .N.
ARM/ROM .N.: Got    11 vs    10: FAIL
PASS: smlal #0xFFFFFFFF, #0xFF ARM/ROM PN.
FAIL: smlal #0xFFFFFFFF, #0xFF ARM/ROM ..S
ARM/ROM ..S: Got    11 vs    10: FAIL
FAIL: smlal #0xFFFFFFFF, #0xFF ARM/ROM P.S
ARM/ROM P.S: Got     5 vs     4: FAIL
FAIL: smlal #0xFFFFFFFF, #0xFF ARM/ROM .NS
ARM/ROM .NS: Got    10 vs     9: FAIL
FAIL: smlal #0xFFFFFFFF, #0xFF ARM/ROM PNS
ARM/ROM PNS: Got     5 vs     4: FAIL
FAIL: smlal #0xFFFFFFFF, #0xFF ARM/WRAM
ARM/WRAM: Got    10 vs     9: FAIL
FAIL: smlal #0xFFFFFFFF, #0xFF ARM/IWRAM
ARM/IWRAM: Got     5 vs     4: FAIL
Timing test: smlal #0xFFFFFFFF, #0x00
FAIL: smlal #0xFFFFFFFF, #0x00 ARM/ROM ...
ARM/ROM ...: Got    12 vs    11: FAIL
PASS: smlal #0xFFFFFFFF, #0x00 ARM/ROM P..
FAIL: smlal #0xFFFFFFFF, #0x00 ARM/ROM .N.
ARM/ROM .N.: Got    11 vs    10: FAIL
PASS: smlal #0xFFFFFFFF, #0x00 ARM/ROM PN.
FAIL: smlal #0xFFFFFFFF, #0x00 ARM/ROM ..S
ARM/ROM ..S: Got    11 vs    10: FAIL
FAIL: smlal #0xFFFFFFFF, #0x00 ARM/ROM P.S
ARM/ROM P.S: Got     5 vs     4: FAIL
FAIL: smlal #0xFFFFFFFF, #0x00 ARM/ROM .NS
ARM/ROM .NS: Got    10 vs     9: FAIL
FAIL: smlal #0xFFFFFFFF, #0x00 ARM/ROM PNS
ARM/ROM PNS: Got     5 vs     4: FAIL
FAIL: smlal #0xFFFFFFFF, #0x00 ARM/WRAM
ARM/WRAM: Got    10 vs     9: FAIL
FAIL: smlal #0xFFFFFFFF, #0x00 ARM/IWRAM
ARM/IWRAM: Got     5 vs     4: FAIL
Timing test: umull #0x00000000, #0xFF
FAIL: umull #0x00000000, #0xFF ARM/ROM ...
ARM/ROM ...: Got    11 vs    10: FAIL
PASS: umull #0x00000000, #0xFF ARM/ROM P..
FAIL: umull #0x00000000, #0xFF ARM/ROM .N.
ARM/ROM .N.: Got    10 vs     9: FAIL
PASS: umull #0x00000000, #0xFF ARM/ROM PN.
FAIL: umull #0x00000000, #0xFF ARM/ROM ..S
ARM/ROM ..S: Got    10 vs     9: FAIL
PASS: umull #0x00000000, #0xFF ARM/ROM P.S
FAIL: umull #0x00000000, #0xFF ARM/ROM .NS
ARM/ROM .NS: Got     9 vs     8: FAIL
PASS: umull #0x00000000, #0xFF ARM/ROM PNS
FAIL: umull #0x00000000, #0xFF ARM/WRAM
ARM/WRAM: Got     9 vs     8: FAIL
FAIL: umull #0x00000000, #0xFF ARM/IWRAM
ARM/IWRAM: Got     4 vs     3: FAIL
Timing test: umull #0x00000078, #0xFF
FAIL: umull #0x00000078, #0xFF ARM/ROM ...
ARM/ROM ...: Got    11 vs    10: FAIL
PASS: umull #0x00000078, #0xFF ARM/ROM P..
FAIL: umull #0x00000078, #0xFF ARM/ROM .N.
ARM/ROM .N.: Got    10 vs     9: FAIL
PASS: umull #0x00000078, #0xFF ARM/ROM PN.
FAIL: umull #0x00000078, #0xFF ARM/ROM ..S
ARM/ROM ..S: Got    10 vs     9: FAIL
PASS: umull #0x00000078, #0xFF ARM/ROM P.S
FAIL: umull #0x00000078, #0xFF ARM/ROM .NS
ARM/ROM .NS: Got     9 vs     8: FAIL
PASS: umull #0x00000078, #0xFF ARM/ROM PNS
FAIL: umull #0x00000078, #0xFF ARM/WRAM
ARM/WRAM: Got     9 vs     8: FAIL
FAIL: umull #0x00000078, #0xFF ARM/IWRAM
ARM/IWRAM: Got     4 vs     3: FAIL
Timing test: umull #0x00005678, #0xFF
FAIL: umull #0x00005678, #0xFF ARM/ROM ...
ARM/ROM ...: Got    12 vs    11: FAIL
PASS: umull #0x00005678, #0xFF ARM/ROM P..
FAIL: umull #0x00005678, #0xFF ARM/ROM .N.
ARM/ROM .N.: Got    11 vs    10: FAIL
PASS: umull #0x00005678, #0xFF ARM/ROM PN.
FAIL: umull #0x00005678, #0xFF ARM/ROM ..S
ARM/ROM ..S: Got    11 vs    10: FAIL
FAIL: umull #0x00005678, #0xFF ARM/ROM P.S
ARM/ROM P.S: Got     5 vs     4: FAIL
FAIL: umull #0x00005678, #0xFF ARM/ROM .NS
ARM/ROM .NS: Got    10 vs     9: FAIL
FAIL: umull #0x00005678, #0xFF ARM/ROM PNS
ARM/ROM PNS: Got     5 vs     4: FAIL
FAIL: umull #0x00005678, #0xFF ARM/WRAM
ARM/WRAM: Got    10 vs     9: FAIL
FAIL: umull #0x00005678, #0xFF ARM/IWRAM
ARM/IWRAM: Got     5 vs     4: FAIL
Timing test: umull #0x00345678, #0xFF
FAIL: umull #0x00345678, #0xFF ARM/ROM ...
ARM/ROM ...: Got    13 vs    12: FAIL
PASS: umull #0x00345678, #0xFF ARM/ROM P..
FAIL: umull #0x00345678, #0xFF ARM/ROM .N.
ARM/ROM .N.: Got    12 vs    11: FAIL
PASS: umull #0x00345678, #0xFF ARM/ROM PN.
FAIL: umull #0x00345678, #0xFF ARM/ROM ..S
ARM/ROM ..S: Got    12 vs    11: FAIL
FAIL: umull #0x00345678, #0xFF ARM/ROM P.S
ARM/ROM P.S: Got     6 vs     5: FAIL
FAIL: umull #0x00345678, #0xFF ARM/ROM .NS
ARM/ROM .NS: Got    11 vs    10: FAIL
FAIL: umull #0x00345678, #0xFF ARM/ROM PNS
ARM/ROM PNS: Got     6 vs     5: FAIL
FAIL: umull #0x00345678, #0xFF ARM/WRAM
ARM/WRAM: Got    11 vs    10: FAIL
FAIL: umull #0x00345678, #0xFF ARM/IWRAM
ARM/IWRAM: Got     6 vs     5: FAIL
Timing test: umull #0x12345678, #0xFF
FAIL: umull #0x12345678, #0xFF ARM/ROM ...
ARM/ROM ...: Got    14 vs    13: FAIL
FAIL: umull #0x12345678, #0xFF ARM/ROM P..
ARM/ROM P..: Got     7 vs     6: FAIL
FAIL: umull #0x12345678, #0xFF ARM/ROM .N.
ARM/ROM .N.: Got    13 vs    12: FAIL
FAIL: umull #0x12345678, #0xFF ARM/ROM PN.
ARM/ROM PN.: Got     7 vs     6: FAIL
FAIL: umull #0x12345678, #0xFF ARM/ROM ..S
ARM/ROM ..S: Got    13 vs    12: FAIL
FAIL: umull #0x12345678, #0xFF ARM/ROM P.S
ARM/ROM P.S: Got     7 vs     6: FAIL
FAIL: umull #0x12345678, #0xFF ARM/ROM .NS
ARM/ROM .NS: Got    12 vs    11: FAIL
FAIL: umull #0x12345678, #0xFF ARM/ROM PNS
ARM/ROM PNS: Got     7 vs     6: FAIL
FAIL: umull #0x12345678, #0xFF ARM/WRAM
ARM/WRAM: Got    12 vs    11: FAIL
FAIL: umull #0x12345678, #0xFF ARM/IWRAM
ARM/IWRAM: Got     7 vs     6: FAIL
Timing test: umull #0xFF000000, #0xFF
FAIL: umull #0xFF000000, #0xFF ARM/ROM ...
ARM/ROM ...: Got    14 vs    13: FAIL
FAIL: umull #0xFF000000, #0xFF ARM/ROM P..
ARM/ROM P..: Got     7 vs     6: FAIL
FAIL: umull #0xFF000000, #0xFF ARM/ROM .N.
ARM/ROM .N.: Got    13 vs    12: FAIL
FAIL: umull #0xFF000000, #0xFF ARM/ROM PN.
ARM/ROM PN.: Got     7 vs     6: FAIL
FAIL: umull #0xFF000000, #0xFF ARM/ROM ..S
ARM/ROM ..S: Got    13 vs    12: FAIL
FAIL: umull #0xFF000000, #0xFF ARM/ROM P.S
ARM/ROM P.S: Got     7 vs     6: FAIL
FAIL: umull #0xFF000000, #0xFF ARM/ROM .NS
ARM/ROM .NS: Got    12 vs    11: FAIL
FAIL: umull #0xFF000000, #0xFF ARM/ROM PNS
ARM/ROM PNS: Got     7 vs     6: FAIL
FAIL: umull #0xFF000000, #0xFF ARM/WRAM
ARM/WRAM: Got    12 vs    11: FAIL
FAIL: umull #0xFF000000, #0xFF ARM/IWRAM
ARM/IWRAM: Got     7 vs     6: FAIL
Timing test: umull #0xFFFF0000, #0xFF
FAIL: umull #0xFFFF0000, #0xFF ARM/ROM ...
ARM/ROM ...: Got    14 vs    13: FAIL
FAIL: umull #0xFFFF0000, #0xFF ARM/ROM P..
ARM/ROM P..: Got     7 vs     6: FAIL
FAIL: umull #0xFFFF0000, #0xFF ARM/ROM .N.
ARM/ROM .N.: Got    13 vs    12: FAIL
FAIL: umull #0xFFFF0000, #0xFF ARM/ROM PN.
ARM/ROM PN.: Got     7 vs     6: FAIL
FAIL: umull #0xFFFF0000, #0xFF ARM/ROM ..S
ARM/ROM ..S: Got    13 vs    12: FAIL
FAIL: umull #0xFFFF0000, #0xFF ARM/ROM P.S
ARM/ROM P.S: Got     7 vs     6: FAIL
FAIL: umull #0xFFFF0000, #0xFF ARM/ROM .NS
ARM/ROM .NS: Got    12 vs    11: FAIL
FAIL: umull #0xFFFF0000, #0xFF ARM/ROM PNS
ARM/ROM PNS: Got     7 vs     6: FAIL
FAIL: umull #0xFFFF0000, #0xFF ARM/WRAM
ARM/WRAM: Got    12 vs    11: FAIL
FAIL: umull #0xFFFF0000, #0xFF ARM/IWRAM
ARM/IWRAM: Got     7 vs     6: FAIL
Timing test: umull #0xFFFFFF00, #0xFF
FAIL: umull #0xFFFFFF00, #0xFF ARM/ROM ...
ARM/ROM ...: Got    14 vs    13: FAIL
FAIL: umull #0xFFFFFF00, #0xFF ARM/ROM P..
ARM/ROM P..: Got     7 vs     6: FAIL
FAIL: umull #0xFFFFFF00, #0xFF ARM/ROM .N.
ARM/ROM .N.: Got    13 vs    12: FAIL
FAIL: umull #0xFFFFFF00, #0xFF ARM/ROM PN.
ARM/ROM PN.: Got     7 vs     6: FAIL
FAIL: umull #0xFFFFFF00, #0xFF ARM/ROM ..S
ARM/ROM ..S: Got    13 vs    12: FAIL
FAIL: umull #0xFFFFFF00, #0xFF ARM/ROM P.S
ARM/ROM P.S: Got     7 vs     6: FAIL
FAIL: umull #0xFFFFFF00, #0xFF ARM/ROM .NS
ARM/ROM .NS: Got    12 vs    11: FAIL
FAIL: umull #0xFFFFFF00, #0xFF ARM/ROM PNS
ARM/ROM PNS: Got     7 vs     6: FAIL
FAIL: umull #0xFFFFFF00, #0xFF ARM/WRAM
ARM/WRAM: Got    12 vs    11: FAIL
FAIL: umull #0xFFFFFF00, #0xFF ARM/IWRAM
ARM/IWRAM: Got     7 vs     6: FAIL
Timing test: umull #0xFFFFFFFF, #0xFF
FAIL: umull #0xFFFFFFFF, #0xFF ARM/ROM ...
ARM/ROM ...: Got    14 vs    13: FAIL
FAIL: umull #0xFFFFFFFF, #0xFF ARM/ROM P..
ARM/ROM P..: Got     7 vs     6: FAIL
FAIL: umull #0xFFFFFFFF, #0xFF ARM/ROM .N.
ARM/ROM .N.: Got    13 vs    12: FAIL
FAIL: umull #0xFFFFFFFF, #0xFF ARM/ROM PN.
ARM/ROM PN.: Got     7 vs     6: FAIL
FAIL: umull #0xFFFFFFFF, #0xFF ARM/ROM ..S
ARM/ROM ..S: Got    13 vs    12: FAIL
FAIL: umull #0xFFFFFFFF, #0xFF ARM/ROM P.S
ARM/ROM P.S: Got     7 vs     6: FAIL
FAIL: umull #0xFFFFFFFF, #0xFF ARM/ROM .NS
ARM/ROM .NS: Got    12 vs    11: FAIL
FAIL: umull #0xFFFFFFFF, #0xFF ARM/ROM PNS
ARM/ROM PNS: Got     7 vs     6: FAIL
FAIL: umull #0xFFFFFFFF, #0xFF ARM/WRAM
ARM/WRAM: Got    12 vs    11: FAIL
FAIL: umull #0xFFFFFFFF, #0xFF ARM/IWRAM
ARM/IWRAM: Got     7 vs     6: FAIL
Timing test: umull #0xFFFFFFFF, #0x00
FAIL: umull #0xFFFFFFFF, #0x00 ARM/ROM ...
ARM/ROM ...: Got    14 vs    13: FAIL
FAIL: umull #0xFFFFFFFF, #0x00 ARM/ROM P..
ARM/ROM P..: Got     7 vs     6: FAIL
FAIL: umull #0xFFFFFFFF, #0x00 ARM/ROM .N.
ARM/ROM .N.: Got    13 vs    12: FAIL
FAIL: umull #0xFFFFFFFF, #0x00 ARM/ROM PN.
ARM/ROM PN.: Got     7 vs     6: FAIL
FAIL: umull #0xFFFFFFFF, #0x00 ARM/ROM ..S
ARM/ROM ..S: Got    13 vs    12: FAIL
FAIL: umull #0xFFFFFFFF, #0x00 ARM/ROM P.S
ARM/ROM P.S: Got     7 vs     6: FAIL
FAIL: umull #0xFFFFFFFF, #0x00 ARM/ROM .NS
ARM/ROM .NS: Got    12 vs    11: FAIL
FAIL: umull #0xFFFFFFFF, #0x00 ARM/ROM PNS
ARM/ROM PNS: Got     7 vs     6: FAIL
FAIL: umull #0xFFFFFFFF, #0x00 ARM/WRAM
ARM/WRAM: Got    12 vs    11: FAIL
FAIL: umull #0xFFFFFFFF, #0x00 ARM/IWRAM
ARM/IWRAM: Got     7 vs     6: FAIL
Timing test: umlal #0x00000000, #0xFF
FAIL: umlal #0x00000000, #0xFF ARM/ROM ...
ARM/ROM ...: Got    12 vs    11: FAIL
PASS: umlal #0x00000000, #0xFF ARM/ROM P..
FAIL: umlal #0x00000000, #0xFF ARM/ROM .N.
ARM/ROM .N.: Got    11 vs    10: FAIL
PASS: umlal #0x00000000, #0xFF ARM/ROM PN.
FAIL: umlal #0x00000000, #0xFF ARM/ROM ..S
ARM/ROM ..S: Got    11 vs    10: FAIL
FAIL: umlal #0x00000000, #0xFF ARM/ROM P.S
ARM/ROM P.S: Got     5 vs     4: FAIL
FAIL: umlal #0x00000000, #0xFF ARM/ROM .NS
ARM/ROM .NS: Got    10 vs     9: FAIL
FAIL: umlal #0x00000000, #0xFF ARM/ROM PNS
ARM/ROM PNS: Got     5 vs     4: FAIL
FAIL: umlal #0x00000000, #0xFF ARM/WRAM
ARM/WRAM: Got    10 vs     9: FAIL
FAIL: umlal #0x00000000, #0xFF ARM/IWRAM
ARM/IWRAM: Got     5 vs     4: FAIL
Timing test: umlal #0x00000078, #0xFF
FAIL: umlal #0x00000078, #0xFF ARM/ROM ...
ARM/ROM ...: Got    12 vs    11: FAIL
PASS: umlal #0x00000078, #0xFF ARM/ROM P..
FAIL: umlal #0x00000078, #0xFF ARM/ROM .N.
ARM/ROM .N.: Got    11 vs    10: FAIL
PASS: umlal #0x00000078, #0xFF ARM/ROM PN.
FAIL: umlal #0x00000078, #0xFF ARM/ROM ..S
ARM/ROM ..S: Got    11 vs    10: FAIL
FAIL: umlal #0x00000078, #0xFF ARM/ROM P.S
ARM/ROM P.S: Got     5 vs     4: FAIL
FAIL: umlal #0x00000078, #0xFF ARM/ROM .NS
ARM/ROM .NS: Got    10 vs     9: FAIL
FAIL: umlal #0x00000078, #0xFF ARM/ROM PNS
ARM/ROM PNS: Got     5 vs     4: FAIL
FAIL: umlal #0x00000078, #0xFF ARM/WRAM
ARM/WRAM: Got    10 vs     9: FAIL
FAIL: umlal #0x00000078, #0xFF ARM/IWRAM
ARM/IWRAM: Got     5 vs     4: FAIL
Timing test: umlal #0x00005678, #0xFF
FAIL: umlal #0x00005678, #0xFF ARM/ROM ...
ARM/ROM ...: Got    13 vs    12: FAIL
PASS: umlal #0x00005678, #0xFF ARM/ROM P..
FAIL: umlal #0x00005678, #0xFF ARM/ROM .N.
ARM/ROM .N.: Got    12 vs    11: FAIL
PASS: umlal #0x00005678, #0xFF ARM/ROM PN.
FAIL: umlal #0x00005678, #0xFF ARM/ROM ..S
ARM/ROM ..S: Got    12 vs    11: FAIL
FAIL: umlal #0x00005678, #0xFF ARM/ROM P.S
ARM/ROM P.S: Got     6 vs     5: FAIL
FAIL: umlal #0x00005678, #0xFF ARM/ROM .NS
ARM/ROM .NS: Got    11 vs    10: FAIL
FAIL: umlal #0x00005678, #0xFF ARM/ROM PNS
ARM/ROM PNS: Got     6 vs     5: FAIL
FAIL: umlal #0x00005678, #0xFF ARM/WRAM
ARM/WRAM: Got    11 vs    10: FAIL
FAIL: umlal #0x00005678, #0xFF ARM/IWRAM
ARM/IWRAM: Got     6 vs     5: FAIL
Timing test: umlal #0x00345678, #0xFF
FAIL: umlal #0x00345678, #0xFF ARM/ROM ...
ARM/ROM ...: Got    14 vs    13: FAIL
FAIL: umlal #0x00345678, #0xFF ARM/ROM P..
ARM/ROM P..: Got     7 vs     6: FAIL
FAIL: umlal #0x00345678, #0xFF ARM/ROM .N.
ARM/ROM .N.: Got    13 vs    12: FAIL
FAIL: umlal #0x00345678, #0xFF ARM/ROM PN.
ARM/ROM PN.: Got     7 vs     6: FAIL
FAIL: umlal #0x00345678, #0xFF ARM/ROM ..S
ARM/ROM ..S: Got    13 vs    12: FAIL
FAIL: umlal #0x00345678, #0xFF ARM/ROM P.S
ARM/ROM P.S: Got     7 vs     6: FAIL
FAIL: umlal #0x00345678, #0xFF ARM/ROM .NS
ARM/ROM .NS: Got    12 vs    11: FAIL
FAIL: umlal #0x00345678, #0xFF ARM/ROM PNS
ARM/ROM PNS: Got     7 vs     6: FAIL
FAIL: umlal #0x00345678, #0xFF ARM/WRAM
ARM/WRAM: Got    12 vs    11: FAIL
FAIL: umlal #0x00345678, #0xFF ARM/IWRAM
ARM/IWRAM: Got     7 vs     6: FAIL
Timing test: umlal #0x12345678, #0xFF
FAIL: umlal #0x12345678, #0xFF ARM/ROM ...
ARM/ROM ...: Got    15 vs    14: FAIL
FAIL: umlal #0x12345678, #0xFF ARM/ROM P..
ARM/ROM P..: Got     8 vs     7: FAIL
FAIL: umlal #0x12345678, #0xFF ARM/ROM .N.
ARM/ROM .N.: Got    14 vs    13: FAIL
FAIL: umlal #0x12345678, #0xFF ARM/ROM PN.
ARM/ROM PN.: Got     8 vs     7: FAIL
FAIL: umlal #0x12345678, #0xFF ARM/ROM ..S
ARM/ROM ..S: Got    14 vs    13: FAIL
FAIL: umlal #0x12345678, #0xFF ARM/ROM P.S
ARM/ROM P.S: Got     8 vs     7: FAIL
FAIL: umlal #0x12345678, #0xFF ARM/ROM .NS
ARM/ROM .NS: Got    13 vs    12: FAIL
FAIL: umlal #0x12345678, #0xFF ARM/ROM PNS
ARM/ROM PNS: Got     8 vs     7: FAIL
FAIL: umlal #0x12345678, #0xFF ARM/WRAM
ARM/WRAM: Got    13 vs    12: FAIL
FAIL: umlal #0x12345678, #0xFF ARM/IWRAM
ARM/IWRAM: Got     8 vs     7: FAIL
Timing test: umlal #0xFF000000, #0xFF
FAIL: umlal #0xFF000000, #0xFF ARM/ROM ...
ARM/ROM ...: Got    15 vs    14: FAIL
FAIL: umlal #0xFF000000, #0xFF ARM/ROM P..
ARM/ROM P..: Got     8 vs     7: FAIL
FAIL: umlal #0xFF000000, #0xFF ARM/ROM .N.
ARM/ROM .N.: Got    14 vs    13: FAIL
FAIL: umlal #0xFF000000, #0xFF ARM/ROM PN.
ARM/ROM PN.: Got     8 vs     7: FAIL
FAIL: umlal #0xFF000000, #0xFF ARM/ROM ..S
ARM/ROM ..S: Got    14 vs    13: FAIL
FAIL: umlal #0xFF000000, #0xFF ARM/ROM P.S
ARM/ROM P.S: Got     8 vs     7: FAIL
FAIL: umlal #0xFF000000, #0xFF ARM/ROM .NS
ARM/ROM .NS: Got    13 vs    12: FAIL
FAIL: umlal #0xFF000000, #0xFF ARM/ROM PNS
ARM/ROM PNS: Got     8 vs     7: FAIL
FAIL: umlal #0xFF000000, #0xFF ARM/WRAM
ARM/WRAM: Got    13 vs    12: FAIL
FAIL: umlal #0xFF000000, #0xFF ARM/IWRAM
ARM/IWRAM: Got     8 vs     7: FAIL
Timing test: umlal #0xFFFF0000, #0xFF
FAIL: umlal #0xFFFF0000, #0xFF ARM/ROM ...
ARM/ROM ...: Got    15 vs    14: FAIL
FAIL: umlal #0xFFFF0000, #0xFF ARM/ROM P..
ARM/ROM P..: Got     8 vs     7: FAIL
FAIL: umlal #0xFFFF0000, #0xFF ARM/ROM .N.
ARM/ROM .N.: Got    14 vs    13: FAIL
FAIL: umlal #0xFFFF0000, #0xFF ARM/ROM PN.
ARM/ROM PN.: Got     8 vs     7: FAIL
FAIL: umlal #0xFFFF0000, #0xFF ARM/ROM ..S
ARM/ROM ..S: Got    14 vs    13: FAIL
FAIL: umlal #0xFFFF0000, #0xFF ARM/ROM P.S
ARM/ROM P.S: Got     8 vs     7: FAIL
FAIL: umlal #0xFFFF0000, #0xFF ARM/ROM .NS
ARM/ROM .NS: Got    13 vs    12: FAIL
FAIL: umlal #0xFFFF0000, #0xFF ARM/ROM PNS
ARM/ROM PNS: Got     8 vs     7: FAIL
FAIL: umlal #0xFFFF0000, #0xFF ARM/WRAM
ARM/WRAM: Got    13 vs    12: FAIL
FAIL: umlal #0xFFFF0000, #0xFF ARM/IWRAM
ARM/IWRAM: Got     8 vs     7: FAIL
Timing test: umlal #0xFFFFFF00, #0xFF
FAIL: umlal #0xFFFFFF00, #0xFF ARM/ROM ...
ARM/ROM ...: Got    15 vs    14: FAIL
FAIL: umlal #0xFFFFFF00, #0xFF ARM/ROM P..
ARM/ROM P..: Got     8 vs     7: FAIL
FAIL: umlal #0xFFFFFF00, #0xFF ARM/ROM .N.
ARM/ROM .N.: Got    14 vs    13: FAIL
FAIL: umlal #0xFFFFFF00, #0xFF ARM/ROM PN.
ARM/ROM PN.: Got     8 vs     7: FAIL
FAIL: umlal #0xFFFFFF00, #0xFF ARM/ROM ..S
ARM/ROM ..S: Got    14 vs    13: FAIL
FAIL: umlal #0xFFFFFF00, #0xFF ARM/ROM P.S
ARM/ROM P.S: Got     8 vs     7: FAIL
FAIL: umlal #0xFFFFFF00, #0xFF ARM/ROM .NS
ARM/ROM .NS: Got    13 vs    12: FAIL
FAIL: umlal #0xFFFFFF00, #0xFF ARM/ROM PNS
ARM/ROM PNS: Got     8 vs     7: FAIL
FAIL: umlal #0xFFFFFF00, #0xFF ARM/WRAM
ARM/WRAM: Got    13 vs    12: FAIL
FAIL: umlal #0xFFFFFF00, #0xFF ARM/IWRAM
ARM/IWRAM: Got     8 vs     7: FAIL
Timing test: umlal #0xFFFFFFFF, #0xFF
FAIL: umlal #0xFFFFFFFF, #0xFF ARM/ROM ...
ARM/ROM ...: Got    15 vs    14: FAIL
FAIL: umlal #0xFFFFFFFF, #0xFF ARM/ROM P..
ARM/ROM P..: Got     8 vs     7: FAIL
FAIL: umlal #0xFFFFFFFF, #0xFF ARM/ROM .N.
ARM/ROM .N.: Got    14 vs    13: FAIL
FAIL: umlal #0xFFFFFFFF, #0xFF ARM/ROM PN.
ARM/ROM PN.: Got     8 vs     7: FAIL
FAIL: umlal #0xFFFFFFFF, #0xFF ARM/ROM ..S
ARM/ROM ..S: Got    14 vs    13: FAIL
FAIL: umlal #0xFFFFFFFF, #0xFF ARM/ROM P.S
ARM/ROM P.S: Got     8 vs     7: FAIL
FAIL: umlal #0xFFFFFFFF, #0xFF ARM/ROM .NS
ARM/ROM .NS: Got    13 vs    12: FAIL
FAIL: umlal #0xFFFFFFFF, #0xFF ARM/ROM PNS
ARM/ROM PNS: Got     8 vs     7: FAIL
FAIL: umlal #0xFFFFFFFF, #0xFF ARM/WRAM
ARM/WRAM: Got    13 vs    12: FAIL
FAIL: umlal #0xFFFFFFFF, #0xFF ARM/IWRAM
ARM/IWRAM: Got     8 vs     7: FAIL
Timing test: umlal #0xFFFFFFFF, #0x00
FAIL: umlal #0xFFFFFFFF, #0x00 ARM/ROM ...
ARM/ROM ...: Got    15 vs    14: FAIL
FAIL: umlal #0xFFFFFFFF, #0x00 ARM/ROM P..
ARM/ROM P..: Got     8 vs     7: FAIL
FAIL: umlal #0xFFFFFFFF, #0x00 ARM/ROM .N.
ARM/ROM .N.: Got    14 vs    13: FAIL
FAIL: umlal #0xFFFFFFFF, #0x00 ARM/ROM PN.
ARM/ROM PN.: Got     8 vs     7: FAIL
FAIL: umlal #0xFFFFFFFF, #0x00 ARM/ROM ..S
ARM/ROM ..S: Got    14 vs    13: FAIL
FAIL: umlal #0xFFFFFFFF, #0x00 ARM/ROM P.S
ARM/ROM P.S: Got     8 vs     7: FAIL
FAIL: umlal #0xFFFFFFFF, #0x00 ARM/ROM .NS
ARM/ROM .NS: Got    13 vs    12: FAIL
FAIL: umlal #0xFFFFFFFF, #0x00 ARM/ROM PNS
ARM/ROM PNS: Got     8 vs     7: FAIL
FAIL: umlal #0xFFFFFFFF, #0x00 ARM/WRAM
ARM/WRAM: Got    13 vs    12: FAIL
FAIL: umlal #0xFFFFFFFF, #0x00 ARM/IWRAM
ARM/IWRAM: Got     8 vs     7: FAIL
Timing test: b pc
FAIL: b pc ARM/ROM ...
[sram]
Game Boy Advance Test Suite
===
Timing test: Calibration
Timing test: nop
Timing test: nop / nop
Timing test: ldrh r2, [sp]
Timing test: ldrh r2, [sp] / nop
Timing test: nop / ldrh r2, [sp]
Timing test: nop / ldrh r2, [sp] / nop
Timing test: ldrh r2, [#0x08000000]
Timing test: ldrh r2, [#0x08000000] / nop
Timing test: nop / ldrh r2, [#0x08000000]
Timing test: ldr r2, [sp]
Timing test: ldr r2, [sp] / nop
Timing test: nop / ldr r2, [sp]
Timing test: ldr r2, [#0x08000000]
Timing test: ldr r2, [#0x08000000] / nop
Timing test: nop / ldr r2, [#0x08000000]
Timing test: strh r3, [sp]
Timing test: strh r3, [sp] / nop
Timing test: nop / strh r3, [sp]
Timing test: nop / strh r3, [sp] / nop
Timing test: ldr r2, [sp] x2
Timing test: ldr r2, [#0x08000000] / ldr r2, [sp]
Timing test: ldr r2, [sp] / ldr r2, [#0x08000000]
Timing test: ldr r2, [#0x08000000] x2
Timing test: str r3, [sp] x2
Timing test: ldr r2, [sp] / str r2, [sp]
Timing test: str r3, [sp] / ldr r3, [sp]
Timing test: ldmia sp, {r2}
Timing test: ldmia sp, {r2, r3}
Timing test: ldmia sp, {r2-r7}
Timing test: ldmia sp, {r2} x2
Timing test: ldmia sp, {r2, r3} x2
Timing test: ldmia sp, {r2-r7} x2
Timing test: stmia sp, {r2}
Timing test: stmia sp, {r2, r3}
Timing test: stmia sp, {r2-r7}
Timing test: stmia sp, {r2} x2
Timing test: stmia sp, {r2, r3} x2
ARM/ROM PNS: Got    10 vs     8: FAIL
Timing test: stmia sp, {r2-r7} x2
Timing test: ldmia [#0x07FFFFFC]!, {r3-r7}
Timing test: ldmia [#0x07FFFFF8]!, {r3-r7}
Timing test: ldmia [#0x07FFFFF4]!, {r3-r7}
Timing test: ldmia [#0x07FFFFF0]!, {r3-r7}
Timing test: ldmia [#0x07FFFFEC]!, {r3-r7}
Timing test: mul #0x00000000, #0xFF
Timing test: mul #0x00000078, #0xFF
ARM/ROM ...: Got    10 vs     9: FAIL
ARM/ROM .N.: Got     9 vs     8: FAIL
ARM/ROM ..S: Got     9 vs     8: FAIL
ARM/ROM .NS: Got     8 vs     7: FAIL
ARM/WRAM: Got     8 vs     7: FAIL
ARM/IWRAM: Got     3 vs     2: FAIL
Timing test: mul #0x00005678, #0xFF
ARM/ROM ...: Got    11 vs    10: FAIL
ARM/ROM .N.: Got    10 vs     9: FAIL
ARM/ROM ..S: Got    10 vs     9: FAIL
ARM/ROM .NS: Got     9 vs     8: FAIL
ARM/WRAM: Got     9 vs     8: FAIL
ARM/IWRAM: Got     4 vs     3: FAIL
Timing test: mul #0x00345678, #0xFF
ARM/ROM ...: Got    12 vs    11: FAIL
ARM/ROM .N.: Got    11 vs    10: FAIL
ARM/ROM ..S: Got    11 vs    10: FAIL
ARM/ROM P.S: Got     5 vs     4: FAIL
ARM/ROM .NS: Got    10 vs     9: FAIL
ARM/ROM PNS: Got     5 vs     4: FAIL
ARM/WRAM: Got    10 vs     9: FAIL
ARM/IWRAM: Got     5 vs     4: FAIL
Timing test: mul #0x12345678, #0xFF
Timing test: mul #0xFF000000, #0xFF
ARM/ROM ...: Got    12 vs    11: FAIL
ARM/ROM .N.: Got    11 vs    10: FAIL
ARM/ROM ..S: Got    11 vs    10: FAIL
ARM/ROM P.S: Got     5 vs     4: FAIL
ARM/ROM .NS: Got    10 vs     9: FAIL
ARM/ROM PNS: Got     5 vs     4: FAIL
ARM/WRAM: Got    10 vs     9: FAIL
ARM/IWRAM: Got     5 vs     4: FAIL
Timing test: mul #0xFFFF0000, #0xFF
ARM/ROM ...: Got    11 vs    10: FAIL
ARM/ROM .N.: Got    10 vs     9: FAIL
ARM/ROM ..S: Got    10 vs     9: FAIL
ARM/ROM .NS: Got     9 vs     8: FAIL
ARM/WRAM: Got     9 vs     8: FAIL
ARM/IWRAM: Got     4 vs     3: FAIL
Timing test: mul #0xFFFFFF00, #0xFF
ARM/ROM ...: Got    10 vs     9: FAIL
ARM/ROM .N.: Got     9 vs     8: FAIL
ARM/ROM ..S: Got     9 vs     8: FAIL
ARM/ROM .NS: Got     8 vs     7: FAIL
ARM/WRAM: Got     8 vs     7: FAIL
ARM/IWRAM: Got     3 vs     2: FAIL
Timing test: mul #0xFFFFFFFF, #0xFF
Timing test: mul #0xFFFFFFFF, #0x00
Timing test: mla #0x00000000, #0xFF
Timing test: mla #0x00000078, #0xFF
ARM/ROM ...: Got    11 vs    10: FAIL
ARM/ROM .N.: Got    10 vs     9: FAIL
ARM/ROM ..S: Got    10 vs     9: FAIL
ARM/ROM .NS: Got     9 vs     8: FAIL
ARM/WRAM: Got     9 vs     8: FAIL
ARM/IWRAM: Got     4 vs     3: FAIL
Timing test: mla #0x00005678, #0xFF
ARM/ROM ...: Got    12 vs    10: FAIL
ARM/ROM .N.: Got    11 vs     9: FAIL
ARM/ROM ..S: Got    11 vs     9: FAIL
ARM/ROM P.S: Got     5 vs     4: FAIL
ARM/ROM .NS: Got    10 vs     8: FAIL
ARM/ROM PNS: Got     5 vs     4: FAIL
ARM/WRAM: Got    10 vs     8: FAIL
ARM/IWRAM: Got     5 vs     3: FAIL
Timing test: mla #0x00345678, #0xFF
ARM/ROM ...: Got    13 vs    10: FAIL
ARM/ROM .N.: Got    12 vs     9: FAIL
ARM/ROM ..S: Got    12 vs     9: FAIL
ARM/ROM P.S: Got     6 vs     4: FAIL
ARM/ROM .NS: Got    11 vs     8: FAIL
ARM/ROM PNS: Got     6 vs     4: FAIL
ARM/WRAM: Got    11 vs     8: FAIL
ARM/IWRAM: Got     6 vs     3: FAIL
Timing test: mla #0x12345678, #0xFF
ARM/ROM ...: Got    13 vs    10: FAIL
ARM/ROM .N.: Got    12 vs     9: FAIL
ARM/ROM ..S: Got    12 vs     9: FAIL
ARM/ROM P.S: Got     6 vs     4: FAIL
ARM/ROM .NS: Got    11 vs     8: FAIL
ARM/ROM PNS: Got     6 vs     4: FAIL
ARM/WRAM: Got    11 vs     8: FAIL
ARM/IWRAM: Got     6 vs     3: FAIL
Timing test: mla #0xFF000000, #0xFF
Timing test: mla #0xFFFF0000, #0xFF
ARM/ROM ...: Got    12 vs    10: FAIL
ARM/ROM .N.: Got    11 vs     9: FAIL
ARM/ROM ..S: Got    11 vs     9: FAIL
ARM/ROM P.S: Got     5 vs     4: FAIL
ARM/ROM .NS: Got    10 vs     8: FAIL
ARM/ROM PNS: Got     5 vs     4: FAIL
ARM/WRAM: Got    10 vs     8: FAIL
ARM/IWRAM: Got     5 vs     3: FAIL
Timing test: mla #0xFFFFFF00, #0xFF
ARM/ROM ...: Got    11 vs    10: FAIL
ARM/ROM .N.: Got    10 vs     9: FAIL
ARM/ROM ..S: Got    10 vs     9: FAIL
ARM/ROM .NS: Got     9 vs     8: FAIL
ARM/WRAM: Got     9 vs     8: FAIL
ARM/IWRAM: Got     4 vs     3: FAIL
Timing test: mla #0xFFFFFFFF, #0xFF
Timing test: mla #0xFFFFFFFF, #0x00
Timing test: smull #0x00000000, #0xFF
ARM/ROM ...: Got    11 vs    10: FAIL
ARM/ROM .N.: Got    10 vs     9: FAIL
ARM/ROM ..S: Got    10 vs     9: FAIL
ARM/ROM .NS: Got     9 vs     8: FAIL
ARM/WRAM: Got     9 vs     8: FAIL
ARM/IWRAM: Got     4 vs     3: FAIL
Timing test: smull #0x00000078, #0xFF
ARM/ROM ...: Got    11 vs    10: FAIL
ARM/ROM .N.: Got    10 vs     9: FAIL
ARM/ROM ..S: Got    10 vs     9: FAIL
ARM/ROM .NS: Got     9 vs     8: FAIL
ARM/WRAM: Got     9 vs     8: FAIL
ARM/IWRAM: Got     4 vs     3: FAIL
Timing test: smull #0x00005678, #0xFF
ARM/ROM ...: Got    12 vs    11: FAIL
ARM/ROM .N.: Got    11 vs    10: FAIL
ARM/ROM ..S: Got    11 vs    10: FAIL
ARM/ROM P.S: Got     5 vs     4: FAIL
ARM/ROM .NS: Got    10 vs     9: FAIL
ARM/ROM PNS: Got     5 vs     4: FAIL
ARM/WRAM: Got    10 vs     9: FAIL
ARM/IWRAM: Got     5 vs     4: FAIL
Timing test: smull #0x00345678, #0xFF
ARM/ROM ...: Got    13 vs    12: FAIL
ARM/ROM .N.: Got    12 vs    11: FAIL
ARM/ROM ..S: Got    12 vs    11: FAIL
ARM/ROM P.S: Got     6 vs     5: FAIL
ARM/ROM .NS: Got    11 vs    10: FAIL
ARM/ROM PNS: Got     6 vs     5: FAIL
ARM/WRAM: Got    11 vs    10: FAIL
ARM/IWRAM: Got     6 vs     5: FAIL
Timing test: smull #0x12345678, #0xFF
ARM/ROM ...: Got    14 vs    13: FAIL
ARM/ROM P..: Got     7 vs     6: FAIL
ARM/ROM .N.: Got    13 vs    12: FAIL
ARM/ROM PN.: Got     7 vs     6: FAIL
ARM/ROM ..S: Got    13 vs    12: FAIL
ARM/ROM P.S: Got     7 vs     6: FAIL
ARM/ROM .NS: Got    12 vs    11: FAIL
ARM/ROM PNS: Got     7 vs     6: FAIL
ARM/WRAM: Got    12 vs    11: FAIL
ARM/IWRAM: Got     7 vs     6: FAIL
Timing test: smull #0xFF000000, #0xFF
ARM/ROM ...: Got    13 vs    12: FAIL
ARM/ROM .N.: Got    12 vs    11: FAIL
ARM/ROM ..S: Got    12 vs    11: FAIL
ARM/ROM P.S: Got     6 vs     5: FAIL
ARM/ROM .NS: Got    11 vs    10: FAIL
ARM/ROM PNS: Got     6 vs     5: FAIL
ARM/WRAM: Got    11 vs    10: FAIL
ARM/IWRAM: Got     6 vs     5: FAIL
Timing test: smull #0xFFFF0000, #0xFF
ARM/ROM ...: Got    12 vs    11: FAIL
ARM/ROM .N.: Got    11 vs    10: FAIL
ARM/ROM ..S: Got    11 vs    10: FAIL
ARM/ROM P.S: Got     5 vs     4: FAIL
ARM/ROM .NS: Got    10 vs     9: FAIL
ARM/ROM PNS: Got     5 vs     4: FAIL
ARM/WRAM: Got    10 vs     9: FAIL
ARM/IWRAM: Got     5 vs     4: FAIL
Timing test: smull #0xFFFFFF00, #0xFF
ARM/ROM ...: Got    11 vs    10: FAIL
ARM/ROM .N.: Got    10 vs     9: FAIL
ARM/ROM ..S: Got    10 vs     9: FAIL
ARM/ROM .NS: Got     9 vs     8: FAIL
ARM/WRAM: Got     9 vs     8: FAIL
ARM/IWRAM: Got     4 vs     3: FAIL
Timing test: smull #0xFFFFFFFF, #0xFF
ARM/ROM ...: Got    11 vs    10: FAIL
ARM/ROM .N.: Got    10 vs     9: FAIL
ARM/ROM ..S: Got    10 vs     9: FAIL
ARM/ROM .NS: Got     9 vs     8: FAIL
ARM/WRAM: Got     9 vs     8: FAIL
ARM/IWRAM: Got     4 vs     3: FAIL
Timing test: smull #0xFFFFFFFF, #0x00
ARM/ROM ...: Got    11 vs    10: FAIL
ARM/ROM .N.: Got    10 vs     9: FAIL
ARM/ROM ..S: Got    10 vs     9: FAIL
ARM/ROM .NS: Got     9 vs     8: FAIL
ARM/WRAM: Got     9 vs     8: FAIL
ARM/IWRAM: Got     4 vs     3: FAIL
Timing test: smlal #0x00000000, #0xFF
ARM/ROM ...: Got    12 vs    11: FAIL
ARM/ROM .N.: Got    11 vs    10: FAIL
ARM/ROM ..S: Got    11 vs    10: FAIL
ARM/ROM P.S: Got     5 vs     4: FAIL
ARM/ROM .NS: Got    10 vs     9: FAIL
ARM/ROM PNS: Got     5 vs     4: FAIL
ARM/WRAM: Got    10 vs     9: FAIL
ARM/IWRAM: Got     5 vs     4: FAIL
Timing test: smlal #0x00000078, #0xFF
ARM/ROM ...: Got    12 vs    11: FAIL
ARM/ROM .N.: Got    11 vs    10: FAIL
ARM/ROM ..S: Got    11 vs    10: FAIL
ARM/ROM P.S: Got     5 vs     4: FAIL
ARM/ROM .NS: Got    10 vs     9: FAIL
ARM/ROM PNS: Got     5 vs     4: FAIL
ARM/WRAM: Got    10 vs     9: FAIL
ARM/IWRAM: Got     5 vs     4: FAIL
Timing test: smlal #0x00005678, #0xFF
ARM/ROM ...: Got    13 vs    12: FAIL
ARM/ROM .N.: Got    12 vs    11: FAIL
ARM/ROM ..S: Got    12 vs    11: FAIL
ARM/ROM P.S: Got     6 vs     5: FAIL
ARM/ROM .NS: Got    11 vs    10: FAIL
ARM/ROM PNS: Got     6 vs     5: FAIL
ARM/WRAM: Got    11 vs    10: FAIL
ARM/IWRAM: Got     6 vs     5: FAIL
Timing test: smlal #0x00345678, #0xFF
ARM/ROM ...: Got    14 vs    13: FAIL
ARM/ROM P..: Got     7 vs     6: FAIL
ARM/ROM .N.: Got    13 vs    12: FAIL
ARM/ROM PN.: Got     7 vs     6: FAIL
ARM/ROM ..S: Got    13 vs    12: FAIL
ARM/ROM P.S: Got     7 vs     6: FAIL
ARM/ROM .NS: Got    12 vs    11: FAIL
ARM/ROM PNS: Got     7 vs     6: FAIL
ARM/WRAM: Got    12 vs    11: FAIL
ARM/IWRAM: Got     7 vs     6: FAIL
Timing test: smlal #0x12345678, #0xFF
ARM/ROM ...: Got    15 vs    14: FAIL
ARM/ROM P..: Got     8 vs     7: FAIL
ARM/ROM .N.: Got    14 vs    13: FAIL
ARM/ROM PN.: Got     8 vs     7: FAIL
ARM/ROM ..S: Got    14 vs    13: FAIL
ARM/ROM P.S: Got     8 vs     7: FAIL
ARM/ROM .NS: Got    13 vs    12: FAIL
ARM/ROM PNS: Got     8 vs     7: FAIL
ARM/WRAM: Got    13 vs    12: FAIL
ARM/IWRAM: Got     8 vs     7: FAIL
Timing test: smlal #0xFF000000, #0xFF
ARM/ROM ...: Got    14 vs    13: FAIL
ARM/ROM P..: Got     7 vs     6: FAIL
ARM/ROM .N.: Got    13 vs    12: FAIL
ARM/ROM PN.: Got     7 vs     6: FAIL
ARM/ROM ..S: Got    13 vs    12: FAIL
ARM/ROM P.S: Got     7 vs     6: FAIL
ARM/ROM .NS: Got    12 vs    11: FAIL
ARM/ROM PNS: Got     7 vs     6: FAIL
ARM/WRAM: Got    12 vs    11: FAIL
ARM/IWRAM: Got     7 vs     6: FAIL
Timing test: smlal #0xFFFF0000, #0xFF
ARM/ROM ...: Got    13 vs    12: FAIL
ARM/ROM .N.: Got    12 vs    11: FAIL
ARM/ROM ..S: Got    12 vs    11: FAIL
ARM/ROM P.S: Got     6 vs     5: FAIL
ARM/ROM .NS: Got    11 vs    10: FAIL
ARM/ROM PNS: Got     6 vs     5: FAIL
ARM/WRAM: Got    11 vs    10: FAIL
ARM/IWRAM: Got     6 vs     5: FAIL
Timing test: smlal #0xFFFFFF00, #0xFF
ARM/ROM ...: Got    12 vs    11: FAIL
ARM/ROM .N.: Got    11 vs    10: FAIL
ARM/ROM ..S: Got    11 vs    10: FAIL
ARM/ROM P.S: Got     5 vs     4: FAIL
ARM/ROM .NS: Got    10 vs     9: FAIL
ARM/ROM PNS: Got     5 vs     4: FAIL
ARM/WRAM: Got    10 vs     9: FAIL
ARM/IWRAM: Got     5 vs     4: FAIL
Timing test: smlal #0xFFFFFFFF, #0xFF
ARM/ROM ...: Got    12 vs    11: FAIL
ARM/ROM .N.: Got    11 vs    10: FAIL
ARM/ROM ..S: Got    11 vs    10: FAIL
ARM/ROM P.S: Got     5 vs     4: FAIL
ARM/ROM .NS: Got    10 vs     9: FAIL
ARM/ROM PNS: Got     5 vs     4: FAIL
ARM/WRAM: Got    10 vs     9: FAIL
ARM/IWRAM: Got     5 vs     4: FAIL
Timing test: smlal #0xFFFFFFFF, #0x00
ARM/ROM ...: Got    12 vs    11: FAIL
ARM/ROM .N.: Got    11 vs    10: FAIL
ARM/ROM ..S: Got    11 vs    10: FAIL
ARM/ROM P.S: Got     5 vs     4: FAIL
ARM/ROM .NS: Got    10 vs     9: FAIL
ARM/ROM PNS: Got     5 vs     4: FAIL
ARM/WRAM: Got    10 vs     9: FAIL
ARM/IWRAM: Got     5 vs     4: FAIL
Timing test: umull #0x00000000, #0xFF
ARM/ROM ...: Got    11 vs    10: FAIL
ARM/ROM .N.: Got    10 vs     9: FAIL
ARM/ROM ..S: Got    10 vs     9: FAIL
ARM/ROM .NS: Got     9 vs     8: FAIL
ARM/WRAM: Got     9 vs     8: FAIL
ARM/IWRAM: Got     4 vs     3: FAIL
Timing test: umull #0x00000078, #0xFF
ARM/ROM ...: Got    11 vs    10: FAIL
ARM/ROM .N.: Got    10 vs     9: FAIL
ARM/ROM ..S: Got    10 vs     9: FAIL
ARM/ROM .NS: Got     9 vs     8: FAIL
ARM/WRAM: Got     9 vs     8: FAIL
ARM/IWRAM: Got     4 vs     3: FAIL
Timing test: umull #0x00005678, #0xFF
ARM/ROM ...: Got    12 vs    11: FAIL
ARM/ROM .N.: Got    11 vs    10: FAIL
ARM/ROM ..S: Got    11 vs    10: FAIL
ARM/ROM P.S: Got     5 vs     4: FAIL
ARM/ROM .NS: Got    10 vs     9: FAIL
ARM/ROM PNS: Got     5 vs     4: FAIL
ARM/WRAM: Got    10 vs     9: FAIL
ARM/IWRAM: Got     5 vs     4: FAIL
Timing test: umull #0x00345678, #0xFF
ARM/ROM ...: Got    13 vs    12: FAIL
ARM/ROM .N.: Got    12 vs    11: FAIL
ARM/ROM ..S: Got    12 vs    11: FAIL
ARM/ROM P.S: Got     6 vs     5: FAIL
ARM/ROM .NS: Got    11 vs    10: FAIL
ARM/ROM PNS: Got     6 vs     5: FAIL
ARM/WRAM: Got    11 vs    10: FAIL
ARM/IWRAM: Got     6 vs     5: FAIL
Timing test: umull #0x12345678, #0xFF
ARM/ROM ...: Got    14 vs    13: FAIL
ARM/ROM P..: Got     7 vs     6: FAIL
ARM/ROM .N.: Got    13 vs    12: FAIL
ARM/ROM PN.: Got     7 vs     6: FAIL
ARM/ROM ..S: Got    13 vs    12: FAIL
ARM/ROM P.S: Got     7 vs     6: FAIL
ARM/ROM .NS: Got    12 vs    11: FAIL
ARM/ROM PNS: Got     7 vs     6: FAIL
ARM/WRAM: Got    12 vs    11: FAIL
ARM/IWRAM: Got     7 vs     6: FAIL
Timing test: umull #0xFF000000, #0xFF
ARM/ROM ...: Got    14 vs    13: FAIL
ARM/ROM P..: Got     7 vs     6: FAIL
ARM/ROM .N.: Got    13 vs    12: FAIL
ARM/ROM PN.: Got     7 vs     6: FAIL
ARM/ROM ..S: Got    13 vs    12: FAIL
ARM/ROM P.S: Got     7 vs     6: FAIL
ARM/ROM .NS: Got    12 vs    11: FAIL
ARM/ROM PNS: Got     7 vs     6: FAIL
ARM/WRAM: Got    12 vs    11: FAIL
ARM/IWRAM: Got     7 vs     6: FAIL
Timing test: umull #0xFFFF0000, #0xFF
ARM/ROM ...: Got    14 vs    13: FAIL
ARM/ROM P..: Got     7 vs     6: FAIL
ARM/ROM .N.: Got    13 vs    12: FAIL
ARM/ROM PN.: Got     7 vs     6: FAIL
ARM/ROM ..S: Got    13 vs    12: FAIL
ARM/ROM P.S: Got     7 vs     6: FAIL
ARM/ROM .NS: Got    12 vs    11: FAIL
ARM/ROM PNS: Got     7 vs     6: FAIL
ARM/WRAM: Got    12 vs    11: FAIL
ARM/IWRAM: Got     7 vs     6: FAIL
Timing test: umull #0xFFFFFF00, #0xFF
ARM/ROM ...: Got    14 vs    13: FAIL
ARM/ROM P..: Got     7 vs     6: FAIL
ARM/ROM .N.: Got    13 vs    12: FAIL
ARM/ROM PN.: Got     7 vs     6: FAIL
ARM/ROM ..S: Got    13 vs    12: FAIL
ARM/ROM P.S: Got     7 vs     6: FAIL
ARM/ROM .NS: Got    12 vs    11: FAIL
ARM/ROM PNS: Got     7 vs     6: FAIL
ARM/WRAM: Got    12 vs    11: FAIL
ARM/IWRAM: Got     7 vs     6: FAIL
Timing test: umull #0xFFFFFFFF, #0xFF
ARM/ROM ...: Got    14 vs    13: FAIL
ARM/ROM P..: Got     7 vs     6: FAIL
ARM/ROM .N.: Got    13 vs    12: FAIL
ARM/ROM PN.: Got     7 vs     6: FAIL
ARM/ROM ..S: Got    13 vs    12: FAIL
ARM/ROM P.S: Got     7 vs     6: FAIL
ARM/ROM .NS: Got    12 vs    11: FAIL
ARM/ROM PNS: Got     7 vs     6: FAIL
ARM/WRAM: Got    12 vs    11: FAIL
ARM/IWRAM: Got     7 vs     6: FAIL
Timing test: umull #0xFFFFFFFF, #0x00
ARM/ROM ...: Got    14 vs    13: FAIL
ARM/ROM P..: Got     7 vs     6: FAIL
ARM/ROM .N.: Got    13 vs    12: FAIL
ARM/ROM PN.: Got     7 vs     6: FAIL
ARM/ROM ..S: Got    13 vs    12: FAIL
ARM/ROM P.S: Got     7 vs     6: FAIL
ARM/ROM .NS: Got    12 vs    11: FAIL
ARM/ROM PNS: Got     7 vs     6: FAIL
ARM/WRAM: Got    12 vs    11: FAIL
ARM/IWRAM: Got     7 vs     6: FAIL
Timing test: umlal #0x00000000, #0xFF
ARM/ROM ...: Got    12 vs    11: FAIL
ARM/ROM .N.: Got    11 vs    10: FAIL
ARM/ROM ..S: Got    11 vs    10: FAIL
ARM/ROM P.S: Got     5 vs     4: FAIL
ARM/ROM .NS: Got    10 vs     9: FAIL
ARM/ROM PNS: Got     5 vs     4: FAIL
ARM/WRAM: Got    10 vs     9: FAIL
ARM/IWRAM: Got     5 vs     4: FAIL
Timing test: umlal #0x00000078, #0xFF
ARM/ROM ...: Got    12 vs    11: FAIL
ARM/ROM .N.: Got    11 vs    10: FAIL
ARM/ROM ..S: Got    11 vs    10: FAIL
ARM/ROM P.S: Got     5 vs     4: FAIL
ARM/ROM .NS: Got    10 vs     9: FAIL
ARM/ROM PNS: Got     5 vs     4: FAIL
ARM/WRAM: Got    10 vs     9: FAIL
ARM/IWRAM: Got     5 vs     4: FAIL
Timing test: umlal #0x00005678, #0xFF
ARM/ROM ...: Got    13 vs    12: FAIL
ARM/ROM .N.: Got    12 vs    11: FAIL
ARM/ROM ..S: Got    12 vs    11: FAIL
ARM/ROM P.S: Got     6 vs     5: FAIL
ARM/ROM .NS: Got    11 vs    10: FAIL
ARM/ROM PNS: Got     6 vs     5: FAIL
ARM/WRAM: Got    11 vs    10: FAIL
ARM/IWRAM: Got     6 vs     5: FAIL
Timing test: umlal #0x00345678, #0xFF
ARM/ROM ...: Got    14 vs    13: FAIL
ARM/ROM P..: Got     7 vs     6: FAIL
ARM/ROM .N.: Got    13 vs    12: FAIL
ARM/ROM PN.: Got     7 vs     6: FAIL
ARM/ROM ..S: Got    13 vs    12: FAIL
ARM/ROM P.S: Got     7 vs     6: FAIL
ARM/ROM .NS: Got    12 vs    11: FAIL
ARM/ROM PNS: Got     7 vs     6: FAIL
ARM/WRAM: Got    12 vs    11: FAIL
ARM/IWRAM: Got     7 vs     6: FAIL
Timing test: umlal #0x12345678, #0xFF
ARM/ROM ...: Got    15 vs    14: FAIL
ARM/ROM P..: Got     8 vs     7: FAIL
ARM/ROM .N.: Got    14 vs    13: FAIL
ARM/ROM PN.: Got     8 vs     7: FAIL
ARM/ROM ..S: Got    14 vs    13: FAIL
ARM/ROM P.S: Got     8 vs     7: FAIL
ARM/ROM .NS: Got    13 vs    12: FAIL
ARM/ROM PNS: Got     8 vs     7: FAIL
ARM/WRAM: Got    13 vs    12: FAIL
ARM/IWRAM: Got     8 vs     7: FAIL
Timing test: umlal #0xFF000000, #0xFF
ARM/ROM ...: Got    15 vs    14: FAIL
ARM/ROM P..: Got     8 vs     7: FAIL
ARM/ROM .N.: Got    14 vs    13: FAIL
ARM/ROM PN.: Got     8 vs     7: FAIL
ARM/ROM ..S: Got    14 vs    13: FAIL
ARM/ROM P.S: Got     8 vs     7: FAIL
ARM/ROM .NS: Got    13 vs    12: FAIL
ARM/ROM PNS: Got     8 vs     7: FAIL
ARM/WRAM: Got    13 vs    12: FAIL
ARM/IWRAM: Got     8 vs     7: FAIL
Timing test: umlal #0xFFFF0000, #0xFF
ARM/ROM ...: Got    15 vs    14: FAIL
ARM/ROM P..: Got     8 vs     7: FAIL
ARM/ROM .N.: Got    14 vs    13: FAIL
ARM/ROM PN.: Got     8 vs     7: FAIL
ARM/ROM ..S: Got    14 vs    13: FAIL
ARM/ROM P.S: Got     8 vs     7: FAIL
ARM/ROM .NS: Got    13 vs    12: FAIL
ARM/ROM PNS: Got     8 vs     7: FAIL
ARM/WRAM: Got    13 vs    12: FAIL
ARM/IWRAM: Got     8 vs     7: FAIL
Timing test: umlal #0xFFFFFF00, #0xFF
ARM/ROM ...: Got    15 vs    14: FAIL
ARM/ROM P..: Got     8 vs     7: FAIL
ARM/ROM .N.: Got    14 vs    13: FAIL
ARM/ROM PN.: Got     8 vs     7: FAIL
ARM/ROM ..S: Got    14 vs    13: FAIL
ARM/ROM P.S: Got     8 vs     7: FAIL
ARM/ROM .NS: Got    13 vs    12: FAIL
ARM/ROM PNS: Got     8 vs     7: FAIL
ARM/WRAM: Got    13 vs    12: FAIL
ARM/IWRAM: Got     8 vs     7: FAIL
Timing test: umlal #0xFFFFFFFF, #0xFF
ARM/ROM ...: Got    15 vs    14: FAIL
ARM/ROM P..: Got     8 vs     7: FAIL
ARM/ROM .N.: Got    14 vs    13: FAIL
ARM/ROM PN.: Got     8 vs     7: FAIL
ARM/ROM ..S: Got    14 vs    13: FAIL
ARM/ROM P.S: Got     8 vs     7: FAIL
ARM/ROM .NS: Got    13 vs    12: FAIL
ARM/ROM PNS: Got     8 vs     7: FAIL
ARM/WRAM: Got    13 vs    12: FAIL
ARM/IWRAM: Got     8 vs     7: FAIL
Timing test: umlal #0xFFFFFFFF, #0x00
ARM/ROM ...: Got    15 vs    14: FAIL
ARM/ROM P..: Got     8 vs     7: FAIL
ARM/ROM .N.: Got    14 vs    13: FAIL
ARM/ROM PN.: Got     8 vs     7: FAIL
ARM/ROM ..S: Got    14 vs    13: FAIL
ARM/ROM P.S: Got     8 vs     7: FAIL
ARM/ROM .NS: Got    13 vs    12: FAIL
ARM/ROM PNS: Got     8 vs     7: FAIL
ARM/WRAM: Got    13 vs    12: FAIL
ARM/IWRAM: Got     8 vs     7: FAIL
Timing test: b pc

=== Summary ===
No END: summaries were emitted yet; use the per-suite SRAM output above.
