=== GBA Test Suite Runner ===
ROM:  tests/assets/roms/suite.gba
BIOS: tests/assets/roms/gba_bios.bin
Booting...
After 60 frames: PC=0x00000348 CPSR=0x6000005F halted=1 cycle=16769984
[DBG] Game Boy Advance Test Suite
===
[DBG] BEGIN: Timing tests
[DBG] Timing test: Calibration
[DBG] PASS: Calibration ARM/ROM ...
[DBG] PASS: Calibration ARM/ROM P..
[DBG] PASS: Calibration ARM/ROM .N.
[DBG] PASS: Calibration ARM/ROM PN.
[DBG] PASS: Calibration ARM/ROM ..S
[DBG] PASS: Calibration ARM/ROM P.S
[DBG] PASS: Calibration ARM/ROM .NS
[DBG] PASS: Calibration ARM/ROM PNS
[DBG] PASS: Calibration ARM/WRAM
[DBG] PASS: Calibration ARM/IWRAM
[DBG] PASS: Calibration Thumb/ROM ...
[DBG] PASS: Calibration Thumb/ROM P..
[DBG] PASS: Calibration Thumb/ROM .N.
[DBG] PASS: Calibration Thumb/ROM PN.
[DBG] PASS: Calibration Thumb/ROM ..S
[DBG] PASS: Calibration Thumb/ROM P.S
[DBG] PASS: Calibration Thumb/ROM .NS
[DBG] PASS: Calibration Thumb/ROM PNS
[DBG] PASS: Calibration Thumb/WRAM
[DBG] PASS: Calibration Thumb/IWRAM
[DBG] Timing test: nop
[DBG] PASS: nop ARM/ROM ...
[DBG] PASS: nop ARM/ROM P..
[DBG] PASS: nop ARM/ROM .N.
[DBG] PASS: nop ARM/ROM PN.
[DBG] PASS: nop ARM/ROM ..S
[DBG] PASS: nop ARM/ROM P.S
[DBG] PASS: nop ARM/ROM .NS
[DBG] PASS: nop ARM/ROM PNS
[DBG] PASS: nop ARM/WRAM
[DBG] PASS: nop ARM/IWRAM
[DBG] PASS: nop Thumb/ROM ...
[DBG] PASS: nop Thumb/ROM P..
[DBG] PASS: nop Thumb/ROM .N.
[DBG] PASS: nop Thumb/ROM PN.
[DBG] PASS: nop Thumb/ROM ..S
[DBG] PASS: nop Thumb/ROM P.S
[DBG] PASS: nop Thumb/ROM .NS
[DBG] PASS: nop Thumb/ROM PNS
[DBG] PASS: nop Thumb/WRAM
[DBG] PASS: nop Thumb/IWRAM
[DBG] Timing test: nop / nop
[DBG] PASS: nop / nop ARM/ROM ...
[DBG] PASS: nop / nop ARM/ROM P..
[DBG] PASS: nop / nop ARM/ROM .N.
[DBG] PASS: nop / nop ARM/ROM PN.
[DBG] PASS: nop / nop ARM/ROM ..S
[DBG] PASS: nop / nop ARM/ROM P.S
[DBG] PASS: nop / nop ARM/ROM .NS
[DBG] PASS: nop / nop ARM/ROM PNS
[DBG] PASS: nop / nop ARM/WRAM
[DBG] PASS: nop / nop ARM/IWRAM
[DBG] PASS: nop / nop Thumb/ROM ...
[DBG] PASS: nop / nop Thumb/ROM P..
[DBG] PASS: nop / nop Thumb/ROM .N.
[DBG] PASS: nop / nop Thumb/ROM PN.
[DBG] PASS: nop / nop Thumb/ROM ..S
[DBG] PASS: nop / nop Thumb/ROM P.S
[DBG] PASS: nop / nop Thumb/ROM .NS
[DBG] PASS: nop / nop Thumb/ROM PNS
[DBG] PASS: nop / nop Thumb/WRAM
[DBG] PASS: nop / nop Thumb/IWRAM
[DBG] Timing test: ldrh r2, [sp]
[DBG] PASS: ldrh r2, [sp] ARM/ROM ...
[DBG] PASS: ldrh r2, [sp] ARM/ROM P..
[DBG] PASS: ldrh r2, [sp] ARM/ROM .N.
[DBG] PASS: ldrh r2, [sp] ARM/ROM PN.
[DBG] PASS: ldrh r2, [sp] ARM/ROM ..S
[DBG] PASS: ldrh r2, [sp] ARM/ROM P.S
[DBG] PASS: ldrh r2, [sp] ARM/ROM .NS
[DBG] PASS: ldrh r2, [sp] ARM/ROM PNS
[DBG] PASS: ldrh r2, [sp] ARM/WRAM
[DBG] PASS: ldrh r2, [sp] ARM/IWRAM
[DBG] PASS: ldrh r2, [sp] Thumb/ROM ...
[DBG] PASS: ldrh r2, [sp] Thumb/ROM P..
[DBG] PASS: ldrh r2, [sp] Thumb/ROM .N.
[DBG] PASS: ldrh r2, [sp] Thumb/ROM PN.
[DBG] PASS: ldrh r2, [sp] Thumb/ROM ..S
[DBG] PASS: ldrh r2, [sp] Thumb/ROM P.S
[DBG] PASS: ldrh r2, [sp] Thumb/ROM .NS
[DBG] PASS: ldrh r2, [sp] Thumb/ROM PNS
[DBG] PASS: ldrh r2, [sp] Thumb/WRAM
[DBG] PASS: ldrh r2, [sp] Thumb/IWRAM
[DBG] Timing test: ldrh r2, [sp] / nop
[DBG] PASS: ldrh r2, [sp] / nop ARM/ROM ...
[DBG] PASS: ldrh r2, [sp] / nop ARM/ROM P..
[DBG] PASS: ldrh r2, [sp] / nop ARM/ROM .N.
[DBG] PASS: ldrh r2, [sp] / nop ARM/ROM PN.
[DBG] PASS: ldrh r2, [sp] / nop ARM/ROM ..S
[DBG] PASS: ldrh r2, [sp] / nop ARM/ROM P.S
[DBG] PASS: ldrh r2, [sp] / nop ARM/ROM .NS
[DBG] PASS: ldrh r2, [sp] / nop ARM/ROM PNS
[DBG] PASS: ldrh r2, [sp] / nop ARM/WRAM
[DBG] PASS: ldrh r2, [sp] / nop ARM/IWRAM
[DBG] PASS: ldrh r2, [sp] / nop Thumb/ROM ...
[DBG] PASS: ldrh r2, [sp] / nop Thumb/ROM P..
[DBG] PASS: ldrh r2, [sp] / nop Thumb/ROM .N.
[DBG] PASS: ldrh r2, [sp] / nop Thumb/ROM PN.
[DBG] PASS: ldrh r2, [sp] / nop Thumb/ROM ..S
[DBG] PASS: ldrh r2, [sp] / nop Thumb/ROM P.S
[DBG] PASS: ldrh r2, [sp] / nop Thumb/ROM .NS
[DBG] PASS: ldrh r2, [sp] / nop Thumb/ROM PNS
[DBG] PASS: ldrh r2, [sp] / nop Thumb/WRAM
[DBG] PASS: ldrh r2, [sp] / nop Thumb/IWRAM
[DBG] Timing test: nop / ldrh r2, [sp]
[DBG] PASS: nop / ldrh r2, [sp] ARM/ROM ...
[DBG] PASS: nop / ldrh r2, [sp] ARM/ROM P..
[DBG] PASS: nop / ldrh r2, [sp] ARM/ROM .N.
[DBG] PASS: nop / ldrh r2, [sp] ARM/ROM PN.
[DBG] PASS: nop / ldrh r2, [sp] ARM/ROM ..S
[DBG] PASS: nop / ldrh r2, [sp] ARM/ROM P.S
[DBG] PASS: nop / ldrh r2, [sp] ARM/ROM .NS
[DBG] PASS: nop / ldrh r2, [sp] ARM/ROM PNS
[DBG] PASS: nop / ldrh r2, [sp] ARM/WRAM
[DBG] PASS: nop / ldrh r2, [sp] ARM/IWRAM
[DBG] PASS: nop / ldrh r2, [sp] Thumb/ROM ...
[DBG] PASS: nop / ldrh r2, [sp] Thumb/ROM P..
[DBG] PASS: nop / ldrh r2, [sp] Thumb/ROM .N.
[DBG] PASS: nop / ldrh r2, [sp] Thumb/ROM PN.
[DBG] PASS: nop / ldrh r2, [sp] Thumb/ROM ..S
[DBG] PASS: nop / ldrh r2, [sp] Thumb/ROM P.S
[DBG] PASS: nop / ldrh r2, [sp] Thumb/ROM .NS
[DBG] PASS: nop / ldrh r2, [sp] Thumb/ROM PNS
[DBG] PASS: nop / ldrh r2, [sp] Thumb/WRAM
[DBG] PASS: nop / ldrh r2, [sp] Thumb/IWRAM
[DBG] Timing test: nop / ldrh r2, [sp] / nop
[DBG] PASS: nop / ldrh r2, [sp] / nop ARM/ROM ...
[DBG] PASS: nop / ldrh r2, [sp] / nop ARM/ROM P..
[DBG] PASS: nop / ldrh r2, [sp] / nop ARM/ROM .N.
[DBG] PASS: nop / ldrh r2, [sp] / nop ARM/ROM PN.
[DBG] PASS: nop / ldrh r2, [sp] / nop ARM/ROM ..S
[DBG] PASS: nop / ldrh r2, [sp] / nop ARM/ROM P.S
[DBG] PASS: nop / ldrh r2, [sp] / nop ARM/ROM .NS
[DBG] PASS: nop / ldrh r2, [sp] / nop ARM/ROM PNS
[DBG] PASS: nop / ldrh r2, [sp] / nop ARM/WRAM
[DBG] PASS: nop / ldrh r2, [sp] / nop ARM/IWRAM
[DBG] PASS: nop / ldrh r2, [sp] / nop Thumb/ROM ...
[DBG] PASS: nop / ldrh r2, [sp] / nop Thumb/ROM P..
[DBG] PASS: nop / ldrh r2, [sp] / nop Thumb/ROM .N.
[DBG] PASS: nop / ldrh r2, [sp] / nop Thumb/ROM PN.
[DBG] PASS: nop / ldrh r2, [sp] / nop Thumb/ROM ..S
[DBG] PASS: nop / ldrh r2, [sp] / nop Thumb/ROM P.S
[DBG] PASS: nop / ldrh r2, [sp] / nop Thumb/ROM .NS
[DBG] PASS: nop / ldrh r2, [sp] / nop Thumb/ROM PNS
[DBG] PASS: nop / ldrh r2, [sp] / nop Thumb/WRAM
[DBG] PASS: nop / ldrh r2, [sp] / nop Thumb/IWRAM
[DBG] Timing test: ldrh r2, [#0x08000000]
[DBG] PASS: ldrh r2, [#0x08000000] ARM/ROM ...
[DBG] PASS: ldrh r2, [#0x08000000] ARM/ROM P..
[DBG] PASS: ldrh r2, [#0x08000000] ARM/ROM .N.
[DBG] PASS: ldrh r2, [#0x08000000] ARM/ROM PN.
[DBG] PASS: ldrh r2, [#0x08000000] ARM/ROM ..S
[DBG] PASS: ldrh r2, [#0x08000000] ARM/ROM P.S
[DBG] PASS: ldrh r2, [#0x08000000] ARM/ROM .NS
[DBG] PASS: ldrh r2, [#0x08000000] ARM/ROM PNS
[DBG] PASS: ldrh r2, [#0x08000000] ARM/WRAM
[DBG] PASS: ldrh r2, [#0x08000000] ARM/IWRAM
[DBG] PASS: ldrh r2, [#0x08000000] Thumb/ROM ...
[DBG] PASS: ldrh r2, [#0x08000000] Thumb/ROM P..
[DBG] PASS: ldrh r2, [#0x08000000] Thumb/ROM .N.
[DBG] PASS: ldrh r2, [#0x08000000] Thumb/ROM PN.
[DBG] PASS: ldrh r2, [#0x08000000] Thumb/ROM ..S
[DBG] PASS: ldrh r2, [#0x08000000] Thumb/ROM P.S
[DBG] PASS: ldrh r2, [#0x08000000] Thumb/ROM .NS
[DBG] PASS: ldrh r2, [#0x08000000] Thumb/ROM PNS
[DBG] PASS: ldrh r2, [#0x08000000] Thumb/WRAM
[DBG] PASS: ldrh r2, [#0x08000000] Thumb/IWRAM
[DBG] Timing test: ldrh r2, [#0x08000000] / nop
[DBG] PASS: ldrh r2, [#0x08000000] / nop ARM/ROM ...
[DBG] PASS: ldrh r2, [#0x08000000] / nop ARM/ROM P..
[DBG] PASS: ldrh r2, [#0x08000000] / nop ARM/ROM .N.
[DBG] PASS: ldrh r2, [#0x08000000] / nop ARM/ROM PN.
[DBG] PASS: ldrh r2, [#0x08000000] / nop ARM/ROM ..S
[DBG] PASS: ldrh r2, [#0x08000000] / nop ARM/ROM P.S
[DBG] PASS: ldrh r2, [#0x08000000] / nop ARM/ROM .NS
[DBG] PASS: ldrh r2, [#0x08000000] / nop ARM/ROM PNS
[DBG] PASS: ldrh r2, [#0x08000000] / nop ARM/WRAM
[DBG] PASS: ldrh r2, [#0x08000000] / nop ARM/IWRAM
[DBG] PASS: ldrh r2, [#0x08000000] / nop Thumb/ROM ...
[DBG] PASS: ldrh r2, [#0x08000000] / nop Thumb/ROM P..
[DBG] PASS: ldrh r2, [#0x08000000] / nop Thumb/ROM .N.
[DBG] PASS: ldrh r2, [#0x08000000] / nop Thumb/ROM PN.
[DBG] PASS: ldrh r2, [#0x08000000] / nop Thumb/ROM ..S
[DBG] PASS: ldrh r2, [#0x08000000] / nop Thumb/ROM P.S
[DBG] PASS: ldrh r2, [#0x08000000] / nop Thumb/ROM .NS
[DBG] PASS: ldrh r2, [#0x08000000] / nop Thumb/ROM PNS
[DBG] PASS: ldrh r2, [#0x08000000] / nop Thumb/WRAM
[DBG] PASS: ldrh r2, [#0x08000000] / nop Thumb/IWRAM
[DBG] Timing test: nop / ldrh r2, [#0x08000000]
[DBG] PASS: nop / ldrh r2, [#0x08000000] ARM/ROM ...
[DBG] PASS: nop / ldrh r2, [#0x08000000] ARM/ROM P..
[DBG] PASS: nop / ldrh r2, [#0x08000000] ARM/ROM .N.
[DBG] PASS: nop / ldrh r2, [#0x08000000] ARM/ROM PN.
[DBG] PASS: nop / ldrh r2, [#0x08000000] ARM/ROM ..S
[DBG] PASS: nop / ldrh r2, [#0x08000000] ARM/ROM P.S
[DBG] PASS: nop / ldrh r2, [#0x08000000] ARM/ROM .NS
[DBG] PASS: nop / ldrh r2, [#0x08000000] ARM/ROM PNS
[DBG] PASS: nop / ldrh r2, [#0x08000000] ARM/WRAM
[DBG] PASS: nop / ldrh r2, [#0x08000000] ARM/IWRAM
[DBG] PASS: nop / ldrh r2, [#0x08000000] Thumb/ROM ...
[DBG] PASS: nop / ldrh r2, [#0x08000000] Thumb/ROM P..
[DBG] PASS: nop / ldrh r2, [#0x08000000] Thumb/ROM .N.
[DBG] PASS: nop / ldrh r2, [#0x08000000] Thumb/ROM PN.
[DBG] PASS: nop / ldrh r2, [#0x08000000] Thumb/ROM ..S
[DBG] PASS: nop / ldrh r2, [#0x08000000] Thumb/ROM P.S
[DBG] PASS: nop / ldrh r2, [#0x08000000] Thumb/ROM .NS
[DBG] PASS: nop / ldrh r2, [#0x08000000] Thumb/ROM PNS
[DBG] PASS: nop / ldrh r2, [#0x08000000] Thumb/WRAM
[DBG] PASS: nop / ldrh r2, [#0x08000000] Thumb/IWRAM
[DBG] Timing test: ldr r2, [sp]
[DBG] PASS: ldr r2, [sp] ARM/ROM ...
[DBG] PASS: ldr r2, [sp] ARM/ROM P..
[DBG] PASS: ldr r2, [sp] ARM/ROM .N.
[DBG] PASS: ldr r2, [sp] ARM/ROM PN.
[DBG] PASS: ldr r2, [sp] ARM/ROM ..S
[DBG] PASS: ldr r2, [sp] ARM/ROM P.S
[DBG] PASS: ldr r2, [sp] ARM/ROM .NS
[DBG] PASS: ldr r2, [sp] ARM/ROM PNS
[DBG] PASS: ldr r2, [sp] ARM/WRAM
[DBG] PASS: ldr r2, [sp] ARM/IWRAM
[DBG] PASS: ldr r2, [sp] Thumb/ROM ...
[DBG] PASS: ldr r2, [sp] Thumb/ROM P..
[DBG] PASS: ldr r2, [sp] Thumb/ROM .N.
[DBG] PASS: ldr r2, [sp] Thumb/ROM PN.
[DBG] PASS: ldr r2, [sp] Thumb/ROM ..S
[DBG] PASS: ldr r2, [sp] Thumb/ROM P.S
[DBG] PASS: ldr r2, [sp] Thumb/ROM .NS
[DBG] PASS: ldr r2, [sp] Thumb/ROM PNS
[DBG] PASS: ldr r2, [sp] Thumb/WRAM
[DBG] PASS: ldr r2, [sp] Thumb/IWRAM
[DBG] Timing test: ldr r2, [sp] / nop
[DBG] PASS: ldr r2, [sp] / nop ARM/ROM ...
[DBG] PASS: ldr r2, [sp] / nop ARM/ROM P..
[DBG] PASS: ldr r2, [sp] / nop ARM/ROM .N.
[DBG] PASS: ldr r2, [sp] / nop ARM/ROM PN.
[DBG] PASS: ldr r2, [sp] / nop ARM/ROM ..S
[DBG] PASS: ldr r2, [sp] / nop ARM/ROM P.S
[DBG] PASS: ldr r2, [sp] / nop ARM/ROM .NS
[DBG] PASS: ldr r2, [sp] / nop ARM/ROM PNS
[DBG] PASS: ldr r2, [sp] / nop ARM/WRAM
[DBG] PASS: ldr r2, [sp] / nop ARM/IWRAM
[DBG] PASS: ldr r2, [sp] / nop Thumb/ROM ...
[DBG] PASS: ldr r2, [sp] / nop Thumb/ROM P..
[DBG] PASS: ldr r2, [sp] / nop Thumb/ROM .N.
[DBG] PASS: ldr r2, [sp] / nop Thumb/ROM PN.
[DBG] PASS: ldr r2, [sp] / nop Thumb/ROM ..S
[DBG] PASS: ldr r2, [sp] / nop Thumb/ROM P.S
[DBG] PASS: ldr r2, [sp] / nop Thumb/ROM .NS
[DBG] PASS: ldr r2, [sp] / nop Thumb/ROM PNS
[DBG] PASS: ldr r2, [sp] / nop Thumb/WRAM
[DBG] PASS: ldr r2, [sp] / nop Thumb/IWRAM
[DBG] Timing test: nop / ldr r2, [sp]
[DBG] PASS: nop / ldr r2, [sp] ARM/ROM ...
[DBG] PASS: nop / ldr r2, [sp] ARM/ROM P..
[DBG] PASS: nop / ldr r2, [sp] ARM/ROM .N.
[DBG] PASS: nop / ldr r2, [sp] ARM/ROM PN.
[DBG] PASS: nop / ldr r2, [sp] ARM/ROM ..S
[DBG] PASS: nop / ldr r2, [sp] ARM/ROM P.S
[DBG] PASS: nop / ldr r2, [sp] ARM/ROM .NS
[DBG] PASS: nop / ldr r2, [sp] ARM/ROM PNS
[DBG] PASS: nop / ldr r2, [sp] ARM/WRAM
[DBG] PASS: nop / ldr r2, [sp] ARM/IWRAM
[DBG] PASS: nop / ldr r2, [sp] Thumb/ROM ...
[DBG] PASS: nop / ldr r2, [sp] Thumb/ROM P..
[DBG] PASS: nop / ldr r2, [sp] Thumb/ROM .N.
[DBG] PASS: nop / ldr r2, [sp] Thumb/ROM PN.
[DBG] PASS: nop / ldr r2, [sp] Thumb/ROM ..S
[DBG] PASS: nop / ldr r2, [sp] Thumb/ROM P.S
[DBG] PASS: nop / ldr r2, [sp] Thumb/ROM .NS
[DBG] PASS: nop / ldr r2, [sp] Thumb/ROM PNS
[DBG] PASS: nop / ldr r2, [sp] Thumb/WRAM
[DBG] PASS: nop / ldr r2, [sp] Thumb/IWRAM
[DBG] Timing test: ldr r2, [#0x08000000]
[DBG] PASS: ldr r2, [#0x08000000] ARM/ROM ...
[DBG] PASS: ldr r2, [#0x08000000] ARM/ROM P..
[DBG] PASS: ldr r2, [#0x08000000] ARM/ROM .N.
[DBG] PASS: ldr r2, [#0x08000000] ARM/ROM PN.
[DBG] PASS: ldr r2, [#0x08000000] ARM/ROM ..S
[DBG] PASS: ldr r2, [#0x08000000] ARM/ROM P.S
[DBG] PASS: ldr r2, [#0x08000000] ARM/ROM .NS
[DBG] PASS: ldr r2, [#0x08000000] ARM/ROM PNS
[DBG] PASS: ldr r2, [#0x08000000] ARM/WRAM
[DBG] PASS: ldr r2, [#0x08000000] ARM/IWRAM
[DBG] PASS: ldr r2, [#0x08000000] Thumb/ROM ...
[DBG] PASS: ldr r2, [#0x08000000] Thumb/ROM P..
[DBG] PASS: ldr r2, [#0x08000000] Thumb/ROM .N.
[DBG] PASS: ldr r2, [#0x08000000] Thumb/ROM PN.
[DBG] PASS: ldr r2, [#0x08000000] Thumb/ROM ..S
[DBG] PASS: ldr r2, [#0x08000000] Thumb/ROM P.S
[DBG] PASS: ldr r2, [#0x08000000] Thumb/ROM .NS
[DBG] PASS: ldr r2, [#0x08000000] Thumb/ROM PNS
[DBG] PASS: ldr r2, [#0x08000000] Thumb/WRAM
[DBG] PASS: ldr r2, [#0x08000000] Thumb/IWRAM
[DBG] Timing test: ldr r2, [#0x08000000] / nop
[DBG] PASS: ldr r2, [#0x08000000] / nop ARM/ROM ...
[DBG] PASS: ldr r2, [#0x08000000] / nop ARM/ROM P..
[DBG] PASS: ldr r2, [#0x08000000] / nop ARM/ROM .N.
[DBG] PASS: ldr r2, [#0x08000000] / nop ARM/ROM PN.
[DBG] PASS: ldr r2, [#0x08000000] / nop ARM/ROM ..S
[DBG] PASS: ldr r2, [#0x08000000] / nop ARM/ROM P.S
[DBG] PASS: ldr r2, [#0x08000000] / nop ARM/ROM .NS
[DBG] PASS: ldr r2, [#0x08000000] / nop ARM/ROM PNS
[DBG] PASS: ldr r2, [#0x08000000] / nop ARM/WRAM
[DBG] PASS: ldr r2, [#0x08000000] / nop ARM/IWRAM
[DBG] PASS: ldr r2, [#0x08000000] / nop Thumb/ROM ...
[DBG] PASS: ldr r2, [#0x08000000] / nop Thumb/ROM P..
[DBG] PASS: ldr r2, [#0x08000000] / nop Thumb/ROM .N.
[DBG] PASS: ldr r2, [#0x08000000] / nop Thumb/ROM PN.
[DBG] PASS: ldr r2, [#0x08000000] / nop Thumb/ROM ..S
[DBG] PASS: ldr r2, [#0x08000000] / nop Thumb/ROM P.S
[DBG] PASS: ldr r2, [#0x08000000] / nop Thumb/ROM .NS
[DBG] PASS: ldr r2, [#0x08000000] / nop Thumb/ROM PNS
[DBG] PASS: ldr r2, [#0x08000000] / nop Thumb/WRAM
[DBG] PASS: ldr r2, [#0x08000000] / nop Thumb/IWRAM
[DBG] Timing test: nop / ldr r2, [#0x08000000]
[DBG] PASS: nop / ldr r2, [#0x08000000] ARM/ROM ...
[DBG] PASS: nop / ldr r2, [#0x08000000] ARM/ROM P..
[DBG] PASS: nop / ldr r2, [#0x08000000] ARM/ROM .N.
[DBG] PASS: nop / ldr r2, [#0x08000000] ARM/ROM PN.
[DBG] PASS: nop / ldr r2, [#0x08000000] ARM/ROM ..S
[DBG] PASS: nop / ldr r2, [#0x08000000] ARM/ROM P.S
[DBG] PASS: nop / ldr r2, [#0x08000000] ARM/ROM .NS
[DBG] PASS: nop / ldr r2, [#0x08000000] ARM/ROM PNS
[DBG] PASS: nop / ldr r2, [#0x08000000] ARM/WRAM
[DBG] PASS: nop / ldr r2, [#0x08000000] ARM/IWRAM
[DBG] PASS: nop / ldr r2, [#0x08000000] Thumb/ROM ...
[DBG] PASS: nop / ldr r2, [#0x08000000] Thumb/ROM P..
[DBG] PASS: nop / ldr r2, [#0x08000000] Thumb/ROM .N.
[DBG] PASS: nop / ldr r2, [#0x08000000] Thumb/ROM PN.
[DBG] PASS: nop / ldr r2, [#0x08000000] Thumb/ROM ..S
[DBG] PASS: nop / ldr r2, [#0x08000000] Thumb/ROM P.S
[DBG] PASS: nop / ldr r2, [#0x08000000] Thumb/ROM .NS
[DBG] PASS: nop / ldr r2, [#0x08000000] Thumb/ROM PNS
[DBG] PASS: nop / ldr r2, [#0x08000000] Thumb/WRAM
[DBG] PASS: nop / ldr r2, [#0x08000000] Thumb/IWRAM
[DBG] Timing test: strh r3, [sp]
[DBG] PASS: strh r3, [sp] ARM/ROM ...
[DBG] PASS: strh r3, [sp] ARM/ROM P..
[DBG] PASS: strh r3, [sp] ARM/ROM .N.
[DBG] PASS: strh r3, [sp] ARM/ROM PN.
[DBG] PASS: strh r3, [sp] ARM/ROM ..S
[DBG] PASS: strh r3, [sp] ARM/ROM P.S
[DBG] PASS: strh r3, [sp] ARM/ROM .NS
[DBG] PASS: strh r3, [sp] ARM/ROM PNS
[DBG] PASS: strh r3, [sp] ARM/WRAM
[DBG] PASS: strh r3, [sp] ARM/IWRAM
[DBG] PASS: strh r3, [sp] Thumb/ROM ...
[DBG] PASS: strh r3, [sp] Thumb/ROM P..
[DBG] PASS: strh r3, [sp] Thumb/ROM .N.
[DBG] PASS: strh r3, [sp] Thumb/ROM PN.
[DBG] PASS: strh r3, [sp] Thumb/ROM ..S
[DBG] PASS: strh r3, [sp] Thumb/ROM P.S
[DBG] PASS: strh r3, [sp] Thumb/ROM .NS
[DBG] PASS: strh r3, [sp] Thumb/ROM PNS
[DBG] PASS: strh r3, [sp] Thumb/WRAM
[DBG] PASS: strh r3, [sp] Thumb/IWRAM
[DBG] Timing test: strh r3, [sp] / nop
[DBG] PASS: strh r3, [sp] / nop ARM/ROM ...
[DBG] PASS: strh r3, [sp] / nop ARM/ROM P..
[DBG] PASS: strh r3, [sp] / nop ARM/ROM .N.
[DBG] PASS: strh r3, [sp] / nop ARM/ROM PN.
[DBG] PASS: strh r3, [sp] / nop ARM/ROM ..S
[DBG] PASS: strh r3, [sp] / nop ARM/ROM P.S
[DBG] PASS: strh r3, [sp] / nop ARM/ROM .NS
[DBG] PASS: strh r3, [sp] / nop ARM/ROM PNS
[DBG] PASS: strh r3, [sp] / nop ARM/WRAM
[DBG] PASS: strh r3, [sp] / nop ARM/IWRAM
[DBG] PASS: strh r3, [sp] / nop Thumb/ROM ...
[DBG] PASS: strh r3, [sp] / nop Thumb/ROM P..
[DBG] PASS: strh r3, [sp] / nop Thumb/ROM .N.
[DBG] PASS: strh r3, [sp] / nop Thumb/ROM PN.
[DBG] PASS: strh r3, [sp] / nop Thumb/ROM ..S
[DBG] PASS: strh r3, [sp] / nop Thumb/ROM P.S
[DBG] PASS: strh r3, [sp] / nop Thumb/ROM .NS
[DBG] PASS: strh r3, [sp] / nop Thumb/ROM PNS
[DBG] PASS: strh r3, [sp] / nop Thumb/WRAM
[DBG] PASS: strh r3, [sp] / nop Thumb/IWRAM
[DBG] Timing test: nop / strh r3, [sp]
[DBG] PASS: nop / strh r3, [sp] ARM/ROM ...
[DBG] PASS: nop / strh r3, [sp] ARM/ROM P..
[DBG] PASS: nop / strh r3, [sp] ARM/ROM .N.
[DBG] PASS: nop / strh r3, [sp] ARM/ROM PN.
[DBG] PASS: nop / strh r3, [sp] ARM/ROM ..S
[DBG] PASS: nop / strh r3, [sp] ARM/ROM P.S
[DBG] PASS: nop / strh r3, [sp] ARM/ROM .NS
[DBG] PASS: nop / strh r3, [sp] ARM/ROM PNS
[DBG] PASS: nop / strh r3, [sp] ARM/WRAM
[DBG] PASS: nop / strh r3, [sp] ARM/IWRAM
[DBG] PASS: nop / strh r3, [sp] Thumb/ROM ...
[DBG] PASS: nop / strh r3, [sp] Thumb/ROM P..
[DBG] PASS: nop / strh r3, [sp] Thumb/ROM .N.
[DBG] PASS: nop / strh r3, [sp] Thumb/ROM PN.
[DBG] PASS: nop / strh r3, [sp] Thumb/ROM ..S
[DBG] PASS: nop / strh r3, [sp] Thumb/ROM P.S
[DBG] PASS: nop / strh r3, [sp] Thumb/ROM .NS
[DBG] PASS: nop / strh r3, [sp] Thumb/ROM PNS
[DBG] PASS: nop / strh r3, [sp] Thumb/WRAM
[DBG] PASS: nop / strh r3, [sp] Thumb/IWRAM
[DBG] Timing test: nop / strh r3, [sp] / nop
[DBG] PASS: nop / strh r3, [sp] / nop ARM/ROM ...
[DBG] PASS: nop / strh r3, [sp] / nop ARM/ROM P..
[DBG] PASS: nop / strh r3, [sp] / nop ARM/ROM .N.
[DBG] PASS: nop / strh r3, [sp] / nop ARM/ROM PN.
[DBG] PASS: nop / strh r3, [sp] / nop ARM/ROM ..S
[DBG] PASS: nop / strh r3, [sp] / nop ARM/ROM P.S
[DBG] PASS: nop / strh r3, [sp] / nop ARM/ROM .NS
[DBG] PASS: nop / strh r3, [sp] / nop ARM/ROM PNS
[DBG] PASS: nop / strh r3, [sp] / nop ARM/WRAM
[DBG] PASS: nop / strh r3, [sp] / nop ARM/IWRAM
[DBG] PASS: nop / strh r3, [sp] / nop Thumb/ROM ...
[DBG] PASS: nop / strh r3, [sp] / nop Thumb/ROM P..
[DBG] PASS: nop / strh r3, [sp] / nop Thumb/ROM .N.
[DBG] PASS: nop / strh r3, [sp] / nop Thumb/ROM PN.
[DBG] PASS: nop / strh r3, [sp] / nop Thumb/ROM ..S
[DBG] PASS: nop / strh r3, [sp] / nop Thumb/ROM P.S
[DBG] PASS: nop / strh r3, [sp] / nop Thumb/ROM .NS
[DBG] PASS: nop / strh r3, [sp] / nop Thumb/ROM PNS
[DBG] PASS: nop / strh r3, [sp] / nop Thumb/WRAM
[DBG] PASS: nop / strh r3, [sp] / nop Thumb/IWRAM
[DBG] Timing test: ldr r2, [sp] x2
[DBG] PASS: ldr r2, [sp] x2 ARM/ROM ...
[DBG] PASS: ldr r2, [sp] x2 ARM/ROM P..
[DBG] PASS: ldr r2, [sp] x2 ARM/ROM .N.
[DBG] PASS: ldr r2, [sp] x2 ARM/ROM PN.
[DBG] PASS: ldr r2, [sp] x2 ARM/ROM ..S
[DBG] PASS: ldr r2, [sp] x2 ARM/ROM P.S
[DBG] PASS: ldr r2, [sp] x2 ARM/ROM .NS
[DBG] PASS: ldr r2, [sp] x2 ARM/ROM PNS
[DBG] PASS: ldr r2, [sp] x2 ARM/WRAM
[DBG] PASS: ldr r2, [sp] x2 ARM/IWRAM
[DBG] PASS: ldr r2, [sp] x2 Thumb/ROM ...
[DBG] PASS: ldr r2, [sp] x2 Thumb/ROM P..
[DBG] PASS: ldr r2, [sp] x2 Thumb/ROM .N.
[DBG] PASS: ldr r2, [sp] x2 Thumb/ROM PN.
[DBG] PASS: ldr r2, [sp] x2 Thumb/ROM ..S
[DBG] PASS: ldr r2, [sp] x2 Thumb/ROM P.S
[DBG] PASS: ldr r2, [sp] x2 Thumb/ROM .NS
[DBG] PASS: ldr r2, [sp] x2 Thumb/ROM PNS
[DBG] PASS: ldr r2, [sp] x2 Thumb/WRAM
[DBG] PASS: ldr r2, [sp] x2 Thumb/IWRAM
[DBG] Timing test: ldr r2, [#0x08000000] / ldr r2, [sp]
[DBG] PASS: ldr r2, [#0x08000000] / ldr r2, [sp] ARM/ROM ...
[DBG] PASS: ldr r2, [#0x08000000] / ldr r2, [sp] ARM/ROM P..
[DBG] PASS: ldr r2, [#0x08000000] / ldr r2, [sp] ARM/ROM .N.
[DBG] PASS: ldr r2, [#0x08000000] / ldr r2, [sp] ARM/ROM PN.
[DBG] PASS: ldr r2, [#0x08000000] / ldr r2, [sp] ARM/ROM ..S
[DBG] PASS: ldr r2, [#0x08000000] / ldr r2, [sp] ARM/ROM P.S
[DBG] PASS: ldr r2, [#0x08000000] / ldr r2, [sp] ARM/ROM .NS
[DBG] PASS: ldr r2, [#0x08000000] / ldr r2, [sp] ARM/ROM PNS
[DBG] PASS: ldr r2, [#0x08000000] / ldr r2, [sp] ARM/WRAM
[DBG] PASS: ldr r2, [#0x08000000] / ldr r2, [sp] ARM/IWRAM
[DBG] PASS: ldr r2, [#0x08000000] / ldr r2, [sp] Thumb/ROM ...
[DBG] PASS: ldr r2, [#0x08000000] / ldr r2, [sp] Thumb/ROM P..
[DBG] PASS: ldr r2, [#0x08000000] / ldr r2, [sp] Thumb/ROM .N.
[DBG] PASS: ldr r2, [#0x08000000] / ldr r2, [sp] Thumb/ROM PN.
[DBG] PASS: ldr r2, [#0x08000000] / ldr r2, [sp] Thumb/ROM ..S
[DBG] PASS: ldr r2, [#0x08000000] / ldr r2, [sp] Thumb/ROM P.S
[DBG] PASS: ldr r2, [#0x08000000] / ldr r2, [sp] Thumb/ROM .NS
[DBG] PASS: ldr r2, [#0x08000000] / ldr r2, [sp] Thumb/ROM PNS
[DBG] PASS: ldr r2, [#0x08000000] / ldr r2, [sp] Thumb/WRAM
[DBG] PASS: ldr r2, [#0x08000000] / ldr r2, [sp] Thumb/IWRAM
[DBG] Timing test: ldr r2, [sp] / ldr r2, [#0x08000000]
[DBG] PASS: ldr r2, [sp] / ldr r2, [#0x08000000] ARM/ROM ...
[DBG] PASS: ldr r2, [sp] / ldr r2, [#0x08000000] ARM/ROM P..
[DBG] PASS: ldr r2, [sp] / ldr r2, [#0x08000000] ARM/ROM .N.
[DBG] PASS: ldr r2, [sp] / ldr r2, [#0x08000000] ARM/ROM PN.
[DBG] PASS: ldr r2, [sp] / ldr r2, [#0x08000000] ARM/ROM ..S
[DBG] PASS: ldr r2, [sp] / ldr r2, [#0x08000000] ARM/ROM P.S
[DBG] PASS: ldr r2, [sp] / ldr r2, [#0x08000000] ARM/ROM .NS
[DBG] PASS: ldr r2, [sp] / ldr r2, [#0x08000000] ARM/ROM PNS
[DBG] PASS: ldr r2, [sp] / ldr r2, [#0x08000000] ARM/WRAM
[DBG] PASS: ldr r2, [sp] / ldr r2, [#0x08000000] ARM/IWRAM
[DBG] PASS: ldr r2, [sp] / ldr r2, [#0x08000000] Thumb/ROM ...
[DBG] PASS: ldr r2, [sp] / ldr r2, [#0x08000000] Thumb/ROM P..
[DBG] PASS: ldr r2, [sp] / ldr r2, [#0x08000000] Thumb/ROM .N.
[DBG] PASS: ldr r2, [sp] / ldr r2, [#0x08000000] Thumb/ROM PN.
[DBG] PASS: ldr r2, [sp] / ldr r2, [#0x08000000] Thumb/ROM ..S
[DBG] PASS: ldr r2, [sp] / ldr r2, [#0x08000000] Thumb/ROM P.S
[DBG] PASS: ldr r2, [sp] / ldr r2, [#0x08000000] Thumb/ROM .NS
[DBG] PASS: ldr r2, [sp] / ldr r2, [#0x08000000] Thumb/ROM PNS
[DBG] PASS: ldr r2, [sp] / ldr r2, [#0x08000000] Thumb/WRAM
[DBG] PASS: ldr r2, [sp] / ldr r2, [#0x08000000] Thumb/IWRAM
[DBG] Timing test: ldr r2, [#0x08000000] x2
[DBG] PASS: ldr r2, [#0x08000000] x2 ARM/ROM ...
[DBG] PASS: ldr r2, [#0x08000000] x2 ARM/ROM P..
[DBG] PASS: ldr r2, [#0x08000000] x2 ARM/ROM .N.
[DBG] PASS: ldr r2, [#0x08000000] x2 ARM/ROM PN.
[DBG] PASS: ldr r2, [#0x08000000] x2 ARM/ROM ..S
[DBG] PASS: ldr r2, [#0x08000000] x2 ARM/ROM P.S
[DBG] PASS: ldr r2, [#0x08000000] x2 ARM/ROM .NS
[DBG] PASS: ldr r2, [#0x08000000] x2 ARM/ROM PNS
[DBG] PASS: ldr r2, [#0x08000000] x2 ARM/WRAM
[DBG] PASS: ldr r2, [#0x08000000] x2 ARM/IWRAM
[DBG] PASS: ldr r2, [#0x08000000] x2 Thumb/ROM ...
[DBG] PASS: ldr r2, [#0x08000000] x2 Thumb/ROM P..
[DBG] PASS: ldr r2, [#0x08000000] x2 Thumb/ROM .N.
[DBG] PASS: ldr r2, [#0x08000000] x2 Thumb/ROM PN.
[DBG] PASS: ldr r2, [#0x08000000] x2 Thumb/ROM ..S
[DBG] PASS: ldr r2, [#0x08000000] x2 Thumb/ROM P.S
[DBG] PASS: ldr r2, [#0x08000000] x2 Thumb/ROM .NS
[DBG] PASS: ldr r2, [#0x08000000] x2 Thumb/ROM PNS
[DBG] PASS: ldr r2, [#0x08000000] x2 Thumb/WRAM
[DBG] PASS: ldr r2, [#0x08000000] x2 Thumb/IWRAM
[DBG] Timing test: str r3, [sp] x2
[DBG] PASS: str r3, [sp] x2 ARM/ROM ...
[DBG] PASS: str r3, [sp] x2 ARM/ROM P..
[DBG] PASS: str r3, [sp] x2 ARM/ROM .N.
[DBG] PASS: str r3, [sp] x2 ARM/ROM PN.
[DBG] PASS: str r3, [sp] x2 ARM/ROM ..S
[DBG] PASS: str r3, [sp] x2 ARM/ROM P.S
[DBG] PASS: str r3, [sp] x2 ARM/ROM .NS
[DBG] PASS: str r3, [sp] x2 ARM/ROM PNS
[DBG] PASS: str r3, [sp] x2 ARM/WRAM
[DBG] PASS: str r3, [sp] x2 ARM/IWRAM
[DBG] PASS: str r3, [sp] x2 Thumb/ROM ...
[DBG] PASS: str r3, [sp] x2 Thumb/ROM P..
[DBG] PASS: str r3, [sp] x2 Thumb/ROM .N.
[DBG] PASS: str r3, [sp] x2 Thumb/ROM PN.
[DBG] PASS: str r3, [sp] x2 Thumb/ROM ..S
[DBG] PASS: str r3, [sp] x2 Thumb/ROM P.S
[DBG] PASS: str r3, [sp] x2 Thumb/ROM .NS
[DBG] PASS: str r3, [sp] x2 Thumb/ROM PNS
[DBG] PASS: str r3, [sp] x2 Thumb/WRAM
[DBG] PASS: str r3, [sp] x2 Thumb/IWRAM
[DBG] Timing test: ldr r2, [sp] / str r2, [sp]
[DBG] PASS: ldr r2, [sp] / str r2, [sp] ARM/ROM ...
[DBG] PASS: ldr r2, [sp] / str r2, [sp] ARM/ROM P..
[DBG] PASS: ldr r2, [sp] / str r2, [sp] ARM/ROM .N.
[DBG] PASS: ldr r2, [sp] / str r2, [sp] ARM/ROM PN.
[DBG] PASS: ldr r2, [sp] / str r2, [sp] ARM/ROM ..S
[DBG] PASS: ldr r2, [sp] / str r2, [sp] ARM/ROM P.S
[DBG] PASS: ldr r2, [sp] / str r2, [sp] ARM/ROM .NS
[DBG] PASS: ldr r2, [sp] / str r2, [sp] ARM/ROM PNS
[DBG] PASS: ldr r2, [sp] / str r2, [sp] ARM/WRAM
[DBG] PASS: ldr r2, [sp] / str r2, [sp] ARM/IWRAM
[DBG] PASS: ldr r2, [sp] / str r2, [sp] Thumb/ROM ...
[DBG] PASS: ldr r2, [sp] / str r2, [sp] Thumb/ROM P..
[DBG] PASS: ldr r2, [sp] / str r2, [sp] Thumb/ROM .N.
[DBG] PASS: ldr r2, [sp] / str r2, [sp] Thumb/ROM PN.
[DBG] PASS: ldr r2, [sp] / str r2, [sp] Thumb/ROM ..S
[DBG] PASS: ldr r2, [sp] / str r2, [sp] Thumb/ROM P.S
[DBG] PASS: ldr r2, [sp] / str r2, [sp] Thumb/ROM .NS
[DBG] PASS: ldr r2, [sp] / str r2, [sp] Thumb/ROM PNS
[DBG] PASS: ldr r2, [sp] / str r2, [sp] Thumb/WRAM
[DBG] PASS: ldr r2, [sp] / str r2, [sp] Thumb/IWRAM
[DBG] Timing test: str r3, [sp] / ldr r3, [sp]
[DBG] PASS: str r3, [sp] / ldr r3, [sp] ARM/ROM ...
[DBG] PASS: str r3, [sp] / ldr r3, [sp] ARM/ROM P..
[DBG] PASS: str r3, [sp] / ldr r3, [sp] ARM/ROM .N.
[DBG] PASS: str r3, [sp] / ldr r3, [sp] ARM/ROM PN.
[DBG] PASS: str r3, [sp] / ldr r3, [sp] ARM/ROM ..S
[DBG] PASS: str r3, [sp] / ldr r3, [sp] ARM/ROM P.S
[DBG] PASS: str r3, [sp] / ldr r3, [sp] ARM/ROM .NS
[DBG] PASS: str r3, [sp] / ldr r3, [sp] ARM/ROM PNS
[DBG] PASS: str r3, [sp] / ldr r3, [sp] ARM/WRAM
[DBG] PASS: str r3, [sp] / ldr r3, [sp] ARM/IWRAM
[DBG] PASS: str r3, [sp] / ldr r3, [sp] Thumb/ROM ...
[DBG] PASS: str r3, [sp] / ldr r3, [sp] Thumb/ROM P..
[DBG] PASS: str r3, [sp] / ldr r3, [sp] Thumb/ROM .N.
[DBG] PASS: str r3, [sp] / ldr r3, [sp] Thumb/ROM PN.
[DBG] PASS: str r3, [sp] / ldr r3, [sp] Thumb/ROM ..S
[DBG] PASS: str r3, [sp] / ldr r3, [sp] Thumb/ROM P.S
[DBG] PASS: str r3, [sp] / ldr r3, [sp] Thumb/ROM .NS
[DBG] PASS: str r3, [sp] / ldr r3, [sp] Thumb/ROM PNS
[DBG] PASS: str r3, [sp] / ldr r3, [sp] Thumb/WRAM
[DBG] PASS: str r3, [sp] / ldr r3, [sp] Thumb/IWRAM
[DBG] Timing test: ldmia sp, {r2}
[DBG] PASS: ldmia sp, {r2} ARM/ROM ...
[DBG] PASS: ldmia sp, {r2} ARM/ROM P..
[DBG] PASS: ldmia sp, {r2} ARM/ROM .N.
[DBG] PASS: ldmia sp, {r2} ARM/ROM PN.
[DBG] PASS: ldmia sp, {r2} ARM/ROM ..S
[DBG] PASS: ldmia sp, {r2} ARM/ROM P.S
[DBG] PASS: ldmia sp, {r2} ARM/ROM .NS
[DBG] PASS: ldmia sp, {r2} ARM/ROM PNS
[DBG] PASS: ldmia sp, {r2} ARM/WRAM
[DBG] PASS: ldmia sp, {r2} ARM/IWRAM
[DBG] Timing test: ldmia sp, {r2, r3}
[DBG] PASS: ldmia sp, {r2, r3} ARM/ROM ...
[DBG] PASS: ldmia sp, {r2, r3} ARM/ROM P..
[DBG] PASS: ldmia sp, {r2, r3} ARM/ROM .N.
[DBG] PASS: ldmia sp, {r2, r3} ARM/ROM PN.
[DBG] PASS: ldmia sp, {r2, r3} ARM/ROM ..S
[DBG] PASS: ldmia sp, {r2, r3} ARM/ROM P.S
[DBG] PASS: ldmia sp, {r2, r3} ARM/ROM .NS
[DBG] PASS: ldmia sp, {r2, r3} ARM/ROM PNS
[DBG] PASS: ldmia sp, {r2, r3} ARM/WRAM
[DBG] PASS: ldmia sp, {r2, r3} ARM/IWRAM
[DBG] Timing test: ldmia sp, {r2-r7}
[DBG] PASS: ldmia sp, {r2-r7} ARM/ROM ...
[DBG] PASS: ldmia sp, {r2-r7} ARM/ROM P..
[DBG] PASS: ldmia sp, {r2-r7} ARM/ROM .N.
[DBG] PASS: ldmia sp, {r2-r7} ARM/ROM PN.
[DBG] PASS: ldmia sp, {r2-r7} ARM/ROM ..S
[DBG] PASS: ldmia sp, {r2-r7} ARM/ROM P.S
[DBG] PASS: ldmia sp, {r2-r7} ARM/ROM .NS
[DBG] PASS: ldmia sp, {r2-r7} ARM/ROM PNS
[DBG] PASS: ldmia sp, {r2-r7} ARM/WRAM
[DBG] PASS: ldmia sp, {r2-r7} ARM/IWRAM
[DBG] Timing test: ldmia sp, {r2} x2
[DBG] PASS: ldmia sp, {r2} x2 ARM/ROM ...
[DBG] PASS: ldmia sp, {r2} x2 ARM/ROM P..
[DBG] PASS: ldmia sp, {r2} x2 ARM/ROM .N.
[DBG] PASS: ldmia sp, {r2} x2 ARM/ROM PN.
[DBG] PASS: ldmia sp, {r2} x2 ARM/ROM ..S
[DBG] PASS: ldmia sp, {r2} x2 ARM/ROM P.S
[DBG] PASS: ldmia sp, {r2} x2 ARM/ROM .NS
[DBG] PASS: ldmia sp, {r2} x2 ARM/ROM PNS
[DBG] PASS: ldmia sp, {r2} x2 ARM/WRAM
[DBG] PASS: ldmia sp, {r2} x2 ARM/IWRAM
[DBG] Timing test: ldmia sp, {r2, r3} x2
[DBG] PASS: ldmia sp, {r2, r3} x2 ARM/ROM ...
[DBG] PASS: ldmia sp, {r2, r3} x2 ARM/ROM P..
[DBG] PASS: ldmia sp, {r2, r3} x2 ARM/ROM .N.
[DBG] PASS: ldmia sp, {r2, r3} x2 ARM/ROM PN.
[DBG] PASS: ldmia sp, {r2, r3} x2 ARM/ROM ..S
[DBG] PASS: ldmia sp, {r2, r3} x2 ARM/ROM P.S
[DBG] PASS: ldmia sp, {r2, r3} x2 ARM/ROM .NS
[DBG] PASS: ldmia sp, {r2, r3} x2 ARM/ROM PNS
[DBG] PASS: ldmia sp, {r2, r3} x2 ARM/WRAM
[DBG] PASS: ldmia sp, {r2, r3} x2 ARM/IWRAM
[DBG] Timing test: ldmia sp, {r2-r7} x2
[DBG] PASS: ldmia sp, {r2-r7} x2 ARM/ROM ...
[DBG] PASS: ldmia sp, {r2-r7} x2 ARM/ROM P..
[DBG] PASS: ldmia sp, {r2-r7} x2 ARM/ROM .N.
[DBG] PASS: ldmia sp, {r2-r7} x2 ARM/ROM PN.
[DBG] PASS: ldmia sp, {r2-r7} x2 ARM/ROM ..S
[DBG] PASS: ldmia sp, {r2-r7} x2 ARM/ROM P.S
[DBG] PASS: ldmia sp, {r2-r7} x2 ARM/ROM .NS
[DBG] PASS: ldmia sp, {r2-r7} x2 ARM/ROM PNS
[DBG] PASS: ldmia sp, {r2-r7} x2 ARM/WRAM
[DBG] PASS: ldmia sp, {r2-r7} x2 ARM/IWRAM
[DBG] Timing test: stmia sp, {r2}
[DBG] PASS: stmia sp, {r2} ARM/ROM ...
[DBG] PASS: stmia sp, {r2} ARM/ROM P..
[DBG] PASS: stmia sp, {r2} ARM/ROM .N.
[DBG] PASS: stmia sp, {r2} ARM/ROM PN.
[DBG] PASS: stmia sp, {r2} ARM/ROM ..S
[DBG] PASS: stmia sp, {r2} ARM/ROM P.S
[DBG] PASS: stmia sp, {r2} ARM/ROM .NS
[DBG] PASS: stmia sp, {r2} ARM/ROM PNS
[DBG] PASS: stmia sp, {r2} ARM/WRAM
[DBG] PASS: stmia sp, {r2} ARM/IWRAM
[DBG] Timing test: stmia sp, {r2, r3}
[DBG] PASS: stmia sp, {r2, r3} ARM/ROM ...
[DBG] PASS: stmia sp, {r2, r3} ARM/ROM P..
[DBG] PASS: stmia sp, {r2, r3} ARM/ROM .N.
[DBG] PASS: stmia sp, {r2, r3} ARM/ROM PN.
[DBG] PASS: stmia sp, {r2, r3} ARM/ROM ..S
[DBG] PASS: stmia sp, {r2, r3} ARM/ROM P.S
[DBG] PASS: stmia sp, {r2, r3} ARM/ROM .NS
[DBG] PASS: stmia sp, {r2, r3} ARM/ROM PNS
[DBG] PASS: stmia sp, {r2, r3} ARM/WRAM
[DBG] PASS: stmia sp, {r2, r3} ARM/IWRAM
[DBG] Timing test: stmia sp, {r2-r7}
[DBG] PASS: stmia sp, {r2-r7} ARM/ROM ...
[DBG] PASS: stmia sp, {r2-r7} ARM/ROM P..
[DBG] PASS: stmia sp, {r2-r7} ARM/ROM .N.
[DBG] PASS: stmia sp, {r2-r7} ARM/ROM PN.
[DBG] PASS: stmia sp, {r2-r7} ARM/ROM ..S
[DBG] PASS: stmia sp, {r2-r7} ARM/ROM P.S
[DBG] PASS: stmia sp, {r2-r7} ARM/ROM .NS
[DBG] PASS: stmia sp, {r2-r7} ARM/ROM PNS
[DBG] PASS: stmia sp, {r2-r7} ARM/WRAM
[DBG] PASS: stmia sp, {r2-r7} ARM/IWRAM
[DBG] Timing test: stmia sp, {r2} x2
[DBG] PASS: stmia sp, {r2} x2 ARM/ROM ...
[DBG] PASS: stmia sp, {r2} x2 ARM/ROM P..
[DBG] PASS: stmia sp, {r2} x2 ARM/ROM .N.
[DBG] PASS: stmia sp, {r2} x2 ARM/ROM PN.
[DBG] PASS: stmia sp, {r2} x2 ARM/ROM ..S
[DBG] PASS: stmia sp, {r2} x2 ARM/ROM P.S
[DBG] PASS: stmia sp, {r2} x2 ARM/ROM .NS
[DBG] PASS: stmia sp, {r2} x2 ARM/ROM PNS
[DBG] PASS: stmia sp, {r2} x2 ARM/WRAM
[DBG] PASS: stmia sp, {r2} x2 ARM/IWRAM
[DBG] Timing test: stmia sp, {r2, r3} x2
[DBG] PASS: stmia sp, {r2, r3} x2 ARM/ROM ...
[DBG] PASS: stmia sp, {r2, r3} x2 ARM/ROM P..
[DBG] PASS: stmia sp, {r2, r3} x2 ARM/ROM .N.
[DBG] PASS: stmia sp, {r2, r3} x2 ARM/ROM PN.
[DBG] PASS: stmia sp, {r2, r3} x2 ARM/ROM ..S
[DBG] PASS: stmia sp, {r2, r3} x2 ARM/ROM P.S
[DBG] PASS: stmia sp, {r2, r3} x2 ARM/ROM .NS
[DBG] PASS: stmia sp, {r2, r3} x2 ARM/ROM PNS
[DBG] PASS: stmia sp, {r2, r3} x2 ARM/WRAM
[DBG] PASS: stmia sp, {r2, r3} x2 ARM/IWRAM
[DBG] Timing test: stmia sp, {r2-r7} x2
[DBG] PASS: stmia sp, {r2-r7} x2 ARM/ROM ...
[DBG] PASS: stmia sp, {r2-r7} x2 ARM/ROM P..
[DBG] PASS: stmia sp, {r2-r7} x2 ARM/ROM .N.
[DBG] PASS: stmia sp, {r2-r7} x2 ARM/ROM PN.
[DBG] PASS: stmia sp, {r2-r7} x2 ARM/ROM ..S
[DBG] PASS: stmia sp, {r2-r7} x2 ARM/ROM P.S
[DBG] PASS: stmia sp, {r2-r7} x2 ARM/ROM .NS
[DBG] PASS: stmia sp, {r2-r7} x2 ARM/ROM PNS
[DBG] PASS: stmia sp, {r2-r7} x2 ARM/WRAM
[DBG] PASS: stmia sp, {r2-r7} x2 ARM/IWRAM
[DBG] Timing test: ldmia [#0x07FFFFFC]!, {r3-r7}
[DBG] PASS: ldmia [#0x07FFFFFC]!, {r3-r7} ARM/ROM ...
[DBG] PASS: ldmia [#0x07FFFFFC]!, {r3-r7} ARM/ROM P..
[DBG] PASS: ldmia [#0x07FFFFFC]!, {r3-r7} ARM/ROM .N.
[DBG] PASS: ldmia [#0x07FFFFFC]!, {r3-r7} ARM/ROM PN.
[DBG] PASS: ldmia [#0x07FFFFFC]!, {r3-r7} ARM/ROM ..S
[DBG] PASS: ldmia [#0x07FFFFFC]!, {r3-r7} ARM/ROM P.S
[DBG] PASS: ldmia [#0x07FFFFFC]!, {r3-r7} ARM/ROM .NS
[DBG] PASS: ldmia [#0x07FFFFFC]!, {r3-r7} ARM/ROM PNS
[DBG] PASS: ldmia [#0x07FFFFFC]!, {r3-r7} ARM/WRAM
[DBG] PASS: ldmia [#0x07FFFFFC]!, {r3-r7} ARM/IWRAM
[DBG] PASS: ldmia [#0x07FFFFFC]!, {r3-r7} Thumb/ROM ...
[DBG] PASS: ldmia [#0x07FFFFFC]!, {r3-r7} Thumb/ROM P..
[DBG] PASS: ldmia [#0x07FFFFFC]!, {r3-r7} Thumb/ROM .N.
[DBG] PASS: ldmia [#0x07FFFFFC]!, {r3-r7} Thumb/ROM PN.
[DBG] PASS: ldmia [#0x07FFFFFC]!, {r3-r7} Thumb/ROM ..S
[DBG] PASS: ldmia [#0x07FFFFFC]!, {r3-r7} Thumb/ROM P.S
[DBG] PASS: ldmia [#0x07FFFFFC]!, {r3-r7} Thumb/ROM .NS
[DBG] PASS: ldmia [#0x07FFFFFC]!, {r3-r7} Thumb/ROM PNS
[DBG] PASS: ldmia [#0x07FFFFFC]!, {r3-r7} Thumb/WRAM
[DBG] PASS: ldmia [#0x07FFFFFC]!, {r3-r7} Thumb/IWRAM
[DBG] Timing test: ldmia [#0x07FFFFF8]!, {r3-r7}
[DBG] PASS: ldmia [#0x07FFFFF8]!, {r3-r7} ARM/ROM ...
[DBG] PASS: ldmia [#0x07FFFFF8]!, {r3-r7} ARM/ROM P..
[DBG] PASS: ldmia [#0x07FFFFF8]!, {r3-r7} ARM/ROM .N.
[DBG] PASS: ldmia [#0x07FFFFF8]!, {r3-r7} ARM/ROM PN.
[DBG] PASS: ldmia [#0x07FFFFF8]!, {r3-r7} ARM/ROM ..S
[DBG] PASS: ldmia [#0x07FFFFF8]!, {r3-r7} ARM/ROM P.S
[DBG] PASS: ldmia [#0x07FFFFF8]!, {r3-r7} ARM/ROM .NS
[DBG] PASS: ldmia [#0x07FFFFF8]!, {r3-r7} ARM/ROM PNS
[DBG] PASS: ldmia [#0x07FFFFF8]!, {r3-r7} ARM/WRAM
[DBG] PASS: ldmia [#0x07FFFFF8]!, {r3-r7} ARM/IWRAM
[DBG] PASS: ldmia [#0x07FFFFF8]!, {r3-r7} Thumb/ROM ...
[DBG] PASS: ldmia [#0x07FFFFF8]!, {r3-r7} Thumb/ROM P..
[DBG] PASS: ldmia [#0x07FFFFF8]!, {r3-r7} Thumb/ROM .N.
[DBG] PASS: ldmia [#0x07FFFFF8]!, {r3-r7} Thumb/ROM PN.
[DBG] PASS: ldmia [#0x07FFFFF8]!, {r3-r7} Thumb/ROM ..S
[DBG] PASS: ldmia [#0x07FFFFF8]!, {r3-r7} Thumb/ROM P.S
[DBG] PASS: ldmia [#0x07FFFFF8]!, {r3-r7} Thumb/ROM .NS
[DBG] PASS: ldmia [#0x07FFFFF8]!, {r3-r7} Thumb/ROM PNS
[DBG] PASS: ldmia [#0x07FFFFF8]!, {r3-r7} Thumb/WRAM
[DBG] PASS: ldmia [#0x07FFFFF8]!, {r3-r7} Thumb/IWRAM
[DBG] Timing test: ldmia [#0x07FFFFF4]!, {r3-r7}
[DBG] PASS: ldmia [#0x07FFFFF4]!, {r3-r7} ARM/ROM ...
[DBG] PASS: ldmia [#0x07FFFFF4]!, {r3-r7} ARM/ROM P..
[DBG] PASS: ldmia [#0x07FFFFF4]!, {r3-r7} ARM/ROM .N.
[DBG] PASS: ldmia [#0x07FFFFF4]!, {r3-r7} ARM/ROM PN.
[DBG] PASS: ldmia [#0x07FFFFF4]!, {r3-r7} ARM/ROM ..S
[DBG] PASS: ldmia [#0x07FFFFF4]!, {r3-r7} ARM/ROM P.S
[DBG] PASS: ldmia [#0x07FFFFF4]!, {r3-r7} ARM/ROM .NS
[DBG] PASS: ldmia [#0x07FFFFF4]!, {r3-r7} ARM/ROM PNS
[DBG] PASS: ldmia [#0x07FFFFF4]!, {r3-r7} ARM/WRAM
[DBG] PASS: ldmia [#0x07FFFFF4]!, {r3-r7} ARM/IWRAM
[DBG] PASS: ldmia [#0x07FFFFF4]!, {r3-r7} Thumb/ROM ...
[DBG] PASS: ldmia [#0x07FFFFF4]!, {r3-r7} Thumb/ROM P..
[DBG] PASS: ldmia [#0x07FFFFF4]!, {r3-r7} Thumb/ROM .N.
[DBG] PASS: ldmia [#0x07FFFFF4]!, {r3-r7} Thumb/ROM PN.
[DBG] PASS: ldmia [#0x07FFFFF4]!, {r3-r7} Thumb/ROM ..S
[DBG] PASS: ldmia [#0x07FFFFF4]!, {r3-r7} Thumb/ROM P.S
[DBG] PASS: ldmia [#0x07FFFFF4]!, {r3-r7} Thumb/ROM .NS
[DBG] PASS: ldmia [#0x07FFFFF4]!, {r3-r7} Thumb/ROM PNS
[DBG] PASS: ldmia [#0x07FFFFF4]!, {r3-r7} Thumb/WRAM
[DBG] PASS: ldmia [#0x07FFFFF4]!, {r3-r7} Thumb/IWRAM
[DBG] Timing test: ldmia [#0x07FFFFF0]!, {r3-r7}
[DBG] PASS: ldmia [#0x07FFFFF0]!, {r3-r7} ARM/ROM ...
[DBG] PASS: ldmia [#0x07FFFFF0]!, {r3-r7} ARM/ROM P..
[DBG] PASS: ldmia [#0x07FFFFF0]!, {r3-r7} ARM/ROM .N.
[DBG] PASS: ldmia [#0x07FFFFF0]!, {r3-r7} ARM/ROM PN.
[DBG] PASS: ldmia [#0x07FFFFF0]!, {r3-r7} ARM/ROM ..S
[DBG] PASS: ldmia [#0x07FFFFF0]!, {r3-r7} ARM/ROM P.S
[DBG] PASS: ldmia [#0x07FFFFF0]!, {r3-r7} ARM/ROM .NS
[DBG] PASS: ldmia [#0x07FFFFF0]!, {r3-r7} ARM/ROM PNS
[DBG] PASS: ldmia [#0x07FFFFF0]!, {r3-r7} ARM/WRAM
[DBG] PASS: ldmia [#0x07FFFFF0]!, {r3-r7} ARM/IWRAM
[DBG] PASS: ldmia [#0x07FFFFF0]!, {r3-r7} Thumb/ROM ...
[DBG] PASS: ldmia [#0x07FFFFF0]!, {r3-r7} Thumb/ROM P..
[DBG] PASS: ldmia [#0x07FFFFF0]!, {r3-r7} Thumb/ROM .N.
[DBG] PASS: ldmia [#0x07FFFFF0]!, {r3-r7} Thumb/ROM PN.
[DBG] PASS: ldmia [#0x07FFFFF0]!, {r3-r7} Thumb/ROM ..S
[DBG] PASS: ldmia [#0x07FFFFF0]!, {r3-r7} Thumb/ROM P.S
[DBG] PASS: ldmia [#0x07FFFFF0]!, {r3-r7} Thumb/ROM .NS
[DBG] PASS: ldmia [#0x07FFFFF0]!, {r3-r7} Thumb/ROM PNS
[DBG] PASS: ldmia [#0x07FFFFF0]!, {r3-r7} Thumb/WRAM
[DBG] PASS: ldmia [#0x07FFFFF0]!, {r3-r7} Thumb/IWRAM
[DBG] Timing test: ldmia [#0x07FFFFEC]!, {r3-r7}
[DBG] PASS: ldmia [#0x07FFFFEC]!, {r3-r7} ARM/ROM ...
[DBG] PASS: ldmia [#0x07FFFFEC]!, {r3-r7} ARM/ROM P..
[DBG] PASS: ldmia [#0x07FFFFEC]!, {r3-r7} ARM/ROM .N.
[DBG] PASS: ldmia [#0x07FFFFEC]!, {r3-r7} ARM/ROM PN.
[DBG] PASS: ldmia [#0x07FFFFEC]!, {r3-r7} ARM/ROM ..S
[DBG] PASS: ldmia [#0x07FFFFEC]!, {r3-r7} ARM/ROM P.S
[DBG] PASS: ldmia [#0x07FFFFEC]!, {r3-r7} ARM/ROM .NS
[DBG] PASS: ldmia [#0x07FFFFEC]!, {r3-r7} ARM/ROM PNS
[DBG] PASS: ldmia [#0x07FFFFEC]!, {r3-r7} ARM/WRAM
[DBG] PASS: ldmia [#0x07FFFFEC]!, {r3-r7} ARM/IWRAM
[DBG] PASS: ldmia [#0x07FFFFEC]!, {r3-r7} Thumb/ROM ...
[DBG] PASS: ldmia [#0x07FFFFEC]!, {r3-r7} Thumb/ROM P..
[DBG] PASS: ldmia [#0x07FFFFEC]!, {r3-r7} Thumb/ROM .N.
[DBG] PASS: ldmia [#0x07FFFFEC]!, {r3-r7} Thumb/ROM PN.
[DBG] PASS: ldmia [#0x07FFFFEC]!, {r3-r7} Thumb/ROM ..S
[DBG] PASS: ldmia [#0x07FFFFEC]!, {r3-r7} Thumb/ROM P.S
[DBG] PASS: ldmia [#0x07FFFFEC]!, {r3-r7} Thumb/ROM .NS
[DBG] PASS: ldmia [#0x07FFFFEC]!, {r3-r7} Thumb/ROM PNS
[DBG] PASS: ldmia [#0x07FFFFEC]!, {r3-r7} Thumb/WRAM
[DBG] PASS: ldmia [#0x07FFFFEC]!, {r3-r7} Thumb/IWRAM
[DBG] Timing test: mul #0x00000000, #0xFF
[DBG] PASS: mul #0x00000000, #0xFF ARM/ROM ...
[DBG] PASS: mul #0x00000000, #0xFF ARM/ROM P..
[DBG] PASS: mul #0x00000000, #0xFF ARM/ROM .N.
[DBG] PASS: mul #0x00000000, #0xFF ARM/ROM PN.
[DBG] PASS: mul #0x00000000, #0xFF ARM/ROM ..S
[DBG] PASS: mul #0x00000000, #0xFF ARM/ROM P.S
[DBG] PASS: mul #0x00000000, #0xFF ARM/ROM .NS
[DBG] PASS: mul #0x00000000, #0xFF ARM/ROM PNS
[DBG] PASS: mul #0x00000000, #0xFF ARM/WRAM
[DBG] PASS: mul #0x00000000, #0xFF ARM/IWRAM
[DBG] PASS: mul #0x00000000, #0xFF Thumb/ROM ...
[DBG] PASS: mul #0x00000000, #0xFF Thumb/ROM P..
[DBG] PASS: mul #0x00000000, #0xFF Thumb/ROM .N.
[DBG] PASS: mul #0x00000000, #0xFF Thumb/ROM PN.
[DBG] PASS: mul #0x00000000, #0xFF Thumb/ROM ..S
[DBG] PASS: mul #0x00000000, #0xFF Thumb/ROM P.S
[DBG] PASS: mul #0x00000000, #0xFF Thumb/ROM .NS
[DBG] PASS: mul #0x00000000, #0xFF Thumb/ROM PNS
[DBG] PASS: mul #0x00000000, #0xFF Thumb/WRAM
[DBG] PASS: mul #0x00000000, #0xFF Thumb/IWRAM
[DBG] Timing test: mul #0x00000078, #0xFF
[DBG] PASS: mul #0x00000078, #0xFF ARM/ROM ...
[DBG] PASS: mul #0x00000078, #0xFF ARM/ROM P..
[DBG] PASS: mul #0x00000078, #0xFF ARM/ROM .N.
[DBG] PASS: mul #0x00000078, #0xFF ARM/ROM PN.
[DBG] PASS: mul #0x00000078, #0xFF ARM/ROM ..S
[DBG] PASS: mul #0x00000078, #0xFF ARM/ROM P.S
[DBG] PASS: mul #0x00000078, #0xFF ARM/ROM .NS
[DBG] PASS: mul #0x00000078, #0xFF ARM/ROM PNS
[DBG] PASS: mul #0x00000078, #0xFF ARM/WRAM
[DBG] PASS: mul #0x00000078, #0xFF ARM/IWRAM
[DBG] PASS: mul #0x00000078, #0xFF Thumb/ROM ...
[DBG] PASS: mul #0x00000078, #0xFF Thumb/ROM P..
[DBG] PASS: mul #0x00000078, #0xFF Thumb/ROM .N.
[DBG] PASS: mul #0x00000078, #0xFF Thumb/ROM PN.
[DBG] PASS: mul #0x00000078, #0xFF Thumb/ROM ..S
[DBG] PASS: mul #0x00000078, #0xFF Thumb/ROM P.S
[DBG] PASS: mul #0x00000078, #0xFF Thumb/ROM .NS
[DBG] PASS: mul #0x00000078, #0xFF Thumb/ROM PNS
[DBG] PASS: mul #0x00000078, #0xFF Thumb/WRAM
[DBG] PASS: mul #0x00000078, #0xFF Thumb/IWRAM
[DBG] Timing test: mul #0x00005678, #0xFF
[DBG] PASS: mul #0x00005678, #0xFF ARM/ROM ...
[DBG] PASS: mul #0x00005678, #0xFF ARM/ROM P..
[DBG] PASS: mul #0x00005678, #0xFF ARM/ROM .N.
[DBG] PASS: mul #0x00005678, #0xFF ARM/ROM PN.
[DBG] PASS: mul #0x00005678, #0xFF ARM/ROM ..S
[DBG] PASS: mul #0x00005678, #0xFF ARM/ROM P.S
[DBG] PASS: mul #0x00005678, #0xFF ARM/ROM .NS
[DBG] PASS: mul #0x00005678, #0xFF ARM/ROM PNS
[DBG] PASS: mul #0x00005678, #0xFF ARM/WRAM
[DBG] PASS: mul #0x00005678, #0xFF ARM/IWRAM
[DBG] PASS: mul #0x00005678, #0xFF Thumb/ROM ...
[DBG] PASS: mul #0x00005678, #0xFF Thumb/ROM P..
[DBG] PASS: mul #0x00005678, #0xFF Thumb/ROM .N.
[DBG] PASS: mul #0x00005678, #0xFF Thumb/ROM PN.
[DBG] PASS: mul #0x00005678, #0xFF Thumb/ROM ..S
[DBG] PASS: mul #0x00005678, #0xFF Thumb/ROM P.S
[DBG] PASS: mul #0x00005678, #0xFF Thumb/ROM .NS
[DBG] PASS: mul #0x00005678, #0xFF Thumb/ROM PNS
[DBG] PASS: mul #0x00005678, #0xFF Thumb/WRAM
[DBG] PASS: mul #0x00005678, #0xFF Thumb/IWRAM
[DBG] Timing test: mul #0x00345678, #0xFF
[DBG] PASS: mul #0x00345678, #0xFF ARM/ROM ...
[DBG] PASS: mul #0x00345678, #0xFF ARM/ROM P..
[DBG] PASS: mul #0x00345678, #0xFF ARM/ROM .N.
[DBG] PASS: mul #0x00345678, #0xFF ARM/ROM PN.
[DBG] PASS: mul #0x00345678, #0xFF ARM/ROM ..S
[DBG] PASS: mul #0x00345678, #0xFF ARM/ROM P.S
[DBG] PASS: mul #0x00345678, #0xFF ARM/ROM .NS
[DBG] PASS: mul #0x00345678, #0xFF ARM/ROM PNS
[DBG] PASS: mul #0x00345678, #0xFF ARM/WRAM
[DBG] PASS: mul #0x00345678, #0xFF ARM/IWRAM
[DBG] PASS: mul #0x00345678, #0xFF Thumb/ROM ...
[DBG] PASS: mul #0x00345678, #0xFF Thumb/ROM P..
[DBG] PASS: mul #0x00345678, #0xFF Thumb/ROM .N.
[DBG] PASS: mul #0x00345678, #0xFF Thumb/ROM PN.
[DBG] PASS: mul #0x00345678, #0xFF Thumb/ROM ..S
[DBG] PASS: mul #0x00345678, #0xFF Thumb/ROM P.S
[DBG] PASS: mul #0x00345678, #0xFF Thumb/ROM .NS
[DBG] PASS: mul #0x00345678, #0xFF Thumb/ROM PNS
[DBG] PASS: mul #0x00345678, #0xFF Thumb/WRAM
[DBG] PASS: mul #0x00345678, #0xFF Thumb/IWRAM
[DBG] Timing test: mul #0x12345678, #0xFF
[DBG] PASS: mul #0x12345678, #0xFF ARM/ROM ...
[DBG] PASS: mul #0x12345678, #0xFF ARM/ROM P..
[DBG] PASS: mul #0x12345678, #0xFF ARM/ROM .N.
[DBG] PASS: mul #0x12345678, #0xFF ARM/ROM PN.
[DBG] PASS: mul #0x12345678, #0xFF ARM/ROM ..S
[DBG] PASS: mul #0x12345678, #0xFF ARM/ROM P.S
[DBG] PASS: mul #0x12345678, #0xFF ARM/ROM .NS
[DBG] PASS: mul #0x12345678, #0xFF ARM/ROM PNS
[DBG] PASS: mul #0x12345678, #0xFF ARM/WRAM
[DBG] PASS: mul #0x12345678, #0xFF ARM/IWRAM
[DBG] PASS: mul #0x12345678, #0xFF Thumb/ROM ...
[DBG] PASS: mul #0x12345678, #0xFF Thumb/ROM P..
[DBG] PASS: mul #0x12345678, #0xFF Thumb/ROM .N.
[DBG] PASS: mul #0x12345678, #0xFF Thumb/ROM PN.
[DBG] PASS: mul #0x12345678, #0xFF Thumb/ROM ..S
[DBG] PASS: mul #0x12345678, #0xFF Thumb/ROM P.S
[DBG] PASS: mul #0x12345678, #0xFF Thumb/ROM .NS
[DBG] PASS: mul #0x12345678, #0xFF Thumb/ROM PNS
[DBG] PASS: mul #0x12345678, #0xFF Thumb/WRAM
[DBG] PASS: mul #0x12345678, #0xFF Thumb/IWRAM
[DBG] Timing test: mul #0xFF000000, #0xFF
[DBG] PASS: mul #0xFF000000, #0xFF ARM/ROM ...
[DBG] PASS: mul #0xFF000000, #0xFF ARM/ROM P..
[DBG] PASS: mul #0xFF000000, #0xFF ARM/ROM .N.
[DBG] PASS: mul #0xFF000000, #0xFF ARM/ROM PN.
[DBG] PASS: mul #0xFF000000, #0xFF ARM/ROM ..S
[DBG] PASS: mul #0xFF000000, #0xFF ARM/ROM P.S
[DBG] PASS: mul #0xFF000000, #0xFF ARM/ROM .NS
[DBG] PASS: mul #0xFF000000, #0xFF ARM/ROM PNS
[DBG] PASS: mul #0xFF000000, #0xFF ARM/WRAM
[DBG] PASS: mul #0xFF000000, #0xFF ARM/IWRAM
[DBG] PASS: mul #0xFF000000, #0xFF Thumb/ROM ...
[DBG] PASS: mul #0xFF000000, #0xFF Thumb/ROM P..
[DBG] PASS: mul #0xFF000000, #0xFF Thumb/ROM .N.
[DBG] PASS: mul #0xFF000000, #0xFF Thumb/ROM PN.
[DBG] PASS: mul #0xFF000000, #0xFF Thumb/ROM ..S
[DBG] PASS: mul #0xFF000000, #0xFF Thumb/ROM P.S
[DBG] PASS: mul #0xFF000000, #0xFF Thumb/ROM .NS
[DBG] PASS: mul #0xFF000000, #0xFF Thumb/ROM PNS
[DBG] PASS: mul #0xFF000000, #0xFF Thumb/WRAM
[DBG] PASS: mul #0xFF000000, #0xFF Thumb/IWRAM
[DBG] Timing test: mul #0xFFFF0000, #0xFF
[DBG] PASS: mul #0xFFFF0000, #0xFF ARM/ROM ...
[DBG] PASS: mul #0xFFFF0000, #0xFF ARM/ROM P..
[DBG] PASS: mul #0xFFFF0000, #0xFF ARM/ROM .N.
[DBG] PASS: mul #0xFFFF0000, #0xFF ARM/ROM PN.
[DBG] PASS: mul #0xFFFF0000, #0xFF ARM/ROM ..S
[DBG] PASS: mul #0xFFFF0000, #0xFF ARM/ROM P.S
[DBG] PASS: mul #0xFFFF0000, #0xFF ARM/ROM .NS
[DBG] PASS: mul #0xFFFF0000, #0xFF ARM/ROM PNS
[DBG] PASS: mul #0xFFFF0000, #0xFF ARM/WRAM
[DBG] PASS: mul #0xFFFF0000, #0xFF ARM/IWRAM
[DBG] PASS: mul #0xFFFF0000, #0xFF Thumb/ROM ...
[DBG] PASS: mul #0xFFFF0000, #0xFF Thumb/ROM P..
[DBG] PASS: mul #0xFFFF0000, #0xFF Thumb/ROM .N.
[DBG] PASS: mul #0xFFFF0000, #0xFF Thumb/ROM PN.
[DBG] PASS: mul #0xFFFF0000, #0xFF Thumb/ROM ..S
[DBG] PASS: mul #0xFFFF0000, #0xFF Thumb/ROM P.S
[DBG] PASS: mul #0xFFFF0000, #0xFF Thumb/ROM .NS
[DBG] PASS: mul #0xFFFF0000, #0xFF Thumb/ROM PNS
[DBG] PASS: mul #0xFFFF0000, #0xFF Thumb/WRAM
[DBG] PASS: mul #0xFFFF0000, #0xFF Thumb/IWRAM
[DBG] Timing test: mul #0xFFFFFF00, #0xFF
[DBG] PASS: mul #0xFFFFFF00, #0xFF ARM/ROM ...
[DBG] PASS: mul #0xFFFFFF00, #0xFF ARM/ROM P..
[DBG] PASS: mul #0xFFFFFF00, #0xFF ARM/ROM .N.
[DBG] PASS: mul #0xFFFFFF00, #0xFF ARM/ROM PN.
[DBG] PASS: mul #0xFFFFFF00, #0xFF ARM/ROM ..S
[DBG] PASS: mul #0xFFFFFF00, #0xFF ARM/ROM P.S
[DBG] PASS: mul #0xFFFFFF00, #0xFF ARM/ROM .NS
[DBG] PASS: mul #0xFFFFFF00, #0xFF ARM/ROM PNS
[DBG] PASS: mul #0xFFFFFF00, #0xFF ARM/WRAM
[DBG] PASS: mul #0xFFFFFF00, #0xFF ARM/IWRAM
[DBG] PASS: mul #0xFFFFFF00, #0xFF Thumb/ROM ...
[DBG] PASS: mul #0xFFFFFF00, #0xFF Thumb/ROM P..
[DBG] PASS: mul #0xFFFFFF00, #0xFF Thumb/ROM .N.
[DBG] PASS: mul #0xFFFFFF00, #0xFF Thumb/ROM PN.
[DBG] PASS: mul #0xFFFFFF00, #0xFF Thumb/ROM ..S
[DBG] PASS: mul #0xFFFFFF00, #0xFF Thumb/ROM P.S
[DBG] PASS: mul #0xFFFFFF00, #0xFF Thumb/ROM .NS
[DBG] PASS: mul #0xFFFFFF00, #0xFF Thumb/ROM PNS
[DBG] PASS: mul #0xFFFFFF00, #0xFF Thumb/WRAM
[DBG] PASS: mul #0xFFFFFF00, #0xFF Thumb/IWRAM
[DBG] Timing test: mul #0xFFFFFFFF, #0xFF
[DBG] PASS: mul #0xFFFFFFFF, #0xFF ARM/ROM ...
[DBG] PASS: mul #0xFFFFFFFF, #0xFF ARM/ROM P..
[DBG] PASS: mul #0xFFFFFFFF, #0xFF ARM/ROM .N.
[DBG] PASS: mul #0xFFFFFFFF, #0xFF ARM/ROM PN.
[DBG] PASS: mul #0xFFFFFFFF, #0xFF ARM/ROM ..S
[DBG] PASS: mul #0xFFFFFFFF, #0xFF ARM/ROM P.S
[DBG] PASS: mul #0xFFFFFFFF, #0xFF ARM/ROM .NS
[DBG] PASS: mul #0xFFFFFFFF, #0xFF ARM/ROM PNS
[DBG] PASS: mul #0xFFFFFFFF, #0xFF ARM/WRAM
[DBG] PASS: mul #0xFFFFFFFF, #0xFF ARM/IWRAM
[DBG] PASS: mul #0xFFFFFFFF, #0xFF Thumb/ROM ...
[DBG] PASS: mul #0xFFFFFFFF, #0xFF Thumb/ROM P..
[DBG] PASS: mul #0xFFFFFFFF, #0xFF Thumb/ROM .N.
[DBG] PASS: mul #0xFFFFFFFF, #0xFF Thumb/ROM PN.
[DBG] PASS: mul #0xFFFFFFFF, #0xFF Thumb/ROM ..S
[DBG] PASS: mul #0xFFFFFFFF, #0xFF Thumb/ROM P.S
[DBG] PASS: mul #0xFFFFFFFF, #0xFF Thumb/ROM .NS
[DBG] PASS: mul #0xFFFFFFFF, #0xFF Thumb/ROM PNS
[DBG] PASS: mul #0xFFFFFFFF, #0xFF Thumb/WRAM
[DBG] PASS: mul #0xFFFFFFFF, #0xFF Thumb/IWRAM
[DBG] Timing test: mul #0xFFFFFFFF, #0x00
[DBG] PASS: mul #0xFFFFFFFF, #0x00 ARM/ROM ...
[DBG] PASS: mul #0xFFFFFFFF, #0x00 ARM/ROM P..
[DBG] PASS: mul #0xFFFFFFFF, #0x00 ARM/ROM .N.
[DBG] PASS: mul #0xFFFFFFFF, #0x00 ARM/ROM PN.
[DBG] PASS: mul #0xFFFFFFFF, #0x00 ARM/ROM ..S
[DBG] PASS: mul #0xFFFFFFFF, #0x00 ARM/ROM P.S
[DBG] PASS: mul #0xFFFFFFFF, #0x00 ARM/ROM .NS
[DBG] PASS: mul #0xFFFFFFFF, #0x00 ARM/ROM PNS
[DBG] PASS: mul #0xFFFFFFFF, #0x00 ARM/WRAM
[DBG] PASS: mul #0xFFFFFFFF, #0x00 ARM/IWRAM
[DBG] PASS: mul #0xFFFFFFFF, #0x00 Thumb/ROM ...
[DBG] PASS: mul #0xFFFFFFFF, #0x00 Thumb/ROM P..
[DBG] PASS: mul #0xFFFFFFFF, #0x00 Thumb/ROM .N.
[DBG] PASS: mul #0xFFFFFFFF, #0x00 Thumb/ROM PN.
[DBG] PASS: mul #0xFFFFFFFF, #0x00 Thumb/ROM ..S
[DBG] PASS: mul #0xFFFFFFFF, #0x00 Thumb/ROM P.S
[DBG] PASS: mul #0xFFFFFFFF, #0x00 Thumb/ROM .NS
[DBG] PASS: mul #0xFFFFFFFF, #0x00 Thumb/ROM PNS
[DBG] PASS: mul #0xFFFFFFFF, #0x00 Thumb/WRAM
[DBG] PASS: mul #0xFFFFFFFF, #0x00 Thumb/IWRAM
[DBG] Timing test: mla #0x00000000, #0xFF
[DBG] PASS: mla #0x00000000, #0xFF ARM/ROM ...
[DBG] PASS: mla #0x00000000, #0xFF ARM/ROM P..
[DBG] PASS: mla #0x00000000, #0xFF ARM/ROM .N.
[DBG] PASS: mla #0x00000000, #0xFF ARM/ROM PN.
[DBG] PASS: mla #0x00000000, #0xFF ARM/ROM ..S
[DBG] PASS: mla #0x00000000, #0xFF ARM/ROM P.S
[DBG] PASS: mla #0x00000000, #0xFF ARM/ROM .NS
[DBG] PASS: mla #0x00000000, #0xFF ARM/ROM PNS
[DBG] PASS: mla #0x00000000, #0xFF ARM/WRAM
[DBG] PASS: mla #0x00000000, #0xFF ARM/IWRAM
[DBG] Timing test: mla #0x00000078, #0xFF
[DBG] PASS: mla #0x00000078, #0xFF ARM/ROM ...
[DBG] PASS: mla #0x00000078, #0xFF ARM/ROM P..
[DBG] PASS: mla #0x00000078, #0xFF ARM/ROM .N.
[DBG] PASS: mla #0x00000078, #0xFF ARM/ROM PN.
[DBG] PASS: mla #0x00000078, #0xFF ARM/ROM ..S
[DBG] PASS: mla #0x00000078, #0xFF ARM/ROM P.S
[DBG] PASS: mla #0x00000078, #0xFF ARM/ROM .NS
[DBG] PASS: mla #0x00000078, #0xFF ARM/ROM PNS
[DBG] PASS: mla #0x00000078, #0xFF ARM/WRAM
[DBG] PASS: mla #0x00000078, #0xFF ARM/IWRAM
[DBG] Timing test: mla #0x00005678, #0xFF
[DBG] PASS: mla #0x00005678, #0xFF ARM/ROM ...
[DBG] PASS: mla #0x00005678, #0xFF ARM/ROM P..
[DBG] PASS: mla #0x00005678, #0xFF ARM/ROM .N.
[DBG] PASS: mla #0x00005678, #0xFF ARM/ROM PN.
[DBG] PASS: mla #0x00005678, #0xFF ARM/ROM ..S
[DBG] PASS: mla #0x00005678, #0xFF ARM/ROM P.S
[DBG] PASS: mla #0x00005678, #0xFF ARM/ROM .NS
[DBG] PASS: mla #0x00005678, #0xFF ARM/ROM PNS
[DBG] PASS: mla #0x00005678, #0xFF ARM/WRAM
[DBG] PASS: mla #0x00005678, #0xFF ARM/IWRAM
[DBG] Timing test: mla #0x00345678, #0xFF
[DBG] PASS: mla #0x00345678, #0xFF ARM/ROM ...
[DBG] PASS: mla #0x00345678, #0xFF ARM/ROM P..
[DBG] PASS: mla #0x00345678, #0xFF ARM/ROM .N.
[DBG] PASS: mla #0x00345678, #0xFF ARM/ROM PN.
[DBG] PASS: mla #0x00345678, #0xFF ARM/ROM ..S
[DBG] PASS: mla #0x00345678, #0xFF ARM/ROM P.S
[DBG] PASS: mla #0x00345678, #0xFF ARM/ROM .NS
[DBG] PASS: mla #0x00345678, #0xFF ARM/ROM PNS
[DBG] PASS: mla #0x00345678, #0xFF ARM/WRAM
[DBG] PASS: mla #0x00345678, #0xFF ARM/IWRAM
[DBG] Timing test: mla #0x12345678, #0xFF
[DBG] PASS: mla #0x12345678, #0xFF ARM/ROM ...
[DBG] PASS: mla #0x12345678, #0xFF ARM/ROM P..
[DBG] PASS: mla #0x12345678, #0xFF ARM/ROM .N.
[DBG] PASS: mla #0x12345678, #0xFF ARM/ROM PN.
[DBG] PASS: mla #0x12345678, #0xFF ARM/ROM ..S
[DBG] PASS: mla #0x12345678, #0xFF ARM/ROM P.S
[DBG] PASS: mla #0x12345678, #0xFF ARM/ROM .NS
[DBG] PASS: mla #0x12345678, #0xFF ARM/ROM PNS
[DBG] PASS: mla #0x12345678, #0xFF ARM/WRAM
[DBG] PASS: mla #0x12345678, #0xFF ARM/IWRAM
[DBG] Timing test: mla #0xFF000000, #0xFF
[DBG] PASS: mla #0xFF000000, #0xFF ARM/ROM ...
[DBG] PASS: mla #0xFF000000, #0xFF ARM/ROM P..
[DBG] PASS: mla #0xFF000000, #0xFF ARM/ROM .N.
[DBG] PASS: mla #0xFF000000, #0xFF ARM/ROM PN.
[DBG] PASS: mla #0xFF000000, #0xFF ARM/ROM ..S
[DBG] PASS: mla #0xFF000000, #0xFF ARM/ROM P.S
[DBG] PASS: mla #0xFF000000, #0xFF ARM/ROM .NS
[DBG] PASS: mla #0xFF000000, #0xFF ARM/ROM PNS
[DBG] PASS: mla #0xFF000000, #0xFF ARM/WRAM
[DBG] PASS: mla #0xFF000000, #0xFF ARM/IWRAM
[DBG] Timing test: mla #0xFFFF0000, #0xFF
[DBG] PASS: mla #0xFFFF0000, #0xFF ARM/ROM ...
[DBG] PASS: mla #0xFFFF0000, #0xFF ARM/ROM P..
[DBG] PASS: mla #0xFFFF0000, #0xFF ARM/ROM .N.
[DBG] PASS: mla #0xFFFF0000, #0xFF ARM/ROM PN.
[DBG] PASS: mla #0xFFFF0000, #0xFF ARM/ROM ..S
[DBG] PASS: mla #0xFFFF0000, #0xFF ARM/ROM P.S
[DBG] PASS: mla #0xFFFF0000, #0xFF ARM/ROM .NS
[DBG] PASS: mla #0xFFFF0000, #0xFF ARM/ROM PNS
[DBG] PASS: mla #0xFFFF0000, #0xFF ARM/WRAM
[DBG] PASS: mla #0xFFFF0000, #0xFF ARM/IWRAM
[DBG] Timing test: mla #0xFFFFFF00, #0xFF
[DBG] PASS: mla #0xFFFFFF00, #0xFF ARM/ROM ...
[DBG] PASS: mla #0xFFFFFF00, #0xFF ARM/ROM P..
[DBG] PASS: mla #0xFFFFFF00, #0xFF ARM/ROM .N.
[DBG] PASS: mla #0xFFFFFF00, #0xFF ARM/ROM PN.
[DBG] PASS: mla #0xFFFFFF00, #0xFF ARM/ROM ..S
[DBG] PASS: mla #0xFFFFFF00, #0xFF ARM/ROM P.S
[DBG] PASS: mla #0xFFFFFF00, #0xFF ARM/ROM .NS
[DBG] PASS: mla #0xFFFFFF00, #0xFF ARM/ROM PNS
[DBG] PASS: mla #0xFFFFFF00, #0xFF ARM/WRAM
[DBG] PASS: mla #0xFFFFFF00, #0xFF ARM/IWRAM
[DBG] Timing test: mla #0xFFFFFFFF, #0xFF
[DBG] PASS: mla #0xFFFFFFFF, #0xFF ARM/ROM ...
[DBG] PASS: mla #0xFFFFFFFF, #0xFF ARM/ROM P..
[DBG] PASS: mla #0xFFFFFFFF, #0xFF ARM/ROM .N.
[DBG] PASS: mla #0xFFFFFFFF, #0xFF ARM/ROM PN.
[DBG] PASS: mla #0xFFFFFFFF, #0xFF ARM/ROM ..S
[DBG] PASS: mla #0xFFFFFFFF, #0xFF ARM/ROM P.S
[DBG] PASS: mla #0xFFFFFFFF, #0xFF ARM/ROM .NS
[DBG] PASS: mla #0xFFFFFFFF, #0xFF ARM/ROM PNS
[DBG] PASS: mla #0xFFFFFFFF, #0xFF ARM/WRAM
[DBG] PASS: mla #0xFFFFFFFF, #0xFF ARM/IWRAM
[DBG] Timing test: mla #0xFFFFFFFF, #0x00
[DBG] PASS: mla #0xFFFFFFFF, #0x00 ARM/ROM ...
[DBG] PASS: mla #0xFFFFFFFF, #0x00 ARM/ROM P..
[DBG] PASS: mla #0xFFFFFFFF, #0x00 ARM/ROM .N.
[DBG] PASS: mla #0xFFFFFFFF, #0x00 ARM/ROM PN.
[DBG] PASS: mla #0xFFFFFFFF, #0x00 ARM/ROM ..S
[DBG] PASS: mla #0xFFFFFFFF, #0x00 ARM/ROM P.S
[DBG] PASS: mla #0xFFFFFFFF, #0x00 ARM/ROM .NS
[DBG] PASS: mla #0xFFFFFFFF, #0x00 ARM/ROM PNS
[DBG] PASS: mla #0xFFFFFFFF, #0x00 ARM/WRAM
[DBG] PASS: mla #0xFFFFFFFF, #0x00 ARM/IWRAM
[DBG] Timing test: smull #0x00000000, #0xFF
[DBG] PASS: smull #0x00000000, #0xFF ARM/ROM ...
[DBG] PASS: smull #0x00000000, #0xFF ARM/ROM P..
[DBG] PASS: smull #0x00000000, #0xFF ARM/ROM .N.
[DBG] PASS: smull #0x00000000, #0xFF ARM/ROM PN.
[DBG] PASS: smull #0x00000000, #0xFF ARM/ROM ..S
[DBG] PASS: smull #0x00000000, #0xFF ARM/ROM P.S
[DBG] PASS: smull #0x00000000, #0xFF ARM/ROM .NS
[DBG] PASS: smull #0x00000000, #0xFF ARM/ROM PNS
[DBG] PASS: smull #0x00000000, #0xFF ARM/WRAM
[DBG] PASS: smull #0x00000000, #0xFF ARM/IWRAM
[DBG] Timing test: smull #0x00000078, #0xFF
[DBG] PASS: smull #0x00000078, #0xFF ARM/ROM ...
[DBG] PASS: smull #0x00000078, #0xFF ARM/ROM P..
[DBG] PASS: smull #0x00000078, #0xFF ARM/ROM .N.
[DBG] PASS: smull #0x00000078, #0xFF ARM/ROM PN.
[DBG] PASS: smull #0x00000078, #0xFF ARM/ROM ..S
[DBG] PASS: smull #0x00000078, #0xFF ARM/ROM P.S
[DBG] PASS: smull #0x00000078, #0xFF ARM/ROM .NS
[DBG] PASS: smull #0x00000078, #0xFF ARM/ROM PNS
[DBG] PASS: smull #0x00000078, #0xFF ARM/WRAM
[DBG] PASS: smull #0x00000078, #0xFF ARM/IWRAM
[DBG] Timing test: smull #0x00005678, #0xFF
[DBG] PASS: smull #0x00005678, #0xFF ARM/ROM ...
[DBG] PASS: smull #0x00005678, #0xFF ARM/ROM P..
[DBG] PASS: smull #0x00005678, #0xFF ARM/ROM .N.
[DBG] PASS: smull #0x00005678, #0xFF ARM/ROM PN.
[DBG] PASS: smull #0x00005678, #0xFF ARM/ROM ..S
[DBG] PASS: smull #0x00005678, #0xFF ARM/ROM P.S
[DBG] PASS: smull #0x00005678, #0xFF ARM/ROM .NS
[DBG] PASS: smull #0x00005678, #0xFF ARM/ROM PNS
[DBG] PASS: smull #0x00005678, #0xFF ARM/WRAM
[DBG] PASS: smull #0x00005678, #0xFF ARM/IWRAM
[DBG] Timing test: smull #0x00345678, #0xFF
[DBG] PASS: smull #0x00345678, #0xFF ARM/ROM ...
[DBG] PASS: smull #0x00345678, #0xFF ARM/ROM P..
[DBG] PASS: smull #0x00345678, #0xFF ARM/ROM .N.
[DBG] PASS: smull #0x00345678, #0xFF ARM/ROM PN.
[DBG] PASS: smull #0x00345678, #0xFF ARM/ROM ..S
[DBG] PASS: smull #0x00345678, #0xFF ARM/ROM P.S
[DBG] PASS: smull #0x00345678, #0xFF ARM/ROM .NS
[DBG] PASS: smull #0x00345678, #0xFF ARM/ROM PNS
[DBG] PASS: smull #0x00345678, #0xFF ARM/WRAM
[DBG] PASS: smull #0x00345678, #0xFF ARM/IWRAM
[DBG] Timing test: smull #0x12345678, #0xFF
[DBG] PASS: smull #0x12345678, #0xFF ARM/ROM ...
[DBG] PASS: smull #0x12345678, #0xFF ARM/ROM P..
[DBG] PASS: smull #0x12345678, #0xFF ARM/ROM .N.
[DBG] PASS: smull #0x12345678, #0xFF ARM/ROM PN.
[DBG] PASS: smull #0x12345678, #0xFF ARM/ROM ..S
[DBG] PASS: smull #0x12345678, #0xFF ARM/ROM P.S
[DBG] PASS: smull #0x12345678, #0xFF ARM/ROM .NS
[DBG] PASS: smull #0x12345678, #0xFF ARM/ROM PNS
[DBG] PASS: smull #0x12345678, #0xFF ARM/WRAM
[DBG] PASS: smull #0x12345678, #0xFF ARM/IWRAM
[DBG] Timing test: smull #0xFF000000, #0xFF
[DBG] PASS: smull #0xFF000000, #0xFF ARM/ROM ...
[DBG] PASS: smull #0xFF000000, #0xFF ARM/ROM P..
[DBG] PASS: smull #0xFF000000, #0xFF ARM/ROM .N.
[DBG] PASS: smull #0xFF000000, #0xFF ARM/ROM PN.
[DBG] PASS: smull #0xFF000000, #0xFF ARM/ROM ..S
[DBG] PASS: smull #0xFF000000, #0xFF ARM/ROM P.S
[DBG] PASS: smull #0xFF000000, #0xFF ARM/ROM .NS
[DBG] PASS: smull #0xFF000000, #0xFF ARM/ROM PNS
[DBG] PASS: smull #0xFF000000, #0xFF ARM/WRAM
[DBG] PASS: smull #0xFF000000, #0xFF ARM/IWRAM
[DBG] Timing test: smull #0xFFFF0000, #0xFF
[DBG] PASS: smull #0xFFFF0000, #0xFF ARM/ROM ...
[DBG] PASS: smull #0xFFFF0000, #0xFF ARM/ROM P..
[DBG] PASS: smull #0xFFFF0000, #0xFF ARM/ROM .N.
[DBG] PASS: smull #0xFFFF0000, #0xFF ARM/ROM PN.
[DBG] PASS: smull #0xFFFF0000, #0xFF ARM/ROM ..S
[DBG] PASS: smull #0xFFFF0000, #0xFF ARM/ROM P.S
[DBG] PASS: smull #0xFFFF0000, #0xFF ARM/ROM .NS
[DBG] PASS: smull #0xFFFF0000, #0xFF ARM/ROM PNS
[DBG] PASS: smull #0xFFFF0000, #0xFF ARM/WRAM
[DBG] PASS: smull #0xFFFF0000, #0xFF ARM/IWRAM
[DBG] Timing test: smull #0xFFFFFF00, #0xFF
[DBG] PASS: smull #0xFFFFFF00, #0xFF ARM/ROM ...
[DBG] PASS: smull #0xFFFFFF00, #0xFF ARM/ROM P..
[DBG] PASS: smull #0xFFFFFF00, #0xFF ARM/ROM .N.
[DBG] PASS: smull #0xFFFFFF00, #0xFF ARM/ROM PN.
[DBG] PASS: smull #0xFFFFFF00, #0xFF ARM/ROM ..S
[DBG] PASS: smull #0xFFFFFF00, #0xFF ARM/ROM P.S
[DBG] PASS: smull #0xFFFFFF00, #0xFF ARM/ROM .NS
[DBG] PASS: smull #0xFFFFFF00, #0xFF ARM/ROM PNS
[DBG] PASS: smull #0xFFFFFF00, #0xFF ARM/WRAM
[DBG] PASS: smull #0xFFFFFF00, #0xFF ARM/IWRAM
[DBG] Timing test: smull #0xFFFFFFFF, #0xFF
[DBG] PASS: smull #0xFFFFFFFF, #0xFF ARM/ROM ...
[DBG] PASS: smull #0xFFFFFFFF, #0xFF ARM/ROM P..
[DBG] PASS: smull #0xFFFFFFFF, #0xFF ARM/ROM .N.
[DBG] PASS: smull #0xFFFFFFFF, #0xFF ARM/ROM PN.
[DBG] PASS: smull #0xFFFFFFFF, #0xFF ARM/ROM ..S
[DBG] PASS: smull #0xFFFFFFFF, #0xFF ARM/ROM P.S
[DBG] PASS: smull #0xFFFFFFFF, #0xFF ARM/ROM .NS
[DBG] PASS: smull #0xFFFFFFFF, #0xFF ARM/ROM PNS
[DBG] PASS: smull #0xFFFFFFFF, #0xFF ARM/WRAM
[DBG] PASS: smull #0xFFFFFFFF, #0xFF ARM/IWRAM
[DBG] Timing test: smull #0xFFFFFFFF, #0x00
[DBG] PASS: smull #0xFFFFFFFF, #0x00 ARM/ROM ...
[DBG] PASS: smull #0xFFFFFFFF, #0x00 ARM/ROM P..
[DBG] PASS: smull #0xFFFFFFFF, #0x00 ARM/ROM .N.
[DBG] PASS: smull #0xFFFFFFFF, #0x00 ARM/ROM PN.
[DBG] PASS: smull #0xFFFFFFFF, #0x00 ARM/ROM ..S
[DBG] PASS: smull #0xFFFFFFFF, #0x00 ARM/ROM P.S
[DBG] PASS: smull #0xFFFFFFFF, #0x00 ARM/ROM .NS
[DBG] PASS: smull #0xFFFFFFFF, #0x00 ARM/ROM PNS
[DBG] PASS: smull #0xFFFFFFFF, #0x00 ARM/WRAM
[DBG] PASS: smull #0xFFFFFFFF, #0x00 ARM/IWRAM
[DBG] Timing test: smlal #0x00000000, #0xFF
[DBG] PASS: smlal #0x00000000, #0xFF ARM/ROM ...
[DBG] PASS: smlal #0x00000000, #0xFF ARM/ROM P..
[DBG] PASS: smlal #0x00000000, #0xFF ARM/ROM .N.
[DBG] PASS: smlal #0x00000000, #0xFF ARM/ROM PN.
[DBG] PASS: smlal #0x00000000, #0xFF ARM/ROM ..S
[DBG] PASS: smlal #0x00000000, #0xFF ARM/ROM P.S
[DBG] PASS: smlal #0x00000000, #0xFF ARM/ROM .NS
[DBG] PASS: smlal #0x00000000, #0xFF ARM/ROM PNS
[DBG] PASS: smlal #0x00000000, #0xFF ARM/WRAM
[DBG] PASS: smlal #0x00000000, #0xFF ARM/IWRAM
[DBG] Timing test: smlal #0x00000078, #0xFF
[DBG] PASS: smlal #0x00000078, #0xFF ARM/ROM ...
[DBG] PASS: smlal #0x00000078, #0xFF ARM/ROM P..
[DBG] PASS: smlal #0x00000078, #0xFF ARM/ROM .N.
[DBG] PASS: smlal #0x00000078, #0xFF ARM/ROM PN.
[DBG] PASS: smlal #0x00000078, #0xFF ARM/ROM ..S
[DBG] PASS: smlal #0x00000078, #0xFF ARM/ROM P.S
[DBG] PASS: smlal #0x00000078, #0xFF ARM/ROM .NS
[DBG] PASS: smlal #0x00000078, #0xFF ARM/ROM PNS
[DBG] PASS: smlal #0x00000078, #0xFF ARM/WRAM
[DBG] PASS: smlal #0x00000078, #0xFF ARM/IWRAM
[DBG] Timing test: smlal #0x00005678, #0xFF
[DBG] PASS: smlal #0x00005678, #0xFF ARM/ROM ...
[DBG] PASS: smlal #0x00005678, #0xFF ARM/ROM P..
[DBG] PASS: smlal #0x00005678, #0xFF ARM/ROM .N.
[DBG] PASS: smlal #0x00005678, #0xFF ARM/ROM PN.
[DBG] PASS: smlal #0x00005678, #0xFF ARM/ROM ..S
[DBG] PASS: smlal #0x00005678, #0xFF ARM/ROM P.S
[DBG] PASS: smlal #0x00005678, #0xFF ARM/ROM .NS
[DBG] PASS: smlal #0x00005678, #0xFF ARM/ROM PNS
[DBG] PASS: smlal #0x00005678, #0xFF ARM/WRAM
[DBG] PASS: smlal #0x00005678, #0xFF ARM/IWRAM
[DBG] Timing test: smlal #0x00345678, #0xFF
[DBG] PASS: smlal #0x00345678, #0xFF ARM/ROM ...
[DBG] PASS: smlal #0x00345678, #0xFF ARM/ROM P..
[DBG] PASS: smlal #0x00345678, #0xFF ARM/ROM .N.
[DBG] PASS: smlal #0x00345678, #0xFF ARM/ROM PN.
[DBG] PASS: smlal #0x00345678, #0xFF ARM/ROM ..S
[DBG] PASS: smlal #0x00345678, #0xFF ARM/ROM P.S
[DBG] PASS: smlal #0x00345678, #0xFF ARM/ROM .NS
[DBG] PASS: smlal #0x00345678, #0xFF ARM/ROM PNS
[DBG] PASS: smlal #0x00345678, #0xFF ARM/WRAM
[DBG] PASS: smlal #0x00345678, #0xFF ARM/IWRAM
[DBG] Timing test: smlal #0x12345678, #0xFF
[DBG] PASS: smlal #0x12345678, #0xFF ARM/ROM ...
[DBG] PASS: smlal #0x12345678, #0xFF ARM/ROM P..
[DBG] PASS: smlal #0x12345678, #0xFF ARM/ROM .N.
[DBG] PASS: smlal #0x12345678, #0xFF ARM/ROM PN.
[DBG] PASS: smlal #0x12345678, #0xFF ARM/ROM ..S
[DBG] PASS: smlal #0x12345678, #0xFF ARM/ROM P.S
[DBG] PASS: smlal #0x12345678, #0xFF ARM/ROM .NS
[DBG] PASS: smlal #0x12345678, #0xFF ARM/ROM PNS
[DBG] PASS: smlal #0x12345678, #0xFF ARM/WRAM
[DBG] PASS: smlal #0x12345678, #0xFF ARM/IWRAM
[DBG] Timing test: smlal #0xFF000000, #0xFF
[DBG] PASS: smlal #0xFF000000, #0xFF ARM/ROM ...
[DBG] PASS: smlal #0xFF000000, #0xFF ARM/ROM P..
[DBG] PASS: smlal #0xFF000000, #0xFF ARM/ROM .N.
[DBG] PASS: smlal #0xFF000000, #0xFF ARM/ROM PN.
[DBG] PASS: smlal #0xFF000000, #0xFF ARM/ROM ..S
[DBG] PASS: smlal #0xFF000000, #0xFF ARM/ROM P.S
[DBG] PASS: smlal #0xFF000000, #0xFF ARM/ROM .NS
[DBG] PASS: smlal #0xFF000000, #0xFF ARM/ROM PNS
[DBG] PASS: smlal #0xFF000000, #0xFF ARM/WRAM
[DBG] PASS: smlal #0xFF000000, #0xFF ARM/IWRAM
[DBG] Timing test: smlal #0xFFFF0000, #0xFF
[DBG] PASS: smlal #0xFFFF0000, #0xFF ARM/ROM ...
[DBG] PASS: smlal #0xFFFF0000, #0xFF ARM/ROM P..
[DBG] PASS: smlal #0xFFFF0000, #0xFF ARM/ROM .N.
[DBG] PASS: smlal #0xFFFF0000, #0xFF ARM/ROM PN.
[DBG] PASS: smlal #0xFFFF0000, #0xFF ARM/ROM ..S
[DBG] PASS: smlal #0xFFFF0000, #0xFF ARM/ROM P.S
[DBG] PASS: smlal #0xFFFF0000, #0xFF ARM/ROM .NS
[DBG] PASS: smlal #0xFFFF0000, #0xFF ARM/ROM PNS
[DBG] PASS: smlal #0xFFFF0000, #0xFF ARM/WRAM
[DBG] PASS: smlal #0xFFFF0000, #0xFF ARM/IWRAM
[DBG] Timing test: smlal #0xFFFFFF00, #0xFF
[DBG] PASS: smlal #0xFFFFFF00, #0xFF ARM/ROM ...
[DBG] PASS: smlal #0xFFFFFF00, #0xFF ARM/ROM P..
[DBG] PASS: smlal #0xFFFFFF00, #0xFF ARM/ROM .N.
[DBG] PASS: smlal #0xFFFFFF00, #0xFF ARM/ROM PN.
[DBG] PASS: smlal #0xFFFFFF00, #0xFF ARM/ROM ..S
[DBG] PASS: smlal #0xFFFFFF00, #0xFF ARM/ROM P.S
[DBG] PASS: smlal #0xFFFFFF00, #0xFF ARM/ROM .NS
[DBG] PASS: smlal #0xFFFFFF00, #0xFF ARM/ROM PNS
[DBG] PASS: smlal #0xFFFFFF00, #0xFF ARM/WRAM
[DBG] PASS: smlal #0xFFFFFF00, #0xFF ARM/IWRAM
[DBG] Timing test: smlal #0xFFFFFFFF, #0xFF
[DBG] PASS: smlal #0xFFFFFFFF, #0xFF ARM/ROM ...
[DBG] PASS: smlal #0xFFFFFFFF, #0xFF ARM/ROM P..
[DBG] PASS: smlal #0xFFFFFFFF, #0xFF ARM/ROM .N.
[DBG] PASS: smlal #0xFFFFFFFF, #0xFF ARM/ROM PN.
[DBG] PASS: smlal #0xFFFFFFFF, #0xFF ARM/ROM ..S
[DBG] PASS: smlal #0xFFFFFFFF, #0xFF ARM/ROM P.S
[DBG] PASS: smlal #0xFFFFFFFF, #0xFF ARM/ROM .NS
[DBG] PASS: smlal #0xFFFFFFFF, #0xFF ARM/ROM PNS
[DBG] PASS: smlal #0xFFFFFFFF, #0xFF ARM/WRAM
[DBG] PASS: smlal #0xFFFFFFFF, #0xFF ARM/IWRAM
[DBG] Timing test: smlal #0xFFFFFFFF, #0x00
[DBG] PASS: smlal #0xFFFFFFFF, #0x00 ARM/ROM ...
[DBG] PASS: smlal #0xFFFFFFFF, #0x00 ARM/ROM P..
[DBG] PASS: smlal #0xFFFFFFFF, #0x00 ARM/ROM .N.
[DBG] PASS: smlal #0xFFFFFFFF, #0x00 ARM/ROM PN.
[DBG] PASS: smlal #0xFFFFFFFF, #0x00 ARM/ROM ..S
[DBG] PASS: smlal #0xFFFFFFFF, #0x00 ARM/ROM P.S
[DBG] PASS: smlal #0xFFFFFFFF, #0x00 ARM/ROM .NS
[DBG] PASS: smlal #0xFFFFFFFF, #0x00 ARM/ROM PNS
[DBG] PASS: smlal #0xFFFFFFFF, #0x00 ARM/WRAM
[DBG] PASS: smlal #0xFFFFFFFF, #0x00 ARM/IWRAM
[DBG] Timing test: umull #0x00000000, #0xFF
[DBG] PASS: umull #0x00000000, #0xFF ARM/ROM ...
[DBG] PASS: umull #0x00000000, #0xFF ARM/ROM P..
[DBG] PASS: umull #0x00000000, #0xFF ARM/ROM .N.
[DBG] PASS: umull #0x00000000, #0xFF ARM/ROM PN.
[DBG] PASS: umull #0x00000000, #0xFF ARM/ROM ..S
[DBG] PASS: umull #0x00000000, #0xFF ARM/ROM P.S
[DBG] PASS: umull #0x00000000, #0xFF ARM/ROM .NS
[DBG] PASS: umull #0x00000000, #0xFF ARM/ROM PNS
[DBG] PASS: umull #0x00000000, #0xFF ARM/WRAM
[DBG] PASS: umull #0x00000000, #0xFF ARM/IWRAM
[DBG] Timing test: umull #0x00000078, #0xFF
[DBG] PASS: umull #0x00000078, #0xFF ARM/ROM ...
[DBG] PASS: umull #0x00000078, #0xFF ARM/ROM P..
[DBG] PASS: umull #0x00000078, #0xFF ARM/ROM .N.
[DBG] PASS: umull #0x00000078, #0xFF ARM/ROM PN.
[DBG] PASS: umull #0x00000078, #0xFF ARM/ROM ..S
[DBG] PASS: umull #0x00000078, #0xFF ARM/ROM P.S
[DBG] PASS: umull #0x00000078, #0xFF ARM/ROM .NS
[DBG] PASS: umull #0x00000078, #0xFF ARM/ROM PNS
[DBG] PASS: umull #0x00000078, #0xFF ARM/WRAM
[DBG] PASS: umull #0x00000078, #0xFF ARM/IWRAM
[DBG] Timing test: umull #0x00005678, #0xFF
[DBG] PASS: umull #0x00005678, #0xFF ARM/ROM ...
[DBG] PASS: umull #0x00005678, #0xFF ARM/ROM P..
[DBG] PASS: umull #0x00005678, #0xFF ARM/ROM .N.
[DBG] PASS: umull #0x00005678, #0xFF ARM/ROM PN.
[DBG] PASS: umull #0x00005678, #0xFF ARM/ROM ..S
[DBG] PASS: umull #0x00005678, #0xFF ARM/ROM P.S
[DBG] PASS: umull #0x00005678, #0xFF ARM/ROM .NS
[DBG] PASS: umull #0x00005678, #0xFF ARM/ROM PNS
[DBG] PASS: umull #0x00005678, #0xFF ARM/WRAM
[DBG] PASS: umull #0x00005678, #0xFF ARM/IWRAM
[DBG] Timing test: umull #0x00345678, #0xFF
[DBG] PASS: umull #0x00345678, #0xFF ARM/ROM ...
[DBG] PASS: umull #0x00345678, #0xFF ARM/ROM P..
[DBG] PASS: umull #0x00345678, #0xFF ARM/ROM .N.
[DBG] PASS: umull #0x00345678, #0xFF ARM/ROM PN.
[DBG] PASS: umull #0x00345678, #0xFF ARM/ROM ..S
[DBG] PASS: umull #0x00345678, #0xFF ARM/ROM P.S
[DBG] PASS: umull #0x00345678, #0xFF ARM/ROM .NS
[DBG] PASS: umull #0x00345678, #0xFF ARM/ROM PNS
[DBG] PASS: umull #0x00345678, #0xFF ARM/WRAM
[DBG] PASS: umull #0x00345678, #0xFF ARM/IWRAM
[DBG] Timing test: umull #0x12345678, #0xFF
[DBG] PASS: umull #0x12345678, #0xFF ARM/ROM ...
[DBG] PASS: umull #0x12345678, #0xFF ARM/ROM P..
[DBG] PASS: umull #0x12345678, #0xFF ARM/ROM .N.
[DBG] PASS: umull #0x12345678, #0xFF ARM/ROM PN.
[DBG] PASS: umull #0x12345678, #0xFF ARM/ROM ..S
[DBG] PASS: umull #0x12345678, #0xFF ARM/ROM P.S
[DBG] PASS: umull #0x12345678, #0xFF ARM/ROM .NS
[DBG] PASS: umull #0x12345678, #0xFF ARM/ROM PNS
[DBG] PASS: umull #0x12345678, #0xFF ARM/WRAM
[DBG] PASS: umull #0x12345678, #0xFF ARM/IWRAM
[DBG] Timing test: umull #0xFF000000, #0xFF
[DBG] PASS: umull #0xFF000000, #0xFF ARM/ROM ...
[DBG] PASS: umull #0xFF000000, #0xFF ARM/ROM P..
[DBG] PASS: umull #0xFF000000, #0xFF ARM/ROM .N.
[DBG] PASS: umull #0xFF000000, #0xFF ARM/ROM PN.
[DBG] PASS: umull #0xFF000000, #0xFF ARM/ROM ..S
[DBG] PASS: umull #0xFF000000, #0xFF ARM/ROM P.S
[DBG] PASS: umull #0xFF000000, #0xFF ARM/ROM .NS
[DBG] PASS: umull #0xFF000000, #0xFF ARM/ROM PNS
[DBG] PASS: umull #0xFF000000, #0xFF ARM/WRAM
[DBG] PASS: umull #0xFF000000, #0xFF ARM/IWRAM
[DBG] Timing test: umull #0xFFFF0000, #0xFF
[DBG] PASS: umull #0xFFFF0000, #0xFF ARM/ROM ...
[DBG] PASS: umull #0xFFFF0000, #0xFF ARM/ROM P..
[DBG] PASS: umull #0xFFFF0000, #0xFF ARM/ROM .N.
[DBG] PASS: umull #0xFFFF0000, #0xFF ARM/ROM PN.
[DBG] PASS: umull #0xFFFF0000, #0xFF ARM/ROM ..S
[DBG] PASS: umull #0xFFFF0000, #0xFF ARM/ROM P.S
[DBG] PASS: umull #0xFFFF0000, #0xFF ARM/ROM .NS
[DBG] PASS: umull #0xFFFF0000, #0xFF ARM/ROM PNS
[DBG] PASS: umull #0xFFFF0000, #0xFF ARM/WRAM
[DBG] PASS: umull #0xFFFF0000, #0xFF ARM/IWRAM
[DBG] Timing test: umull #0xFFFFFF00, #0xFF
[DBG] PASS: umull #0xFFFFFF00, #0xFF ARM/ROM ...
[DBG] PASS: umull #0xFFFFFF00, #0xFF ARM/ROM P..
[DBG] PASS: umull #0xFFFFFF00, #0xFF ARM/ROM .N.
[DBG] PASS: umull #0xFFFFFF00, #0xFF ARM/ROM PN.
[DBG] PASS: umull #0xFFFFFF00, #0xFF ARM/ROM ..S
[DBG] PASS: umull #0xFFFFFF00, #0xFF ARM/ROM P.S
[DBG] PASS: umull #0xFFFFFF00, #0xFF ARM/ROM .NS
[DBG] PASS: umull #0xFFFFFF00, #0xFF ARM/ROM PNS
[DBG] PASS: umull #0xFFFFFF00, #0xFF ARM/WRAM
[DBG] PASS: umull #0xFFFFFF00, #0xFF ARM/IWRAM
[DBG] Timing test: umull #0xFFFFFFFF, #0xFF
[DBG] PASS: umull #0xFFFFFFFF, #0xFF ARM/ROM ...
[DBG] PASS: umull #0xFFFFFFFF, #0xFF ARM/ROM P..
[DBG] PASS: umull #0xFFFFFFFF, #0xFF ARM/ROM .N.
[DBG] PASS: umull #0xFFFFFFFF, #0xFF ARM/ROM PN.
[DBG] PASS: umull #0xFFFFFFFF, #0xFF ARM/ROM ..S
[DBG] PASS: umull #0xFFFFFFFF, #0xFF ARM/ROM P.S
[DBG] PASS: umull #0xFFFFFFFF, #0xFF ARM/ROM .NS
[DBG] PASS: umull #0xFFFFFFFF, #0xFF ARM/ROM PNS
[DBG] PASS: umull #0xFFFFFFFF, #0xFF ARM/WRAM
[DBG] PASS: umull #0xFFFFFFFF, #0xFF ARM/IWRAM
[DBG] Timing test: umull #0xFFFFFFFF, #0x00
[DBG] PASS: umull #0xFFFFFFFF, #0x00 ARM/ROM ...
[DBG] PASS: umull #0xFFFFFFFF, #0x00 ARM/ROM P..
[DBG] PASS: umull #0xFFFFFFFF, #0x00 ARM/ROM .N.
[DBG] PASS: umull #0xFFFFFFFF, #0x00 ARM/ROM PN.
[DBG] PASS: umull #0xFFFFFFFF, #0x00 ARM/ROM ..S
[DBG] PASS: umull #0xFFFFFFFF, #0x00 ARM/ROM P.S
[DBG] PASS: umull #0xFFFFFFFF, #0x00 ARM/ROM .NS
[DBG] PASS: umull #0xFFFFFFFF, #0x00 ARM/ROM PNS
[DBG] PASS: umull #0xFFFFFFFF, #0x00 ARM/WRAM
[DBG] PASS: umull #0xFFFFFFFF, #0x00 ARM/IWRAM
[DBG] Timing test: umlal #0x00000000, #0xFF
[DBG] PASS: umlal #0x00000000, #0xFF ARM/ROM ...
[DBG] PASS: umlal #0x00000000, #0xFF ARM/ROM P..
[DBG] PASS: umlal #0x00000000, #0xFF ARM/ROM .N.
[DBG] PASS: umlal #0x00000000, #0xFF ARM/ROM PN.
[DBG] PASS: umlal #0x00000000, #0xFF ARM/ROM ..S
[DBG] PASS: umlal #0x00000000, #0xFF ARM/ROM P.S
[DBG] PASS: umlal #0x00000000, #0xFF ARM/ROM .NS
[DBG] PASS: umlal #0x00000000, #0xFF ARM/ROM PNS
[DBG] PASS: umlal #0x00000000, #0xFF ARM/WRAM
[DBG] PASS: umlal #0x00000000, #0xFF ARM/IWRAM
[DBG] Timing test: umlal #0x00000078, #0xFF
[DBG] PASS: umlal #0x00000078, #0xFF ARM/ROM ...
[DBG] PASS: umlal #0x00000078, #0xFF ARM/ROM P..
[DBG] PASS: umlal #0x00000078, #0xFF ARM/ROM .N.
[DBG] PASS: umlal #0x00000078, #0xFF ARM/ROM PN.
[DBG] PASS: umlal #0x00000078, #0xFF ARM/ROM ..S
[DBG] PASS: umlal #0x00000078, #0xFF ARM/ROM P.S
[DBG] PASS: umlal #0x00000078, #0xFF ARM/ROM .NS
[DBG] PASS: umlal #0x00000078, #0xFF ARM/ROM PNS
[DBG] PASS: umlal #0x00000078, #0xFF ARM/WRAM
[DBG] PASS: umlal #0x00000078, #0xFF ARM/IWRAM
[DBG] Timing test: umlal #0x00005678, #0xFF
[DBG] PASS: umlal #0x00005678, #0xFF ARM/ROM ...
[DBG] PASS: umlal #0x00005678, #0xFF ARM/ROM P..
[DBG] PASS: umlal #0x00005678, #0xFF ARM/ROM .N.
[DBG] PASS: umlal #0x00005678, #0xFF ARM/ROM PN.
[DBG] PASS: umlal #0x00005678, #0xFF ARM/ROM ..S
[DBG] PASS: umlal #0x00005678, #0xFF ARM/ROM P.S
[DBG] PASS: umlal #0x00005678, #0xFF ARM/ROM .NS
[DBG] PASS: umlal #0x00005678, #0xFF ARM/ROM PNS
[DBG] PASS: umlal #0x00005678, #0xFF ARM/WRAM
[DBG] PASS: umlal #0x00005678, #0xFF ARM/IWRAM
[DBG] Timing test: umlal #0x00345678, #0xFF
[DBG] PASS: umlal #0x00345678, #0xFF ARM/ROM ...
[DBG] PASS: umlal #0x00345678, #0xFF ARM/ROM P..
[DBG] PASS: umlal #0x00345678, #0xFF ARM/ROM .N.
[DBG] PASS: umlal #0x00345678, #0xFF ARM/ROM PN.
[DBG] PASS: umlal #0x00345678, #0xFF ARM/ROM ..S
[DBG] PASS: umlal #0x00345678, #0xFF ARM/ROM P.S
[DBG] PASS: umlal #0x00345678, #0xFF ARM/ROM .NS
[DBG] PASS: umlal #0x00345678, #0xFF ARM/ROM PNS
[DBG] PASS: umlal #0x00345678, #0xFF ARM/WRAM
[DBG] PASS: umlal #0x00345678, #0xFF ARM/IWRAM
[DBG] Timing test: umlal #0x12345678, #0xFF
[DBG] PASS: umlal #0x12345678, #0xFF ARM/ROM ...
[DBG] PASS: umlal #0x12345678, #0xFF ARM/ROM P..
[DBG] PASS: umlal #0x12345678, #0xFF ARM/ROM .N.
[DBG] PASS: umlal #0x12345678, #0xFF ARM/ROM PN.
[DBG] PASS: umlal #0x12345678, #0xFF ARM/ROM ..S
[DBG] PASS: umlal #0x12345678, #0xFF ARM/ROM P.S
[DBG] PASS: umlal #0x12345678, #0xFF ARM/ROM .NS
[DBG] PASS: umlal #0x12345678, #0xFF ARM/ROM PNS
[DBG] PASS: umlal #0x12345678, #0xFF ARM/WRAM
[DBG] PASS: umlal #0x12345678, #0xFF ARM/IWRAM
[DBG] Timing test: umlal #0xFF000000, #0xFF
[DBG] PASS: umlal #0xFF000000, #0xFF ARM/ROM ...
[DBG] PASS: umlal #0xFF000000, #0xFF ARM/ROM P..
[DBG] PASS: umlal #0xFF000000, #0xFF ARM/ROM .N.
[DBG] PASS: umlal #0xFF000000, #0xFF ARM/ROM PN.
[DBG] PASS: umlal #0xFF000000, #0xFF ARM/ROM ..S
[DBG] PASS: umlal #0xFF000000, #0xFF ARM/ROM P.S
[DBG] PASS: umlal #0xFF000000, #0xFF ARM/ROM .NS
[DBG] PASS: umlal #0xFF000000, #0xFF ARM/ROM PNS
[DBG] PASS: umlal #0xFF000000, #0xFF ARM/WRAM
[DBG] PASS: umlal #0xFF000000, #0xFF ARM/IWRAM
[DBG] Timing test: umlal #0xFFFF0000, #0xFF
[DBG] PASS: umlal #0xFFFF0000, #0xFF ARM/ROM ...
[DBG] PASS: umlal #0xFFFF0000, #0xFF ARM/ROM P..
[DBG] PASS: umlal #0xFFFF0000, #0xFF ARM/ROM .N.
[DBG] PASS: umlal #0xFFFF0000, #0xFF ARM/ROM PN.
[DBG] PASS: umlal #0xFFFF0000, #0xFF ARM/ROM ..S
[DBG] PASS: umlal #0xFFFF0000, #0xFF ARM/ROM P.S
[DBG] PASS: umlal #0xFFFF0000, #0xFF ARM/ROM .NS
[DBG] PASS: umlal #0xFFFF0000, #0xFF ARM/ROM PNS
[DBG] PASS: umlal #0xFFFF0000, #0xFF ARM/WRAM
[DBG] PASS: umlal #0xFFFF0000, #0xFF ARM/IWRAM
[DBG] Timing test: umlal #0xFFFFFF00, #0xFF
[DBG] PASS: umlal #0xFFFFFF00, #0xFF ARM/ROM ...
[DBG] PASS: umlal #0xFFFFFF00, #0xFF ARM/ROM P..
[DBG] PASS: umlal #0xFFFFFF00, #0xFF ARM/ROM .N.
[DBG] PASS: umlal #0xFFFFFF00, #0xFF ARM/ROM PN.
[DBG] PASS: umlal #0xFFFFFF00, #0xFF ARM/ROM ..S
[DBG] PASS: umlal #0xFFFFFF00, #0xFF ARM/ROM P.S
[DBG] PASS: umlal #0xFFFFFF00, #0xFF ARM/ROM .NS
[DBG] PASS: umlal #0xFFFFFF00, #0xFF ARM/ROM PNS
[DBG] PASS: umlal #0xFFFFFF00, #0xFF ARM/WRAM
[DBG] PASS: umlal #0xFFFFFF00, #0xFF ARM/IWRAM
[DBG] Timing test: umlal #0xFFFFFFFF, #0xFF
[DBG] PASS: umlal #0xFFFFFFFF, #0xFF ARM/ROM ...
[DBG] PASS: umlal #0xFFFFFFFF, #0xFF ARM/ROM P..
[DBG] PASS: umlal #0xFFFFFFFF, #0xFF ARM/ROM .N.
[DBG] PASS: umlal #0xFFFFFFFF, #0xFF ARM/ROM PN.
[DBG] PASS: umlal #0xFFFFFFFF, #0xFF ARM/ROM ..S
[DBG] PASS: umlal #0xFFFFFFFF, #0xFF ARM/ROM P.S
[DBG] PASS: umlal #0xFFFFFFFF, #0xFF ARM/ROM .NS
[DBG] PASS: umlal #0xFFFFFFFF, #0xFF ARM/ROM PNS
[DBG] PASS: umlal #0xFFFFFFFF, #0xFF ARM/WRAM
[DBG] PASS: umlal #0xFFFFFFFF, #0xFF ARM/IWRAM
[DBG] Timing test: umlal #0xFFFFFFFF, #0x00
[DBG] PASS: umlal #0xFFFFFFFF, #0x00 ARM/ROM ...
[DBG] PASS: umlal #0xFFFFFFFF, #0x00 ARM/ROM P..
[DBG] PASS: umlal #0xFFFFFFFF, #0x00 ARM/ROM .N.
[DBG] PASS: umlal #0xFFFFFFFF, #0x00 ARM/ROM PN.
[DBG] PASS: umlal #0xFFFFFFFF, #0x00 ARM/ROM ..S
[DBG] PASS: umlal #0xFFFFFFFF, #0x00 ARM/ROM P.S
[DBG] PASS: umlal #0xFFFFFFFF, #0x00 ARM/ROM .NS
[DBG] PASS: umlal #0xFFFFFFFF, #0x00 ARM/ROM PNS
[DBG] PASS: umlal #0xFFFFFFFF, #0x00 ARM/WRAM
[DBG] PASS: umlal #0xFFFFFFFF, #0x00 ARM/IWRAM
[DBG] Timing test: b pc
[DBG] PASS: b pc ARM/ROM ...
[DBG] PASS: b pc ARM/ROM P..
[DBG] PASS: b pc ARM/ROM .N.
[DBG] PASS: b pc ARM/ROM PN.
[DBG] PASS: b pc ARM/ROM ..S
[DBG] PASS: b pc ARM/ROM P.S
[DBG] PASS: b pc ARM/ROM .NS
[DBG] PASS: b pc ARM/ROM PNS
[DBG] PASS: b pc ARM/WRAM
[DBG] PASS: b pc ARM/IWRAM
[DBG] PASS: b pc Thumb/ROM ...
[DBG] PASS: b pc Thumb/ROM P..
[DBG] PASS: b pc Thumb/ROM .N.
[DBG] PASS: b pc Thumb/ROM PN.
[DBG] PASS: b pc Thumb/ROM ..S
[DBG] PASS: b pc Thumb/ROM P.S
[DBG] PASS: b pc Thumb/ROM .NS
[DBG] PASS: b pc Thumb/ROM PNS
[DBG] PASS: b pc Thumb/WRAM
[DBG] PASS: b pc Thumb/IWRAM
[DBG] Timing test: nop ; b pc
[DBG] PASS: nop ; b pc ARM/ROM ...
[DBG] PASS: nop ; b pc ARM/ROM P..
[DBG] PASS: nop ; b pc ARM/ROM .N.
[DBG] PASS: nop ; b pc ARM/ROM PN.
[DBG] PASS: nop ; b pc ARM/ROM ..S
[DBG] PASS: nop ; b pc ARM/ROM P.S
[DBG] PASS: nop ; b pc ARM/ROM .NS
[DBG] PASS: nop ; b pc ARM/ROM PNS
[DBG] PASS: nop ; b pc ARM/WRAM
[DBG] PASS: nop ; b pc ARM/IWRAM
[DBG] PASS: nop ; b pc Thumb/ROM ...
[DBG] PASS: nop ; b pc Thumb/ROM P..
[DBG] PASS: nop ; b pc Thumb/ROM .N.
[DBG] PASS: nop ; b pc Thumb/ROM PN.
[DBG] PASS: nop ; b pc Thumb/ROM ..S
[DBG] PASS: nop ; b pc Thumb/ROM P.S
[DBG] PASS: nop ; b pc Thumb/ROM .NS
[DBG] PASS: nop ; b pc Thumb/ROM PNS
[DBG] PASS: nop ; b pc Thumb/WRAM
[DBG] PASS: nop ; b pc Thumb/IWRAM
[DBG] Timing test: bx
[DBG] PASS: bx ARM/ROM ...
[DBG] PASS: bx ARM/ROM P..
[DBG] PASS: bx ARM/ROM .N.
[DBG] PASS: bx ARM/ROM PN.
[DBG] PASS: bx ARM/ROM ..S
[DBG] PASS: bx ARM/ROM P.S
[DBG] PASS: bx ARM/ROM .NS
[DBG] PASS: bx ARM/ROM PNS
[DBG] PASS: bx ARM/WRAM
[DBG] PASS: bx ARM/IWRAM
[DBG] PASS: bx Thumb/ROM ...
[DBG] PASS: bx Thumb/ROM P..
[DBG] PASS: bx Thumb/ROM .N.
[DBG] PASS: bx Thumb/ROM PN.
[DBG] PASS: bx Thumb/ROM ..S
[DBG] PASS: bx Thumb/ROM P.S
[DBG] PASS: bx Thumb/ROM .NS
[DBG] PASS: bx Thumb/ROM PNS
[DBG] PASS: bx Thumb/WRAM
[DBG] PASS: bx Thumb/IWRAM
[DBG] Timing test: Trivial loop
[DBG] PASS: Trivial loop ARM/ROM ...
[DBG] PASS: Trivial loop ARM/ROM P..
[DBG] PASS: Trivial loop ARM/ROM .N.
[DBG] PASS: Trivial loop ARM/ROM PN.
[DBG] PASS: Trivial loop ARM/ROM ..S
[DBG] PASS: Trivial loop ARM/ROM P.S
[DBG] PASS: Trivial loop ARM/ROM .NS
[DBG] PASS: Trivial loop ARM/ROM PNS
[DBG] PASS: Trivial loop ARM/WRAM
[DBG] PASS: Trivial loop ARM/IWRAM
[DBG] PASS: Trivial loop Thumb/ROM ...
[DBG] PASS: Trivial loop Thumb/ROM P..
[DBG] PASS: Trivial loop Thumb/ROM .N.
[DBG] PASS: Trivial loop Thumb/ROM PN.
[DBG] PASS: Trivial loop Thumb/ROM ..S
[DBG] PASS: Trivial loop Thumb/ROM P.S
[DBG] PASS: Trivial loop Thumb/ROM .NS
[DBG] PASS: Trivial loop Thumb/ROM PNS
[DBG] PASS: Trivial loop Thumb/WRAM
[DBG] PASS: Trivial loop Thumb/IWRAM
[DBG] Timing test: C loop
[DBG] PASS: C loop ARM/ROM ...
[DBG] PASS: C loop ARM/ROM P..
[DBG] PASS: C loop ARM/ROM .N.
[DBG] PASS: C loop ARM/ROM PN.
[DBG] PASS: C loop ARM/ROM ..S
[DBG] PASS: C loop ARM/ROM P.S
[DBG] PASS: C loop ARM/ROM .NS
[DBG] PASS: C loop ARM/ROM PNS
[DBG] PASS: C loop ARM/WRAM
[DBG] PASS: C loop ARM/IWRAM
[DBG] PASS: C loop Thumb/ROM ...
[DBG] PASS: C loop Thumb/ROM P..
[DBG] PASS: C loop Thumb/ROM .N.
[DBG] PASS: C loop Thumb/ROM PN.
[DBG] PASS: C loop Thumb/ROM ..S
[DBG] PASS: C loop Thumb/ROM P.S
[DBG] PASS: C loop Thumb/ROM .NS
[DBG] PASS: C loop Thumb/ROM PNS
[DBG] PASS: C loop Thumb/WRAM
[DBG] PASS: C loop Thumb/IWRAM
[DBG] Timing test: BIOS Division
[DBG] PASS: BIOS Division ARM/ROM ...
[DBG] PASS: BIOS Division ARM/ROM P..
[DBG] PASS: BIOS Division ARM/ROM .N.
[DBG] PASS: BIOS Division ARM/ROM PN.
[DBG] PASS: BIOS Division ARM/ROM ..S
[DBG] PASS: BIOS Division ARM/ROM P.S
[DBG] PASS: BIOS Division ARM/ROM .NS
[DBG] PASS: BIOS Division ARM/ROM PNS
[DBG] PASS: BIOS Division ARM/WRAM
[DBG] PASS: BIOS Division ARM/IWRAM
[DBG] PASS: BIOS Division Thumb/ROM ...
[DBG] PASS: BIOS Division Thumb/ROM P..
[DBG] PASS: BIOS Division Thumb/ROM .N.
[DBG] PASS: BIOS Division Thumb/ROM PN.
[DBG] PASS: BIOS Division Thumb/ROM ..S
[DBG] PASS: BIOS Division Thumb/ROM P.S
[DBG] PASS: BIOS Division Thumb/ROM .NS
[DBG] PASS: BIOS Division Thumb/ROM PNS
[DBG] PASS: BIOS Division Thumb/WRAM
[DBG] PASS: BIOS Division Thumb/IWRAM
[DBG] Timing test: BIOS Division 2
[DBG] PASS: BIOS Division 2 ARM/ROM ...
[DBG] PASS: BIOS Division 2 ARM/ROM P..
[DBG] PASS: BIOS Division 2 ARM/ROM .N.
[DBG] PASS: BIOS Division 2 ARM/ROM PN.
[DBG] PASS: BIOS Division 2 ARM/ROM ..S
[DBG] PASS: BIOS Division 2 ARM/ROM P.S
[DBG] PASS: BIOS Division 2 ARM/ROM .NS
[DBG] PASS: BIOS Division 2 ARM/ROM PNS
[DBG] PASS: BIOS Division 2 ARM/WRAM
[DBG] PASS: BIOS Division 2 ARM/IWRAM
[DBG] PASS: BIOS Division 2 Thumb/ROM ...
[DBG] PASS: BIOS Division 2 Thumb/ROM P..
[DBG] PASS: BIOS Division 2 Thumb/ROM .N.
[DBG] PASS: BIOS Division 2 Thumb/ROM PN.
[DBG] PASS: BIOS Division 2 Thumb/ROM ..S
[DBG] PASS: BIOS Division 2 Thumb/ROM P.S
[DBG] PASS: BIOS Division 2 Thumb/ROM .NS
[DBG] PASS: BIOS Division 2 Thumb/ROM PNS
[DBG] PASS: BIOS Division 2 Thumb/WRAM
[DBG] PASS: BIOS Division 2 Thumb/IWRAM
[DBG] Timing test: BIOS Sqrt
[DBG] PASS: BIOS Sqrt ARM/ROM ...
[DBG] PASS: BIOS Sqrt ARM/ROM P..
[DBG] PASS: BIOS Sqrt ARM/ROM .N.
[DBG] PASS: BIOS Sqrt ARM/ROM PN.
[DBG] PASS: BIOS Sqrt ARM/ROM ..S
[DBG] PASS: BIOS Sqrt ARM/ROM P.S
[DBG] PASS: BIOS Sqrt ARM/ROM .NS
[DBG] PASS: BIOS Sqrt ARM/ROM PNS
[DBG] PASS: BIOS Sqrt ARM/WRAM
[DBG] PASS: BIOS Sqrt ARM/IWRAM
[DBG] PASS: BIOS Sqrt Thumb/ROM ...
[DBG] PASS: BIOS Sqrt Thumb/ROM P..
[DBG] PASS: BIOS Sqrt Thumb/ROM .N.
[DBG] PASS: BIOS Sqrt Thumb/ROM PN.
[DBG] PASS: BIOS Sqrt Thumb/ROM ..S
[DBG] PASS: BIOS Sqrt Thumb/ROM P.S
[DBG] PASS: BIOS Sqrt Thumb/ROM .NS
[DBG] PASS: BIOS Sqrt Thumb/ROM PNS
[DBG] PASS: BIOS Sqrt Thumb/WRAM
[DBG] PASS: BIOS Sqrt Thumb/IWRAM
[DBG] Timing test: BIOS Sqrt 2
[DBG] PASS: BIOS Sqrt 2 ARM/ROM ...
[DBG] PASS: BIOS Sqrt 2 ARM/ROM P..
[DBG] PASS: BIOS Sqrt 2 ARM/ROM .N.
[DBG] PASS: BIOS Sqrt 2 ARM/ROM PN.
[DBG] PASS: BIOS Sqrt 2 ARM/ROM ..S
[DBG] PASS: BIOS Sqrt 2 ARM/ROM P.S
[DBG] PASS: BIOS Sqrt 2 ARM/ROM .NS
[DBG] PASS: BIOS Sqrt 2 ARM/ROM PNS
[DBG] PASS: BIOS Sqrt 2 ARM/WRAM
[DBG] PASS: BIOS Sqrt 2 ARM/IWRAM
[DBG] PASS: BIOS Sqrt 2 Thumb/ROM ...
[DBG] PASS: BIOS Sqrt 2 Thumb/ROM P..
[DBG] PASS: BIOS Sqrt 2 Thumb/ROM .N.
[DBG] PASS: BIOS Sqrt 2 Thumb/ROM PN.
[DBG] PASS: BIOS Sqrt 2 Thumb/ROM ..S
[DBG] PASS: BIOS Sqrt 2 Thumb/ROM P.S
[DBG] PASS: BIOS Sqrt 2 Thumb/ROM .NS
[DBG] PASS: BIOS Sqrt 2 Thumb/ROM PNS
[DBG] PASS: BIOS Sqrt 2 Thumb/WRAM
[DBG] PASS: BIOS Sqrt 2 Thumb/IWRAM
[DBG] Timing test: BIOS Sqrt 3
[DBG] PASS: BIOS Sqrt 3 ARM/ROM ...
[DBG] PASS: BIOS Sqrt 3 ARM/ROM P..
[DBG] PASS: BIOS Sqrt 3 ARM/ROM .N.
[DBG] PASS: BIOS Sqrt 3 ARM/ROM PN.
[DBG] PASS: BIOS Sqrt 3 ARM/ROM ..S
[DBG] PASS: BIOS Sqrt 3 ARM/ROM P.S
[DBG] PASS: BIOS Sqrt 3 ARM/ROM .NS
[DBG] PASS: BIOS Sqrt 3 ARM/ROM PNS
[DBG] PASS: BIOS Sqrt 3 ARM/WRAM
[DBG] PASS: BIOS Sqrt 3 ARM/IWRAM
[DBG] PASS: BIOS Sqrt 3 Thumb/ROM ...
[DBG] PASS: BIOS Sqrt 3 Thumb/ROM P..
[DBG] PASS: BIOS Sqrt 3 Thumb/ROM .N.
[DBG] PASS: BIOS Sqrt 3 Thumb/ROM PN.
[DBG] PASS: BIOS Sqrt 3 Thumb/ROM ..S
[DBG] PASS: BIOS Sqrt 3 Thumb/ROM P.S
[DBG] PASS: BIOS Sqrt 3 Thumb/ROM .NS
[DBG] PASS: BIOS Sqrt 3 Thumb/ROM PNS
[DBG] PASS: BIOS Sqrt 3 Thumb/WRAM
[DBG] PASS: BIOS Sqrt 3 Thumb/IWRAM
[DBG] Timing test: BIOS ArcTan
[DBG] PASS: BIOS ArcTan ARM/ROM ...
[DBG] PASS: BIOS ArcTan ARM/ROM P..
[DBG] PASS: BIOS ArcTan ARM/ROM .N.
[DBG] PASS: BIOS ArcTan ARM/ROM PN.
[DBG] PASS: BIOS ArcTan ARM/ROM ..S
[DBG] PASS: BIOS ArcTan ARM/ROM P.S
[DBG] PASS: BIOS ArcTan ARM/ROM .NS
[DBG] PASS: BIOS ArcTan ARM/ROM PNS
[DBG] PASS: BIOS ArcTan ARM/WRAM
[DBG] PASS: BIOS ArcTan ARM/IWRAM
[DBG] PASS: BIOS ArcTan Thumb/ROM ...
[DBG] PASS: BIOS ArcTan Thumb/ROM P..
[DBG] PASS: BIOS ArcTan Thumb/ROM .N.
[DBG] PASS: BIOS ArcTan Thumb/ROM PN.
[DBG] PASS: BIOS ArcTan Thumb/ROM ..S
[DBG] PASS: BIOS ArcTan Thumb/ROM P.S
[DBG] PASS: BIOS ArcTan Thumb/ROM .NS
[DBG] PASS: BIOS ArcTan Thumb/ROM PNS
[DBG] PASS: BIOS ArcTan Thumb/WRAM
[DBG] PASS: BIOS ArcTan Thumb/IWRAM
[DBG] Timing test: CpuSet
[DBG] PASS: CpuSet ARM/ROM ...
[DBG] PASS: CpuSet ARM/ROM P..
[DBG] PASS: CpuSet ARM/ROM .N.
[DBG] PASS: CpuSet ARM/ROM PN.
[DBG] PASS: CpuSet ARM/ROM ..S
[DBG] PASS: CpuSet ARM/ROM P.S
[DBG] PASS: CpuSet ARM/ROM .NS
[DBG] PASS: CpuSet ARM/ROM PNS
[DBG] PASS: CpuSet ARM/WRAM
[DBG] PASS: CpuSet ARM/IWRAM
[DBG] PASS: CpuSet Thumb/ROM ...
[DBG] PASS: CpuSet Thumb/ROM P..
[DBG] PASS: CpuSet Thumb/ROM .N.
[DBG] PASS: CpuSet Thumb/ROM PN.
[DBG] PASS: CpuSet Thumb/ROM ..S
[DBG] PASS: CpuSet Thumb/ROM P.S
[DBG] PASS: CpuSet Thumb/ROM .NS
[DBG] PASS: CpuSet Thumb/ROM PNS
[DBG] PASS: CpuSet Thumb/WRAM
[DBG] PASS: CpuSet Thumb/IWRAM
[DBG] Timing test: Trivial DMA (16)
[DBG] PASS: Trivial DMA (16) ARM/ROM ...
[DBG] PASS: Trivial DMA (16) ARM/ROM P..
[DBG] PASS: Trivial DMA (16) ARM/ROM .N.
[DBG] PASS: Trivial DMA (16) ARM/ROM PN.
[DBG] PASS: Trivial DMA (16) ARM/ROM ..S
[DBG] PASS: Trivial DMA (16) ARM/ROM P.S
[DBG] PASS: Trivial DMA (16) ARM/ROM .NS
[DBG] PASS: Trivial DMA (16) ARM/ROM PNS
[DBG] PASS: Trivial DMA (16) ARM/WRAM
[DBG] PASS: Trivial DMA (16) ARM/IWRAM
[DBG] PASS: Trivial DMA (16) Thumb/ROM ...
[DBG] PASS: Trivial DMA (16) Thumb/ROM P..
[DBG] PASS: Trivial DMA (16) Thumb/ROM .N.
[DBG] PASS: Trivial DMA (16) Thumb/ROM PN.
[DBG] PASS: Trivial DMA (16) Thumb/ROM ..S
[DBG] PASS: Trivial DMA (16) Thumb/ROM P.S
[DBG] PASS: Trivial DMA (16) Thumb/ROM .NS
[DBG] PASS: Trivial DMA (16) Thumb/ROM PNS
[DBG] PASS: Trivial DMA (16) Thumb/WRAM
[DBG] PASS: Trivial DMA (16) Thumb/IWRAM
[DBG] Timing test: Trivial DMA (16/ROM)
[DBG] PASS: Trivial DMA (16/ROM) ARM/ROM ...
[DBG] PASS: Trivial DMA (16/ROM) ARM/ROM P..
[DBG] PASS: Trivial DMA (16/ROM) ARM/ROM .N.
[DBG] PASS: Trivial DMA (16/ROM) ARM/ROM PN.
[DBG] PASS: Trivial DMA (16/ROM) ARM/ROM ..S
[DBG] PASS: Trivial DMA (16/ROM) ARM/ROM P.S
[DBG] PASS: Trivial DMA (16/ROM) ARM/ROM .NS
[DBG] PASS: Trivial DMA (16/ROM) ARM/ROM PNS
[DBG] PASS: Trivial DMA (16/ROM) ARM/WRAM
[DBG] PASS: Trivial DMA (16/ROM) ARM/IWRAM
[DBG] PASS: Trivial DMA (16/ROM) Thumb/ROM ...
[DBG] PASS: Trivial DMA (16/ROM) Thumb/ROM P..
[DBG] PASS: Trivial DMA (16/ROM) Thumb/ROM .N.
[DBG] PASS: Trivial DMA (16/ROM) Thumb/ROM PN.
[DBG] PASS: Trivial DMA (16/ROM) Thumb/ROM ..S
[DBG] PASS: Trivial DMA (16/ROM) Thumb/ROM P.S
[DBG] PASS: Trivial DMA (16/ROM) Thumb/ROM .NS
[DBG] PASS: Trivial DMA (16/ROM) Thumb/ROM PNS
[DBG] PASS: Trivial DMA (16/ROM) Thumb/WRAM
[DBG] PASS: Trivial DMA (16/ROM) Thumb/IWRAM
[DBG] Timing test: Trivial DMA (16/to ROM)
[DBG] PASS: Trivial DMA (16/to ROM) ARM/ROM ...
[DBG] PASS: Trivial DMA (16/to ROM) ARM/ROM P..
[DBG] PASS: Trivial DMA (16/to ROM) ARM/ROM .N.
[DBG] PASS: Trivial DMA (16/to ROM) ARM/ROM PN.
[DBG] PASS: Trivial DMA (16/to ROM) ARM/ROM ..S
[DBG] PASS: Trivial DMA (16/to ROM) ARM/ROM P.S
[DBG] PASS: Trivial DMA (16/to ROM) ARM/ROM .NS
[DBG] PASS: Trivial DMA (16/to ROM) ARM/ROM PNS
[DBG] PASS: Trivial DMA (16/to ROM) ARM/WRAM
[DBG] PASS: Trivial DMA (16/to ROM) ARM/IWRAM
[DBG] PASS: Trivial DMA (16/to ROM) Thumb/ROM ...
[DBG] PASS: Trivial DMA (16/to ROM) Thumb/ROM P..
[DBG] PASS: Trivial DMA (16/to ROM) Thumb/ROM .N.
[DBG] PASS: Trivial DMA (16/to ROM) Thumb/ROM PN.
[DBG] PASS: Trivial DMA (16/to ROM) Thumb/ROM ..S
[DBG] PASS: Trivial DMA (16/to ROM) Thumb/ROM P.S
[DBG] PASS: Trivial DMA (16/to ROM) Thumb/ROM .NS
[DBG] PASS: Trivial DMA (16/to ROM) Thumb/ROM PNS
[DBG] PASS: Trivial DMA (16/to ROM) Thumb/WRAM
[DBG] PASS: Trivial DMA (16/to ROM) Thumb/IWRAM
[DBG] Timing test: Trivial DMA (16/ROM to ROM)
[DBG] PASS: Trivial DMA (16/ROM to ROM) ARM/ROM ...
[DBG] PASS: Trivial DMA (16/ROM to ROM) ARM/ROM P..
[DBG] PASS: Trivial DMA (16/ROM to ROM) ARM/ROM .N.
[DBG] PASS: Trivial DMA (16/ROM to ROM) ARM/ROM PN.
[DBG] PASS: Trivial DMA (16/ROM to ROM) ARM/ROM ..S
[DBG] PASS: Trivial DMA (16/ROM to ROM) ARM/ROM P.S
[DBG] PASS: Trivial DMA (16/ROM to ROM) ARM/ROM .NS
[DBG] PASS: Trivial DMA (16/ROM to ROM) ARM/ROM PNS
[DBG] PASS: Trivial DMA (16/ROM to ROM) ARM/WRAM
[DBG] PASS: Trivial DMA (16/ROM to ROM) ARM/IWRAM
[DBG] PASS: Trivial DMA (16/ROM to ROM) Thumb/ROM ...
[DBG] PASS: Trivial DMA (16/ROM to ROM) Thumb/ROM P..
[DBG] PASS: Trivial DMA (16/ROM to ROM) Thumb/ROM .N.
[DBG] PASS: Trivial DMA (16/ROM to ROM) Thumb/ROM PN.
[DBG] PASS: Trivial DMA (16/ROM to ROM) Thumb/ROM ..S
[DBG] PASS: Trivial DMA (16/ROM to ROM) Thumb/ROM P.S
[DBG] PASS: Trivial DMA (16/ROM to ROM) Thumb/ROM .NS
[DBG] PASS: Trivial DMA (16/ROM to ROM) Thumb/ROM PNS
[DBG] PASS: Trivial DMA (16/ROM to ROM) Thumb/WRAM
[DBG] PASS: Trivial DMA (16/ROM to ROM) Thumb/IWRAM
[DBG] Timing test: Trivial DMA (32)
[DBG] PASS: Trivial DMA (32) ARM/ROM ...
[DBG] PASS: Trivial DMA (32) ARM/ROM P..
[DBG] PASS: Trivial DMA (32) ARM/ROM .N.
[DBG] PASS: Trivial DMA (32) ARM/ROM PN.
[DBG] PASS: Trivial DMA (32) ARM/ROM ..S
[DBG] PASS: Trivial DMA (32) ARM/ROM P.S
[DBG] PASS: Trivial DMA (32) ARM/ROM .NS
[DBG] PASS: Trivial DMA (32) ARM/ROM PNS
[DBG] PASS: Trivial DMA (32) ARM/WRAM
[DBG] PASS: Trivial DMA (32) ARM/IWRAM
[DBG] PASS: Trivial DMA (32) Thumb/ROM ...
[DBG] PASS: Trivial DMA (32) Thumb/ROM P..
[DBG] PASS: Trivial DMA (32) Thumb/ROM .N.
[DBG] PASS: Trivial DMA (32) Thumb/ROM PN.
[DBG] PASS: Trivial DMA (32) Thumb/ROM ..S
[DBG] PASS: Trivial DMA (32) Thumb/ROM P.S
[DBG] PASS: Trivial DMA (32) Thumb/ROM .NS
[DBG] PASS: Trivial DMA (32) Thumb/ROM PNS
[DBG] PASS: Trivial DMA (32) Thumb/WRAM
[DBG] PASS: Trivial DMA (32) Thumb/IWRAM
[DBG] Timing test: Trivial DMA (32/from ROM)
[DBG] PASS: Trivial DMA (32/from ROM) ARM/ROM ...
[DBG] PASS: Trivial DMA (32/from ROM) ARM/ROM P..
[DBG] PASS: Trivial DMA (32/from ROM) ARM/ROM .N.
[DBG] PASS: Trivial DMA (32/from ROM) ARM/ROM PN.
[DBG] PASS: Trivial DMA (32/from ROM) ARM/ROM ..S
[DBG] PASS: Trivial DMA (32/from ROM) ARM/ROM P.S
[DBG] PASS: Trivial DMA (32/from ROM) ARM/ROM .NS
[DBG] PASS: Trivial DMA (32/from ROM) ARM/ROM PNS
[DBG] PASS: Trivial DMA (32/from ROM) ARM/WRAM
[DBG] PASS: Trivial DMA (32/from ROM) ARM/IWRAM
[DBG] PASS: Trivial DMA (32/from ROM) Thumb/ROM ...
[DBG] PASS: Trivial DMA (32/from ROM) Thumb/ROM P..
[DBG] PASS: Trivial DMA (32/from ROM) Thumb/ROM .N.
[DBG] PASS: Trivial DMA (32/from ROM) Thumb/ROM PN.
[DBG] PASS: Trivial DMA (32/from ROM) Thumb/ROM ..S
[DBG] PASS: Trivial DMA (32/from ROM) Thumb/ROM P.S
[DBG] PASS: Trivial DMA (32/from ROM) Thumb/ROM .NS
[DBG] PASS: Trivial DMA (32/from ROM) Thumb/ROM PNS
[DBG] PASS: Trivial DMA (32/from ROM) Thumb/WRAM
[DBG] PASS: Trivial DMA (32/from ROM) Thumb/IWRAM
[DBG] Timing test: Trivial DMA (32/to ROM)
[DBG] PASS: Trivial DMA (32/to ROM) ARM/ROM ...
[DBG] PASS: Trivial DMA (32/to ROM) ARM/ROM P..
[DBG] PASS: Trivial DMA (32/to ROM) ARM/ROM .N.
[DBG] PASS: Trivial DMA (32/to ROM) ARM/ROM PN.
[DBG] PASS: Trivial DMA (32/to ROM) ARM/ROM ..S
[DBG] PASS: Trivial DMA (32/to ROM) ARM/ROM P.S
[DBG] PASS: Trivial DMA (32/to ROM) ARM/ROM .NS
[DBG] PASS: Trivial DMA (32/to ROM) ARM/ROM PNS
[DBG] PASS: Trivial DMA (32/to ROM) ARM/WRAM
[DBG] PASS: Trivial DMA (32/to ROM) ARM/IWRAM
[DBG] PASS: Trivial DMA (32/to ROM) Thumb/ROM ...
[DBG] PASS: Trivial DMA (32/to ROM) Thumb/ROM P..
[DBG] PASS: Trivial DMA (32/to ROM) Thumb/ROM .N.
[DBG] PASS: Trivial DMA (32/to ROM) Thumb/ROM PN.
[DBG] PASS: Trivial DMA (32/to ROM) Thumb/ROM ..S
[DBG] PASS: Trivial DMA (32/to ROM) Thumb/ROM P.S
[DBG] PASS: Trivial DMA (32/to ROM) Thumb/ROM .NS
[DBG] PASS: Trivial DMA (32/to ROM) Thumb/ROM PNS
[DBG] PASS: Trivial DMA (32/to ROM) Thumb/WRAM
[DBG] PASS: Trivial DMA (32/to ROM) Thumb/IWRAM
[DBG] Timing test: Trivial DMA (32/ROM to ROM)
[DBG] PASS: Trivial DMA (32/ROM to ROM) ARM/ROM ...
[DBG] PASS: Trivial DMA (32/ROM to ROM) ARM/ROM P..
[DBG] PASS: Trivial DMA (32/ROM to ROM) ARM/ROM .N.
[DBG] PASS: Trivial DMA (32/ROM to ROM) ARM/ROM PN.
[DBG] PASS: Trivial DMA (32/ROM to ROM) ARM/ROM ..S
[DBG] PASS: Trivial DMA (32/ROM to ROM) ARM/ROM P.S
[DBG] PASS: Trivial DMA (32/ROM to ROM) ARM/ROM .NS
[DBG] PASS: Trivial DMA (32/ROM to ROM) ARM/ROM PNS
[DBG] PASS: Trivial DMA (32/ROM to ROM) ARM/WRAM
[DBG] PASS: Trivial DMA (32/ROM to ROM) ARM/IWRAM
[DBG] PASS: Trivial DMA (32/ROM to ROM) Thumb/ROM ...
[DBG] PASS: Trivial DMA (32/ROM to ROM) Thumb/ROM P..
[DBG] PASS: Trivial DMA (32/ROM to ROM) Thumb/ROM .N.
[DBG] PASS: Trivial DMA (32/ROM to ROM) Thumb/ROM PN.
[DBG] PASS: Trivial DMA (32/ROM to ROM) Thumb/ROM ..S
[DBG] PASS: Trivial DMA (32/ROM to ROM) Thumb/ROM P.S
[DBG] PASS: Trivial DMA (32/ROM to ROM) Thumb/ROM .NS
[DBG] PASS: Trivial DMA (32/ROM to ROM) Thumb/ROM PNS
[DBG] PASS: Trivial DMA (32/ROM to ROM) Thumb/WRAM
[DBG] PASS: Trivial DMA (32/ROM to ROM) Thumb/IWRAM
[DBG] Timing test: Short DMA (16)
[DBG] PASS: Short DMA (16) ARM/ROM ...
[DBG] PASS: Short DMA (16) ARM/ROM P..
[DBG] PASS: Short DMA (16) ARM/ROM .N.
[DBG] PASS: Short DMA (16) ARM/ROM PN.
[DBG] PASS: Short DMA (16) ARM/ROM ..S
[DBG] PASS: Short DMA (16) ARM/ROM P.S
[DBG] PASS: Short DMA (16) ARM/ROM .NS
[DBG] PASS: Short DMA (16) ARM/ROM PNS
[DBG] PASS: Short DMA (16) ARM/WRAM
[DBG] PASS: Short DMA (16) ARM/IWRAM
[DBG] PASS: Short DMA (16) Thumb/ROM ...
[DBG] PASS: Short DMA (16) Thumb/ROM P..
[DBG] PASS: Short DMA (16) Thumb/ROM .N.
[DBG] PASS: Short DMA (16) Thumb/ROM PN.
[DBG] PASS: Short DMA (16) Thumb/ROM ..S
[DBG] PASS: Short DMA (16) Thumb/ROM P.S
[DBG] PASS: Short DMA (16) Thumb/ROM .NS
[DBG] PASS: Short DMA (16) Thumb/ROM PNS
[DBG] PASS: Short DMA (16) Thumb/WRAM
[DBG] PASS: Short DMA (16) Thumb/IWRAM
[DBG] Timing test: Short DMA (16/from ROM)
[DBG] PASS: Short DMA (16/from ROM) ARM/ROM ...
[DBG] PASS: Short DMA (16/from ROM) ARM/ROM P..
[DBG] PASS: Short DMA (16/from ROM) ARM/ROM .N.
[DBG] PASS: Short DMA (16/from ROM) ARM/ROM PN.
[DBG] PASS: Short DMA (16/from ROM) ARM/ROM ..S
[DBG] PASS: Short DMA (16/from ROM) ARM/ROM P.S
[DBG] PASS: Short DMA (16/from ROM) ARM/ROM .NS
[DBG] PASS: Short DMA (16/from ROM) ARM/ROM PNS
[DBG] PASS: Short DMA (16/from ROM) ARM/WRAM
[DBG] PASS: Short DMA (16/from ROM) ARM/IWRAM
[DBG] PASS: Short DMA (16/from ROM) Thumb/ROM ...
[DBG] PASS: Short DMA (16/from ROM) Thumb/ROM P..
[DBG] PASS: Short DMA (16/from ROM) Thumb/ROM .N.
[DBG] PASS: Short DMA (16/from ROM) Thumb/ROM PN.
[DBG] PASS: Short DMA (16/from ROM) Thumb/ROM ..S
[DBG] PASS: Short DMA (16/from ROM) Thumb/ROM P.S
[DBG] PASS: Short DMA (16/from ROM) Thumb/ROM .NS
[DBG] PASS: Short DMA (16/from ROM) Thumb/ROM PNS
[DBG] PASS: Short DMA (16/from ROM) Thumb/WRAM
[DBG] PASS: Short DMA (16/from ROM) Thumb/IWRAM
[DBG] Timing test: Short DMA (16/to ROM)
[DBG] PASS: Short DMA (16/to ROM) ARM/ROM ...
[DBG] PASS: Short DMA (16/to ROM) ARM/ROM P..
[DBG] PASS: Short DMA (16/to ROM) ARM/ROM .N.
[DBG] PASS: Short DMA (16/to ROM) ARM/ROM PN.
[DBG] PASS: Short DMA (16/to ROM) ARM/ROM ..S
[DBG] PASS: Short DMA (16/to ROM) ARM/ROM P.S
[DBG] PASS: Short DMA (16/to ROM) ARM/ROM .NS
[DBG] PASS: Short DMA (16/to ROM) ARM/ROM PNS
[DBG] PASS: Short DMA (16/to ROM) ARM/WRAM
[DBG] PASS: Short DMA (16/to ROM) ARM/IWRAM
[DBG] PASS: Short DMA (16/to ROM) Thumb/ROM ...
[DBG] PASS: Short DMA (16/to ROM) Thumb/ROM P..
[DBG] PASS: Short DMA (16/to ROM) Thumb/ROM .N.
[DBG] PASS: Short DMA (16/to ROM) Thumb/ROM PN.
[DBG] PASS: Short DMA (16/to ROM) Thumb/ROM ..S
[DBG] PASS: Short DMA (16/to ROM) Thumb/ROM P.S
[DBG] PASS: Short DMA (16/to ROM) Thumb/ROM .NS
[DBG] PASS: Short DMA (16/to ROM) Thumb/ROM PNS
[DBG] PASS: Short DMA (16/to ROM) Thumb/WRAM
[DBG] PASS: Short DMA (16/to ROM) Thumb/IWRAM
[DBG] Timing test: Short DMA (16/ROM to ROM)
[DBG] PASS: Short DMA (16/ROM to ROM) ARM/ROM ...
[DBG] PASS: Short DMA (16/ROM to ROM) ARM/ROM P..
[DBG] PASS: Short DMA (16/ROM to ROM) ARM/ROM .N.
[DBG] PASS: Short DMA (16/ROM to ROM) ARM/ROM PN.
[DBG] PASS: Short DMA (16/ROM to ROM) ARM/ROM ..S
[DBG] PASS: Short DMA (16/ROM to ROM) ARM/ROM P.S
[DBG] PASS: Short DMA (16/ROM to ROM) ARM/ROM .NS
[DBG] PASS: Short DMA (16/ROM to ROM) ARM/ROM PNS
[DBG] PASS: Short DMA (16/ROM to ROM) ARM/WRAM
[DBG] PASS: Short DMA (16/ROM to ROM) ARM/IWRAM
[DBG] PASS: Short DMA (16/ROM to ROM) Thumb/ROM ...
[DBG] PASS: Short DMA (16/ROM to ROM) Thumb/ROM P..
[DBG] PASS: Short DMA (16/ROM to ROM) Thumb/ROM .N.
[DBG] PASS: Short DMA (16/ROM to ROM) Thumb/ROM PN.
[DBG] PASS: Short DMA (16/ROM to ROM) Thumb/ROM ..S
[DBG] PASS: Short DMA (16/ROM to ROM) Thumb/ROM P.S
[DBG] PASS: Short DMA (16/ROM to ROM) Thumb/ROM .NS
[DBG] PASS: Short DMA (16/ROM to ROM) Thumb/ROM PNS
[DBG] PASS: Short DMA (16/ROM to ROM) Thumb/WRAM
[DBG] PASS: Short DMA (16/ROM to ROM) Thumb/IWRAM
[DBG] Timing test: Short DMA (32)
[DBG] PASS: Short DMA (32) ARM/ROM ...
[DBG] PASS: Short DMA (32) ARM/ROM P..
[DBG] PASS: Short DMA (32) ARM/ROM .N.
[DBG] PASS: Short DMA (32) ARM/ROM PN.
[DBG] PASS: Short DMA (32) ARM/ROM ..S
[DBG] PASS: Short DMA (32) ARM/ROM P.S
[DBG] PASS: Short DMA (32) ARM/ROM .NS
[DBG] PASS: Short DMA (32) ARM/ROM PNS
[DBG] PASS: Short DMA (32) ARM/WRAM
[DBG] PASS: Short DMA (32) ARM/IWRAM
[DBG] PASS: Short DMA (32) Thumb/ROM ...
[DBG] PASS: Short DMA (32) Thumb/ROM P..
[DBG] PASS: Short DMA (32) Thumb/ROM .N.
[DBG] PASS: Short DMA (32) Thumb/ROM PN.
[DBG] PASS: Short DMA (32) Thumb/ROM ..S
[DBG] PASS: Short DMA (32) Thumb/ROM P.S
[DBG] PASS: Short DMA (32) Thumb/ROM .NS
[DBG] PASS: Short DMA (32) Thumb/ROM PNS
[DBG] PASS: Short DMA (32) Thumb/WRAM
[DBG] PASS: Short DMA (32) Thumb/IWRAM
[DBG] Timing test: Short DMA (32/from ROM)
[DBG] PASS: Short DMA (32/from ROM) ARM/ROM ...
[DBG] PASS: Short DMA (32/from ROM) ARM/ROM P..
[DBG] PASS: Short DMA (32/from ROM) ARM/ROM .N.
[DBG] PASS: Short DMA (32/from ROM) ARM/ROM PN.
[DBG] PASS: Short DMA (32/from ROM) ARM/ROM ..S
[DBG] PASS: Short DMA (32/from ROM) ARM/ROM P.S
[DBG] PASS: Short DMA (32/from ROM) ARM/ROM .NS
[DBG] PASS: Short DMA (32/from ROM) ARM/ROM PNS
[DBG] PASS: Short DMA (32/from ROM) ARM/WRAM
[DBG] PASS: Short DMA (32/from ROM) ARM/IWRAM
[DBG] PASS: Short DMA (32/from ROM) Thumb/ROM ...
[DBG] PASS: Short DMA (32/from ROM) Thumb/ROM P..
[DBG] PASS: Short DMA (32/from ROM) Thumb/ROM .N.
[DBG] PASS: Short DMA (32/from ROM) Thumb/ROM PN.
[DBG] PASS: Short DMA (32/from ROM) Thumb/ROM ..S
[DBG] PASS: Short DMA (32/from ROM) Thumb/ROM P.S
[DBG] PASS: Short DMA (32/from ROM) Thumb/ROM .NS
[DBG] PASS: Short DMA (32/from ROM) Thumb/ROM PNS
[DBG] PASS: Short DMA (32/from ROM) Thumb/WRAM
[DBG] PASS: Short DMA (32/from ROM) Thumb/IWRAM
[DBG] Timing test: Short DMA (32/to ROM)
[DBG] PASS: Short DMA (32/to ROM) ARM/ROM ...
[DBG] PASS: Short DMA (32/to ROM) ARM/ROM P..
[DBG] PASS: Short DMA (32/to ROM) ARM/ROM .N.
[DBG] PASS: Short DMA (32/to ROM) ARM/ROM PN.
[DBG] PASS: Short DMA (32/to ROM) ARM/ROM ..S
[DBG] PASS: Short DMA (32/to ROM) ARM/ROM P.S
[DBG] PASS: Short DMA (32/to ROM) ARM/ROM .NS
[DBG] PASS: Short DMA (32/to ROM) ARM/ROM PNS
[DBG] PASS: Short DMA (32/to ROM) ARM/WRAM
[DBG] PASS: Short DMA (32/to ROM) ARM/IWRAM
[DBG] PASS: Short DMA (32/to ROM) Thumb/ROM ...
[DBG] PASS: Short DMA (32/to ROM) Thumb/ROM P..
[DBG] PASS: Short DMA (32/to ROM) Thumb/ROM .N.
[DBG] PASS: Short DMA (32/to ROM) Thumb/ROM PN.
[DBG] PASS: Short DMA (32/to ROM) Thumb/ROM ..S
[DBG] PASS: Short DMA (32/to ROM) Thumb/ROM P.S
[DBG] PASS: Short DMA (32/to ROM) Thumb/ROM .NS
[DBG] PASS: Short DMA (32/to ROM) Thumb/ROM PNS
[DBG] PASS: Short DMA (32/to ROM) Thumb/WRAM
[DBG] PASS: Short DMA (32/to ROM) Thumb/IWRAM
[DBG] Timing test: Short DMA (32/ROM to ROM)
[DBG] PASS: Short DMA (32/ROM to ROM) ARM/ROM ...
[DBG] PASS: Short DMA (32/ROM to ROM) ARM/ROM P..
[DBG] PASS: Short DMA (32/ROM to ROM) ARM/ROM .N.
[DBG] PASS: Short DMA (32/ROM to ROM) ARM/ROM PN.
[DBG] PASS: Short DMA (32/ROM to ROM) ARM/ROM ..S
[DBG] PASS: Short DMA (32/ROM to ROM) ARM/ROM P.S
[DBG] PASS: Short DMA (32/ROM to ROM) ARM/ROM .NS
[DBG] PASS: Short DMA (32/ROM to ROM) ARM/ROM PNS
[DBG] PASS: Short DMA (32/ROM to ROM) ARM/WRAM
[DBG] PASS: Short DMA (32/ROM to ROM) ARM/IWRAM
[DBG] PASS: Short DMA (32/ROM to ROM) Thumb/ROM ...
[DBG] PASS: Short DMA (32/ROM to ROM) Thumb/ROM P..
[DBG] PASS: Short DMA (32/ROM to ROM) Thumb/ROM .N.
[DBG] PASS: Short DMA (32/ROM to ROM) Thumb/ROM PN.
[DBG] PASS: Short DMA (32/ROM to ROM) Thumb/ROM ..S
[DBG] PASS: Short DMA (32/ROM to ROM) Thumb/ROM P.S
[DBG] PASS: Short DMA (32/ROM to ROM) Thumb/ROM .NS
[DBG] PASS: Short DMA (32/ROM to ROM) Thumb/ROM PNS
[DBG] PASS: Short DMA (32/ROM to ROM) Thumb/WRAM
[DBG] PASS: Short DMA (32/ROM to ROM) Thumb/IWRAM

--- Suite 03: Timing ---
Frames: 287  PC=0x0802BAB8  CPSR=0x0000003F  halted=0  cycle=190082818
[debug]
Game Boy Advance Test Suite
===
BEGIN: Timing tests
Timing test: Calibration
PASS: Calibration ARM/ROM ...
PASS: Calibration ARM/ROM P..
PASS: Calibration ARM/ROM .N.
PASS: Calibration ARM/ROM PN.
PASS: Calibration ARM/ROM ..S
PASS: Calibration ARM/ROM P.S
PASS: Calibration ARM/ROM .NS
PASS: Calibration ARM/ROM PNS
PASS: Calibration ARM/WRAM
PASS: Calibration ARM/IWRAM
PASS: Calibration Thumb/ROM ...
PASS: Calibration Thumb/ROM P..
PASS: Calibration Thumb/ROM .N.
PASS: Calibration Thumb/ROM PN.
PASS: Calibration Thumb/ROM ..S
PASS: Calibration Thumb/ROM P.S
PASS: Calibration Thumb/ROM .NS
PASS: Calibration Thumb/ROM PNS
PASS: Calibration Thumb/WRAM
PASS: Calibration Thumb/IWRAM
Timing test: nop
PASS: nop ARM/ROM ...
PASS: nop ARM/ROM P..
PASS: nop ARM/ROM .N.
PASS: nop ARM/ROM PN.
PASS: nop ARM/ROM ..S
PASS: nop ARM/ROM P.S
PASS: nop ARM/ROM .NS
PASS: nop ARM/ROM PNS
PASS: nop ARM/WRAM
PASS: nop ARM/IWRAM
PASS: nop Thumb/ROM ...
PASS: nop Thumb/ROM P..
PASS: nop Thumb/ROM .N.
PASS: nop Thumb/ROM PN.
PASS: nop Thumb/ROM ..S
PASS: nop Thumb/ROM P.S
PASS: nop Thumb/ROM .NS
PASS: nop Thumb/ROM PNS
PASS: nop Thumb/WRAM
PASS: nop Thumb/IWRAM
Timing test: nop / nop
PASS: nop / nop ARM/ROM ...
PASS: nop / nop ARM/ROM P..
PASS: nop / nop ARM/ROM .N.
PASS: nop / nop ARM/ROM PN.
PASS: nop / nop ARM/ROM ..S
PASS: nop / nop ARM/ROM P.S
PASS: nop / nop ARM/ROM .NS
PASS: nop / nop ARM/ROM PNS
PASS: nop / nop ARM/WRAM
PASS: nop / nop ARM/IWRAM
PASS: nop / nop Thumb/ROM ...
PASS: nop / nop Thumb/ROM P..
PASS: nop / nop Thumb/ROM .N.
PASS: nop / nop Thumb/ROM PN.
PASS: nop / nop Thumb/ROM ..S
PASS: nop / nop Thumb/ROM P.S
PASS: nop / nop Thumb/ROM .NS
PASS: nop / nop Thumb/ROM PNS
PASS: nop / nop Thumb/WRAM
PASS: nop / nop Thumb/IWRAM
Timing test: ldrh r2, [sp]
PASS: ldrh r2, [sp] ARM/ROM ...
PASS: ldrh r2, [sp] ARM/ROM P..
PASS: ldrh r2, [sp] ARM/ROM .N.
PASS: ldrh r2, [sp] ARM/ROM PN.
PASS: ldrh r2, [sp] ARM/ROM ..S
PASS: ldrh r2, [sp] ARM/ROM P.S
PASS: ldrh r2, [sp] ARM/ROM .NS
PASS: ldrh r2, [sp] ARM/ROM PNS
PASS: ldrh r2, [sp] ARM/WRAM
PASS: ldrh r2, [sp] ARM/IWRAM
PASS: ldrh r2, [sp] Thumb/ROM ...
PASS: ldrh r2, [sp] Thumb/ROM P..
PASS: ldrh r2, [sp] Thumb/ROM .N.
PASS: ldrh r2, [sp] Thumb/ROM PN.
PASS: ldrh r2, [sp] Thumb/ROM ..S
PASS: ldrh r2, [sp] Thumb/ROM P.S
PASS: ldrh r2, [sp] Thumb/ROM .NS
PASS: ldrh r2, [sp] Thumb/ROM PNS
PASS: ldrh r2, [sp] Thumb/WRAM
PASS: ldrh r2, [sp] Thumb/IWRAM
Timing test: ldrh r2, [sp] / nop
PASS: ldrh r2, [sp] / nop ARM/ROM ...
PASS: ldrh r2, [sp] / nop ARM/ROM P..
PASS: ldrh r2, [sp] / nop ARM/ROM .N.
PASS: ldrh r2, [sp] / nop ARM/ROM PN.
PASS: ldrh r2, [sp] / nop ARM/ROM ..S
PASS: ldrh r2, [sp] / nop ARM/ROM P.S
PASS: ldrh r2, [sp] / nop ARM/ROM .NS
PASS: ldrh r2, [sp] / nop ARM/ROM PNS
PASS: ldrh r2, [sp] / nop ARM/WRAM
PASS: ldrh r2, [sp] / nop ARM/IWRAM
PASS: ldrh r2, [sp] / nop Thumb/ROM ...
PASS: ldrh r2, [sp] / nop Thumb/ROM P..
PASS: ldrh r2, [sp] / nop Thumb/ROM .N.
PASS: ldrh r2, [sp] / nop Thumb/ROM PN.
PASS: ldrh r2, [sp] / nop Thumb/ROM ..S
PASS: ldrh r2, [sp] / nop Thumb/ROM P.S
PASS: ldrh r2, [sp] / nop Thumb/ROM .NS
PASS: ldrh r2, [sp] / nop Thumb/ROM PNS
PASS: ldrh r2, [sp] / nop Thumb/WRAM
PASS: ldrh r2, [sp] / nop Thumb/IWRAM
Timing test: nop / ldrh r2, [sp]
PASS: nop / ldrh r2, [sp] ARM/ROM ...
PASS: nop / ldrh r2, [sp] ARM/ROM P..
PASS: nop / ldrh r2, [sp] ARM/ROM .N.
PASS: nop / ldrh r2, [sp] ARM/ROM PN.
PASS: nop / ldrh r2, [sp] ARM/ROM ..S
PASS: nop / ldrh r2, [sp] ARM/ROM P.S
PASS: nop / ldrh r2, [sp] ARM/ROM .NS
PASS: nop / ldrh r2, [sp] ARM/ROM PNS
PASS: nop / ldrh r2, [sp] ARM/WRAM
PASS: nop / ldrh r2, [sp] ARM/IWRAM
PASS: nop / ldrh r2, [sp] Thumb/ROM ...
PASS: nop / ldrh r2, [sp] Thumb/ROM P..
PASS: nop / ldrh r2, [sp] Thumb/ROM .N.
PASS: nop / ldrh r2, [sp] Thumb/ROM PN.
PASS: nop / ldrh r2, [sp] Thumb/ROM ..S
PASS: nop / ldrh r2, [sp] Thumb/ROM P.S
PASS: nop / ldrh r2, [sp] Thumb/ROM .NS
PASS: nop / ldrh r2, [sp] Thumb/ROM PNS
PASS: nop / ldrh r2, [sp] Thumb/WRAM
PASS: nop / ldrh r2, [sp] Thumb/IWRAM
Timing test: nop / ldrh r2, [sp] / nop
PASS: nop / ldrh r2, [sp] / nop ARM/ROM ...
PASS: nop / ldrh r2, [sp] / nop ARM/ROM P..
PASS: nop / ldrh r2, [sp] / nop ARM/ROM .N.
PASS: nop / ldrh r2, [sp] / nop ARM/ROM PN.
PASS: nop / ldrh r2, [sp] / nop ARM/ROM ..S
PASS: nop / ldrh r2, [sp] / nop ARM/ROM P.S
PASS: nop / ldrh r2, [sp] / nop ARM/ROM .NS
PASS: nop / ldrh r2, [sp] / nop ARM/ROM PNS
PASS: nop / ldrh r2, [sp] / nop ARM/WRAM
PASS: nop / ldrh r2, [sp] / nop ARM/IWRAM
PASS: nop / ldrh r2, [sp] / nop Thumb/ROM ...
PASS: nop / ldrh r2, [sp] / nop Thumb/ROM P..
PASS: nop / ldrh r2, [sp] / nop Thumb/ROM .N.
PASS: nop / ldrh r2, [sp] / nop Thumb/ROM PN.
PASS: nop / ldrh r2, [sp] / nop Thumb/ROM ..S
PASS: nop / ldrh r2, [sp] / nop Thumb/ROM P.S
PASS: nop / ldrh r2, [sp] / nop Thumb/ROM .NS
PASS: nop / ldrh r2, [sp] / nop Thumb/ROM PNS
PASS: nop / ldrh r2, [sp] / nop Thumb/WRAM
PASS: nop / ldrh r2, [sp] / nop Thumb/IWRAM
Timing test: ldrh r2, [#0x08000000]
PASS: ldrh r2, [#0x08000000] ARM/ROM ...
PASS: ldrh r2, [#0x08000000] ARM/ROM P..
PASS: ldrh r2, [#0x08000000] ARM/ROM .N.
PASS: ldrh r2, [#0x08000000] ARM/ROM PN.
PASS: ldrh r2, [#0x08000000] ARM/ROM ..S
PASS: ldrh r2, [#0x08000000] ARM/ROM P.S
PASS: ldrh r2, [#0x08000000] ARM/ROM .NS
PASS: ldrh r2, [#0x08000000] ARM/ROM PNS
PASS: ldrh r2, [#0x08000000] ARM/WRAM
PASS: ldrh r2, [#0x08000000] ARM/IWRAM
PASS: ldrh r2, [#0x08000000] Thumb/ROM ...
PASS: ldrh r2, [#0x08000000] Thumb/ROM P..
PASS: ldrh r2, [#0x08000000] Thumb/ROM .N.
PASS: ldrh r2, [#0x08000000] Thumb/ROM PN.
PASS: ldrh r2, [#0x08000000] Thumb/ROM ..S
PASS: ldrh r2, [#0x08000000] Thumb/ROM P.S
PASS: ldrh r2, [#0x08000000] Thumb/ROM .NS
PASS: ldrh r2, [#0x08000000] Thumb/ROM PNS
PASS: ldrh r2, [#0x08000000] Thumb/WRAM
PASS: ldrh r2, [#0x08000000] Thumb/IWRAM
Timing test: ldrh r2, [#0x08000000] / nop
PASS: ldrh r2, [#0x08000000] / nop ARM/ROM ...
PASS: ldrh r2, [#0x08000000] / nop ARM/ROM P..
PASS: ldrh r2, [#0x08000000] / nop ARM/ROM .N.
PASS: ldrh r2, [#0x08000000] / nop ARM/ROM PN.
PASS: ldrh r2, [#0x08000000] / nop ARM/ROM ..S
PASS: ldrh r2, [#0x08000000] / nop ARM/ROM P.S
PASS: ldrh r2, [#0x08000000] / nop ARM/ROM .NS
PASS: ldrh r2, [#0x08000000] / nop ARM/ROM PNS
PASS: ldrh r2, [#0x08000000] / nop ARM/WRAM
PASS: ldrh r2, [#0x08000000] / nop ARM/IWRAM
PASS: ldrh r2, [#0x08000000] / nop Thumb/ROM ...
PASS: ldrh r2, [#0x08000000] / nop Thumb/ROM P..
PASS: ldrh r2, [#0x08000000] / nop Thumb/ROM .N.
PASS: ldrh r2, [#0x08000000] / nop Thumb/ROM PN.
PASS: ldrh r2, [#0x08000000] / nop Thumb/ROM ..S
PASS: ldrh r2, [#0x08000000] / nop Thumb/ROM P.S
PASS: ldrh r2, [#0x08000000] / nop Thumb/ROM .NS
PASS: ldrh r2, [#0x08000000] / nop Thumb/ROM PNS
PASS: ldrh r2, [#0x08000000] / nop Thumb/WRAM
PASS: ldrh r2, [#0x08000000] / nop Thumb/IWRAM
Timing test: nop / ldrh r2, [#0x08000000]
PASS: nop / ldrh r2, [#0x08000000] ARM/ROM ...
PASS: nop / ldrh r2, [#0x08000000] ARM/ROM P..
PASS: nop / ldrh r2, [#0x08000000] ARM/ROM .N.
PASS: nop / ldrh r2, [#0x08000000] ARM/ROM PN.
PASS: nop / ldrh r2, [#0x08000000] ARM/ROM ..S
PASS: nop / ldrh r2, [#0x08000000] ARM/ROM P.S
PASS: nop / ldrh r2, [#0x08000000] ARM/ROM .NS
PASS: nop / ldrh r2, [#0x08000000] ARM/ROM PNS
PASS: nop / ldrh r2, [#0x08000000] ARM/WRAM
PASS: nop / ldrh r2, [#0x08000000] ARM/IWRAM
PASS: nop / ldrh r2, [#0x08000000] Thumb/ROM ...
PASS: nop / ldrh r2, [#0x08000000] Thumb/ROM P..
PASS: nop / ldrh r2, [#0x08000000] Thumb/ROM .N.
PASS: nop / ldrh r2, [#0x08000000] Thumb/ROM PN.
PASS: nop / ldrh r2, [#0x08000000] Thumb/ROM ..S
PASS: nop / ldrh r2, [#0x08000000] Thumb/ROM P.S
PASS: nop / ldrh r2, [#0x08000000] Thumb/ROM .NS
PASS: nop / ldrh r2, [#0x08000000] Thumb/ROM PNS
PASS: nop / ldrh r2, [#0x08000000] Thumb/WRAM
PASS: nop / ldrh r2, [#0x08000000] Thumb/IWRAM
Timing test: ldr r2, [sp]
PASS: ldr r2, [sp] ARM/ROM ...
PASS: ldr r2, [sp] ARM/ROM P..
PASS: ldr r2, [sp] ARM/ROM .N.
PASS: ldr r2, [sp] ARM/ROM PN.
PASS: ldr r2, [sp] ARM/ROM ..S
PASS: ldr r2, [sp] ARM/ROM P.S
PASS: ldr r2, [sp] ARM/ROM .NS
PASS: ldr r2, [sp] ARM/ROM PNS
PASS: ldr r2, [sp] ARM/WRAM
PASS: ldr r2, [sp] ARM/IWRAM
PASS: ldr r2, [sp] Thumb/ROM ...
PASS: ldr r2, [sp] Thumb/ROM P..
PASS: ldr r2, [sp] Thumb/ROM .N.
PASS: ldr r2, [sp] Thumb/ROM PN.
PASS: ldr r2, [sp] Thumb/ROM ..S
PASS: ldr r2, [sp] Thumb/ROM P.S
PASS: ldr r2, [sp] Thumb/ROM .NS
PASS: ldr r2, [sp] Thumb/ROM PNS
PASS: ldr r2, [sp] Thumb/WRAM
PASS: ldr r2, [sp] Thumb/IWRAM
Timing test: ldr r2, [sp] / nop
PASS: ldr r2, [sp] / nop ARM/ROM ...
PASS: ldr r2, [sp] / nop ARM/ROM P..
PASS: ldr r2, [sp] / nop ARM/ROM .N.
PASS: ldr r2, [sp] / nop ARM/ROM PN.
PASS: ldr r2, [sp] / nop ARM/ROM ..S
PASS: ldr r2, [sp] / nop ARM/ROM P.S
PASS: ldr r2, [sp] / nop ARM/ROM .NS
PASS: ldr r2, [sp] / nop ARM/ROM PNS
PASS: ldr r2, [sp] / nop ARM/WRAM
PASS: ldr r2, [sp] / nop ARM/IWRAM
PASS: ldr r2, [sp] / nop Thumb/ROM ...
PASS: ldr r2, [sp] / nop Thumb/ROM P..
PASS: ldr r2, [sp] / nop Thumb/ROM .N.
PASS: ldr r2, [sp] / nop Thumb/ROM PN.
PASS: ldr r2, [sp] / nop Thumb/ROM ..S
PASS: ldr r2, [sp] / nop Thumb/ROM P.S
PASS: ldr r2, [sp] / nop Thumb/ROM .NS
PASS: ldr r2, [sp] / nop Thumb/ROM PNS
PASS: ldr r2, [sp] / nop Thumb/WRAM
PASS: ldr r2, [sp] / nop Thumb/IWRAM
Timing test: nop / ldr r2, [sp]
PASS: nop / ldr r2, [sp] ARM/ROM ...
PASS: nop / ldr r2, [sp] ARM/ROM P..
PASS: nop / ldr r2, [sp] ARM/ROM .N.
PASS: nop / ldr r2, [sp] ARM/ROM PN.
PASS: nop / ldr r2, [sp] ARM/ROM ..S
PASS: nop / ldr r2, [sp] ARM/ROM P.S
PASS: nop / ldr r2, [sp] ARM/ROM .NS
PASS: nop / ldr r2, [sp] ARM/ROM PNS
PASS: nop / ldr r2, [sp] ARM/WRAM
PASS: nop / ldr r2, [sp] ARM/IWRAM
PASS: nop / ldr r2, [sp] Thumb/ROM ...
PASS: nop / ldr r2, [sp] Thumb/ROM P..
PASS: nop / ldr r2, [sp] Thumb/ROM .N.
PASS: nop / ldr r2, [sp] Thumb/ROM PN.
PASS: nop / ldr r2, [sp] Thumb/ROM ..S
PASS: nop / ldr r2, [sp] Thumb/ROM P.S
PASS: nop / ldr r2, [sp] Thumb/ROM .NS
PASS: nop / ldr r2, [sp] Thumb/ROM PNS
PASS: nop / ldr r2, [sp] Thumb/WRAM
PASS: nop / ldr r2, [sp] Thumb/IWRAM
Timing test: ldr r2, [#0x08000000]
PASS: ldr r2, [#0x08000000] ARM/ROM ...
PASS: ldr r2, [#0x08000000] ARM/ROM P..
PASS: ldr r2, [#0x08000000] ARM/ROM .N.
PASS: ldr r2, [#0x08000000] ARM/ROM PN.
PASS: ldr r2, [#0x08000000] ARM/ROM ..S
PASS: ldr r2, [#0x08000000] ARM/ROM P.S
PASS: ldr r2, [#0x08000000] ARM/ROM .NS
PASS: ldr r2, [#0x08000000] ARM/ROM PNS
PASS: ldr r2, [#0x08000000] ARM/WRAM
PASS: ldr r2, [#0x08000000] ARM/IWRAM
PASS: ldr r2, [#0x08000000] Thumb/ROM ...
PASS: ldr r2, [#0x08000000] Thumb/ROM P..
PASS: ldr r2, [#0x08000000] Thumb/ROM .N.
PASS: ldr r2, [#0x08000000] Thumb/ROM PN.
PASS: ldr r2, [#0x08000000] Thumb/ROM ..S
PASS: ldr r2, [#0x08000000] Thumb/ROM P.S
PASS: ldr r2, [#0x08000000] Thumb/ROM .NS
PASS: ldr r2, [#0x08000000] Thumb/ROM PNS
PASS: ldr r2, [#0x08000000] Thumb/WRAM
PASS: ldr r2, [#0x08000000] Thumb/IWRAM
Timing test: ldr r2, [#0x08000000] / nop
PASS: ldr r2, [#0x08000000] / nop ARM/ROM ...
PASS: ldr r2, [#0x08000000] / nop ARM/ROM P..
PASS: ldr r2, [#0x08000000] / nop ARM/ROM .N.
PASS: ldr r2, [#0x08000000] / nop ARM/ROM PN.
PASS: ldr r2, [#0x08000000] / nop ARM/ROM ..S
PASS: ldr r2, [#0x08000000] / nop ARM/ROM P.S
PASS: ldr r2, [#0x08000000] / nop ARM/ROM .NS
PASS: ldr r2, [#0x08000000] / nop ARM/ROM PNS
PASS: ldr r2, [#0x08000000] / nop ARM/WRAM
PASS: ldr r2, [#0x08000000] / nop ARM/IWRAM
PASS: ldr r2, [#0x08000000] / nop Thumb/ROM ...
PASS: ldr r2, [#0x08000000] / nop Thumb/ROM P..
PASS: ldr r2, [#0x08000000] / nop Thumb/ROM .N.
PASS: ldr r2, [#0x08000000] / nop Thumb/ROM PN.
PASS: ldr r2, [#0x08000000] / nop Thumb/ROM ..S
PASS: ldr r2, [#0x08000000] / nop Thumb/ROM P.S
PASS: ldr r2, [#0x08000000] / nop Thumb/ROM .NS
PASS: ldr r2, [#0x08000000] / nop Thumb/ROM PNS
PASS: ldr r2, [#0x08000000] / nop Thumb/WRAM
PASS: ldr r2, [#0x08000000] / nop Thumb/IWRAM
Timing test: nop / ldr r2, [#0x08000000]
PASS: nop / ldr r2, [#0x08000000] ARM/ROM ...
PASS: nop / ldr r2, [#0x08000000] ARM/ROM P..
PASS: nop / ldr r2, [#0x08000000] ARM/ROM .N.
PASS: nop / ldr r2, [#0x08000000] ARM/ROM PN.
PASS: nop / ldr r2, [#0x08000000] ARM/ROM ..S
PASS: nop / ldr r2, [#0x08000000] ARM/ROM P.S
PASS: nop / ldr r2, [#0x08000000] ARM/ROM .NS
PASS: nop / ldr r2, [#0x08000000] ARM/ROM PNS
PASS: nop / ldr r2, [#0x08000000] ARM/WRAM
PASS: nop / ldr r2, [#0x08000000] ARM/IWRAM
PASS: nop / ldr r2, [#0x08000000] Thumb/ROM ...
PASS: nop / ldr r2, [#0x08000000] Thumb/ROM P..
PASS: nop / ldr r2, [#0x08000000] Thumb/ROM .N.
PASS: nop / ldr r2, [#0x08000000] Thumb/ROM PN.
PASS: nop / ldr r2, [#0x08000000] Thumb/ROM ..S
PASS: nop / ldr r2, [#0x08000000] Thumb/ROM P.S
PASS: nop / ldr r2, [#0x08000000] Thumb/ROM .NS
PASS: nop / ldr r2, [#0x08000000] Thumb/ROM PNS
PASS: nop / ldr r2, [#0x08000000] Thumb/WRAM
PASS: nop / ldr r2, [#0x08000000] Thumb/IWRAM
Timing test: strh r3, [sp]
PASS: strh r3, [sp] ARM/ROM ...
PASS: strh r3, [sp] ARM/ROM P..
PASS: strh r3, [sp] ARM/ROM .N.
PASS: strh r3, [sp] ARM/ROM PN.
PASS: strh r3, [sp] ARM/ROM ..S
PASS: strh r3, [sp] ARM/ROM P.S
PASS: strh r3, [sp] ARM/ROM .NS
PASS: strh r3, [sp] ARM/ROM PNS
PASS: strh r3, [sp] ARM/WRAM
PASS: strh r3, [sp] ARM/IWRAM
PASS: strh r3, [sp] Thumb/ROM ...
PASS: strh r3, [sp] Thumb/ROM P..
PASS: strh r3, [sp] Thumb/ROM .N.
PASS: strh r3, [sp] Thumb/ROM PN.
PASS: strh r3, [sp] Thumb/ROM ..S
PASS: strh r3, [sp] Thumb/ROM P.S
PASS: strh r3, [sp] Thumb/ROM .NS
PASS: strh r3, [sp] Thumb/ROM PNS
PASS: strh r3, [sp] Thumb/WRAM
PASS: strh r3, [sp] Thumb/IWRAM
Timing test: strh r3, [sp] / nop
PASS: strh r3, [sp] / nop ARM/ROM ...
PASS: strh r3, [sp] / nop ARM/ROM P..
PASS: strh r3, [sp] / nop ARM/ROM .N.
PASS: strh r3, [sp] / nop ARM/ROM PN.
PASS: strh r3, [sp] / nop ARM/ROM ..S
PASS: strh r3, [sp] / nop ARM/ROM P.S
PASS: strh r3, [sp] / nop ARM/ROM .NS
PASS: strh r3, [sp] / nop ARM/ROM PNS
PASS: strh r3, [sp] / nop ARM/WRAM
PASS: strh r3, [sp] / nop ARM/IWRAM
PASS: strh r3, [sp] / nop Thumb/ROM ...
PASS: strh r3, [sp] / nop Thumb/ROM P..
PASS: strh r3, [sp] / nop Thumb/ROM .N.
PASS: strh r3, [sp] / nop Thumb/ROM PN.
PASS: strh r3, [sp] / nop Thumb/ROM ..S
PASS: strh r3, [sp] / nop Thumb/ROM P.S
PASS: strh r3, [sp] / nop Thumb/ROM .NS
PASS: strh r3, [sp] / nop Thumb/ROM PNS
PASS: strh r3, [sp] / nop Thumb/WRAM
PASS: strh r3, [sp] / nop Thumb/IWRAM
Timing test: nop / strh r3, [sp]
PASS: nop / strh r3, [sp] ARM/ROM ...
PASS: nop / strh r3, [sp] ARM/ROM P..
PASS: nop / strh r3, [sp] ARM/ROM .N.
PASS: nop / strh r3, [sp] ARM/ROM PN.
PASS: nop / strh r3, [sp] ARM/ROM ..S
PASS: nop / strh r3, [sp] ARM/ROM P.S
PASS: nop / strh r3, [sp] ARM/ROM .NS
PASS: nop / strh r3, [sp] ARM/ROM PNS
PASS: nop / strh r3, [sp] ARM/WRAM
PASS: nop / strh r3, [sp] ARM/IWRAM
PASS: nop / strh r3, [sp] Thumb/ROM ...
PASS: nop / strh r3, [sp] Thumb/ROM P..
PASS: nop / strh r3, [sp] Thumb/ROM .N.
PASS: nop / strh r3, [sp] Thumb/ROM PN.
PASS: nop / strh r3, [sp] Thumb/ROM ..S
PASS: nop / strh r3, [sp] Thumb/ROM P.S
PASS: nop / strh r3, [sp] Thumb/ROM .NS
PASS: nop / strh r3, [sp] Thumb/ROM PNS
PASS: nop / strh r3, [sp] Thumb/WRAM
PASS: nop / strh r3, [sp] Thumb/IWRAM
Timing test: nop / strh r3, [sp] / nop
PASS: nop / strh r3, [sp] / nop ARM/ROM ...
PASS: nop / strh r3, [sp] / nop ARM/ROM P..
PASS: nop / strh r3, [sp] / nop ARM/ROM .N.
PASS: nop / strh r3, [sp] / nop ARM/ROM PN.
PASS: nop / strh r3, [sp] / nop ARM/ROM ..S
PASS: nop / strh r3, [sp] / nop ARM/ROM P.S
PASS: nop / strh r3, [sp] / nop ARM/ROM .NS
PASS: nop / strh r3, [sp] / nop ARM/ROM PNS
PASS: nop / strh r3, [sp] / nop ARM/WRAM
PASS: nop / strh r3, [sp] / nop ARM/IWRAM
PASS: nop / strh r3, [sp] / nop Thumb/ROM ...
PASS: nop / strh r3, [sp] / nop Thumb/ROM P..
PASS: nop / strh r3, [sp] / nop Thumb/ROM .N.
PASS: nop / strh r3, [sp] / nop Thumb/ROM PN.
PASS: nop / strh r3, [sp] / nop Thumb/ROM ..S
PASS: nop / strh r3, [sp] / nop Thumb/ROM P.S
PASS: nop / strh r3, [sp] / nop Thumb/ROM .NS
PASS: nop / strh r3, [sp] / nop Thumb/ROM PNS
PASS: nop / strh r3, [sp] / nop Thumb/WRAM
PASS: nop / strh r3, [sp] / nop Thumb/IWRAM
Timing test: ldr r2, [sp] x2
PASS: ldr r2, [sp] x2 ARM/ROM ...
PASS: ldr r2, [sp] x2 ARM/ROM P..
PASS: ldr r2, [sp] x2 ARM/ROM .N.
PASS: ldr r2, [sp] x2 ARM/ROM PN.
PASS: ldr r2, [sp] x2 ARM/ROM ..S
PASS: ldr r2, [sp] x2 ARM/ROM P.S
PASS: ldr r2, [sp] x2 ARM/ROM .NS
PASS: ldr r2, [sp] x2 ARM/ROM PNS
PASS: ldr r2, [sp] x2 ARM/WRAM
PASS: ldr r2, [sp] x2 ARM/IWRAM
PASS: ldr r2, [sp] x2 Thumb/ROM ...
PASS: ldr r2, [sp] x2 Thumb/ROM P..
PASS: ldr r2, [sp] x2 Thumb/ROM .N.
PASS: ldr r2, [sp] x2 Thumb/ROM PN.
PASS: ldr r2, [sp] x2 Thumb/ROM ..S
PASS: ldr r2, [sp] x2 Thumb/ROM P.S
PASS: ldr r2, [sp] x2 Thumb/ROM .NS
PASS: ldr r2, [sp] x2 Thumb/ROM PNS
PASS: ldr r2, [sp] x2 Thumb/WRAM
PASS: ldr r2, [sp] x2 Thumb/IWRAM
Timing test: ldr r2, [#0x08000000] / ldr r2, [sp]
PASS: ldr r2, [#0x08000000] / ldr r2, [sp] ARM/ROM ...
PASS: ldr r2, [#0x08000000] / ldr r2, [sp] ARM/ROM P..
PASS: ldr r2, [#0x08000000] / ldr r2, [sp] ARM/ROM .N.
PASS: ldr r2, [#0x08000000] / ldr r2, [sp] ARM/ROM PN.
PASS: ldr r2, [#0x08000000] / ldr r2, [sp] ARM/ROM ..S
PASS: ldr r2, [#0x08000000] / ldr r2, [sp] ARM/ROM P.S
PASS: ldr r2, [#0x08000000] / ldr r2, [sp] ARM/ROM .NS
PASS: ldr r2, [#0x08000000] / ldr r2, [sp] ARM/ROM PNS
PASS: ldr r2, [#0x08000000] / ldr r2, [sp] ARM/WRAM
PASS: ldr r2, [#0x08000000] / ldr r2, [sp] ARM/IWRAM
PASS: ldr r2, [#0x08000000] / ldr r2, [sp] Thumb/ROM ...
PASS: ldr r2, [#0x08000000] / ldr r2, [sp] Thumb/ROM P..
PASS: ldr r2, [#0x08000000] / ldr r2, [sp] Thumb/ROM .N.
PASS: ldr r2, [#0x08000000] / ldr r2, [sp] Thumb/ROM PN.
PASS: ldr r2, [#0x08000000] / ldr r2, [sp] Thumb/ROM ..S
PASS: ldr r2, [#0x08000000] / ldr r2, [sp] Thumb/ROM P.S
PASS: ldr r2, [#0x08000000] / ldr r2, [sp] Thumb/ROM .NS
PASS: ldr r2, [#0x08000000] / ldr r2, [sp] Thumb/ROM PNS
PASS: ldr r2, [#0x08000000] / ldr r2, [sp] Thumb/WRAM
PASS: ldr r2, [#0x08000000] / ldr r2, [sp] Thumb/IWRAM
Timing test: ldr r2, [sp] / ldr r2, [#0x08000000]
PASS: ldr r2, [sp] / ldr r2, [#0x08000000] ARM/ROM ...
PASS: ldr r2, [sp] / ldr r2, [#0x08000000] ARM/ROM P..
PASS: ldr r2, [sp] / ldr r2, [#0x08000000] ARM/ROM .N.
PASS: ldr r2, [sp] / ldr r2, [#0x08000000] ARM/ROM PN.
PASS: ldr r2, [sp] / ldr r2, [#0x08000000] ARM/ROM ..S
PASS: ldr r2, [sp] / ldr r2, [#0x08000000] ARM/ROM P.S
PASS: ldr r2, [sp] / ldr r2, [#0x08000000] ARM/ROM .NS
PASS: ldr r2, [sp] / ldr r2, [#0x08000000] ARM/ROM PNS
PASS: ldr r2, [sp] / ldr r2, [#0x08000000] ARM/WRAM
PASS: ldr r2, [sp] / ldr r2, [#0x08000000] ARM/IWRAM
PASS: ldr r2, [sp] / ldr r2, [#0x08000000] Thumb/ROM ...
PASS: ldr r2, [sp] / ldr r2, [#0x08000000] Thumb/ROM P..
PASS: ldr r2, [sp] / ldr r2, [#0x08000000] Thumb/ROM .N.
PASS: ldr r2, [sp] / ldr r2, [#0x08000000] Thumb/ROM PN.
PASS: ldr r2, [sp] / ldr r2, [#0x08000000] Thumb/ROM ..S
PASS: ldr r2, [sp] / ldr r2, [#0x08000000] Thumb/ROM P.S
PASS: ldr r2, [sp] / ldr r2, [#0x08000000] Thumb/ROM .NS
PASS: ldr r2, [sp] / ldr r2, [#0x08000000] Thumb/ROM PNS
PASS: ldr r2, [sp] / ldr r2, [#0x08000000] Thumb/WRAM
PASS: ldr r2, [sp] / ldr r2, [#0x08000000] Thumb/IWRAM
Timing test: ldr r2, [#0x08000000] x2
PASS: ldr r2, [#0x08000000] x2 ARM/ROM ...
PASS: ldr r2, [#0x08000000] x2 ARM/ROM P..
PASS: ldr r2, [#0x08000000] x2 ARM/ROM .N.
PASS: ldr r2, [#0x08000000] x2 ARM/ROM PN.
PASS: ldr r2, [#0x08000000] x2 ARM/ROM ..S
PASS: ldr r2, [#0x08000000] x2 ARM/ROM P.S
PASS: ldr r2, [#0x08000000] x2 ARM/ROM .NS
PASS: ldr r2, [#0x08000000] x2 ARM/ROM PNS
PASS: ldr r2, [#0x08000000] x2 ARM/WRAM
PASS: ldr r2, [#0x08000000] x2 ARM/IWRAM
PASS: ldr r2, [#0x08000000] x2 Thumb/ROM ...
PASS: ldr r2, [#0x08000000] x2 Thumb/ROM P..
PASS: ldr r2, [#0x08000000] x2 Thumb/ROM .N.
PASS: ldr r2, [#0x08000000] x2 Thumb/ROM PN.
PASS: ldr r2, [#0x08000000] x2 Thumb/ROM ..S
PASS: ldr r2, [#0x08000000] x2 Thumb/ROM P.S
PASS: ldr r2, [#0x08000000] x2 Thumb/ROM .NS
PASS: ldr r2, [#0x08000000] x2 Thumb/ROM PNS
PASS: ldr r2, [#0x08000000] x2 Thumb/WRAM
PASS: ldr r2, [#0x08000000] x2 Thumb/IWRAM
Timing test: str r3, [sp] x2
PASS: str r3, [sp] x2 ARM/ROM ...
PASS: str r3, [sp] x2 ARM/ROM P..
PASS: str r3, [sp] x2 ARM/ROM .N.
PASS: str r3, [sp] x2 ARM/ROM PN.
PASS: str r3, [sp] x2 ARM/ROM ..S
PASS: str r3, [sp] x2 ARM/ROM P.S
PASS: str r3, [sp] x2 ARM/ROM .NS
PASS: str r3, [sp] x2 ARM/ROM PNS
PASS: str r3, [sp] x2 ARM/WRAM
PASS: str r3, [sp] x2 ARM/IWRAM
PASS: str r3, [sp] x2 Thumb/ROM ...
PASS: str r3, [sp] x2 Thumb/ROM P..
PASS: str r3, [sp] x2 Thumb/ROM .N.
PASS: str r3, [sp] x2 Thumb/ROM PN.
PASS: str r3, [sp] x2 Thumb/ROM ..S
PASS: str r3, [sp] x2 Thumb/ROM P.S
PASS: str r3, [sp] x2 Thumb/ROM .NS
PASS: str r3, [sp] x2 Thumb/ROM PNS
PASS: str r3, [sp] x2 Thumb/WRAM
PASS: str r3, [sp] x2 Thumb/IWRAM
Timing test: ldr r2, [sp] / str r2, [sp]
PASS: ldr r2, [sp] / str r2, [sp] ARM/ROM ...
PASS: ldr r2, [sp] / str r2, [sp] ARM/ROM P..
PASS: ldr r2, [sp] / str r2, [sp] ARM/ROM .N.
PASS: ldr r2, [sp] / str r2, [sp] ARM/ROM PN.
PASS: ldr r2, [sp] / str r2, [sp] ARM/ROM ..S
PASS: ldr r2, [sp] / str r2, [sp] ARM/ROM P.S
PASS: ldr r2, [sp] / str r2, [sp] ARM/ROM .NS
PASS: ldr r2, [sp] / str r2, [sp] ARM/ROM PNS
PASS: ldr r2, [sp] / str r2, [sp] ARM/WRAM
PASS: ldr r2, [sp] / str r2, [sp] ARM/IWRAM
PASS: ldr r2, [sp] / str r2, [sp] Thumb/ROM ...
PASS: ldr r2, [sp] / str r2, [sp] Thumb/ROM P..
PASS: ldr r2, [sp] / str r2, [sp] Thumb/ROM .N.
PASS: ldr r2, [sp] / str r2, [sp] Thumb/ROM PN.
PASS: ldr r2, [sp] / str r2, [sp] Thumb/ROM ..S
PASS: ldr r2, [sp] / str r2, [sp] Thumb/ROM P.S
PASS: ldr r2, [sp] / str r2, [sp] Thumb/ROM .NS
PASS: ldr r2, [sp] / str r2, [sp] Thumb/ROM PNS
PASS: ldr r2, [sp] / str r2, [sp] Thumb/WRAM
PASS: ldr r2, [sp] / str r2, [sp] Thumb/IWRAM
Timing test: str r3, [sp] / ldr r3, [sp]
PASS: str r3, [sp] / ldr r3, [sp] ARM/ROM ...
PASS: str r3, [sp] / ldr r3, [sp] ARM/ROM P..
PASS: str r3, [sp] / ldr r3, [sp] ARM/ROM .N.
PASS: str r3, [sp] / ldr r3, [sp] ARM/ROM PN.
PASS: str r3, [sp] / ldr r3, [sp] ARM/ROM ..S
PASS: str r3, [sp] / ldr r3, [sp] ARM/ROM P.S
PASS: str r3, [sp] / ldr r3, [sp] ARM/ROM .NS
PASS: str r3, [sp] / ldr r3, [sp] ARM/ROM PNS
PASS: str r3, [sp] / ldr r3, [sp] ARM/WRAM
PASS: str r3, [sp] / ldr r3, [sp] ARM/IWRAM
PASS: str r3, [sp] / ldr r3, [sp] Thumb/ROM ...
PASS: str r3, [sp] / ldr r3, [sp] Thumb/ROM P..
PASS: str r3, [sp] / ldr r3, [sp] Thumb/ROM .N.
PASS: str r3, [sp] / ldr r3, [sp] Thumb/ROM PN.
PASS: str r3, [sp] / ldr r3, [sp] Thumb/ROM ..S
PASS: str r3, [sp] / ldr r3, [sp] Thumb/ROM P.S
PASS: str r3, [sp] / ldr r3, [sp] Thumb/ROM .NS
PASS: str r3, [sp] / ldr r3, [sp] Thumb/ROM PNS
PASS: str r3, [sp] / ldr r3, [sp] Thumb/WRAM
PASS: str r3, [sp] / ldr r3, [sp] Thumb/IWRAM
Timing test: ldmia sp, {r2}
PASS: ldmia sp, {r2} ARM/ROM ...
PASS: ldmia sp, {r2} ARM/ROM P..
PASS: ldmia sp, {r2} ARM/ROM .N.
PASS: ldmia sp, {r2} ARM/ROM PN.
PASS: ldmia sp, {r2} ARM/ROM ..S
PASS: ldmia sp, {r2} ARM/ROM P.S
PASS: ldmia sp, {r2} ARM/ROM .NS
PASS: ldmia sp, {r2} ARM/ROM PNS
PASS: ldmia sp, {r2} ARM/WRAM
PASS: ldmia sp, {r2} ARM/IWRAM
Timing test: ldmia sp, {r2, r3}
PASS: ldmia sp, {r2, r3} ARM/ROM ...
PASS: ldmia sp, {r2, r3} ARM/ROM P..
PASS: ldmia sp, {r2, r3} ARM/ROM .N.
PASS: ldmia sp, {r2, r3} ARM/ROM PN.
PASS: ldmia sp, {r2, r3} ARM/ROM ..S
PASS: ldmia sp, {r2, r3} ARM/ROM P.S
PASS: ldmia sp, {r2, r3} ARM/ROM .NS
PASS: ldmia sp, {r2, r3} ARM/ROM PNS
PASS: ldmia sp, {r2, r3} ARM/WRAM
PASS: ldmia sp, {r2, r3} ARM/IWRAM
Timing test: ldmia sp, {r2-r7}
PASS: ldmia sp, {r2-r7} ARM/ROM ...
PASS: ldmia sp, {r2-r7} ARM/ROM P..
PASS: ldmia sp, {r2-r7} ARM/ROM .N.
PASS: ldmia sp, {r2-r7} ARM/ROM PN.
PASS: ldmia sp, {r2-r7} ARM/ROM ..S
PASS: ldmia sp, {r2-r7} ARM/ROM P.S
PASS: ldmia sp, {r2-r7} ARM/ROM .NS
PASS: ldmia sp, {r2-r7} ARM/ROM PNS
PASS: ldmia sp, {r2-r7} ARM/WRAM
PASS: ldmia sp, {r2-r7} ARM/IWRAM
Timing test: ldmia sp, {r2} x2
PASS: ldmia sp, {r2} x2 ARM/ROM ...
PASS: ldmia sp, {r2} x2 ARM/ROM P..
PASS: ldmia sp, {r2} x2 ARM/ROM .N.
PASS: ldmia sp, {r2} x2 ARM/ROM PN.
PASS: ldmia sp, {r2} x2 ARM/ROM ..S
PASS: ldmia sp, {r2} x2 ARM/ROM P.S
PASS: ldmia sp, {r2} x2 ARM/ROM .NS
PASS: ldmia sp, {r2} x2 ARM/ROM PNS
PASS: ldmia sp, {r2} x2 ARM/WRAM
PASS: ldmia sp, {r2} x2 ARM/IWRAM
Timing test: ldmia sp, {r2, r3} x2
PASS: ldmia sp, {r2, r3} x2 ARM/ROM ...
PASS: ldmia sp, {r2, r3} x2 ARM/ROM P..
PASS: ldmia sp, {r2, r3} x2 ARM/ROM .N.
PASS: ldmia sp, {r2, r3} x2 ARM/ROM PN.
PASS: ldmia sp, {r2, r3} x2 ARM/ROM ..S
PASS: ldmia sp, {r2, r3} x2 ARM/ROM P.S
PASS: ldmia sp, {r2, r3} x2 ARM/ROM .NS
PASS: ldmia sp, {r2, r3} x2 ARM/ROM PNS
PASS: ldmia sp, {r2, r3} x2 ARM/WRAM
PASS: ldmia sp, {r2, r3} x2 ARM/IWRAM
Timing test: ldmia sp, {r2-r7} x2
PASS: ldmia sp, {r2-r7} x2 ARM/ROM ...
PASS: ldmia sp, {r2-r7} x2 ARM/ROM P..
PASS: ldmia sp, {r2-r7} x2 ARM/ROM .N.
PASS: ldmia sp, {r2-r7} x2 ARM/ROM PN.
PASS: ldmia sp, {r2-r7} x2 ARM/ROM ..S
PASS: ldmia sp, {r2-r7} x2 ARM/ROM P.S
PASS: ldmia sp, {r2-r7} x2 ARM/ROM .NS
PASS: ldmia sp, {r2-r7} x2 ARM/ROM PNS
PASS: ldmia sp, {r2-r7} x2 ARM/WRAM
PASS: ldmia sp, {r2-r7} x2 ARM/IWRAM
Timing test: stmia sp, {r2}
PASS: stmia sp, {r2} ARM/ROM ...
PASS: stmia sp, {r2} ARM/ROM P..
PASS: stmia sp, {r2} ARM/ROM .N.
PASS: stmia sp, {r2} ARM/ROM PN.
PASS: stmia sp, {r2} ARM/ROM ..S
PASS: stmia sp, {r2} ARM/ROM P.S
PASS: stmia sp, {r2} ARM/ROM .NS
PASS: stmia sp, {r2} ARM/ROM PNS
PASS: stmia sp, {r2} ARM/WRAM
PASS: stmia sp, {r2} ARM/IWRAM
Timing test: stmia sp, {r2, r3}
PASS: stmia sp, {r2, r3} ARM/ROM ...
PASS: stmia sp, {r2, r3} ARM/ROM P..
PASS: stmia sp, {r2, r3} ARM/ROM .N.
PASS: stmia sp, {r2, r3} ARM/ROM PN.
PASS: stmia sp, {r2, r3} ARM/ROM ..S
PASS: stmia sp, {r2, r3} ARM/ROM P.S
PASS: stmia sp, {r2, r3} ARM/ROM .NS
PASS: stmia sp, {r2, r3} ARM/ROM PNS
PASS: stmia sp, {r2, r3} ARM/WRAM
PASS: stmia sp, {r2, r3} ARM/IWRAM
Timing test: stmia sp, {r2-r7}
PASS: stmia sp, {r2-r7} ARM/ROM ...
PASS: stmia sp, {r2-r7} ARM/ROM P..
PASS: stmia sp, {r2-r7} ARM/ROM .N.
PASS: stmia sp, {r2-r7} ARM/ROM PN.
PASS: stmia sp, {r2-r7} ARM/ROM ..S
PASS: stmia sp, {r2-r7} ARM/ROM P.S
PASS: stmia sp, {r2-r7} ARM/ROM .NS
PASS: stmia sp, {r2-r7} ARM/ROM PNS
PASS: stmia sp, {r2-r7} ARM/WRAM
PASS: stmia sp, {r2-r7} ARM/IWRAM
Timing test: stmia sp, {r2} x2
PASS: stmia sp, {r2} x2 ARM/ROM ...
PASS: stmia sp, {r2} x2 ARM/ROM P..
PASS: stmia sp, {r2} x2 ARM/ROM .N.
PASS: stmia sp, {r2} x2 ARM/ROM PN.
PASS: stmia sp, {r2} x2 ARM/ROM ..S
PASS: stmia sp, {r2} x2 ARM/ROM P.S
PASS: stmia sp, {r2} x2 ARM/ROM .NS
PASS: stmia sp, {r2} x2 ARM/ROM PNS
PASS: stmia sp, {r2} x2 ARM/WRAM
PASS: stmia sp, {r2} x2 ARM/IWRAM
Timing test: stmia sp, {r2, r3} x2
PASS: stmia sp, {r2, r3} x2 ARM/ROM ...
PASS: stmia sp, {r2, r3} x2 ARM/ROM P..
PASS: stmia sp, {r2, r3} x2 ARM/ROM .N.
PASS: stmia sp, {r2, r3} x2 ARM/ROM PN.
PASS: stmia sp, {r2, r3} x2 ARM/ROM ..S
PASS: stmia sp, {r2, r3} x2 ARM/ROM P.S
PASS: stmia sp, {r2, r3} x2 ARM/ROM .NS
PASS: stmia sp, {r2, r3} x2 ARM/ROM PNS
PASS: stmia sp, {r2, r3} x2 ARM/WRAM
PASS: stmia sp, {r2, r3} x2 ARM/IWRAM
Timing test: stmia sp, {r2-r7} x2
PASS: stmia sp, {r2-r7} x2 ARM/ROM ...
PASS: stmia sp, {r2-r7} x2 ARM/ROM P..
PASS: stmia sp, {r2-r7} x2 ARM/ROM .N.
PASS: stmia sp, {r2-r7} x2 ARM/ROM PN.
PASS: stmia sp, {r2-r7} x2 ARM/ROM ..S
PASS: stmia sp, {r2-r7} x2 ARM/ROM P.S
PASS: stmia sp, {r2-r7} x2 ARM/ROM .NS
PASS: stmia sp, {r2-r7} x2 ARM/ROM PNS
PASS: stmia sp, {r2-r7} x2 ARM/WRAM
PASS: stmia sp, {r2-r7} x2 ARM/IWRAM
Timing test: ldmia [#0x07FFFFFC]!, {r3-r7}
PASS: ldmia [#0x07FFFFFC]!, {r3-r7} ARM/ROM ...
PASS: ldmia [#0x07FFFFFC]!, {r3-r7} ARM/ROM P..
PASS: ldmia [#0x07FFFFFC]!, {r3-r7} ARM/ROM .N.
PASS: ldmia [#0x07FFFFFC]!, {r3-r7} ARM/ROM PN.
PASS: ldmia [#0x07FFFFFC]!, {r3-r7} ARM/ROM ..S
PASS: ldmia [#0x07FFFFFC]!, {r3-r7} ARM/ROM P.S
PASS: ldmia [#0x07FFFFFC]!, {r3-r7} ARM/ROM .NS
PASS: ldmia [#0x07FFFFFC]!, {r3-r7} ARM/ROM PNS
PASS: ldmia [#0x07FFFFFC]!, {r3-r7} ARM/WRAM
PASS: ldmia [#0x07FFFFFC]!, {r3-r7} ARM/IWRAM
PASS: ldmia [#0x07FFFFFC]!, {r3-r7} Thumb/ROM ...
PASS: ldmia [#0x07FFFFFC]!, {r3-r7} Thumb/ROM P..
PASS: ldmia [#0x07FFFFFC]!, {r3-r7} Thumb/ROM .N.
PASS: ldmia [#0x07FFFFFC]!, {r3-r7} Thumb/ROM PN.
PASS: ldmia [#0x07FFFFFC]!, {r3-r7} Thumb/ROM ..S
PASS: ldmia [#0x07FFFFFC]!, {r3-r7} Thumb/ROM P.S
PASS: ldmia [#0x07FFFFFC]!, {r3-r7} Thumb/ROM .NS
PASS: ldmia [#0x07FFFFFC]!, {r3-r7} Thumb/ROM PNS
PASS: ldmia [#0x07FFFFFC]!, {r3-r7} Thumb/WRAM
PASS: ldmia [#0x07FFFFFC]!, {r3-r7} Thumb/IWRAM
Timing test: ldmia [#0x07FFFFF8]!, {r3-r7}
PASS: ldmia [#0x07FFFFF8]!, {r3-r7} ARM/ROM ...
PASS: ldmia [#0x07FFFFF8]!, {r3-r7} ARM/ROM P..
PASS: ldmia [#0x07FFFFF8]!, {r3-r7} ARM/ROM .N.
PASS: ldmia [#0x07FFFFF8]!, {r3-r7} ARM/ROM PN.
PASS: ldmia [#0x07FFFFF8]!, {r3-r7} ARM/ROM ..S
PASS: ldmia [#0x07FFFFF8]!, {r3-r7} ARM/ROM P.S
PASS: ldmia [#0x07FFFFF8]!, {r3-r7} ARM/ROM .NS
PASS: ldmia [#0x07FFFFF8]!, {r3-r7} ARM/ROM PNS
PASS: ldmia [#0x07FFFFF8]!, {r3-r7} ARM/WRAM
PASS: ldmia [#0x07FFFFF8]!, {r3-r7} ARM/IWRAM
PASS: ldmia [#0x07FFFFF8]!, {r3-r7} Thumb/ROM ...
PASS: ldmia [#0x07FFFFF8]!, {r3-r7} Thumb/ROM P..
PASS: ldmia [#0x07FFFFF8]!, {r3-r7} Thumb/ROM .N.
PASS: ldmia [#0x07FFFFF8]!, {r3-r7} Thumb/ROM PN.
PASS: ldmia [#0x07FFFFF8]!, {r3-r7} Thumb/ROM ..S
PASS: ldmia [#0x07FFFFF8]!, {r3-r7} Thumb/ROM P.S
PASS: ldmia [#0x07FFFFF8]!, {r3-r7} Thumb/ROM .NS
PASS: ldmia [#0x07FFFFF8]!, {r3-r7} Thumb/ROM PNS
PASS: ldmia [#0x07FFFFF8]!, {r3-r7} Thumb/WRAM
PASS: ldmia [#0x07FFFFF8]!, {r3-r7} Thumb/IWRAM
Timing test: ldmia [#0x07FFFFF4]!, {r3-r7}
PASS: ldmia [#0x07FFFFF4]!, {r3-r7} ARM/ROM ...
PASS: ldmia [#0x07FFFFF4]!, {r3-r7} ARM/ROM P..
PASS: ldmia [#0x07FFFFF4]!, {r3-r7} ARM/ROM .N.
PASS: ldmia [#0x07FFFFF4]!, {r3-r7} ARM/ROM PN.
PASS: ldmia [#0x07FFFFF4]!, {r3-r7} ARM/ROM ..S
PASS: ldmia [#0x07FFFFF4]!, {r3-r7} ARM/ROM P.S
PASS: ldmia [#0x07FFFFF4]!, {r3-r7} ARM/ROM .NS
PASS: ldmia [#0x07FFFFF4]!, {r3-r7} ARM/ROM PNS
PASS: ldmia [#0x07FFFFF4]!, {r3-r7} ARM/WRAM
PASS: ldmia [#0x07FFFFF4]!, {r3-r7} ARM/IWRAM
PASS: ldmia [#0x07FFFFF4]!, {r3-r7} Thumb/ROM ...
PASS: ldmia [#0x07FFFFF4]!, {r3-r7} Thumb/ROM P..
PASS: ldmia [#0x07FFFFF4]!, {r3-r7} Thumb/ROM .N.
PASS: ldmia [#0x07FFFFF4]!, {r3-r7} Thumb/ROM PN.
PASS: ldmia [#0x07FFFFF4]!, {r3-r7} Thumb/ROM ..S
PASS: ldmia [#0x07FFFFF4]!, {r3-r7} Thumb/ROM P.S
PASS: ldmia [#0x07FFFFF4]!, {r3-r7} Thumb/ROM .NS
PASS: ldmia [#0x07FFFFF4]!, {r3-r7} Thumb/ROM PNS
PASS: ldmia [#0x07FFFFF4]!, {r3-r7} Thumb/WRAM
PASS: ldmia [#0x07FFFFF4]!, {r3-r7} Thumb/IWRAM
Timing test: ldmia [#0x07FFFFF0]!, {r3-r7}
PASS: ldmia [#0x07FFFFF0]!, {r3-r7} ARM/ROM ...
PASS: ldmia [#0x07FFFFF0]!, {r3-r7} ARM/ROM P..
PASS: ldmia [#0x07FFFFF0]!, {r3-r7} ARM/ROM .N.
PASS: ldmia [#0x07FFFFF0]!, {r3-r7} ARM/ROM PN.
PASS: ldmia [#0x07FFFFF0]!, {r3-r7} ARM/ROM ..S
PASS: ldmia [#0x07FFFFF0]!, {r3-r7} ARM/ROM P.S
PASS: ldmia [#0x07FFFFF0]!, {r3-r7} ARM/ROM .NS
PASS: ldmia [#0x07FFFFF0]!, {r3-r7} ARM/ROM PNS
PASS: ldmia [#0x07FFFFF0]!, {r3-r7} ARM/WRAM
PASS: ldmia [#0x07FFFFF0]!, {r3-r7} ARM/IWRAM
PASS: ldmia [#0x07FFFFF0]!, {r3-r7} Thumb/ROM ...
PASS: ldmia [#0x07FFFFF0]!, {r3-r7} Thumb/ROM P..
PASS: ldmia [#0x07FFFFF0]!, {r3-r7} Thumb/ROM .N.
PASS: ldmia [#0x07FFFFF0]!, {r3-r7} Thumb/ROM PN.
PASS: ldmia [#0x07FFFFF0]!, {r3-r7} Thumb/ROM ..S
PASS: ldmia [#0x07FFFFF0]!, {r3-r7} Thumb/ROM P.S
PASS: ldmia [#0x07FFFFF0]!, {r3-r7} Thumb/ROM .NS
PASS: ldmia [#0x07FFFFF0]!, {r3-r7} Thumb/ROM PNS
PASS: ldmia [#0x07FFFFF0]!, {r3-r7} Thumb/WRAM
PASS: ldmia [#0x07FFFFF0]!, {r3-r7} Thumb/IWRAM
Timing test: ldmia [#0x07FFFFEC]!, {r3-r7}
PASS: ldmia [#0x07FFFFEC]!, {r3-r7} ARM/ROM ...
PASS: ldmia [#0x07FFFFEC]!, {r3-r7} ARM/ROM P..
PASS: ldmia [#0x07FFFFEC]!, {r3-r7} ARM/ROM .N.
PASS: ldmia [#0x07FFFFEC]!, {r3-r7} ARM/ROM PN.
PASS: ldmia [#0x07FFFFEC]!, {r3-r7} ARM/ROM ..S
PASS: ldmia [#0x07FFFFEC]!, {r3-r7} ARM/ROM P.S
PASS: ldmia [#0x07FFFFEC]!, {r3-r7} ARM/ROM .NS
PASS: ldmia [#0x07FFFFEC]!, {r3-r7} ARM/ROM PNS
PASS: ldmia [#0x07FFFFEC]!, {r3-r7} ARM/WRAM
PASS: ldmia [#0x07FFFFEC]!, {r3-r7} ARM/IWRAM
PASS: ldmia [#0x07FFFFEC]!, {r3-r7} Thumb/ROM ...
PASS: ldmia [#0x07FFFFEC]!, {r3-r7} Thumb/ROM P..
PASS: ldmia [#0x07FFFFEC]!, {r3-r7} Thumb/ROM .N.
PASS: ldmia [#0x07FFFFEC]!, {r3-r7} Thumb/ROM PN.
PASS: ldmia [#0x07FFFFEC]!, {r3-r7} Thumb/ROM ..S
PASS: ldmia [#0x07FFFFEC]!, {r3-r7} Thumb/ROM P.S
PASS: ldmia [#0x07FFFFEC]!, {r3-r7} Thumb/ROM .NS
PASS: ldmia [#0x07FFFFEC]!, {r3-r7} Thumb/ROM PNS
PASS: ldmia [#0x07FFFFEC]!, {r3-r7} Thumb/WRAM
PASS: ldmia [#0x07FFFFEC]!, {r3-r7} Thumb/IWRAM
Timing test: mul #0x00000000, #0xFF
PASS: mul #0x00000000, #0xFF ARM/ROM ...
PASS: mul #0x00000000, #0xFF ARM/ROM P..
PASS: mul #0x00000000, #0xFF ARM/ROM .N.
PASS: mul #0x00000000, #0xFF ARM/ROM PN.
PASS: mul #0x00000000, #0xFF ARM/ROM ..S
PASS: mul #0x00000000, #0xFF ARM/ROM P.S
PASS: mul #0x00000000, #0xFF ARM/ROM .NS
PASS: mul #0x00000000, #0xFF ARM/ROM PNS
PASS: mul #0x00000000, #0xFF ARM/WRAM
PASS: mul #0x00000000, #0xFF ARM/IWRAM
PASS: mul #0x00000000, #0xFF Thumb/ROM ...
PASS: mul #0x00000000, #0xFF Thumb/ROM P..
PASS: mul #0x00000000, #0xFF Thumb/ROM .N.
PASS: mul #0x00000000, #0xFF Thumb/ROM PN.
PASS: mul #0x00000000, #0xFF Thumb/ROM ..S
PASS: mul #0x00000000, #0xFF Thumb/ROM P.S
PASS: mul #0x00000000, #0xFF Thumb/ROM .NS
PASS: mul #0x00000000, #0xFF Thumb/ROM PNS
PASS: mul #0x00000000, #0xFF Thumb/WRAM
PASS: mul #0x00000000, #0xFF Thumb/IWRAM
Timing test: mul #0x00000078, #0xFF
PASS: mul #0x00000078, #0xFF ARM/ROM ...
PASS: mul #0x00000078, #0xFF ARM/ROM P..
PASS: mul #0x00000078, #0xFF ARM/ROM .N.
PASS: mul #0x00000078, #0xFF ARM/ROM PN.
PASS: mul #0x00000078, #0xFF ARM/ROM ..S
PASS: mul #0x00000078, #0xFF ARM/ROM P.S
PASS: mul #0x00000078, #0xFF ARM/ROM .NS
PASS: mul #0x00000078, #0xFF ARM/ROM PNS
PASS: mul #0x00000078, #0xFF ARM/WRAM
PASS: mul #0x00000078, #0xFF ARM/IWRAM
PASS: mul #0x00000078, #0xFF Thumb/ROM ...
PASS: mul #0x00000078, #0xFF Thumb/ROM P..
PASS: mul #0x00000078, #0xFF Thumb/ROM .N.
PASS: mul #0x00000078, #0xFF Thumb/ROM PN.
PASS: mul #0x00000078, #0xFF Thumb/ROM ..S
PASS: mul #0x00000078, #0xFF Thumb/ROM P.S
PASS: mul #0x00000078, #0xFF Thumb/ROM .NS
PASS: mul #0x00000078, #0xFF Thumb/ROM PNS
PASS: mul #0x00000078, #0xFF Thumb/WRAM
PASS: mul #0x00000078, #0xFF Thumb/IWRAM
Timing test: mul #0x00005678, #0xFF
PASS: mul #0x00005678, #0xFF ARM/ROM ...
PASS: mul #0x00005678, #0xFF ARM/ROM P..
PASS: mul #0x00005678, #0xFF ARM/ROM .N.
PASS: mul #0x00005678, #0xFF ARM/ROM PN.
PASS: mul #0x00005678, #0xFF ARM/ROM ..S
PASS: mul #0x00005678, #0xFF ARM/ROM P.S
PASS: mul #0x00005678, #0xFF ARM/ROM .NS
PASS: mul #0x00005678, #0xFF ARM/ROM PNS
PASS: mul #0x00005678, #0xFF ARM/WRAM
PASS: mul #0x00005678, #0xFF ARM/IWRAM
PASS: mul #0x00005678, #0xFF Thumb/ROM ...
PASS: mul #0x00005678, #0xFF Thumb/ROM P..
PASS: mul #0x00005678, #0xFF Thumb/ROM .N.
PASS: mul #0x00005678, #0xFF Thumb/ROM PN.
PASS: mul #0x00005678, #0xFF Thumb/ROM ..S
PASS: mul #0x00005678, #0xFF Thumb/ROM P.S
PASS: mul #0x00005678, #0xFF Thumb/ROM .NS
PASS: mul #0x00005678, #0xFF Thumb/ROM PNS
PASS: mul #0x00005678, #0xFF Thumb/WRAM
PASS: mul #0x00005678, #0xFF Thumb/IWRAM
Timing test: mul #0x00345678, #0xFF
PASS: mul #0x00345678, #0xFF ARM/ROM ...
PASS: mul #0x00345678, #0xFF ARM/ROM P..
PASS: mul #0x00345678, #0xFF ARM/ROM .N.
PASS: mul #0x00345678, #0xFF ARM/ROM PN.
PASS: mul #0x00345678, #0xFF ARM/ROM ..S
PASS: mul #0x00345678, #0xFF ARM/ROM P.S
PASS: mul #0x00345678, #0xFF ARM/ROM .NS
PASS: mul #0x00345678, #0xFF ARM/ROM PNS
PASS: mul #0x00345678, #0xFF ARM/WRAM
PASS: mul #0x00345678, #0xFF ARM/IWRAM
PASS: mul #0x00345678, #0xFF Thumb/ROM ...
PASS: mul #0x00345678, #0xFF Thumb/ROM P..
PASS: mul #0x00345678, #0xFF Thumb/ROM .N.
PASS: mul #0x00345678, #0xFF Thumb/ROM PN.
PASS: mul #0x00345678, #0xFF Thumb/ROM ..S
PASS: mul #0x00345678, #0xFF Thumb/ROM P.S
PASS: mul #0x00345678, #0xFF Thumb/ROM .NS
PASS: mul #0x00345678, #0xFF Thumb/ROM PNS
PASS: mul #0x00345678, #0xFF Thumb/WRAM
PASS: mul #0x00345678, #0xFF Thumb/IWRAM
Timing test: mul #0x12345678, #0xFF
PASS: mul #0x12345678, #0xFF ARM/ROM ...
PASS: mul #0x12345678, #0xFF ARM/ROM P..
PASS: mul #0x12345678, #0xFF ARM/ROM .N.
PASS: mul #0x12345678, #0xFF ARM/ROM PN.
PASS: mul #0x12345678, #0xFF ARM/ROM ..S
PASS: mul #0x12345678, #0xFF ARM/ROM P.S
PASS: mul #0x12345678, #0xFF ARM/ROM .NS
PASS: mul #0x12345678, #0xFF ARM/ROM PNS
PASS: mul #0x12345678, #0xFF ARM/WRAM
PASS: mul #0x12345678, #0xFF ARM/IWRAM
PASS: mul #0x12345678, #0xFF Thumb/ROM ...
PASS: mul #0x12345678, #0xFF Thumb/ROM P..
PASS: mul #0x12345678, #0xFF Thumb/ROM .N.
PASS: mul #0x12345678, #0xFF Thumb/ROM PN.
PASS: mul #0x12345678, #0xFF Thumb/ROM ..S
PASS: mul #0x12345678, #0xFF Thumb/ROM P.S
PASS: mul #0x12345678, #0xFF Thumb/ROM .NS
PASS: mul #0x12345678, #0xFF Thumb/ROM PNS
PASS: mul #0x12345678, #0xFF Thumb/WRAM
PASS: mul #0x12345678, #0xFF Thumb/IWRAM
Timing test: mul #0xFF000000, #0xFF
PASS: mul #0xFF000000, #0xFF ARM/ROM ...
PASS: mul #0xFF000000, #0xFF ARM/ROM P..
PASS: mul #0xFF000000, #0xFF ARM/ROM .N.
PASS: mul #0xFF000000, #0xFF ARM/ROM PN.
PASS: mul #0xFF000000, #0xFF ARM/ROM ..S
PASS: mul #0xFF000000, #0xFF ARM/ROM P.S
PASS: mul #0xFF000000, #0xFF ARM/ROM .NS
PASS: mul #0xFF000000, #0xFF ARM/ROM PNS
PASS: mul #0xFF000000, #0xFF ARM/WRAM
PASS: mul #0xFF000000, #0xFF ARM/IWRAM
PASS: mul #0xFF000000, #0xFF Thumb/ROM ...
PASS: mul #0xFF000000, #0xFF Thumb/ROM P..
PASS: mul #0xFF000000, #0xFF Thumb/ROM .N.
PASS: mul #0xFF000000, #0xFF Thumb/ROM PN.
PASS: mul #0xFF000000, #0xFF Thumb/ROM ..S
PASS: mul #0xFF000000, #0xFF Thumb/ROM P.S
PASS: mul #0xFF000000, #0xFF Thumb/ROM .NS
PASS: mul #0xFF000000, #0xFF Thumb/ROM PNS
PASS: mul #0xFF000000, #0xFF Thumb/WRAM
PASS: mul #0xFF000000, #0xFF Thumb/IWRAM
Timing test: mul #0xFFFF0000, #0xFF
PASS: mul #0xFFFF0000, #0xFF ARM/ROM ...
PASS: mul #0xFFFF0000, #0xFF ARM/ROM P..
PASS: mul #0xFFFF0000, #0xFF ARM/ROM .N.
PASS: mul #0xFFFF0000, #0xFF ARM/ROM PN.
PASS: mul #0xFFFF0000, #0xFF ARM/ROM ..S
PASS: mul #0xFFFF0000, #0xFF ARM/ROM P.S
PASS: mul #0xFFFF0000, #0xFF ARM/ROM .NS
PASS: mul #0xFFFF0000, #0xFF ARM/ROM PNS
PASS: mul #0xFFFF0000, #0xFF ARM/WRAM
PASS: mul #0xFFFF0000, #0xFF ARM/IWRAM
PASS: mul #0xFFFF0000, #0xFF Thumb/ROM ...
PASS: mul #0xFFFF0000, #0xFF Thumb/ROM P..
PASS: mul #0xFFFF0000, #0xFF Thumb/ROM .N.
PASS: mul #0xFFFF0000, #0xFF Thumb/ROM PN.
PASS: mul #0xFFFF0000, #0xFF Thumb/ROM ..S
PASS: mul #0xFFFF0000, #0xFF Thumb/ROM P.S
PASS: mul #0xFFFF0000, #0xFF Thumb/ROM .NS
PASS: mul #0xFFFF0000, #0xFF Thumb/ROM PNS
PASS: mul #0xFFFF0000, #0xFF Thumb/WRAM
PASS: mul #0xFFFF0000, #0xFF Thumb/IWRAM
Timing test: mul #0xFFFFFF00, #0xFF
PASS: mul #0xFFFFFF00, #0xFF ARM/ROM ...
PASS: mul #0xFFFFFF00, #0xFF ARM/ROM P..
PASS: mul #0xFFFFFF00, #0xFF ARM/ROM .N.
PASS: mul #0xFFFFFF00, #0xFF ARM/ROM PN.
PASS: mul #0xFFFFFF00, #0xFF ARM/ROM ..S
PASS: mul #0xFFFFFF00, #0xFF ARM/ROM P.S
PASS: mul #0xFFFFFF00, #0xFF ARM/ROM .NS
PASS: mul #0xFFFFFF00, #0xFF ARM/ROM PNS
PASS: mul #0xFFFFFF00, #0xFF ARM/WRAM
PASS: mul #0xFFFFFF00, #0xFF ARM/IWRAM
PASS: mul #0xFFFFFF00, #0xFF Thumb/ROM ...
PASS: mul #0xFFFFFF00, #0xFF Thumb/ROM P..
PASS: mul #0xFFFFFF00, #0xFF Thumb/ROM .N.
PASS: mul #0xFFFFFF00, #0xFF Thumb/ROM PN.
PASS: mul #0xFFFFFF00, #0xFF Thumb/ROM ..S
PASS: mul #0xFFFFFF00, #0xFF Thumb/ROM P.S
PASS: mul #0xFFFFFF00, #0xFF Thumb/ROM .NS
PASS: mul #0xFFFFFF00, #0xFF Thumb/ROM PNS
PASS: mul #0xFFFFFF00, #0xFF Thumb/WRAM
PASS: mul #0xFFFFFF00, #0xFF Thumb/IWRAM
Timing test: mul #0xFFFFFFFF, #0xFF
PASS: mul #0xFFFFFFFF, #0xFF ARM/ROM ...
PASS: mul #0xFFFFFFFF, #0xFF ARM/ROM P..
PASS: mul #0xFFFFFFFF, #0xFF ARM/ROM .N.
PASS: mul #0xFFFFFFFF, #0xFF ARM/ROM PN.
PASS: mul #0xFFFFFFFF, #0xFF ARM/ROM ..S
PASS: mul #0xFFFFFFFF, #0xFF ARM/ROM P.S
PASS: mul #0xFFFFFFFF, #0xFF ARM/ROM .NS
PASS: mul #0xFFFFFFFF, #0xFF ARM/ROM PNS
PASS: mul #0xFFFFFFFF, #0xFF ARM/WRAM
PASS: mul #0xFFFFFFFF, #0xFF ARM/IWRAM
PASS: mul #0xFFFFFFFF, #0xFF Thumb/ROM ...
PASS: mul #0xFFFFFFFF, #0xFF Thumb/ROM P..
PASS: mul #0xFFFFFFFF, #0xFF Thumb/ROM .N.
PASS: mul #0xFFFFFFFF, #0xFF Thumb/ROM PN.
PASS: mul #0xFFFFFFFF, #0xFF Thumb/ROM ..S
PASS: mul #0xFFFFFFFF, #0xFF Thumb/ROM P.S
PASS: mul #0xFFFFFFFF, #0xFF Thumb/ROM .NS
PASS: mul #0xFFFFFFFF, #0xFF Thumb/ROM PNS
PASS: mul #0xFFFFFFFF, #0xFF Thumb/WRAM
PASS: mul #0xFFFFFFFF, #0xFF Thumb/IWRAM
Timing test: mul #0xFFFFFFFF, #0x00
PASS: mul #0xFFFFFFFF, #0x00 ARM/ROM ...
PASS: mul #0xFFFFFFFF, #0x00 ARM/ROM P..
PASS: mul #0xFFFFFFFF, #0x00 ARM/ROM .N.
PASS: mul #0xFFFFFFFF, #0x00 ARM/ROM PN.
PASS: mul #0xFFFFFFFF, #0x00 ARM/ROM ..S
PASS: mul #0xFFFFFFFF, #0x00 ARM/ROM P.S
PASS: mul #0xFFFFFFFF, #0x00 ARM/ROM .NS
PASS: mul #0xFFFFFFFF, #0x00 ARM/ROM PNS
PASS: mul #0xFFFFFFFF, #0x00 ARM/WRAM
PASS: mul #0xFFFFFFFF, #0x00 ARM/IWRAM
PASS: mul #0xFFFFFFFF, #0x00 Thumb/ROM ...
PASS: mul #0xFFFFFFFF, #0x00 Thumb/ROM P..
PASS: mul #0xFFFFFFFF, #0x00 Thumb/ROM .N.
PASS: mul #0xFFFFFFFF, #0x00 Thumb/ROM PN.
PASS: mul #0xFFFFFFFF, #0x00 Thumb/ROM ..S
PASS: mul #0xFFFFFFFF, #0x00 Thumb/ROM P.S
PASS: mul #0xFFFFFFFF, #0x00 Thumb/ROM .NS
PASS: mul #0xFFFFFFFF, #0x00 Thumb/ROM PNS
PASS: mul #0xFFFFFFFF, #0x00 Thumb/WRAM
PASS: mul #0xFFFFFFFF, #0x00 Thumb/IWRAM
Timing test: mla #0x00000000, #0xFF
PASS: mla #0x00000000, #0xFF ARM/ROM ...
PASS: mla #0x00000000, #0xFF ARM/ROM P..
PASS: mla #0x00000000, #0xFF ARM/ROM .N.
PASS: mla #0x00000000, #0xFF ARM/ROM PN.
PASS: mla #0x00000000, #0xFF ARM/ROM ..S
PASS: mla #0x00000000, #0xFF ARM/ROM P.S
PASS: mla #0x00000000, #0xFF ARM/ROM .NS
PASS: mla #0x00000000, #0xFF ARM/ROM PNS
PASS: mla #0x00000000, #0xFF ARM/WRAM
PASS: mla #0x00000000, #0xFF ARM/IWRAM
Timing test: mla #0x00000078, #0xFF
PASS: mla #0x00000078, #0xFF ARM/ROM ...
PASS: mla #0x00000078, #0xFF ARM/ROM P..
PASS: mla #0x00000078, #0xFF ARM/ROM .N.
PASS: mla #0x00000078, #0xFF ARM/ROM PN.
PASS: mla #0x00000078, #0xFF ARM/ROM ..S
PASS: mla #0x00000078, #0xFF ARM/ROM P.S
PASS: mla #0x00000078, #0xFF ARM/ROM .NS
PASS: mla #0x00000078, #0xFF ARM/ROM PNS
PASS: mla #0x00000078, #0xFF ARM/WRAM
PASS: mla #0x00000078, #0xFF ARM/IWRAM
Timing test: mla #0x00005678, #0xFF
PASS: mla #0x00005678, #0xFF ARM/ROM ...
PASS: mla #0x00005678, #0xFF ARM/ROM P..
PASS: mla #0x00005678, #0xFF ARM/ROM .N.
PASS: mla #0x00005678, #0xFF ARM/ROM PN.
PASS: mla #0x00005678, #0xFF ARM/ROM ..S
PASS: mla #0x00005678, #0xFF ARM/ROM P.S
PASS: mla #0x00005678, #0xFF ARM/ROM .NS
PASS: mla #0x00005678, #0xFF ARM/ROM PNS
PASS: mla #0x00005678, #0xFF ARM/WRAM
PASS: mla #0x00005678, #0xFF ARM/IWRAM
Timing test: mla #0x00345678, #0xFF
PASS: mla #0x00345678, #0xFF ARM/ROM ...
PASS: mla #0x00345678, #0xFF ARM/ROM P..
PASS: mla #0x00345678, #0xFF ARM/ROM .N.
PASS: mla #0x00345678, #0xFF ARM/ROM PN.
PASS: mla #0x00345678, #0xFF ARM/ROM ..S
PASS: mla #0x00345678, #0xFF ARM/ROM P.S
PASS: mla #0x00345678, #0xFF ARM/ROM .NS
PASS: mla #0x00345678, #0xFF ARM/ROM PNS
PASS: mla #0x00345678, #0xFF ARM/WRAM
PASS: mla #0x00345678, #0xFF ARM/IWRAM
Timing test: mla #0x12345678, #0xFF
PASS: mla #0x12345678, #0xFF ARM/ROM ...
PASS: mla #0x12345678, #0xFF ARM/ROM P..
PASS: mla #0x12345678, #0xFF ARM/ROM .N.
PASS: mla #0x12345678, #0xFF ARM/ROM PN.
PASS: mla #0x12345678, #0xFF ARM/ROM ..S
PASS: mla #0x12345678, #0xFF ARM/ROM P.S
PASS: mla #0x12345678, #0xFF ARM/ROM .NS
PASS: mla #0x12345678, #0xFF ARM/ROM PNS
PASS: mla #0x12345678, #0xFF ARM/WRAM
PASS: mla #0x12345678, #0xFF ARM/IWRAM
Timing test: mla #0xFF000000, #0xFF
PASS: mla #0xFF000000, #0xFF ARM/ROM ...
PASS: mla #0xFF000000, #0xFF ARM/ROM P..
PASS: mla #0xFF000000, #0xFF ARM/ROM .N.
PASS: mla #0xFF000000, #0xFF ARM/ROM PN.
PASS: mla #0xFF000000, #0xFF ARM/ROM ..S
PASS: mla #0xFF000000, #0xFF ARM/ROM P.S
PASS: mla #0xFF000000, #0xFF ARM/ROM .NS
PASS: mla #0xFF000000, #0xFF ARM/ROM PNS
PASS: mla #0xFF000000, #0xFF ARM/WRAM
PASS: mla #0xFF000000, #0xFF ARM/IWRAM
Timing test: mla #0xFFFF0000, #0xFF
PASS: mla #0xFFFF0000, #0xFF ARM/ROM ...
PASS: mla #0xFFFF0000, #0xFF ARM/ROM P..
PASS: mla #0xFFFF0000, #0xFF ARM/ROM .N.
PASS: mla #0xFFFF0000, #0xFF ARM/ROM PN.
PASS: mla #0xFFFF0000, #0xFF ARM/ROM ..S
PASS: mla #0xFFFF0000, #0xFF ARM/ROM P.S
PASS: mla #0xFFFF0000, #0xFF ARM/ROM .NS
PASS: mla #0xFFFF0000, #0xFF ARM/ROM PNS
PASS: mla #0xFFFF0000, #0xFF ARM/WRAM
PASS: mla #0xFFFF0000, #0xFF ARM/IWRAM
Timing test: mla #0xFFFFFF00, #0xFF
PASS: mla #0xFFFFFF00, #0xFF ARM/ROM ...
PASS: mla #0xFFFFFF00, #0xFF ARM/ROM P..
PASS: mla #0xFFFFFF00, #0xFF ARM/ROM .N.
PASS: mla #0xFFFFFF00, #0xFF ARM/ROM PN.
PASS: mla #0xFFFFFF00, #0xFF ARM/ROM ..S
PASS: mla #0xFFFFFF00, #0xFF ARM/ROM P.S
PASS: mla #0xFFFFFF00, #0xFF ARM/ROM .NS
PASS: mla #0xFFFFFF00, #0xFF ARM/ROM PNS
PASS: mla #0xFFFFFF00, #0xFF ARM/WRAM
PASS: mla #0xFFFFFF00, #0xFF ARM/IWRAM
Timing test: mla #0xFFFFFFFF, #0xFF
PASS: mla #0xFFFFFFFF, #0xFF ARM/ROM ...
PASS: mla #0xFFFFFFFF, #0xFF ARM/ROM P..
PASS: mla #0xFFFFFFFF, #0xFF ARM/ROM .N.
PASS: mla #0xFFFFFFFF, #0xFF ARM/ROM PN.
PASS: mla #0xFFFFFFFF, #0xFF ARM/ROM ..S
PASS: mla #0xFFFFFFFF, #0xFF ARM/ROM P.S
PASS: mla #0xFFFFFFFF, #0xFF ARM/ROM .NS
PASS: mla #0xFFFFFFFF, #0xFF ARM/ROM PNS
PASS: mla #0xFFFFFFFF, #0xFF ARM/WRAM
PASS: mla #0xFFFFFFFF, #0xFF ARM/IWRAM
Timing test: mla #0xFFFFFFFF, #0x00
PASS: mla #0xFFFFFFFF, #0x00 ARM/ROM ...
PASS: mla #0xFFFFFFFF, #0x00 ARM/ROM P..
PASS: mla #0xFFFFFFFF, #0x00 ARM/ROM .N.
PASS: mla #0xFFFFFFFF, #0x00 ARM/ROM PN.
PASS: mla #0xFFFFFFFF, #0x00 ARM/ROM ..S
PASS: mla #0xFFFFFFFF, #0x00 ARM/ROM P.S
PASS: mla #0xFFFFFFFF, #0x00 ARM/ROM .NS
PASS: mla #0xFFFFFFFF, #0x00 ARM/ROM PNS
PASS: mla #0xFFFFFFFF, #0x00 ARM/WRAM
PASS: mla #0xFFFFFFFF, #0x00 ARM/IWRAM
Timing test: smull #0x00000000, #0xFF
PASS: smull #0x00000000, #0xFF ARM/ROM ...
PASS: smull #0x00000000, #0xFF ARM/ROM P..
PASS: smull #0x00000000, #0xFF ARM/ROM .N.
PASS: smull #0x00000000, #0xFF ARM/ROM PN.
PASS: smull #0x00000000, #0xFF ARM/ROM ..S
PASS: smull #0x00000000, #0xFF ARM/ROM P.S
PASS: smull #0x00000000, #0xFF ARM/ROM .NS
PASS: smull #0x00000000, #0xFF ARM/ROM PNS
PASS: smull #0x00000000, #0xFF ARM/WRAM
PASS: smull #0x00000000, #0xFF ARM/IWRAM
Timing test: smull #0x00000078, #0xFF
PASS: smull #0x00000078, #0xFF ARM/ROM ...
PASS: smull #0x00000078, #0xFF ARM/ROM P..
PASS: smull #0x00000078, #0xFF ARM/ROM .N.
PASS: smull #0x00000078, #0xFF ARM/ROM PN.
PASS: smull #0x00000078, #0xFF ARM/ROM ..S
PASS: smull #0x00000078, #0xFF ARM/ROM P.S
PASS: smull #0x00000078, #0xFF ARM/ROM .NS
PASS: smull #0x00000078, #0xFF ARM/ROM PNS
PASS: smull #0x00000078, #0xFF ARM/WRAM
PASS: smull #0x00000078, #0xFF ARM/IWRAM
Timing test: smull #0x00005678, #0xFF
PASS: smull #0x00005678, #0xFF ARM/ROM ...
PASS: smull #0x00005678, #0xFF ARM/ROM P..
PASS: smull #0x00005678, #0xFF ARM/ROM .N.
PASS: smull #0x00005678, #0xFF ARM/ROM PN.
PASS: smull #0x00005678, #0xFF ARM/ROM ..S
PASS: smull #0x00005678, #0xFF ARM/ROM P.S
PASS: smull #0x00005678, #0xFF ARM/ROM .NS
PASS: smull #0x00005678, #0xFF ARM/ROM PNS
PASS: smull #0x00005678, #0xFF ARM/WRAM
PASS: smull #0x00005678, #0xFF ARM/IWRAM
Timing test: smull #0x00345678, #0xFF
PASS: smull #0x00345678, #0xFF ARM/ROM ...
PASS: smull #0x00345678, #0xFF ARM/ROM P..
PASS: smull #0x00345678, #0xFF ARM/ROM .N.
PASS: smull #0x00345678, #0xFF ARM/ROM PN.
PASS: smull #0x00345678, #0xFF ARM/ROM ..S
PASS: smull #0x00345678, #0xFF ARM/ROM P.S
PASS: smull #0x00345678, #0xFF ARM/ROM .NS
PASS: smull #0x00345678, #0xFF ARM/ROM PNS
PASS: smull #0x00345678, #0xFF ARM/WRAM
PASS: smull #0x00345678, #0xFF ARM/IWRAM
Timing test: smull #0x12345678, #0xFF
PASS: smull #0x12345678, #0xFF ARM/ROM ...
PASS: smull #0x12345678, #0xFF ARM/ROM P..
PASS: smull #0x12345678, #0xFF ARM/ROM .N.
PASS: smull #0x12345678, #0xFF ARM/ROM PN.
PASS: smull #0x12345678, #0xFF ARM/ROM ..S
PASS: smull #0x12345678, #0xFF ARM/ROM P.S
PASS: smull #0x12345678, #0xFF ARM/ROM .NS
PASS: smull #0x12345678, #0xFF ARM/ROM PNS
PASS: smull #0x12345678, #0xFF ARM/WRAM
PASS: smull #0x12345678, #0xFF ARM/IWRAM
Timing test: smull #0xFF000000, #0xFF
PASS: smull #0xFF000000, #0xFF ARM/ROM ...
PASS: smull #0xFF000000, #0xFF ARM/ROM P..
PASS: smull #0xFF000000, #0xFF ARM/ROM .N.
PASS: smull #0xFF000000, #0xFF ARM/ROM PN.
PASS: smull #0xFF000000, #0xFF ARM/ROM ..S
PASS: smull #0xFF000000, #0xFF ARM/ROM P.S
PASS: smull #0xFF000000, #0xFF ARM/ROM .NS
PASS: smull #0xFF000000, #0xFF ARM/ROM PNS
PASS: smull #0xFF000000, #0xFF ARM/WRAM
PASS: smull #0xFF000000, #0xFF ARM/IWRAM
Timing test: smull #0xFFFF0000, #0xFF
PASS: smull #0xFFFF0000, #0xFF ARM/ROM ...
PASS: smull #0xFFFF0000, #0xFF ARM/ROM P..
PASS: smull #0xFFFF0000, #0xFF ARM/ROM .N.
PASS: smull #0xFFFF0000, #0xFF ARM/ROM PN.
PASS: smull #0xFFFF0000, #0xFF ARM/ROM ..S
PASS: smull #0xFFFF0000, #0xFF ARM/ROM P.S
PASS: smull #0xFFFF0000, #0xFF ARM/ROM .NS
PASS: smull #0xFFFF0000, #0xFF ARM/ROM PNS
PASS: smull #0xFFFF0000, #0xFF ARM/WRAM
PASS: smull #0xFFFF0000, #0xFF ARM/IWRAM
Timing test: smull #0xFFFFFF00, #0xFF
PASS: smull #0xFFFFFF00, #0xFF ARM/ROM ...
PASS: smull #0xFFFFFF00, #0xFF ARM/ROM P..
PASS: smull #0xFFFFFF00, #0xFF ARM/ROM .N.
PASS: smull #0xFFFFFF00, #0xFF ARM/ROM PN.
PASS: smull #0xFFFFFF00, #0xFF ARM/ROM ..S
PASS: smull #0xFFFFFF00, #0xFF ARM/ROM P.S
PASS: smull #0xFFFFFF00, #0xFF ARM/ROM .NS
PASS: smull #0xFFFFFF00, #0xFF ARM/ROM PNS
PASS: smull #0xFFFFFF00, #0xFF ARM/WRAM
PASS: smull #0xFFFFFF00, #0xFF ARM/IWRAM
Timing test: smull #0xFFFFFFFF, #0xFF
PASS: smull #0xFFFFFFFF, #0xFF ARM/ROM ...
PASS: smull #0xFFFFFFFF, #0xFF ARM/ROM P..
PASS: smull #0xFFFFFFFF, #0xFF ARM/ROM .N.
PASS: smull #0xFFFFFFFF, #0xFF ARM/ROM PN.
PASS: smull #0xFFFFFFFF, #0xFF ARM/ROM ..S
PASS: smull #0xFFFFFFFF, #0xFF ARM/ROM P.S
PASS: smull #0xFFFFFFFF, #0xFF ARM/ROM .NS
PASS: smull #0xFFFFFFFF, #0xFF ARM/ROM PNS
PASS: smull #0xFFFFFFFF, #0xFF ARM/WRAM
PASS: smull #0xFFFFFFFF, #0xFF ARM/IWRAM
Timing test: smull #0xFFFFFFFF, #0x00
PASS: smull #0xFFFFFFFF, #0x00 ARM/ROM ...
PASS: smull #0xFFFFFFFF, #0x00 ARM/ROM P..
PASS: smull #0xFFFFFFFF, #0x00 ARM/ROM .N.
PASS: smull #0xFFFFFFFF, #0x00 ARM/ROM PN.
PASS: smull #0xFFFFFFFF, #0x00 ARM/ROM ..S
PASS: smull #0xFFFFFFFF, #0x00 ARM/ROM P.S
PASS: smull #0xFFFFFFFF, #0x00 ARM/ROM .NS
PASS: smull #0xFFFFFFFF, #0x00 ARM/ROM PNS
PASS: smull #0xFFFFFFFF, #0x00 ARM/WRAM
PASS: smull #0xFFFFFFFF, #0x00 ARM/IWRAM
Timing test: smlal #0x00000000, #0xFF
PASS: smlal #0x00000000, #0xFF ARM/ROM ...
PASS: smlal #0x00000000, #0xFF ARM/ROM P..
PASS: smlal #0x00000000, #0xFF ARM/ROM .N.
PASS: smlal #0x00000000, #0xFF ARM/ROM PN.
PASS: smlal #0x00000000, #0xFF ARM/ROM ..S
PASS: smlal #0x00000000, #0xFF ARM/ROM P.S
PASS: smlal #0x00000000, #0xFF ARM/ROM .NS
PASS: smlal #0x00000000, #0xFF ARM/ROM PNS
PASS: smlal #0x00000000, #0xFF ARM/WRAM
PASS: smlal #0x00000000, #0xFF ARM/IWRAM
Timing test: smlal #0x00000078, #0xFF
PASS: smlal #0x00000078, #0xFF ARM/ROM ...
PASS: smlal #0x00000078, #0xFF ARM/ROM P..
PASS: smlal #0x00000078, #0xFF ARM/ROM .N.
PASS: smlal #0x00000078, #0xFF ARM/ROM PN.
PASS: smlal #0x00000078, #0xFF ARM/ROM ..S
PASS: smlal #0x00000078, #0xFF ARM/ROM P.S
PASS: smlal #0x00000078, #0xFF ARM/ROM .NS
PASS: smlal #0x00000078, #0xFF ARM/ROM PNS
PASS: smlal #0x00000078, #0xFF ARM/WRAM
PASS: smlal #0x00000078, #0xFF ARM/IWRAM
Timing test: smlal #0x00005678, #0xFF
PASS: smlal #0x00005678, #0xFF ARM/ROM ...
PASS: smlal #0x00005678, #0xFF ARM/ROM P..
PASS: smlal #0x00005678, #0xFF ARM/ROM .N.
PASS: smlal #0x00005678, #0xFF ARM/ROM PN.
PASS: smlal #0x00005678, #0xFF ARM/ROM ..S
PASS: smlal #0x00005678, #0xFF ARM/ROM P.S
PASS: smlal #0x00005678, #0xFF ARM/ROM .NS
PASS: smlal #0x00005678, #0xFF ARM/ROM PNS
PASS: smlal #0x00005678, #0xFF ARM/WRAM
PASS: smlal #0x00005678, #0xFF ARM/IWRAM
Timing test: smlal #0x00345678, #0xFF
PASS: smlal #0x00345678, #0xFF ARM/ROM ...
PASS: smlal #0x00345678, #0xFF ARM/ROM P..
PASS: smlal #0x00345678, #0xFF ARM/ROM .N.
PASS: smlal #0x00345678, #0xFF ARM/ROM PN.
PASS: smlal #0x00345678, #0xFF ARM/ROM ..S
PASS: smlal #0x00345678, #0xFF ARM/ROM P.S
PASS: smlal #0x00345678, #0xFF ARM/ROM .NS
PASS: smlal #0x00345678, #0xFF ARM/ROM PNS
PASS: smlal #0x00345678, #0xFF ARM/WRAM
PASS: smlal #0x00345678, #0xFF ARM/IWRAM
Timing test: smlal #0x12345678, #0xFF
PASS: smlal #0x12345678, #0xFF ARM/ROM ...
PASS: smlal #0x12345678, #0xFF ARM/ROM P..
PASS: smlal #0x12345678, #0xFF ARM/ROM .N.
PASS: smlal #0x12345678, #0xFF ARM/ROM PN.
PASS: smlal #0x12345678, #0xFF ARM/ROM ..S
PASS: smlal #0x12345678, #0xFF ARM/ROM P.S
PASS: smlal #0x12345678, #0xFF ARM/ROM .NS
PASS: smlal #0x12345678, #0xFF ARM/ROM PNS
PASS: smlal #0x12345678, #0xFF ARM/WRAM
PASS: smlal #0x12345678, #0xFF ARM/IWRAM
Timing test: smlal #0xFF000000, #0xFF
PASS: smlal #0xFF000000, #0xFF ARM/ROM ...
PASS: smlal #0xFF000000, #0xFF ARM/ROM P..
PASS: smlal #0xFF000000, #0xFF ARM/ROM .N.
PASS: smlal #0xFF000000, #0xFF ARM/ROM PN.
PASS: smlal #0xFF000000, #0xFF ARM/ROM ..S
PASS: smlal #0xFF000000, #0xFF ARM/ROM P.S
PASS: smlal #0xFF000000, #0xFF ARM/ROM .NS
PASS: smlal #0xFF000000, #0xFF ARM/ROM PNS
PASS: smlal #0xFF000000, #0xFF ARM/WRAM
PASS: smlal #0xFF000000, #0xFF ARM/IWRAM
Timing test: smlal #0xFFFF0000, #0xFF
PASS: smlal #0xFFFF0000, #0xFF ARM/ROM ...
PASS: smlal #0xFFFF0000, #0xFF ARM/ROM P..
PASS: smlal #0xFFFF0000, #0xFF ARM/ROM .N.
PASS: smlal #0xFFFF0000, #0xFF ARM/ROM PN.
PASS: smlal #0xFFFF0000, #0xFF ARM/ROM ..S
PASS: smlal #0xFFFF0000, #0xFF ARM/ROM P.S
PASS: smlal #0xFFFF0000, #0xFF ARM/ROM .NS
PASS: smlal #0xFFFF0000, #0xFF ARM/ROM PNS
PASS: smlal #0xFFFF0000, #0xFF ARM/WRAM
PASS: smlal #0xFFFF0000, #0xFF ARM/IWRAM
Timing test: smlal #0xFFFFFF00, #0xFF
PASS: smlal #0xFFFFFF00, #0xFF ARM/ROM ...
PASS: smlal #0xFFFFFF00, #0xFF ARM/ROM P..
PASS: smlal #0xFFFFFF00, #0xFF ARM/ROM .N.
PASS: smlal #0xFFFFFF00, #0xFF ARM/ROM PN.
PASS: smlal #0xFFFFFF00, #0xFF ARM/ROM ..S
PASS: smlal #0xFFFFFF00, #0xFF ARM/ROM P.S
PASS: smlal #0xFFFFFF00, #0xFF ARM/ROM .NS
PASS: smlal #0xFFFFFF00, #0xFF ARM/ROM PNS
PASS: smlal #0xFFFFFF00, #0xFF ARM/WRAM
PASS: smlal #0xFFFFFF00, #0xFF ARM/IWRAM
Timing test: smlal #0xFFFFFFFF, #0xFF
PASS: smlal #0xFFFFFFFF, #0xFF ARM/ROM ...
PASS: smlal #0xFFFFFFFF, #0xFF ARM/ROM P..
PASS: smlal #0xFFFFFFFF, #0xFF ARM/ROM .N.
PASS: smlal #0xFFFFFFFF, #0xFF ARM/ROM PN.
PASS: smlal #0xFFFFFFFF, #0xFF ARM/ROM ..S
PASS: smlal #0xFFFFFFFF, #0xFF ARM/ROM P.S
PASS: smlal #0xFFFFFFFF, #0xFF ARM/ROM .NS
PASS: smlal #0xFFFFFFFF, #0xFF ARM/ROM PNS
PASS: smlal #0xFFFFFFFF, #0xFF ARM/WRAM
PASS: smlal #0xFFFFFFFF, #0xFF ARM/IWRAM
Timing test: smlal #0xFFFFFFFF, #0x00
PASS: smlal #0xFFFFFFFF, #0x00 ARM/ROM ...
PASS: smlal #0xFFFFFFFF, #0x00 ARM/ROM P..
PASS: smlal #0xFFFFFFFF, #0x00 ARM/ROM .N.
PASS: smlal #0xFFFFFFFF, #0x00 ARM/ROM PN.
PASS: smlal #0xFFFFFFFF, #0x00 ARM/ROM ..S
PASS: smlal #0xFFFFFFFF, #0x00 ARM/ROM P.S
PASS: smlal #0xFFFFFFFF, #0x00 ARM/ROM .NS
PASS: smlal #0xFFFFFFFF, #0x00 ARM/ROM PNS
PASS: smlal #0xFFFFFFFF, #0x00 ARM/WRAM
PASS: smlal #0xFFFFFFFF, #0x00 ARM/IWRAM
Timing test: umull #0x00000000, #0xFF
PASS: umull #0x00000000, #0xFF ARM/ROM ...
PASS: umull #0x00000000, #0xFF ARM/ROM P..
PASS: umull #0x00000000, #0xFF ARM/ROM .N.
PASS: umull #0x00000000, #0xFF ARM/ROM PN.
PASS: umull #0x00000000, #0xFF ARM/ROM ..S
PASS: umull #0x00000000, #0xFF ARM/ROM P.S
PASS: umull #0x00000000, #0xFF ARM/ROM .NS
PASS: umull #0x00000000, #0xFF ARM/ROM PNS
PASS: umull #0x00000000, #0xFF ARM/WRAM
PASS: umull #0x00000000, #0xFF ARM/IWRAM
Timing test: umull #0x00000078, #0xFF
PASS: umull #0x00000078, #0xFF ARM/ROM ...
PASS: umull #0x00000078, #0xFF ARM/ROM P..
PASS: umull #0x00000078, #0xFF ARM/ROM .N.
PASS: umull #0x00000078, #0xFF ARM/ROM PN.
PASS: umull #0x00000078, #0xFF ARM/ROM ..S
PASS: umull #0x00000078, #0xFF ARM/ROM P.S
PASS: umull #0x00000078, #0xFF ARM/ROM .NS
PASS: umull #0x00000078, #0xFF ARM/ROM PNS
PASS: umull #0x00000078, #0xFF ARM/WRAM
PASS: umull #0x00000078, #0xFF ARM/IWRAM
Timing test: umull #0x00005678, #0xFF
PASS: umull #0x00005678, #0xFF ARM/ROM ...
PASS: umull #0x00005678, #0xFF ARM/ROM P..
PASS: umull #0x00005678, #0xFF ARM/ROM .N.
PASS: umull #0x00005678, #0xFF ARM/ROM PN.
PASS: umull #0x00005678, #0xFF ARM/ROM ..S
PASS: umull #0x00005678, #0xFF ARM/ROM P.S
PASS: umull #0x00005678, #0xFF ARM/ROM .NS
PASS: umull #0x00005678, #0xFF ARM/ROM PNS
PASS: umull #0x00005678, #0xFF ARM/WRAM
PASS: umull #0x00005678, #0xFF ARM/IWRAM
Timing test: umull #0x00345678, #0xFF
PASS: umull #0x00345678, #0xFF ARM/ROM ...
PASS: umull #0x00345678, #0xFF ARM/ROM P..
PASS: umull #0x00345678, #0xFF ARM/ROM .N.
PASS: umull #0x00345678, #0xFF ARM/ROM PN.
PASS: umull #0x00345678, #0xFF ARM/ROM ..S
PASS: umull #0x00345678, #0xFF ARM/ROM P.S
PASS: umull #0x00345678, #0xFF ARM/ROM .NS
PASS: umull #0x00345678, #0xFF ARM/ROM PNS
PASS: umull #0x00345678, #0xFF ARM/WRAM
PASS: umull #0x00345678, #0xFF ARM/IWRAM
Timing test: umull #0x12345678, #0xFF
PASS: umull #0x12345678, #0xFF ARM/ROM ...
PASS: umull #0x12345678, #0xFF ARM/ROM P..
PASS: umull #0x12345678, #0xFF ARM/ROM .N.
PASS: umull #0x12345678, #0xFF ARM/ROM PN.
PASS: umull #0x12345678, #0xFF ARM/ROM ..S
PASS: umull #0x12345678, #0xFF ARM/ROM P.S
PASS: umull #0x12345678, #0xFF ARM/ROM .NS
PASS: umull #0x12345678, #0xFF ARM/ROM PNS
PASS: umull #0x12345678, #0xFF ARM/WRAM
PASS: umull #0x12345678, #0xFF ARM/IWRAM
Timing test: umull #0xFF000000, #0xFF
PASS: umull #0xFF000000, #0xFF ARM/ROM ...
PASS: umull #0xFF000000, #0xFF ARM/ROM P..
PASS: umull #0xFF000000, #0xFF ARM/ROM .N.
PASS: umull #0xFF000000, #0xFF ARM/ROM PN.
PASS: umull #0xFF000000, #0xFF ARM/ROM ..S
PASS: umull #0xFF000000, #0xFF ARM/ROM P.S
PASS: umull #0xFF000000, #0xFF ARM/ROM .NS
PASS: umull #0xFF000000, #0xFF ARM/ROM PNS
PASS: umull #0xFF000000, #0xFF ARM/WRAM
PASS: umull #0xFF000000, #0xFF ARM/IWRAM
Timing test: umull #0xFFFF0000, #0xFF
PASS: umull #0xFFFF0000, #0xFF ARM/ROM ...
PASS: umull #0xFFFF0000, #0xFF ARM/ROM P..
PASS: umull #0xFFFF0000, #0xFF ARM/ROM .N.
PASS: umull #0xFFFF0000, #0xFF ARM/ROM PN.
PASS: umull #0xFFFF0000, #0xFF ARM/ROM ..S
PASS: umull #0xFFFF0000, #0xFF ARM/ROM P.S
PASS: umull #0xFFFF0000, #0xFF ARM/ROM .NS
PASS: umull #0xFFFF0000, #0xFF ARM/ROM PNS
PASS: umull #0xFFFF0000, #0xFF ARM/WRAM
PASS: umull #0xFFFF0000, #0xFF ARM/IWRAM
Timing test: umull #0xFFFFFF00, #0xFF
PASS: umull #0xFFFFFF00, #0xFF ARM/ROM ...
PASS: umull #0xFFFFFF00, #0xFF ARM/ROM P..
PASS: umull #0xFFFFFF00, #0xFF ARM/ROM .N.
PASS: umull #0xFFFFFF00, #0xFF ARM/ROM PN.
PASS: umull #0xFFFFFF00, #0xFF ARM/ROM ..S
PASS: umull #0xFFFFFF00, #0xFF ARM/ROM P.S
PASS: umull #0xFFFFFF00, #0xFF ARM/ROM .NS
PASS: umull #0xFFFFFF00, #0xFF ARM/ROM PNS
PASS: umull #0xFFFFFF00, #0xFF ARM/WRAM
PASS: umull #0xFFFFFF00, #0xFF ARM/IWRAM
Timing test: umull #0xFFFFFFFF, #0xFF
PASS: umull #0xFFFFFFFF, #0xFF ARM/ROM ...
PASS: umull #0xFFFFFFFF, #0xFF ARM/ROM P..
PASS: umull #0xFFFFFFFF, #0xFF ARM/ROM .N.
PASS: umull #0xFFFFFFFF, #0xFF ARM/ROM PN.
PASS: umull #0xFFFFFFFF, #0xFF ARM/ROM ..S
PASS: umull #0xFFFFFFFF, #0xFF ARM/ROM P.S
PASS: umull #0xFFFFFFFF, #0xFF ARM/ROM .NS
PASS: umull #0xFFFFFFFF, #0xFF ARM/ROM PNS
PASS: umull #0xFFFFFFFF, #0xFF ARM/WRAM
PASS: umull #0xFFFFFFFF, #0xFF ARM/IWRAM
Timing test: umull #0xFFFFFFFF, #0x00
PASS: umull #0xFFFFFFFF, #0x00 ARM/ROM ...
PASS: umull #0xFFFFFFFF, #0x00 ARM/ROM P..
PASS: umull #0xFFFFFFFF, #0x00 ARM/ROM .N.
PASS: umull #0xFFFFFFFF, #0x00 ARM/ROM PN.
PASS: umull #0xFFFFFFFF, #0x00 ARM/ROM ..S
PASS: umull #0xFFFFFFFF, #0x00 ARM/ROM P.S
PASS: umull #0xFFFFFFFF, #0x00 ARM/ROM .NS
PASS: umull #0xFFFFFFFF, #0x00 ARM/ROM PNS
PASS: umull #0xFFFFFFFF, #0x00 ARM/WRAM
PASS: umull #0xFFFFFFFF, #0x00 ARM/IWRAM
Timing test: umlal #0x00000000, #0xFF
PASS: umlal #0x00000000, #0xFF ARM/ROM ...
PASS: umlal #0x00000000, #0xFF ARM/ROM P..
PASS: umlal #0x00000000, #0xFF ARM/ROM .N.
PASS: umlal #0x00000000, #0xFF ARM/ROM PN.
PASS: umlal #0x00000000, #0xFF ARM/ROM ..S
PASS: umlal #0x00000000, #0xFF ARM/ROM P.S
PASS: umlal #0x00000000, #0xFF ARM/ROM .NS
PASS: umlal #0x00000000, #0xFF ARM/ROM PNS
PASS: umlal #0x00000000, #0xFF ARM/WRAM
PASS: umlal #0x00000000, #0xFF ARM/IWRAM
Timing test: umlal #0x00000078, #0xFF
PASS: umlal #0x00000078, #0xFF ARM/ROM ...
PASS: umlal #0x00000078, #0xFF ARM/ROM P..
PASS: umlal #0x00000078, #0xFF ARM/ROM .N.
PASS: umlal #0x00000078, #0xFF ARM/ROM PN.
PASS: umlal #0x00000078, #0xFF ARM/ROM ..S
PASS: umlal #0x00000078, #0xFF ARM/ROM P.S
PASS: umlal #0x00000078, #0xFF ARM/ROM .NS
PASS: umlal #0x00000078, #0xFF ARM/ROM PNS
PASS: umlal #0x00000078, #0xFF ARM/WRAM
PASS: umlal #0x00000078, #0xFF ARM/IWRAM
Timing test: umlal #0x00005678, #0xFF
PASS: umlal #0x00005678, #0xFF ARM/ROM ...
PASS: umlal #0x00005678, #0xFF ARM/ROM P..
PASS: umlal #0x00005678, #0xFF ARM/ROM .N.
PASS: umlal #0x00005678, #0xFF ARM/ROM PN.
PASS: umlal #0x00005678, #0xFF ARM/ROM ..S
PASS: umlal #0x00005678, #0xFF ARM/ROM P.S
PASS: umlal #0x00005678, #0xFF ARM/ROM .NS
PASS: umlal #0x00005678, #0xFF ARM/ROM PNS
PASS: umlal #0x00005678, #0xFF ARM/WRAM
PASS: umlal #0x00005678, #0xFF ARM/IWRAM
Timing test: umlal #0x00345678, #0xFF
PASS: umlal #0x00345678, #0xFF ARM/ROM ...
PASS: umlal #0x00345678, #0xFF ARM/ROM P..
PASS: umlal #0x00345678, #0xFF ARM/ROM .N.
PASS: umlal #0x00345678, #0xFF ARM/ROM PN.
PASS: umlal #0x00345678, #0xFF ARM/ROM ..S
PASS: umlal #0x00345678, #0xFF ARM/ROM P.S
PASS: umlal #0x00345678, #0xFF ARM/ROM .NS
PASS: umlal #0x00345678, #0xFF ARM/ROM PNS
PASS: umlal #0x00345678, #0xFF ARM/WRAM
PASS: umlal #0x00345678, #0xFF ARM/IWRAM
Timing test: umlal #0x12345678, #0xFF
PASS: umlal #0x12345678, #0xFF ARM/ROM ...
PASS: umlal #0x12345678, #0xFF ARM/ROM P..
PASS: umlal #0x12345678, #0xFF ARM/ROM .N.
PASS: umlal #0x12345678, #0xFF ARM/ROM PN.
PASS: umlal #0x12345678, #0xFF ARM/ROM ..S
PASS: umlal #0x12345678, #0xFF ARM/ROM P.S
PASS: umlal #0x12345678, #0xFF ARM/ROM .NS
PASS: umlal #0x12345678, #0xFF ARM/ROM PNS
PASS: umlal #0x12345678, #0xFF ARM/WRAM
PASS: umlal #0x12345678, #0xFF ARM/IWRAM
Timing test: umlal #0xFF000000, #0xFF
PASS: umlal #0xFF000000, #0xFF ARM/ROM ...
PASS: umlal #0xFF000000, #0xFF ARM/ROM P..
PASS: umlal #0xFF000000, #0xFF ARM/ROM .N.
PASS: umlal #0xFF000000, #0xFF ARM/ROM PN.
PASS: umlal #0xFF000000, #0xFF ARM/ROM ..S
PASS: umlal #0xFF000000, #0xFF ARM/ROM P.S
PASS: umlal #0xFF000000, #0xFF ARM/ROM .NS
PASS: umlal #0xFF000000, #0xFF ARM/ROM PNS
PASS: umlal #0xFF000000, #0xFF ARM/WRAM
PASS: umlal #0xFF000000, #0xFF ARM/IWRAM
Timing test: umlal #0xFFFF0000, #0xFF
PASS: umlal #0xFFFF0000, #0xFF ARM/ROM ...
PASS: umlal #0xFFFF0000, #0xFF ARM/ROM P..
PASS: umlal #0xFFFF0000, #0xFF ARM/ROM .N.
PASS: umlal #0xFFFF0000, #0xFF ARM/ROM PN.
PASS: umlal #0xFFFF0000, #0xFF ARM/ROM ..S
PASS: umlal #0xFFFF0000, #0xFF ARM/ROM P.S
PASS: umlal #0xFFFF0000, #0xFF ARM/ROM .NS
PASS: umlal #0xFFFF0000, #0xFF ARM/ROM PNS
PASS: umlal #0xFFFF0000, #0xFF ARM/WRAM
PASS: umlal #0xFFFF0000, #0xFF ARM/IWRAM
Timing test: umlal #0xFFFFFF00, #0xFF
PASS: umlal #0xFFFFFF00, #0xFF ARM/ROM ...
PASS: umlal #0xFFFFFF00, #0xFF ARM/ROM P..
PASS: umlal #0xFFFFFF00, #0xFF ARM/ROM .N.
PASS: umlal #0xFFFFFF00, #0xFF ARM/ROM PN.
PASS: umlal #0xFFFFFF00, #0xFF ARM/ROM ..S
PASS: umlal #0xFFFFFF00, #0xFF ARM/ROM P.S
PASS: umlal #0xFFFFFF00, #0xFF ARM/ROM .NS
PASS: umlal #0xFFFFFF00, #0xFF ARM/ROM PNS
PASS: umlal #0xFFFFFF00, #0xFF ARM/WRAM
PASS: umlal #0xFFFFFF00, #0xFF ARM/IWRAM
Timing test: umlal #0xFFFFFFFF, #0xFF
PASS: umlal #0xFFFFFFFF, #0xFF ARM/ROM ...
PASS: umlal #0xFFFFFFFF, #0xFF ARM/ROM P..
PASS: umlal #0xFFFFFFFF, #0xFF ARM/ROM .N.
PASS: umlal #0xFFFFFFFF, #0xFF ARM/ROM PN.
PASS: umlal #0xFFFFFFFF, #0xFF ARM/ROM ..S
PASS: umlal #0xFFFFFFFF, #0xFF ARM/ROM P.S
PASS: umlal #0xFFFFFFFF, #0xFF ARM/ROM .NS
PASS: umlal #0xFFFFFFFF, #0xFF ARM/ROM PNS
PASS: umlal #0xFFFFFFFF, #0xFF ARM/WRAM
PASS: umlal #0xFFFFFFFF, #0xFF ARM/IWRAM
Timing test: umlal #0xFFFFFFFF, #0x00
PASS: umlal #0xFFFFFFFF, #0x00 ARM/ROM ...
PASS: umlal #0xFFFFFFFF, #0x00 ARM/ROM P..
PASS: umlal #0xFFFFFFFF, #0x00 ARM/ROM .N.
PASS: umlal #0xFFFFFFFF, #0x00 ARM/ROM PN.
PASS: umlal #0xFFFFFFFF, #0x00 ARM/ROM ..S
PASS: umlal #0xFFFFFFFF, #0x00 ARM/ROM P.S
PASS: umlal #0xFFFFFFFF, #0x00 ARM/ROM .NS
PASS: umlal #0xFFFFFFFF, #0x00 ARM/ROM PNS
PASS: umlal #0xFFFFFFFF, #0x00 ARM/WRAM
PASS: umlal #0xFFFFFFFF, #0x00 ARM/IWRAM
Timing test: b pc
PASS: b pc ARM/ROM ...
PASS: b pc ARM/ROM P..
PASS: b pc ARM/ROM .N.
PASS: b pc ARM/ROM PN.
PASS: b pc ARM/ROM ..S
PASS: b pc ARM/ROM P.S
PASS: b pc ARM/ROM .NS
PASS: b pc ARM/ROM PNS
PASS: b pc ARM/WRAM
PASS: b pc ARM/IWRAM
PASS: b pc Thumb/ROM ...
PASS: b pc Thumb/ROM P..
PASS: b pc Thumb/ROM .N.
PASS: b pc Thumb/ROM PN.
PASS: b pc Thumb/ROM ..S
PASS: b pc Thumb/ROM P.S
PASS: b pc Thumb/ROM .NS
PASS: b pc Thumb/ROM PNS
PASS: b pc Thumb/WRAM
PASS: b pc Thumb/IWRAM
Timing test: nop ; b pc
PASS: nop ; b pc ARM/ROM ...
PASS: nop ; b pc ARM/ROM P..
PASS: nop ; b pc ARM/ROM .N.
PASS: nop ; b pc ARM/ROM PN.
PASS: nop ; b pc ARM/ROM ..S
PASS: nop ; b pc ARM/ROM P.S
PASS: nop ; b pc ARM/ROM .NS
PASS: nop ; b pc ARM/ROM PNS
PASS: nop ; b pc ARM/WRAM
PASS: nop ; b pc ARM/IWRAM
PASS: nop ; b pc Thumb/ROM ...
PASS: nop ; b pc Thumb/ROM P..
PASS: nop ; b pc Thumb/ROM .N.
PASS: nop ; b pc Thumb/ROM PN.
PASS: nop ; b pc Thumb/ROM ..S
PASS: nop ; b pc Thumb/ROM P.S
PASS: nop ; b pc Thumb/ROM .NS
PASS: nop ; b pc Thumb/ROM PNS
PASS: nop ; b pc Thumb/WRAM
PASS: nop ; b pc Thumb/IWRAM
Timing test: bx
PASS: bx ARM/ROM ...
PASS: bx ARM/ROM P..
PASS: bx ARM/ROM .N.
PASS: bx ARM/ROM PN.
PASS: bx ARM/ROM ..S
PASS: bx ARM/ROM P.S
PASS: bx ARM/ROM .NS
PASS: bx ARM/ROM PNS
PASS: bx ARM/WRAM
PASS: bx ARM/IWRAM
PASS: bx Thumb/ROM ...
PASS: bx Thumb/ROM P..
PASS: bx Thumb/ROM .N.
PASS: bx Thumb/ROM PN.
PASS: bx Thumb/ROM ..S
PASS: bx Thumb/ROM P.S
PASS: bx Thumb/ROM .NS
PASS: bx Thumb/ROM PNS
PASS: bx Thumb/WRAM
PASS: bx Thumb/IWRAM
Timing test: Trivial loop
PASS: Trivial loop ARM/ROM ...
PASS: Trivial loop ARM/ROM P..
PASS: Trivial loop ARM/ROM .N.
PASS: Trivial loop ARM/ROM PN.
PASS: Trivial loop ARM/ROM ..S
PASS: Trivial loop ARM/ROM P.S
PASS: Trivial loop ARM/ROM .NS
PASS: Trivial loop ARM/ROM PNS
PASS: Trivial loop ARM/WRAM
PASS: Trivial loop ARM/IWRAM
PASS: Trivial loop Thumb/ROM ...
PASS: Trivial loop Thumb/ROM P..
PASS: Trivial loop Thumb/ROM .N.
PASS: Trivial loop Thumb/ROM PN.
PASS: Trivial loop Thumb/ROM ..S
PASS: Trivial loop Thumb/ROM P.S
PASS: Trivial loop Thumb/ROM .NS
PASS: Trivial loop Thumb/ROM PNS
PASS: Trivial loop Thumb/WRAM
PASS: Trivial loop Thumb/IWRAM
Timing test: C loop
PASS: C loop ARM/ROM ...
PASS: C loop ARM/ROM P..
PASS: C loop ARM/ROM .N.
PASS: C loop ARM/ROM PN.
PASS: C loop ARM/ROM ..S
PASS: C loop ARM/ROM P.S
PASS: C loop ARM/ROM .NS
PASS: C loop ARM/ROM PNS
PASS: C loop ARM/WRAM
PASS: C loop ARM/IWRAM
PASS: C loop Thumb/ROM ...
PASS: C loop Thumb/ROM P..
PASS: C loop Thumb/ROM .N.
PASS: C loop Thumb/ROM PN.
PASS: C loop Thumb/ROM ..S
PASS: C loop Thumb/ROM P.S
PASS: C loop Thumb/ROM .NS
PASS: C loop Thumb/ROM PNS
PASS: C loop Thumb/WRAM
PASS: C loop Thumb/IWRAM
Timing test: BIOS Division
PASS: BIOS Division ARM/ROM ...
PASS: BIOS Division ARM/ROM P..
PASS: BIOS Division ARM/ROM .N.
PASS: BIOS Division ARM/ROM PN.
PASS: BIOS Division ARM/ROM ..S
PASS: BIOS Division ARM/ROM P.S
PASS: BIOS Division ARM/ROM .NS
PASS: BIOS Division ARM/ROM PNS
PASS: BIOS Division ARM/WRAM
PASS: BIOS Division ARM/IWRAM
PASS: BIOS Division Thumb/ROM ...
PASS: BIOS Division Thumb/ROM P..
PASS: BIOS Division Thumb/ROM .N.
PASS: BIOS Division Thumb/ROM PN.
PASS: BIOS Division Thumb/ROM ..S
PASS: BIOS Division Thumb/ROM P.S
PASS: BIOS Division Thumb/ROM .NS
PASS: BIOS Division Thumb/ROM PNS
PASS: BIOS Division Thumb/WRAM
PASS: BIOS Division Thumb/IWRAM
Timing test: BIOS Division 2
PASS: BIOS Division 2 ARM/ROM ...
PASS: BIOS Division 2 ARM/ROM P..
PASS: BIOS Division 2 ARM/ROM .N.
PASS: BIOS Division 2 ARM/ROM PN.
PASS: BIOS Division 2 ARM/ROM ..S
PASS: BIOS Division 2 ARM/ROM P.S
PASS: BIOS Division 2 ARM/ROM .NS
PASS: BIOS Division 2 ARM/ROM PNS
PASS: BIOS Division 2 ARM/WRAM
PASS: BIOS Division 2 ARM/IWRAM
PASS: BIOS Division 2 Thumb/ROM ...
PASS: BIOS Division 2 Thumb/ROM P..
PASS: BIOS Division 2 Thumb/ROM .N.
PASS: BIOS Division 2 Thumb/ROM PN.
PASS: BIOS Division 2 Thumb/ROM ..S
PASS: BIOS Division 2 Thumb/ROM P.S
PASS: BIOS Division 2 Thumb/ROM .NS
PASS: BIOS Division 2 Thumb/ROM PNS
PASS: BIOS Division 2 Thumb/WRAM
PASS: BIOS Division 2 Thumb/IWRAM
Timing test: BIOS Sqrt
PASS: BIOS Sqrt ARM/ROM ...
PASS: BIOS Sqrt ARM/ROM P..
PASS: BIOS Sqrt ARM/ROM .N.
PASS: BIOS Sqrt ARM/ROM PN.
PASS: BIOS Sqrt ARM/ROM ..S
PASS: BIOS Sqrt ARM/ROM P.S
PASS: BIOS Sqrt ARM/ROM .NS
PASS: BIOS Sqrt ARM/ROM PNS
PASS: BIOS Sqrt ARM/WRAM
PASS: BIOS Sqrt ARM/IWRAM
PASS: BIOS Sqrt Thumb/ROM ...
PASS: BIOS Sqrt Thumb/ROM P..
PASS: BIOS Sqrt Thumb/ROM .N.
PASS: BIOS Sqrt Thumb/ROM PN.
PASS: BIOS Sqrt Thumb/ROM ..S
PASS: BIOS Sqrt Thumb/ROM P.S
PASS: BIOS Sqrt Thumb/ROM .NS
PASS: BIOS Sqrt Thumb/ROM PNS
PASS: BIOS Sqrt Thumb/WRAM
PASS: BIOS Sqrt Thumb/IWRAM
Timing test: BIOS Sqrt 2
PASS: BIOS Sqrt 2 ARM/ROM ...
PASS: BIOS Sqrt 2 ARM/ROM P..
PASS: BIOS Sqrt 2 ARM/ROM .N.
PASS: BIOS Sqrt 2 ARM/ROM PN.
PASS: BIOS Sqrt 2 ARM/ROM ..S
PASS: BIOS Sqrt 2 ARM/ROM P.S
PASS: BIOS Sqrt 2 ARM/ROM .NS
PASS: BIOS Sqrt 2 ARM/ROM PNS
PASS: BIOS Sqrt 2 ARM/WRAM
PASS: BIOS Sqrt 2 ARM/IWRAM
PASS: BIOS Sqrt 2 Thumb/ROM ...
PASS: BIOS Sqrt 2 Thumb/ROM P..
PASS: BIOS Sqrt 2 Thumb/ROM .N.
PASS: BIOS Sqrt 2 Thumb/ROM PN.
PASS: BIOS Sqrt 2 Thumb/ROM ..S
PASS: BIOS Sqrt 2 Thumb/ROM P.S
PASS: BIOS Sqrt 2 Thumb/ROM .NS
PASS: BIOS Sqrt 2 Thumb/ROM PNS
PASS: BIOS Sqrt 2 Thumb/WRAM
PASS: BIOS Sqrt 2 Thumb/IWRAM
Timing test: BIOS Sqrt 3
PASS: BIOS Sqrt 3 ARM/ROM ...
PASS: BIOS Sqrt 3 ARM/ROM P..
PASS: BIOS Sqrt 3 ARM/ROM .N.
PASS: BIOS Sqrt 3 ARM/ROM PN.
PASS: BIOS Sqrt 3 ARM/ROM ..S
PASS: BIOS Sqrt 3 ARM/ROM P.S
PASS: BIOS Sqrt 3 ARM/ROM .NS
PASS: BIOS Sqrt 3 ARM/ROM PNS
PASS: BIOS Sqrt 3 ARM/WRAM
PASS: BIOS Sqrt 3 ARM/IWRAM
PASS: BIOS Sqrt 3 Thumb/ROM ...
PASS: BIOS Sqrt 3 Thumb/ROM P..
PASS: BIOS Sqrt 3 Thumb/ROM .N.
PASS: BIOS Sqrt 3 Thumb/ROM PN.
PASS: BIOS Sqrt 3 Thumb/ROM ..S
PASS: BIOS Sqrt 3 Thumb/ROM P.S
PASS: BIOS Sqrt 3 Thumb/ROM .NS
PASS: BIOS Sqrt 3 Thumb/ROM PNS
PASS: BIOS Sqrt 3 Thumb/WRAM
PASS: BIOS Sqrt 3 Thumb/IWRAM
Timing test: BIOS ArcTan
PASS: BIOS ArcTan ARM/ROM ...
PASS: BIOS ArcTan ARM/ROM P..
PASS: BIOS ArcTan ARM/ROM .N.
PASS: BIOS ArcTan ARM/ROM PN.
PASS: BIOS ArcTan ARM/ROM ..S
PASS: BIOS ArcTan ARM/ROM P.S
PASS: BIOS ArcTan ARM/ROM .NS
PASS: BIOS ArcTan ARM/ROM PNS
PASS: BIOS ArcTan ARM/WRAM
PASS: BIOS ArcTan ARM/IWRAM
PASS: BIOS ArcTan Thumb/ROM ...
PASS: BIOS ArcTan Thumb/ROM P..
PASS: BIOS ArcTan Thumb/ROM .N.
PASS: BIOS ArcTan Thumb/ROM PN.
PASS: BIOS ArcTan Thumb/ROM ..S
PASS: BIOS ArcTan Thumb/ROM P.S
PASS: BIOS ArcTan Thumb/ROM .NS
PASS: BIOS ArcTan Thumb/ROM PNS
PASS: BIOS ArcTan Thumb/WRAM
PASS: BIOS ArcTan Thumb/IWRAM
Timing test: CpuSet
PASS: CpuSet ARM/ROM ...
PASS: CpuSet ARM/ROM P..
PASS: CpuSet ARM/ROM .N.
PASS: CpuSet ARM/ROM PN.
PASS: CpuSet ARM/ROM ..S
PASS: CpuSet ARM/ROM P.S
PASS: CpuSet ARM/ROM .NS
PASS: CpuSet ARM/ROM PNS
PASS: CpuSet ARM/WRAM
PASS: CpuSet ARM/IWRAM
PASS: CpuSet Thumb/ROM ...
PASS: CpuSet Thumb/ROM P..
PASS: CpuSet Thumb/ROM .N.
PASS: CpuSet Thumb/ROM PN.
PASS: CpuSet Thumb/ROM ..S
PASS: CpuSet Thumb/ROM P.S
PASS: CpuSet Thumb/ROM .NS
PASS: CpuSet Thumb/ROM PNS
PASS: CpuSet Thumb/WRAM
PASS: CpuSet Thumb/IWRAM
Timing test: Trivial DMA (16)
PASS: Trivial DMA (16) ARM/ROM ...
PASS: Trivial DMA (16) ARM/ROM P..
PASS: Trivial DMA (16) ARM/ROM .N.
PASS: Trivial DMA (16) ARM/ROM PN.
PASS: Trivial DMA (16) ARM/ROM ..S
PASS: Trivial DMA (16) ARM/ROM P.S
PASS: Trivial DMA (16) ARM/ROM .NS
PASS: Trivial DMA (16) ARM/ROM PNS
PASS: Trivial DMA (16) ARM/WRAM
PASS: Trivial DMA (16) ARM/IWRAM
PASS: Trivial DMA (16) Thumb/ROM ...
PASS: Trivial DMA (16) Thumb/ROM P..
PASS: Trivial DMA (16) Thumb/ROM .N.
PASS: Trivial DMA (16) Thumb/ROM PN.
PASS: Trivial DMA (16) Thumb/ROM ..S
PASS: Trivial DMA (16) Thumb/ROM P.S
PASS: Trivial DMA (16) Thumb/ROM .NS
PASS: Trivial DMA (16) Thumb/ROM PNS
PASS: Trivial DMA (16) Thumb/WRAM
PASS: Trivial DMA (16) Thumb/IWRAM
Timing test: Trivial DMA (16/ROM)
PASS: Trivial DMA (16/ROM) ARM/ROM ...
PASS: Trivial DMA (16/ROM) ARM/ROM P..
PASS: Trivial DMA (16/ROM) ARM/ROM .N.
PASS: Trivial DMA (16/ROM) ARM/ROM PN.
PASS: Trivial DMA (16/ROM) ARM/ROM ..S
PASS: Trivial DMA (16/ROM) ARM/ROM P.S
PASS: Trivial DMA (16/ROM) ARM/ROM .NS
PASS: Trivial DMA (16/ROM) ARM/ROM PNS
PASS: Trivial DMA (16/ROM) ARM/WRAM
PASS: Trivial DMA (16/ROM) ARM/IWRAM
PASS: Trivial DMA (16/ROM) Thumb/ROM ...
PASS: Trivial DMA (16/ROM) Thumb/ROM P..
PASS: Trivial DMA (16/ROM) Thumb/ROM .N.
PASS: Trivial DMA (16/ROM) Thumb/ROM PN.
PASS: Trivial DMA (16/ROM) Thumb/ROM ..S
PASS: Trivial DMA (16/ROM) Thumb/ROM P.S
PASS: Trivial DMA (16/ROM) Thumb/ROM .NS
PASS: Trivial DMA (16/ROM) Thumb/ROM PNS
PASS: Trivial DMA (16/ROM) Thumb/WRAM
PASS: Trivial DMA (16/ROM) Thumb/IWRAM
Timing test: Trivial DMA (16/to ROM)
PASS: Trivial DMA (16/to ROM) ARM/ROM ...
PASS: Trivial DMA (16/to ROM) ARM/ROM P..
PASS: Trivial DMA (16/to ROM) ARM/ROM .N.
PASS: Trivial DMA (16/to ROM) ARM/ROM PN.
PASS: Trivial DMA (16/to ROM) ARM/ROM ..S
PASS: Trivial DMA (16/to ROM) ARM/ROM P.S
PASS: Trivial DMA (16/to ROM) ARM/ROM .NS
PASS: Trivial DMA (16/to ROM) ARM/ROM PNS
PASS: Trivial DMA (16/to ROM) ARM/WRAM
PASS: Trivial DMA (16/to ROM) ARM/IWRAM
PASS: Trivial DMA (16/to ROM) Thumb/ROM ...
PASS: Trivial DMA (16/to ROM) Thumb/ROM P..
PASS: Trivial DMA (16/to ROM) Thumb/ROM .N.
PASS: Trivial DMA (16/to ROM) Thumb/ROM PN.
PASS: Trivial DMA (16/to ROM) Thumb/ROM ..S
PASS: Trivial DMA (16/to ROM) Thumb/ROM P.S
PASS: Trivial DMA (16/to ROM) Thumb/ROM .NS
PASS: Trivial DMA (16/to ROM) Thumb/ROM PNS
PASS: Trivial DMA (16/to ROM) Thumb/WRAM
PASS: Trivial DMA (16/to ROM) Thumb/IWRAM
Timing test: Trivial DMA (16/ROM to ROM)
PASS: Trivial DMA (16/ROM to ROM) ARM/ROM ...
PASS: Trivial DMA (16/ROM to ROM) ARM/ROM P..
PASS: Trivial DMA (16/ROM to ROM) ARM/ROM .N.
PASS: Trivial DMA (16/ROM to ROM) ARM/ROM PN.
PASS: Trivial DMA (16/ROM to ROM) ARM/ROM ..S
PASS: Trivial DMA (16/ROM to ROM) ARM/ROM P.S
PASS: Trivial DMA (16/ROM to ROM) ARM/ROM .NS
PASS: Trivial DMA (16/ROM to ROM) ARM/ROM PNS
PASS: Trivial DMA (16/ROM to ROM) ARM/WRAM
PASS: Trivial DMA (16/ROM to ROM) ARM/IWRAM
PASS: Trivial DMA (16/ROM to ROM) Thumb/ROM ...
PASS: Trivial DMA (16/ROM to ROM) Thumb/ROM P..
PASS: Trivial DMA (16/ROM to ROM) Thumb/ROM .N.
PASS: Trivial DMA (16/ROM to ROM) Thumb/ROM PN.
PASS: Trivial DMA (16/ROM to ROM) Thumb/ROM ..S
PASS: Trivial DMA (16/ROM to ROM) Thumb/ROM P.S
PASS: Trivial DMA (16/ROM to ROM) Thumb/ROM .NS
PASS: Trivial DMA (16/ROM to ROM) Thumb/ROM PNS
PASS: Trivial DMA (16/ROM to ROM) Thumb/WRAM
PASS: Trivial DMA (16/ROM to ROM) Thumb/IWRAM
Timing test: Trivial DMA (32)
PASS: Trivial DMA (32) ARM/ROM ...
PASS: Trivial DMA (32) ARM/ROM P..
PASS: Trivial DMA (32) ARM/ROM .N.
PASS: Trivial DMA (32) ARM/ROM PN.
PASS: Trivial DMA (32) ARM/ROM ..S
PASS: Trivial DMA (32) ARM/ROM P.S
PASS: Trivial DMA (32) ARM/ROM .NS
PASS: Trivial DMA (32) ARM/ROM PNS
PASS: Trivial DMA (32) ARM/WRAM
PASS: Trivial DMA (32) ARM/IWRAM
PASS: Trivial DMA (32) Thumb/ROM ...
PASS: Trivial DMA (32) Thumb/ROM P..
PASS: Trivial DMA (32) Thumb/ROM .N.
PASS: Trivial DMA (32) Thumb/ROM PN.
PASS: Trivial DMA (32) Thumb/ROM ..S
PASS: Trivial DMA (32) Thumb/ROM P.S
PASS: Trivial DMA (32) Thumb/ROM .NS
PASS: Trivial DMA (32) Thumb/ROM PNS
PASS: Trivial DMA (32) Thumb/WRAM
PASS: Trivial DMA (32) Thumb/IWRAM
Timing test: Trivial DMA (32/from ROM)
PASS: Trivial DMA (32/from ROM) ARM/ROM ...
PASS: Trivial DMA (32/from ROM) ARM/ROM P..
PASS: Trivial DMA (32/from ROM) ARM/ROM .N.
PASS: Trivial DMA (32/from ROM) ARM/ROM PN.
PASS: Trivial DMA (32/from ROM) ARM/ROM ..S
PASS: Trivial DMA (32/from ROM) ARM/ROM P.S
PASS: Trivial DMA (32/from ROM) ARM/ROM .NS
PASS: Trivial DMA (32/from ROM) ARM/ROM PNS
PASS: Trivial DMA (32/from ROM) ARM/WRAM
PASS: Trivial DMA (32/from ROM) ARM/IWRAM
PASS: Trivial DMA (32/from ROM) Thumb/ROM ...
PASS: Trivial DMA (32/from ROM) Thumb/ROM P..
PASS: Trivial DMA (32/from ROM) Thumb/ROM .N.
PASS: Trivial DMA (32/from ROM) Thumb/ROM PN.
PASS: Trivial DMA (32/from ROM) Thumb/ROM ..S
PASS: Trivial DMA (32/from ROM) Thumb/ROM P.S
PASS: Trivial DMA (32/from ROM) Thumb/ROM .NS
PASS: Trivial DMA (32/from ROM) Thumb/ROM PNS
PASS: Trivial DMA (32/from ROM) Thumb/WRAM
PASS: Trivial DMA (32/from ROM) Thumb/IWRAM
Timing test: Trivial DMA (32/to ROM)
PASS: Trivial DMA (32/to ROM) ARM/ROM ...
PASS: Trivial DMA (32/to ROM) ARM/ROM P..
PASS: Trivial DMA (32/to ROM) ARM/ROM .N.
PASS: Trivial DMA (32/to ROM) ARM/ROM PN.
PASS: Trivial DMA (32/to ROM) ARM/ROM ..S
PASS: Trivial DMA (32/to ROM) ARM/ROM P.S
PASS: Trivial DMA (32/to ROM) ARM/ROM .NS
PASS: Trivial DMA (32/to ROM) ARM/ROM PNS
PASS: Trivial DMA (32/to ROM) ARM/WRAM
PASS: Trivial DMA (32/to ROM) ARM/IWRAM
PASS: Trivial DMA (32/to ROM) Thumb/ROM ...
PASS: Trivial DMA (32/to ROM) Thumb/ROM P..
PASS: Trivial DMA (32/to ROM) Thumb/ROM .N.
PASS: Trivial DMA (32/to ROM) Thumb/ROM PN.
PASS: Trivial DMA (32/to ROM) Thumb/ROM ..S
PASS: Trivial DMA (32/to ROM) Thumb/ROM P.S
PASS: Trivial DMA (32/to ROM) Thumb/ROM .NS
PASS: Trivial DMA (32/to ROM) Thumb/ROM PNS
PASS: Trivial DMA (32/to ROM) Thumb/WRAM
PASS: Trivial DMA (32/to ROM) Thumb/IWRAM
Timing test: Trivial DMA (32/ROM to ROM)
PASS: Trivial DMA (32/ROM to ROM) ARM/ROM ...
PASS: Trivial DMA (32/ROM to ROM) ARM/ROM P..
PASS: Trivial DMA (32/ROM to ROM) ARM/ROM .N.
PASS: Trivial DMA (32/ROM to ROM) ARM/ROM PN.
PASS: Trivial DMA (32/ROM to ROM) ARM/ROM ..S
PASS: Trivial DMA (32/ROM to ROM) ARM/ROM P.S
PASS: Trivial DMA (32/ROM to ROM) ARM/ROM .NS
PASS: Trivial DMA (32/ROM to ROM) ARM/ROM PNS
PASS: Trivial DMA (32/ROM to ROM) ARM/WRAM
PASS: Trivial DMA (32/ROM to ROM) ARM/IWRAM
PASS: Trivial DMA (32/ROM to ROM) Thumb/ROM ...
PASS: Trivial DMA (32/ROM to ROM) Thumb/ROM P..
PASS: Trivial DMA (32/ROM to ROM) Thumb/ROM .N.
PASS: Trivial DMA (32/ROM to ROM) Thumb/ROM PN.
PASS: Trivial DMA (32/ROM to ROM) Thumb/ROM ..S
PASS: Trivial DMA (32/ROM to ROM) Thumb/ROM P.S
PASS: Trivial DMA (32/ROM to ROM) Thumb/ROM .NS
PASS: Trivial DMA (32/ROM to ROM) Thumb/ROM PNS
PASS: Trivial DMA (32/ROM to ROM) Thumb/WRAM
PASS: Trivial DMA (32/ROM to ROM) Thumb/IWRAM
Timing test: Short DMA (16)
PASS: Short DMA (16) ARM/ROM ...
PASS: Short DMA (16) ARM/ROM P..
PASS: Short DMA (16) ARM/ROM .N.
PASS: Short DMA (16) ARM/ROM PN.
PASS: Short DMA (16) ARM/ROM ..S
PASS: Short DMA (16) ARM/ROM P.S
PASS: Short DMA (16) ARM/ROM .NS
PASS: Short DMA (16) ARM/ROM PNS
PASS: Short DMA (16) ARM/WRAM
PASS: Short DMA (16) ARM/IWRAM
PASS: Short DMA (16) Thumb/ROM ...
PASS: Short DMA (16) Thumb/ROM P..
PASS: Short DMA (16) Thumb/ROM .N.
PASS: Short DMA (16) Thumb/ROM PN.
PASS: Short DMA (16) Thumb/ROM ..S
PASS: Short DMA (16) Thumb/ROM P.S
PASS: Short DMA (16) Thumb/ROM .NS
PASS: Short DMA (16) Thumb/ROM PNS
PASS: Short DMA (16) Thumb/WRAM
PASS: Short DMA (16) Thumb/IWRAM
Timing test: Short DMA (16/from ROM)
PASS: Short DMA (16/from ROM) ARM/ROM ...
PASS: Short DMA (16/from ROM) ARM/ROM P..
PASS: Short DMA (16/from ROM) ARM/ROM .N.
PASS: Short DMA (16/from ROM) ARM/ROM PN.
PASS: Short DMA (16/from ROM) ARM/ROM ..S
PASS: Short DMA (16/from ROM) ARM/ROM P.S
PASS: Short DMA (16/from ROM) ARM/ROM .NS
PASS: Short DMA (16/from ROM) ARM/ROM PNS
PASS: Short DMA (16/from ROM) ARM/WRAM
PASS: Short DMA (16/from ROM) ARM/IWRAM
PASS: Short DMA (16/from ROM) Thumb/ROM ...
PASS: Short DMA (16/from ROM) Thumb/ROM P..
PASS: Short DMA (16/from ROM) Thumb/ROM .N.
PASS: Short DMA (16/from ROM) Thumb/ROM PN.
PASS: Short DMA (16/from ROM) Thumb/ROM ..S
PASS: Short DMA (16/from ROM) Thumb/ROM P.S
PASS: Short DMA (16/from ROM) Thumb/ROM .NS
PASS: Short DMA (16/from ROM) Thumb/ROM PNS
PASS: Short DMA (16/from ROM) Thumb/WRAM
PASS: Short DMA (16/from ROM) Thumb/IWRAM
Timing test: Short DMA (16/to ROM)
PASS: Short DMA (16/to ROM) ARM/ROM ...
PASS: Short DMA (16/to ROM) ARM/ROM P..
PASS: Short DMA (16/to ROM) ARM/ROM .N.
PASS: Short DMA (16/to ROM) ARM/ROM PN.
PASS: Short DMA (16/to ROM) ARM/ROM ..S
PASS: Short DMA (16/to ROM) ARM/ROM P.S
PASS: Short DMA (16/to ROM) ARM/ROM .NS
PASS: Short DMA (16/to ROM) ARM/ROM PNS
PASS: Short DMA (16/to ROM) ARM/WRAM
PASS: Short DMA (16/to ROM) ARM/IWRAM
PASS: Short DMA (16/to ROM) Thumb/ROM ...
PASS: Short DMA (16/to ROM) Thumb/ROM P..
PASS: Short DMA (16/to ROM) Thumb/ROM .N.
PASS: Short DMA (16/to ROM) Thumb/ROM PN.
PASS: Short DMA (16/to ROM) Thumb/ROM ..S
PASS: Short DMA (16/to ROM) Thumb/ROM P.S
PASS: Short DMA (16/to ROM) Thumb/ROM .NS
PASS: Short DMA (16/to ROM) Thumb/ROM PNS
PASS: Short DMA (16/to ROM) Thumb/WRAM
PASS: Short DMA (16/to ROM) Thumb/IWRAM
Timing test: Short DMA (16/ROM to ROM)
PASS: Short DMA (16/ROM to ROM) ARM/ROM ...
PASS: Short DMA (16/ROM to ROM) ARM/ROM P..
PASS: Short DMA (16/ROM to ROM) ARM/ROM .N.
PASS: Short DMA (16/ROM to ROM) ARM/ROM PN.
PASS: Short DMA (16/ROM to ROM) ARM/ROM ..S
PASS: Short DMA (16/ROM to ROM) ARM/ROM P.S
PASS: Short DMA (16/ROM to ROM) ARM/ROM .NS
PASS: Short DMA (16/ROM to ROM) ARM/ROM PNS
PASS: Short DMA (16/ROM to ROM) ARM/WRAM
PASS: Short DMA (16/ROM to ROM) ARM/IWRAM
PASS: Short DMA (16/ROM to ROM) Thumb/ROM ...
PASS: Short DMA (16/ROM to ROM) Thumb/ROM P..
PASS: Short DMA (16/ROM to ROM) Thumb/ROM .N.
PASS: Short DMA (16/ROM to ROM) Thumb/ROM PN.
PASS: Short DMA (16/ROM to ROM) Thumb/ROM ..S
PASS: Short DMA (16/ROM to ROM) Thumb/ROM P.S
PASS: Short DMA (16/ROM to ROM) Thumb/ROM .NS
PASS: Short DMA (16/ROM to ROM) Thumb/ROM PNS
PASS: Short DMA (16/ROM to ROM) Thumb/WRAM
PASS: Short DMA (16/ROM to ROM) Thumb/IWRAM
Timing test: Short DMA (32)
PASS: Short DMA (32) ARM/ROM ...
PASS: Short DMA (32) ARM/ROM P..
PASS: Short DMA (32) ARM/ROM .N.
PASS: Short DMA (32) ARM/ROM PN.
PASS: Short DMA (32) ARM/ROM ..S
PASS: Short DMA (32) ARM/ROM P.S
PASS: Short DMA (32) ARM/ROM .NS
PASS: Short DMA (32) ARM/ROM PNS
PASS: Short DMA (32) ARM/WRAM
PASS: Short DMA (32) ARM/IWRAM
PASS: Short DMA (32) Thumb/ROM ...
PASS: Short DMA (32) Thumb/ROM P..
PASS: Short DMA (32) Thumb/ROM .N.
PASS: Short DMA (32) Thumb/ROM PN.
PASS: Short DMA (32) Thumb/ROM ..S
PASS: Short DMA (32) Thumb/ROM P.S
PASS: Short DMA (32) Thumb/ROM .NS
PASS: Short DMA (32) Thumb/ROM PNS
PASS: Short DMA (32) Thumb/WRAM
PASS: Short DMA (32) Thumb/IWRAM
Timing test: Short DMA (32/from ROM)
PASS: Short DMA (32/from ROM) ARM/ROM ...
PASS: Short DMA (32/from ROM) ARM/ROM P..
PASS: Short DMA (32/from ROM) ARM/ROM .N.
PASS: Short DMA (32/from ROM) ARM/ROM PN.
PASS: Short DMA (32/from ROM) ARM/ROM ..S
PASS: Short DMA (32/from ROM) ARM/ROM P.S
PASS: Short DMA (32/from ROM) ARM/ROM .NS
PASS: Short DMA (32/from ROM) ARM/ROM PNS
PASS: Short DMA (32/from ROM) ARM/WRAM
PASS: Short DMA (32/from ROM) ARM/IWRAM
PASS: Short DMA (32/from ROM) Thumb/ROM ...
PASS: Short DMA (32/from ROM) Thumb/ROM P..
PASS: Short DMA (32/from ROM) Thumb/ROM .N.
PASS: Short DMA (32/from ROM) Thumb/ROM PN.
PASS: Short DMA (32/from ROM) Thumb/ROM ..S
PASS: Short DMA (32/from ROM) Thumb/ROM P.S
PASS: Short DMA (32/from ROM) Thumb/ROM .NS
PASS: Short DMA (32/from ROM) Thumb/ROM PNS
PASS: Short DMA (32/from ROM) Thumb/WRAM
PASS: Short DMA (32/from ROM) Thumb/IWRAM
Timing test: Short DMA (32/to ROM)
PASS: Short DMA (32/to ROM) ARM/ROM ...
PASS: Short DMA (32/to ROM) ARM/ROM P..
PASS: Short DMA (32/to ROM) ARM/ROM .N.
PASS: Short DMA (32/to ROM) ARM/ROM PN.
PASS: Short DMA (32/to ROM) ARM/ROM ..S
PASS: Short DMA (32/to ROM) ARM/ROM P.S
PASS: Short DMA (32/to ROM) ARM/ROM .NS
PASS: Short DMA (32/to ROM) ARM/ROM PNS
PASS: Short DMA (32/to ROM) ARM/WRAM
PASS: Short DMA (32/to ROM) ARM/IWRAM
PASS: Short DMA (32/to ROM) Thumb/ROM ...
PASS: Short DMA (32/to ROM) Thumb/ROM P..
PASS: Short DMA (32/to ROM) Thumb/ROM .N.
PASS: Short DMA (32/to ROM) Thumb/ROM PN.
PASS: Short DMA (32/to ROM) Thumb/ROM ..S
PASS: Short DMA (32/to ROM) Thumb/ROM P.S
PASS: Short DMA (32/to ROM) Thumb/ROM .NS
PASS: Short DMA (32/to ROM) Thumb/ROM PNS
PASS: Short DMA (32/to ROM) Thumb/WRAM
PASS: Short DMA (32/to ROM) Thumb/IWRAM
Timing test: Short DMA (32/ROM to ROM)
PASS: Short DMA (32/ROM to ROM) ARM/ROM ...
PASS: Short DMA (32/ROM to ROM) ARM/ROM P..
PASS: Short DMA (32/ROM to ROM) ARM/ROM .N.
PASS: Short DMA (32/ROM to ROM) ARM/ROM PN.
PASS: Short DMA (32/ROM to ROM) ARM/ROM ..S
PASS: Short DMA (32/ROM to ROM) ARM/ROM P.S
PASS: Short DMA (32/ROM to ROM) ARM/ROM .NS
PASS: Short DMA (32/ROM to ROM) ARM/ROM PNS
PASS: Short DMA (32/ROM to ROM) ARM/WRAM
PASS: Short DMA (32/ROM to ROM) ARM/IWRAM
PASS: Short DMA (32/ROM to ROM) Thumb/ROM ...
PASS: Short DMA (32/ROM to ROM) Thumb/ROM P..
PASS: Short DMA (32/ROM to ROM) Thumb/ROM .N.
PASS: Short DMA (32/ROM to ROM) Thumb/ROM PN.
PASS: Short DMA (32/ROM to ROM) Thumb/ROM ..S
PASS: Short DMA (32/ROM to ROM) Thumb/ROM P.S
PASS: Short DMA (32/ROM to ROM) Thumb/ROM .NS
PASS: Short DMA (32/ROM to ROM) Thumb/ROM PNS
PASS: Short DMA (32/ROM to ROM) Thumb/WRAM
PASS: Short DMA (32/ROM to ROM) Thumb/IWRAM
[sram]
Game Boy Advance Test Suite
===
Timing test: Calibration
Timing test: nop
Timing test: nop / nop
Timing test: ldrh r2, [sp]
Timing test: ldrh r2, [sp] / nop
Timing test: nop / ldrh r2, [sp]
Timing test: nop / ldrh r2, [sp] / nop
Timing test: ldrh r2, [#0x08000000]
Timing test: ldrh r2, [#0x08000000] / nop
Timing test: nop / ldrh r2, [#0x08000000]
Timing test: ldr r2, [sp]
Timing test: ldr r2, [sp] / nop
Timing test: nop / ldr r2, [sp]
Timing test: ldr r2, [#0x08000000]
Timing test: ldr r2, [#0x08000000] / nop
Timing test: nop / ldr r2, [#0x08000000]
Timing test: strh r3, [sp]
Timing test: strh r3, [sp] / nop
Timing test: nop / strh r3, [sp]
Timing test: nop / strh r3, [sp] / nop
Timing test: ldr r2, [sp] x2
Timing test: ldr r2, [#0x08000000] / ldr r2, [sp]
Timing test: ldr r2, [sp] / ldr r2, [#0x08000000]
Timing test: ldr r2, [#0x08000000] x2
Timing test: str r3, [sp] x2
Timing test: ldr r2, [sp] / str r2, [sp]
Timing test: str r3, [sp] / ldr r3, [sp]
Timing test: ldmia sp, {r2}
Timing test: ldmia sp, {r2, r3}
Timing test: ldmia sp, {r2-r7}
Timing test: ldmia sp, {r2} x2
Timing test: ldmia sp, {r2, r3} x2
Timing test: ldmia sp, {r2-r7} x2
Timing test: stmia sp, {r2}
Timing test: stmia sp, {r2, r3}
Timing test: stmia sp, {r2-r7}
Timing test: stmia sp, {r2} x2
Timing test: stmia sp, {r2, r3} x2
Timing test: stmia sp, {r2-r7} x2
Timing test: ldmia [#0x07FFFFFC]!, {r3-r7}
Timing test: ldmia [#0x07FFFFF8]!, {r3-r7}
Timing test: ldmia [#0x07FFFFF4]!, {r3-r7}
Timing test: ldmia [#0x07FFFFF0]!, {r3-r7}
Timing test: ldmia [#0x07FFFFEC]!, {r3-r7}
Timing test: mul #0x00000000, #0xFF
Timing test: mul #0x00000078, #0xFF
Timing test: mul #0x00005678, #0xFF
Timing test: mul #0x00345678, #0xFF
Timing test: mul #0x12345678, #0xFF
Timing test: mul #0xFF000000, #0xFF
Timing test: mul #0xFFFF0000, #0xFF
Timing test: mul #0xFFFFFF00, #0xFF
Timing test: mul #0xFFFFFFFF, #0xFF
Timing test: mul #0xFFFFFFFF, #0x00
Timing test: mla #0x00000000, #0xFF
Timing test: mla #0x00000078, #0xFF
Timing test: mla #0x00005678, #0xFF
Timing test: mla #0x00345678, #0xFF
Timing test: mla #0x12345678, #0xFF
Timing test: mla #0xFF000000, #0xFF
Timing test: mla #0xFFFF0000, #0xFF
Timing test: mla #0xFFFFFF00, #0xFF
Timing test: mla #0xFFFFFFFF, #0xFF
Timing test: mla #0xFFFFFFFF, #0x00
Timing test: smull #0x00000000, #0xFF
Timing test: smull #0x00000078, #0xFF
Timing test: smull #0x00005678, #0xFF
Timing test: smull #0x00345678, #0xFF
Timing test: smull #0x12345678, #0xFF
Timing test: smull #0xFF000000, #0xFF
Timing test: smull #0xFFFF0000, #0xFF
Timing test: smull #0xFFFFFF00, #0xFF
Timing test: smull #0xFFFFFFFF, #0xFF
Timing test: smull #0xFFFFFFFF, #0x00
Timing test: smlal #0x00000000, #0xFF
Timing test: smlal #0x00000078, #0xFF
Timing test: smlal #0x00005678, #0xFF
Timing test: smlal #0x00345678, #0xFF
Timing test: smlal #0x12345678, #0xFF
Timing test: smlal #0xFF000000, #0xFF
Timing test: smlal #0xFFFF0000, #0xFF
Timing test: smlal #0xFFFFFF00, #0xFF
Timing test: smlal #0xFFFFFFFF, #0xFF
Timing test: smlal #0xFFFFFFFF, #0x00
Timing test: umull #0x00000000, #0xFF
Timing test: umull #0x00000078, #0xFF
Timing test: umull #0x00005678, #0xFF
Timing test: umull #0x00345678, #0xFF
Timing test: umull #0x12345678, #0xFF
Timing test: umull #0xFF000000, #0xFF
Timing test: umull #0xFFFF0000, #0xFF
Timing test: umull #0xFFFFFF00, #0xFF
Timing test: umull #0xFFFFFFFF, #0xFF
Timing test: umull #0xFFFFFFFF, #0x00
Timing test: umlal #0x00000000, #0xFF
Timing test: umlal #0x00000078, #0xFF
Timing test: umlal #0x00005678, #0xFF
Timing test: umlal #0x00345678, #0xFF
Timing test: umlal #0x12345678, #0xFF
Timing test: umlal #0xFF000000, #0xFF
Timing test: umlal #0xFFFF0000, #0xFF
Timing test: umlal #0xFFFFFF00, #0xFF
Timing test: umlal #0xFFFFFFFF, #0xFF
Timing test: umlal #0xFFFFFFFF, #0x00
Timing test: b pc
Timing test: nop ; b pc
Timing test: bx
Timing test: Trivial loop
Timing test: C loop
Timing test: BIOS Division
Timing test: BIOS Division 2
Timing test: BIOS Sqrt
Timing test: BIOS Sqrt 2
Timing test: BIOS Sqrt 3
Timing test: BIOS ArcTan
Timing test: CpuSet
Timing test: Trivial DMA (16)
Timing test: Trivial DMA (16/ROM)
Timing test: Trivial DMA (16/to ROM)
Timing test: Trivial DMA (16/ROM to ROM)
Timing test: Trivial DMA (32)
Timing test: Trivial DMA (32/from ROM)
Timing test: Trivial DMA (32/to ROM)
Timing test: Trivial DMA (32/ROM to ROM)
Timing test: Short DMA (16)
Timing test: Short DMA (16/from ROM)
Timing test: Short DMA (16/to ROM)
Timing test: Short DMA (16/ROM to ROM)
Timing test: Short DMA (32)
Timing test: Short DMA (32/from ROM)
Timing test: Short DMA (32/to ROM)
Timing test: Short DMA (32/ROM to ROM)

=== Summary ===
No END: summaries were emitted yet; use the per-suite SRAM output above.
