=== GBA Test Suite Runner ===
ROM:  tests/assets/roms/suite.gba
BIOS: tests/assets/roms/gba_bios.bin
Booting...
After 60 frames: PC=0x00000348 CPSR=0x6000005F halted=1 cycle=16769984
[DBG] Game Boy Advance Test Suite
===
[DBG] BEGIN: Timer count-up tests
[DBG] Timer count-up test: 0b, 0x0001
[DBG] PASS: 0b, 0x0001 1xs 1d 1i
[DBG] PASS: 0b, 0x0001 16xs 1d 1i
[DBG] PASS: 0b, 0x0001 1xv 1d 1i
[DBG] PASS: 0b, 0x0001 16xv 1d 1i
[DBG] PASS: 0b, 0x0001 1xs 2d 1i
[DBG] PASS: 0b, 0x0001 16xs 2d 1i
[DBG] PASS: 0b, 0x0001 1xv 2d 1i
[DBG] PASS: 0b, 0x0001 16xv 2d 1i
[DBG] PASS: 0b, 0x0001 1xs 4d 1i
[DBG] PASS: 0b, 0x0001 16xs 4d 1i
[DBG] PASS: 0b, 0x0001 1xv 4d 1i
[DBG] PASS: 0b, 0x0001 16xv 4d 1i
[DBG] PASS: 0b, 0x0001 1xs 1d 2i
[DBG] PASS: 0b, 0x0001 16xs 1d 2i
[DBG] PASS: 0b, 0x0001 1xv 1d 2i
[DBG] PASS: 0b, 0x0001 16xv 1d 2i
[DBG] PASS: 0b, 0x0001 1xs 2d 2i
[DBG] PASS: 0b, 0x0001 16xs 2d 2i
[DBG] PASS: 0b, 0x0001 1xv 2d 2i
[DBG] PASS: 0b, 0x0001 16xv 2d 2i
[DBG] PASS: 0b, 0x0001 1xs 4d 2i
[DBG] PASS: 0b, 0x0001 16xs 4d 2i
[DBG] PASS: 0b, 0x0001 1xv 4d 2i
[DBG] PASS: 0b, 0x0001 16xv 4d 2i
[DBG] PASS: 0b, 0x0001 1xs 1d 4i
[DBG] PASS: 0b, 0x0001 16xs 1d 4i
[DBG] PASS: 0b, 0x0001 1xv 1d 4i
[DBG] PASS: 0b, 0x0001 16xv 1d 4i
[DBG] PASS: 0b, 0x0001 1xs 2d 4i
[DBG] PASS: 0b, 0x0001 16xs 2d 4i
[DBG] PASS: 0b, 0x0001 1xv 2d 4i
[DBG] PASS: 0b, 0x0001 16xv 2d 4i
[DBG] PASS: 0b, 0x0001 1xs 4d 4i
[DBG] PASS: 0b, 0x0001 16xs 4d 4i
[DBG] PASS: 0b, 0x0001 1xv 4d 4i
[DBG] PASS: 0b, 0x0001 16xv 4d 4i
[DBG] Timer count-up test: 0b, 0x0005
[DBG] FAIL: 0b, 0x0005 1xs 1d 1i
[DBG] 1xs 1d 1i: Got 00000002 vs 00000003: FAIL
[DBG] PASS: 0b, 0x0005 16xs 1d 1i
[DBG] FAIL: 0b, 0x0005 1xv 1d 1i
[DBG] 1xv 1d 1i: Got FFFB vs FFFF: FAIL
[DBG] FAIL: 0b, 0x0005 16xv 1d 1i
[DBG] 16xv 1d 1i: Got FFFE vs FFFD: FAIL
[DBG] FAIL: 0b, 0x0005 1xs 2d 1i
[DBG] 1xs 2d 1i: Got 00000002 vs 00000003: FAIL
[DBG] PASS: 0b, 0x0005 16xs 2d 1i
[DBG] FAIL: 0b, 0x0005 1xv 2d 1i
[DBG] 1xv 2d 1i: Got FFFB vs FFFF: FAIL
[DBG] FAIL: 0b, 0x0005 16xv 2d 1i
[DBG] 16xv 2d 1i: Got FFFE vs FFFD: FAIL
[DBG] FAIL: 0b, 0x0005 1xs 4d 1i
[DBG] 1xs 4d 1i: Got 00000002 vs 00000003: FAIL
[DBG] PASS: 0b, 0x0005 16xs 4d 1i
[DBG] FAIL: 0b, 0x0005 1xv 4d 1i
[DBG] 1xv 4d 1i: Got FFFB vs FFFF: FAIL
[DBG] FAIL: 0b, 0x0005 16xv 4d 1i
[DBG] 16xv 4d 1i: Got FFFE vs FFFD: FAIL
[DBG] FAIL: 0b, 0x0005 1xs 1d 2i
[DBG] 1xs 1d 2i: Got 00000002 vs 00000003: FAIL
[DBG] PASS: 0b, 0x0005 16xs 1d 2i
[DBG] FAIL: 0b, 0x0005 1xv 1d 2i
[DBG] 1xv 1d 2i: Got FFFC vs FFFB: FAIL
[DBG] FAIL: 0b, 0x0005 16xv 1d 2i
[DBG] 16xv 1d 2i: Got FFFF vs FFFE: FAIL
[DBG] FAIL: 0b, 0x0005 1xs 2d 2i
[DBG] 1xs 2d 2i: Got 00000002 vs 00000003: FAIL
[DBG] PASS: 0b, 0x0005 16xs 2d 2i
[DBG] FAIL: 0b, 0x0005 1xv 2d 2i
[DBG] 1xv 2d 2i: Got FFFC vs FFFB: FAIL
[DBG] FAIL: 0b, 0x0005 16xv 2d 2i
[DBG] 16xv 2d 2i: Got FFFF vs FFFE: FAIL
[DBG] FAIL: 0b, 0x0005 1xs 4d 2i
[DBG] 1xs 4d 2i: Got 00000002 vs 00000003: FAIL
[DBG] PASS: 0b, 0x0005 16xs 4d 2i
[DBG] FAIL: 0b, 0x0005 1xv 4d 2i
[DBG] 1xv 4d 2i: Got FFFC vs FFFB: FAIL
[DBG] FAIL: 0b, 0x0005 16xv 4d 2i
[DBG] 16xv 4d 2i: Got FFFF vs FFFE: FAIL
[DBG] FAIL: 0b, 0x0005 1xs 1d 4i
[DBG] 1xs 1d 4i: Got 00000002 vs 00000003: FAIL
[DBG] PASS: 0b, 0x0005 16xs 1d 4i
[DBG] FAIL: 0b, 0x0005 1xv 1d 4i
[DBG] 1xv 1d 4i: Got FFFE vs FFFD: FAIL
[DBG] FAIL: 0b, 0x0005 16xv 1d 4i
[DBG] 16xv 1d 4i: Got FFFC vs FFFB: FAIL
[DBG] FAIL: 0b, 0x0005 1xs 2d 4i
[DBG] 1xs 2d 4i: Got 00000002 vs 00000003: FAIL
[DBG] PASS: 0b, 0x0005 16xs 2d 4i
[DBG] FAIL: 0b, 0x0005 1xv 2d 4i
[DBG] 1xv 2d 4i: Got FFFE vs FFFD: FAIL
[DBG] FAIL: 0b, 0x0005 16xv 2d 4i
[DBG] 16xv 2d 4i: Got FFFC vs FFFB: FAIL
[DBG] FAIL: 0b, 0x0005 1xs 4d 4i
[DBG] 1xs 4d 4i: Got 00000002 vs 00000003: FAIL
[DBG] PASS: 0b, 0x0005 16xs 4d 4i
[DBG] FAIL: 0b, 0x0005 1xv 4d 4i
[DBG] 1xv 4d 4i: Got FFFE vs FFFD: FAIL
[DBG] FAIL: 0b, 0x0005 16xv 4d 4i
[DBG] 16xv 4d 4i: Got FFFC vs FFFB: FAIL
[DBG] Timer count-up test: 0b, 0x000C
[DBG] PASS: 0b, 0x000C 1xs 1d 1i
[DBG] FAIL: 0b, 0x000C 16xs 1d 1i
[DBG] 16xs 1d 1i: Got 00000010 vs 00000020: FAIL
[DBG] FAIL: 0b, 0x000C 1xv 1d 1i
[DBG] 1xv 1d 1i: Got FFF8 vs FFFC: FAIL
[DBG] FAIL: 0b, 0x000C 16xv 1d 1i
[DBG] 16xv 1d 1i: Got FFF8 vs FFFE: FAIL
[DBG] PASS: 0b, 0x000C 1xs 2d 1i
[DBG] FAIL: 0b, 0x000C 16xs 2d 1i
[DBG] 16xs 2d 1i: Got 00000010 vs 00000020: FAIL
[DBG] FAIL: 0b, 0x000C 1xv 2d 1i
[DBG] 1xv 2d 1i: Got FFF8 vs FFFC: FAIL
[DBG] FAIL: 0b, 0x000C 16xv 2d 1i
[DBG] 16xv 2d 1i: Got FFF8 vs FFFE: FAIL
[DBG] PASS: 0b, 0x000C 1xs 4d 1i
[DBG] FAIL: 0b, 0x000C 16xs 4d 1i
[DBG] 16xs 4d 1i: Got 00000010 vs 00000020: FAIL
[DBG] FAIL: 0b, 0x000C 1xv 4d 1i
[DBG] 1xv 4d 1i: Got FFF8 vs FFFC: FAIL
[DBG] FAIL: 0b, 0x000C 16xv 4d 1i
[DBG] 16xv 4d 1i: Got FFF8 vs FFFE: FAIL
[DBG] PASS: 0b, 0x000C 1xs 1d 2i
[DBG] FAIL: 0b, 0x000C 16xs 1d 2i
[DBG] 16xs 1d 2i: Got 00000010 vs 00000020: FAIL
[DBG] FAIL: 0b, 0x000C 1xv 1d 2i
[DBG] 1xv 1d 2i: Got FFF9 vs FFFD: FAIL
[DBG] FAIL: 0b, 0x000C 16xv 1d 2i
[DBG] 16xv 1d 2i: Got FFF9 vs FFFF: FAIL
[DBG] PASS: 0b, 0x000C 1xs 2d 2i
[DBG] FAIL: 0b, 0x000C 16xs 2d 2i
[DBG] 16xs 2d 2i: Got 00000010 vs 00000020: FAIL
[DBG] FAIL: 0b, 0x000C 1xv 2d 2i
[DBG] 1xv 2d 2i: Got FFF9 vs FFFD: FAIL
[DBG] FAIL: 0b, 0x000C 16xv 2d 2i
[DBG] 16xv 2d 2i: Got FFF9 vs FFFF: FAIL
[DBG] PASS: 0b, 0x000C 1xs 4d 2i
[DBG] FAIL: 0b, 0x000C 16xs 4d 2i
[DBG] 16xs 4d 2i: Got 00000010 vs 00000020: FAIL
[DBG] FAIL: 0b, 0x000C 1xv 4d 2i
[DBG] 1xv 4d 2i: Got FFF9 vs FFFD: FAIL
[DBG] FAIL: 0b, 0x000C 16xv 4d 2i
[DBG] 16xv 4d 2i: Got FFF9 vs FFFF: FAIL
[DBG] PASS: 0b, 0x000C 1xs 1d 4i
[DBG] FAIL: 0b, 0x000C 16xs 1d 4i
[DBG] 16xs 1d 4i: Got 00000010 vs 00000020: FAIL
[DBG] FAIL: 0b, 0x000C 1xv 1d 4i
[DBG] 1xv 1d 4i: Got FFFB vs FFFF: FAIL
[DBG] FAIL: 0b, 0x000C 16xv 1d 4i
[DBG] 16xv 1d 4i: Got FFFB vs FFF5: FAIL
[DBG] PASS: 0b, 0x000C 1xs 2d 4i
[DBG] FAIL: 0b, 0x000C 16xs 2d 4i
[DBG] 16xs 2d 4i: Got 00000010 vs 00000020: FAIL
[DBG] FAIL: 0b, 0x000C 1xv 2d 4i
[DBG] 1xv 2d 4i: Got FFFB vs FFFF: FAIL
[DBG] FAIL: 0b, 0x000C 16xv 2d 4i
[DBG] 16xv 2d 4i: Got FFFB vs FFF5: FAIL
[DBG] PASS: 0b, 0x000C 1xs 4d 4i
[DBG] FAIL: 0b, 0x000C 16xs 4d 4i
[DBG] 16xs 4d 4i: Got 00000010 vs 00000020: FAIL
[DBG] FAIL: 0b, 0x000C 1xv 4d 4i
[DBG] 1xv 4d 4i: Got FFFB vs FFFF: FAIL
[DBG] FAIL: 0b, 0x000C 16xv 4d 4i
[DBG] 16xv 4d 4i: Got FFFB vs FFF5: FAIL
[DBG] Timer count-up test: 0b, 0x000D
[DBG] FAIL: 0b, 0x000D 1xs 1d 1i
[DBG] 1xs 1d 1i: Got 00000003 vs 00000004: FAIL
[DBG] FAIL: 0b, 0x000D 16xs 1d 1i
[DBG] 16xs 1d 1i: Got 00000010 vs 00000020: FAIL
[DBG] FAIL: 0b, 0x000D 1xv 1d 1i
[DBG] 1xv 1d 1i: Got FFFF vs FFF6: FAIL
[DBG] FAIL: 0b, 0x000D 16xv 1d 1i
[DBG] 16xv 1d 1i: Got FFFD vs FFF5: FAIL
[DBG] FAIL: 0b, 0x000D 1xs 2d 1i
[DBG] 1xs 2d 1i: Got 00000003 vs 00000004: FAIL
[DBG] FAIL: 0b, 0x000D 16xs 2d 1i
[DBG] 16xs 2d 1i: Got 00000010 vs 00000020: FAIL
[DBG] FAIL: 0b, 0x000D 1xv 2d 1i
[DBG] 1xv 2d 1i: Got FFFF vs FFF6: FAIL
[DBG] FAIL: 0b, 0x000D 16xv 2d 1i
[DBG] 16xv 2d 1i: Got FFFD vs FFF5: FAIL
[DBG] FAIL: 0b, 0x000D 1xs 4d 1i
[DBG] 1xs 4d 1i: Got 00000003 vs 00000004: FAIL
[DBG] FAIL: 0b, 0x000D 16xs 4d 1i
[DBG] 16xs 4d 1i: Got 00000010 vs 00000020: FAIL
[DBG] FAIL: 0b, 0x000D 1xv 4d 1i
[DBG] 1xv 4d 1i: Got FFFF vs FFF6: FAIL
[DBG] FAIL: 0b, 0x000D 16xv 4d 1i
[DBG] 16xv 4d 1i: Got FFFD vs FFF5: FAIL
[DBG] FAIL: 0b, 0x000D 1xs 1d 2i
[DBG] 1xs 1d 2i: Got 00000003 vs 00000004: FAIL
[DBG] FAIL: 0b, 0x000D 16xs 1d 2i
[DBG] 16xs 1d 2i: Got 00000010 vs 00000020: FAIL
[DBG] FAIL: 0b, 0x000D 1xv 1d 2i
[DBG] 1xv 1d 2i: Got FFF6 vs FFFA: FAIL
[DBG] FAIL: 0b, 0x000D 16xv 1d 2i
[DBG] 16xv 1d 2i: Got FFF4 vs FFF9: FAIL
[DBG] FAIL: 0b, 0x000D 1xs 2d 2i
[DBG] 1xs 2d 2i: Got 00000003 vs 00000004: FAIL
[DBG] FAIL: 0b, 0x000D 16xs 2d 2i
[DBG] 16xs 2d 2i: Got 00000010 vs 00000020: FAIL
[DBG] FAIL: 0b, 0x000D 1xv 2d 2i
[DBG] 1xv 2d 2i: Got FFF6 vs FFFA: FAIL
[DBG] FAIL: 0b, 0x000D 16xv 2d 2i
[DBG] 16xv 2d 2i: Got FFF4 vs FFF9: FAIL
[DBG] FAIL: 0b, 0x000D 1xs 4d 2i
[DBG] 1xs 4d 2i: Got 00000003 vs 00000004: FAIL
[DBG] FAIL: 0b, 0x000D 16xs 4d 2i
[DBG] 16xs 4d 2i: Got 00000010 vs 00000020: FAIL
[DBG] FAIL: 0b, 0x000D 1xv 4d 2i
[DBG] 1xv 4d 2i: Got FFF6 vs FFFA: FAIL
[DBG] FAIL: 0b, 0x000D 16xv 4d 2i
[DBG] 16xv 4d 2i: Got FFF4 vs FFF9: FAIL
[DBG] FAIL: 0b, 0x000D 1xs 1d 4i
[DBG] 1xs 1d 4i: Got 00000003 vs 00000004: FAIL
[DBG] FAIL: 0b, 0x000D 16xs 1d 4i
[DBG] 16xs 1d 4i: Got 00000010 vs 00000020: FAIL
[DBG] FAIL: 0b, 0x000D 1xv 1d 4i
[DBG] 1xv 1d 4i: Got FFFE vs FFF5: FAIL
[DBG] FAIL: 0b, 0x000D 16xv 1d 4i
[DBG] 16xv 1d 4i: Got FFFC vs FFF4: FAIL
[DBG] FAIL: 0b, 0x000D 1xs 2d 4i
[DBG] 1xs 2d 4i: Got 00000003 vs 00000004: FAIL
[DBG] FAIL: 0b, 0x000D 16xs 2d 4i
[DBG] 16xs 2d 4i: Got 00000010 vs 00000020: FAIL
[DBG] FAIL: 0b, 0x000D 1xv 2d 4i
[DBG] 1xv 2d 4i: Got FFFE vs FFF5: FAIL
[DBG] FAIL: 0b, 0x000D 16xv 2d 4i
[DBG] 16xv 2d 4i: Got FFFC vs FFF4: FAIL
[DBG] FAIL: 0b, 0x000D 1xs 4d 4i
[DBG] 1xs 4d 4i: Got 00000003 vs 00000004: FAIL
[DBG] FAIL: 0b, 0x000D 16xs 4d 4i
[DBG] 16xs 4d 4i: Got 00000010 vs 00000020: FAIL
[DBG] FAIL: 0b, 0x000D 1xv 4d 4i
[DBG] 1xv 4d 4i: Got FFFE vs FFF5: FAIL
[DBG] FAIL: 0b, 0x000D 16xv 4d 4i
[DBG] 16xv 4d 4i: Got FFFC vs FFF4: FAIL
[DBG] Timer count-up test: 0b, 0x0010
[DBG] FAIL: 0b, 0x0010 1xs 1d 1i
[DBG] 1xs 1d 1i: Got 00000003 vs 00000004: FAIL
[DBG] PASS: 0b, 0x0010 16xs 1d 1i
[DBG] FAIL: 0b, 0x0010 1xv 1d 1i
[DBG] 1xv 1d 1i: Got FFF8 vs FFFC: FAIL
[DBG] FAIL: 0b, 0x0010 16xv 1d 1i
[DBG] 16xv 1d 1i: Got FFFA vs FFFE: FAIL
[DBG] FAIL: 0b, 0x0010 1xs 2d 1i
[DBG] 1xs 2d 1i: Got 00000003 vs 00000004: FAIL
[DBG] PASS: 0b, 0x0010 16xs 2d 1i
[DBG] FAIL: 0b, 0x0010 1xv 2d 1i
[DBG] 1xv 2d 1i: Got FFF8 vs FFFC: FAIL
[DBG] FAIL: 0b, 0x0010 16xv 2d 1i
[DBG] 16xv 2d 1i: Got FFFA vs FFFE: FAIL
[DBG] FAIL: 0b, 0x0010 1xs 4d 1i
[DBG] 1xs 4d 1i: Got 00000003 vs 00000004: FAIL
[DBG] PASS: 0b, 0x0010 16xs 4d 1i
[DBG] FAIL: 0b, 0x0010 1xv 4d 1i
[DBG] 1xv 4d 1i: Got FFF8 vs FFFC: FAIL
[DBG] FAIL: 0b, 0x0010 16xv 4d 1i
[DBG] 16xv 4d 1i: Got FFFA vs FFFE: FAIL
[DBG] FAIL: 0b, 0x0010 1xs 1d 2i
[DBG] 1xs 1d 2i: Got 00000003 vs 00000004: FAIL
[DBG] PASS: 0b, 0x0010 16xs 1d 2i
[DBG] FAIL: 0b, 0x0010 1xv 1d 2i
[DBG] 1xv 1d 2i: Got FFF1 vs FFF5: FAIL
[DBG] FAIL: 0b, 0x0010 16xv 1d 2i
[DBG] 16xv 1d 2i: Got FFF3 vs FFF7: FAIL
[DBG] FAIL: 0b, 0x0010 1xs 2d 2i
[DBG] 1xs 2d 2i: Got 00000003 vs 00000004: FAIL
[DBG] PASS: 0b, 0x0010 16xs 2d 2i
[DBG] FAIL: 0b, 0x0010 1xv 2d 2i
[DBG] 1xv 2d 2i: Got FFF1 vs FFF5: FAIL
[DBG] FAIL: 0b, 0x0010 16xv 2d 2i
[DBG] 16xv 2d 2i: Got FFF3 vs FFF7: FAIL
[DBG] FAIL: 0b, 0x0010 1xs 4d 2i
[DBG] 1xs 4d 2i: Got 00000003 vs 00000004: FAIL
[DBG] PASS: 0b, 0x0010 16xs 4d 2i
[DBG] FAIL: 0b, 0x0010 1xv 4d 2i
[DBG] 1xv 4d 2i: Got FFF1 vs FFF5: FAIL
[DBG] FAIL: 0b, 0x0010 16xv 4d 2i
[DBG] 16xv 4d 2i: Got FFF3 vs FFF7: FAIL
[DBG] FAIL: 0b, 0x0010 1xs 1d 4i
[DBG] 1xs 1d 4i: Got 00000003 vs 00000004: FAIL
[DBG] PASS: 0b, 0x0010 16xs 1d 4i
[DBG] FAIL: 0b, 0x0010 1xv 1d 4i
[DBG] 1xv 1d 4i: Got FFF3 vs FFF7: FAIL
[DBG] FAIL: 0b, 0x0010 16xv 1d 4i
[DBG] 16xv 1d 4i: Got FFF5 vs FFF9: FAIL
[DBG] FAIL: 0b, 0x0010 1xs 2d 4i
[DBG] 1xs 2d 4i: Got 00000003 vs 00000004: FAIL
[DBG] PASS: 0b, 0x0010 16xs 2d 4i
[DBG] FAIL: 0b, 0x0010 1xv 2d 4i
[DBG] 1xv 2d 4i: Got FFF3 vs FFF7: FAIL
[DBG] FAIL: 0b, 0x0010 16xv 2d 4i
[DBG] 16xv 2d 4i: Got FFF5 vs FFF9: FAIL
[DBG] FAIL: 0b, 0x0010 1xs 4d 4i
[DBG] 1xs 4d 4i: Got 00000003 vs 00000004: FAIL
[DBG] PASS: 0b, 0x0010 16xs 4d 4i
[DBG] FAIL: 0b, 0x0010 1xv 4d 4i
[DBG] 1xv 4d 4i: Got FFF3 vs FFF7: FAIL
[DBG] FAIL: 0b, 0x0010 16xv 4d 4i
[DBG] 16xv 4d 4i: Got FFF5 vs FFF9: FAIL
[DBG] Timer count-up test: 0b, 0x0014
[DBG] PASS: 0b, 0x0014 1xs 1d 1i
[DBG] PASS: 0b, 0x0014 16xs 1d 1i
[DBG] FAIL: 0b, 0x0014 1xv 1d 1i
[DBG] 1xv 1d 1i: Got FFF4 vs FFF8: FAIL
[DBG] FAIL: 0b, 0x0014 16xv 1d 1i
[DBG] 16xv 1d 1i: Got FFF6 vs FFF8: FAIL
[DBG] PASS: 0b, 0x0014 1xs 2d 1i
[DBG] PASS: 0b, 0x0014 16xs 2d 1i
[DBG] FAIL: 0b, 0x0014 1xv 2d 1i
[DBG] 1xv 2d 1i: Got FFF4 vs FFF8: FAIL
[DBG] FAIL: 0b, 0x0014 16xv 2d 1i
[DBG] 16xv 2d 1i: Got FFF6 vs FFF8: FAIL
[DBG] PASS: 0b, 0x0014 1xs 4d 1i
[DBG] PASS: 0b, 0x0014 16xs 4d 1i
[DBG] FAIL: 0b, 0x0014 1xv 4d 1i
[DBG] 1xv 4d 1i: Got FFF4 vs FFF8: FAIL
[DBG] FAIL: 0b, 0x0014 16xv 4d 1i
[DBG] 16xv 4d 1i: Got FFF6 vs FFF8: FAIL
[DBG] PASS: 0b, 0x0014 1xs 1d 2i
[DBG] PASS: 0b, 0x0014 16xs 1d 2i
[DBG] FAIL: 0b, 0x0014 1xv 1d 2i
[DBG] 1xv 1d 2i: Got FFF5 vs FFF9: FAIL
[DBG] FAIL: 0b, 0x0014 16xv 1d 2i
[DBG] 16xv 1d 2i: Got FFF7 vs FFF9: FAIL
[DBG] PASS: 0b, 0x0014 1xs 2d 2i
[DBG] PASS: 0b, 0x0014 16xs 2d 2i
[DBG] FAIL: 0b, 0x0014 1xv 2d 2i
[DBG] 1xv 2d 2i: Got FFF5 vs FFF9: FAIL
[DBG] FAIL: 0b, 0x0014 16xv 2d 2i
[DBG] 16xv 2d 2i: Got FFF7 vs FFF9: FAIL
[DBG] PASS: 0b, 0x0014 1xs 4d 2i
[DBG] PASS: 0b, 0x0014 16xs 4d 2i
[DBG] FAIL: 0b, 0x0014 1xv 4d 2i
[DBG] 1xv 4d 2i: Got FFF5 vs FFF9: FAIL
[DBG] FAIL: 0b, 0x0014 16xv 4d 2i
[DBG] 16xv 4d 2i: Got FFF7 vs FFF9: FAIL
[DBG] PASS: 0b, 0x0014 1xs 1d 4i
[DBG] PASS: 0b, 0x0014 16xs 1d 4i
[DBG] FAIL: 0b, 0x0014 1xv 1d 4i
[DBG] 1xv 1d 4i: Got FFF7 vs FFFB: FAIL
[DBG] FAIL: 0b, 0x0014 16xv 1d 4i
[DBG] 16xv 1d 4i: Got FFF9 vs FFFB: FAIL
[DBG] PASS: 0b, 0x0014 1xs 2d 4i
[DBG] PASS: 0b, 0x0014 16xs 2d 4i
[DBG] FAIL: 0b, 0x0014 1xv 2d 4i
[DBG] 1xv 2d 4i: Got FFF7 vs FFFB: FAIL
[DBG] FAIL: 0b, 0x0014 16xv 2d 4i
[DBG] 16xv 2d 4i: Got FFF9 vs FFFB: FAIL
[DBG] PASS: 0b, 0x0014 1xs 4d 4i
[DBG] PASS: 0b, 0x0014 16xs 4d 4i
[DBG] FAIL: 0b, 0x0014 1xv 4d 4i
[DBG] 1xv 4d 4i: Got FFF7 vs FFFB: FAIL
[DBG] FAIL: 0b, 0x0014 16xv 4d 4i
[DBG] 16xv 4d 4i: Got FFF9 vs FFFB: FAIL
[DBG] Timer count-up test: 0b, 0x0015
[DBG] FAIL: 0b, 0x0015 1xs 1d 1i
[DBG] 1xs 1d 1i: Got 00000004 vs 00000005: FAIL
[DBG] PASS: 0b, 0x0015 16xs 1d 1i
[DBG] FAIL: 0b, 0x0015 1xv 1d 1i
[DBG] 1xv 1d 1i: Got FFF1 vs FFF5: FAIL
[DBG] FAIL: 0b, 0x0015 16xv 1d 1i
[DBG] 16xv 1d 1i: Got FFF0 vs FFF3: FAIL
[DBG] FAIL: 0b, 0x0015 1xs 2d 1i
[DBG] 1xs 2d 1i: Got 00000004 vs 00000005: FAIL
[DBG] PASS: 0b, 0x0015 16xs 2d 1i
[DBG] FAIL: 0b, 0x0015 1xv 2d 1i
[DBG] 1xv 2d 1i: Got FFF1 vs FFF5: FAIL
[DBG] FAIL: 0b, 0x0015 16xv 2d 1i
[DBG] 16xv 2d 1i: Got FFF0 vs FFF3: FAIL
[DBG] FAIL: 0b, 0x0015 1xs 4d 1i
[DBG] 1xs 4d 1i: Got 00000004 vs 00000005: FAIL
[DBG] PASS: 0b, 0x0015 16xs 4d 1i
[DBG] FAIL: 0b, 0x0015 1xv 4d 1i
[DBG] 1xv 4d 1i: Got FFF1 vs FFF5: FAIL
[DBG] FAIL: 0b, 0x0015 16xv 4d 1i
[DBG] 16xv 4d 1i: Got FFF0 vs FFF3: FAIL
[DBG] FAIL: 0b, 0x0015 1xs 1d 2i
[DBG] 1xs 1d 2i: Got 00000004 vs 00000005: FAIL
[DBG] PASS: 0b, 0x0015 16xs 1d 2i
[DBG] FAIL: 0b, 0x0015 1xv 1d 2i
[DBG] 1xv 1d 2i: Got FFEC vs FFF0: FAIL
[DBG] FAIL: 0b, 0x0015 16xv 1d 2i
[DBG] 16xv 1d 2i: Got FFEB vs FFEE: FAIL
[DBG] FAIL: 0b, 0x0015 1xs 2d 2i
[DBG] 1xs 2d 2i: Got 00000004 vs 00000005: FAIL
[DBG] PASS: 0b, 0x0015 16xs 2d 2i
[DBG] FAIL: 0b, 0x0015 1xv 2d 2i
[DBG] 1xv 2d 2i: Got FFEC vs FFF0: FAIL
[DBG] FAIL: 0b, 0x0015 16xv 2d 2i
[DBG] 16xv 2d 2i: Got FFEB vs FFEE: FAIL
[DBG] FAIL: 0b, 0x0015 1xs 4d 2i
[DBG] 1xs 4d 2i: Got 00000004 vs 00000005: FAIL
[DBG] PASS: 0b, 0x0015 16xs 4d 2i
[DBG] FAIL: 0b, 0x0015 1xv 4d 2i
[DBG] 1xv 4d 2i: Got FFEC vs FFF0: FAIL
[DBG] FAIL: 0b, 0x0015 16xv 4d 2i
[DBG] 16xv 4d 2i: Got FFEB vs FFEE: FAIL
[DBG] FAIL: 0b, 0x0015 1xs 1d 4i
[DBG] 1xs 1d 4i: Got 00000004 vs 00000005: FAIL
[DBG] PASS: 0b, 0x0015 16xs 1d 4i
[DBG] FAIL: 0b, 0x0015 1xv 1d 4i
[DBG] 1xv 1d 4i: Got FFF7 vs FFFB: FAIL
[DBG] FAIL: 0b, 0x0015 16xv 1d 4i
[DBG] 16xv 1d 4i: Got FFF6 vs FFF9: FAIL
[DBG] FAIL: 0b, 0x0015 1xs 2d 4i
[DBG] 1xs 2d 4i: Got 00000004 vs 00000005: FAIL
[DBG] PASS: 0b, 0x0015 16xs 2d 4i
[DBG] FAIL: 0b, 0x0015 1xv 2d 4i
[DBG] 1xv 2d 4i: Got FFF7 vs FFFB: FAIL
[DBG] FAIL: 0b, 0x0015 16xv 2d 4i
[DBG] 16xv 2d 4i: Got FFF6 vs FFF9: FAIL
[DBG] FAIL: 0b, 0x0015 1xs 4d 4i
[DBG] 1xs 4d 4i: Got 00000004 vs 00000005: FAIL
[DBG] PASS: 0b, 0x0015 16xs 4d 4i
[DBG] FAIL: 0b, 0x0015 1xv 4d 4i
[DBG] 1xv 4d 4i: Got FFF7 vs FFFB: FAIL
[DBG] FAIL: 0b, 0x0015 16xv 4d 4i
[DBG] 16xv 4d 4i: Got FFF6 vs FFF9: FAIL
[DBG] Timer count-up test: 0b, 0x0020
[DBG] FAIL: 0b, 0x0020 1xs 1d 1i
[DBG] 1xs 1d 1i: Got 00000005 vs 00000006: FAIL
[DBG] PASS: 0b, 0x0020 16xs 1d 1i
[DBG] FAIL: 0b, 0x0020 1xv 1d 1i
[DBG] 1xv 1d 1i: Got FFF8 vs FFFC: FAIL
[DBG] FAIL: 0b, 0x0020 16xv 1d 1i
[DBG] 16xv 1d 1i: Got FFF8 vs FFFC: FAIL
[DBG] FAIL: 0b, 0x0020 1xs 2d 1i
[DBG] 1xs 2d 1i: Got 00000005 vs 00000006: FAIL
[DBG] PASS: 0b, 0x0020 16xs 2d 1i
[DBG] FAIL: 0b, 0x0020 1xv 2d 1i
[DBG] 1xv 2d 1i: Got FFF8 vs FFFC: FAIL
[DBG] FAIL: 0b, 0x0020 16xv 2d 1i
[DBG] 16xv 2d 1i: Got FFF8 vs FFFC: FAIL
[DBG] FAIL: 0b, 0x0020 1xs 4d 1i
[DBG] 1xs 4d 1i: Got 00000005 vs 00000006: FAIL
[DBG] PASS: 0b, 0x0020 16xs 4d 1i
[DBG] FAIL: 0b, 0x0020 1xv 4d 1i
[DBG] 1xv 4d 1i: Got FFF8 vs FFFC: FAIL
[DBG] FAIL: 0b, 0x0020 16xv 4d 1i
[DBG] 16xv 4d 1i: Got FFF8 vs FFFC: FAIL
[DBG] FAIL: 0b, 0x0020 1xs 1d 2i
[DBG] 1xs 1d 2i: Got 00000005 vs 00000006: FAIL
[DBG] PASS: 0b, 0x0020 16xs 1d 2i
[DBG] FAIL: 0b, 0x0020 1xv 1d 2i
[DBG] 1xv 1d 2i: Got FFF1 vs FFF5: FAIL
[DBG] FAIL: 0b, 0x0020 16xv 1d 2i
[DBG] 16xv 1d 2i: Got FFF1 vs FFF5: FAIL
[DBG] FAIL: 0b, 0x0020 1xs 2d 2i
[DBG] 1xs 2d 2i: Got 00000005 vs 00000006: FAIL
[DBG] PASS: 0b, 0x0020 16xs 2d 2i
[DBG] FAIL: 0b, 0x0020 1xv 2d 2i
[DBG] 1xv 2d 2i: Got FFF1 vs FFF5: FAIL
[DBG] FAIL: 0b, 0x0020 16xv 2d 2i
[DBG] 16xv 2d 2i: Got FFF1 vs FFF5: FAIL
[DBG] FAIL: 0b, 0x0020 1xs 4d 2i
[DBG] 1xs 4d 2i: Got 00000005 vs 00000006: FAIL
[DBG] PASS: 0b, 0x0020 16xs 4d 2i
[DBG] FAIL: 0b, 0x0020 1xv 4d 2i
[DBG] 1xv 4d 2i: Got FFF1 vs FFF5: FAIL
[DBG] FAIL: 0b, 0x0020 16xv 4d 2i
[DBG] 16xv 4d 2i: Got FFF1 vs FFF5: FAIL
[DBG] FAIL: 0b, 0x0020 1xs 1d 4i
[DBG] 1xs 1d 4i: Got 00000005 vs 00000006: FAIL
[DBG] PASS: 0b, 0x0020 16xs 1d 4i
[DBG] FAIL: 0b, 0x0020 1xv 1d 4i
[DBG] 1xv 1d 4i: Got FFE3 vs FFE7: FAIL
[DBG] FAIL: 0b, 0x0020 16xv 1d 4i
[DBG] 16xv 1d 4i: Got FFE3 vs FFE7: FAIL
[DBG] FAIL: 0b, 0x0020 1xs 2d 4i
[DBG] 1xs 2d 4i: Got 00000005 vs 00000006: FAIL
[DBG] PASS: 0b, 0x0020 16xs 2d 4i
[DBG] FAIL: 0b, 0x0020 1xv 2d 4i
[DBG] 1xv 2d 4i: Got FFE3 vs FFE7: FAIL
[DBG] FAIL: 0b, 0x0020 16xv 2d 4i
[DBG] 16xv 2d 4i: Got FFE3 vs FFE7: FAIL
[DBG] FAIL: 0b, 0x0020 1xs 4d 4i
[DBG] 1xs 4d 4i: Got 00000005 vs 00000006: FAIL
[DBG] PASS: 0b, 0x0020 16xs 4d 4i
[DBG] FAIL: 0b, 0x0020 1xv 4d 4i
[DBG] 1xv 4d 4i: Got FFE3 vs FFE7: FAIL
[DBG] FAIL: 0b, 0x0020 16xv 4d 4i
[DBG] 16xv 4d 4i: Got FFE3 vs FFE7: FAIL
[DBG] Timer count-up test: 0b, 0x0024
[DBG] PASS: 0b, 0x0024 1xs 1d 1i
[DBG] FAIL: 0b, 0x0024 16xs 1d 1i
[DBG] 16xs 1d 1i: Got 00000020 vs 00000030: FAIL
[DBG] FAIL: 0b, 0x0024 1xv 1d 1i
[DBG] 1xv 1d 1i: Got FFEC vs FFF0: FAIL
[DBG] FAIL: 0b, 0x0024 16xv 1d 1i
[DBG] 16xv 1d 1i: Got FFEC vs FFF1: FAIL
[DBG] PASS: 0b, 0x0024 1xs 2d 1i
[DBG] FAIL: 0b, 0x0024 16xs 2d 1i
[DBG] 16xs 2d 1i: Got 00000020 vs 00000030: FAIL
[DBG] FAIL: 0b, 0x0024 1xv 2d 1i
[DBG] 1xv 2d 1i: Got FFEC vs FFF0: FAIL
[DBG] FAIL: 0b, 0x0024 16xv 2d 1i
[DBG] 16xv 2d 1i: Got FFEC vs FFF1: FAIL
[DBG] PASS: 0b, 0x0024 1xs 4d 1i
[DBG] FAIL: 0b, 0x0024 16xs 4d 1i
[DBG] 16xs 4d 1i: Got 00000020 vs 00000030: FAIL
[DBG] FAIL: 0b, 0x0024 1xv 4d 1i
[DBG] 1xv 4d 1i: Got FFEC vs FFF0: FAIL
[DBG] FAIL: 0b, 0x0024 16xv 4d 1i
[DBG] 16xv 4d 1i: Got FFEC vs FFF1: FAIL
[DBG] PASS: 0b, 0x0024 1xs 1d 2i
[DBG] FAIL: 0b, 0x0024 16xs 1d 2i
[DBG] 16xs 1d 2i: Got 00000020 vs 00000030: FAIL
[DBG] FAIL: 0b, 0x0024 1xv 1d 2i
[DBG] 1xv 1d 2i: Got FFF9 vs FFFD: FAIL
[DBG] FAIL: 0b, 0x0024 16xv 1d 2i
[DBG] 16xv 1d 2i: Got FFF9 vs FFFE: FAIL
[DBG] PASS: 0b, 0x0024 1xs 2d 2i
[DBG] FAIL: 0b, 0x0024 16xs 2d 2i
[DBG] 16xs 2d 2i: Got 00000020 vs 00000030: FAIL
[DBG] FAIL: 0b, 0x0024 1xv 2d 2i
[DBG] 1xv 2d 2i: Got FFF9 vs FFFD: FAIL
[DBG] FAIL: 0b, 0x0024 16xv 2d 2i
[DBG] 16xv 2d 2i: Got FFF9 vs FFFE: FAIL
[DBG] PASS: 0b, 0x0024 1xs 4d 2i
[DBG] FAIL: 0b, 0x0024 16xs 4d 2i
[DBG] 16xs 4d 2i: Got 00000020 vs 00000030: FAIL
[DBG] FAIL: 0b, 0x0024 1xv 4d 2i
[DBG] 1xv 4d 2i: Got FFF9 vs FFFD: FAIL
[DBG] FAIL: 0b, 0x0024 16xv 4d 2i
[DBG] 16xv 4d 2i: Got FFF9 vs FFFE: FAIL
[DBG] PASS: 0b, 0x0024 1xs 1d 4i
[DBG] FAIL: 0b, 0x0024 16xs 1d 4i
[DBG] 16xs 1d 4i: Got 00000020 vs 00000030: FAIL
[DBG] FAIL: 0b, 0x0024 1xv 1d 4i
[DBG] 1xv 1d 4i: Got FFEF vs FFF3: FAIL
[DBG] FAIL: 0b, 0x0024 16xv 1d 4i
[DBG] 16xv 1d 4i: Got FFEF vs FFF4: FAIL
[DBG] PASS: 0b, 0x0024 1xs 2d 4i
[DBG] FAIL: 0b, 0x0024 16xs 2d 4i
[DBG] 16xs 2d 4i: Got 00000020 vs 00000030: FAIL
[DBG] FAIL: 0b, 0x0024 1xv 2d 4i
[DBG] 1xv 2d 4i: Got FFEF vs FFF3: FAIL
[DBG] FAIL: 0b, 0x0024 16xv 2d 4i
[DBG] 16xv 2d 4i: Got FFEF vs FFF4: FAIL
[DBG] PASS: 0b, 0x0024 1xs 4d 4i
[DBG] FAIL: 0b, 0x0024 16xs 4d 4i
[DBG] 16xs 4d 4i: Got 00000020 vs 00000030: FAIL
[DBG] FAIL: 0b, 0x0024 1xv 4d 4i
[DBG] 1xv 4d 4i: Got FFEF vs FFF3: FAIL
[DBG] FAIL: 0b, 0x0024 16xv 4d 4i
[DBG] 16xv 4d 4i: Got FFEF vs FFF4: FAIL
[DBG] Timer count-up test: 0b, 0x0025
[DBG] FAIL: 0b, 0x0025 1xs 1d 1i
[DBG] 1xs 1d 1i: Got 00000006 vs 00000007: FAIL
[DBG] FAIL: 0b, 0x0025 16xs 1d 1i
[DBG] 16xs 1d 1i: Got 00000020 vs 00000030: FAIL
[DBG] FAIL: 0b, 0x0025 1xv 1d 1i
[DBG] 1xv 1d 1i: Got FFEB vs FFEF: FAIL
[DBG] FAIL: 0b, 0x0025 16xv 1d 1i
[DBG] 16xv 1d 1i: Got FFE9 vs FFED: FAIL
[DBG] FAIL: 0b, 0x0025 1xs 2d 1i
[DBG] 1xs 2d 1i: Got 00000006 vs 00000007: FAIL
[DBG] FAIL: 0b, 0x0025 16xs 2d 1i
[DBG] 16xs 2d 1i: Got 00000020 vs 00000030: FAIL
[DBG] FAIL: 0b, 0x0025 1xv 2d 1i
[DBG] 1xv 2d 1i: Got FFEB vs FFEF: FAIL
[DBG] FAIL: 0b, 0x0025 16xv 2d 1i
[DBG] 16xv 2d 1i: Got FFE9 vs FFED: FAIL
[DBG] FAIL: 0b, 0x0025 1xs 4d 1i
[DBG] 1xs 4d 1i: Got 00000006 vs 00000007: FAIL
[DBG] FAIL: 0b, 0x0025 16xs 4d 1i
[DBG] 16xs 4d 1i: Got 00000020 vs 00000030: FAIL
[DBG] FAIL: 0b, 0x0025 1xv 4d 1i
[DBG] 1xv 4d 1i: Got FFEB vs FFEF: FAIL
[DBG] FAIL: 0b, 0x0025 16xv 4d 1i
[DBG] 16xv 4d 1i: Got FFE9 vs FFED: FAIL
[DBG] FAIL: 0b, 0x0025 1xs 1d 2i
[DBG] 1xs 1d 2i: Got 00000006 vs 00000007: FAIL
[DBG] FAIL: 0b, 0x0025 16xs 1d 2i
[DBG] 16xs 1d 2i: Got 00000020 vs 00000030: FAIL
[DBG] FAIL: 0b, 0x0025 1xv 1d 2i
[DBG] 1xv 1d 2i: Got FFF5 vs FFF9: FAIL
[DBG] FAIL: 0b, 0x0025 16xv 1d 2i
[DBG] 16xv 1d 2i: Got FFF3 vs FFF7: FAIL
[DBG] FAIL: 0b, 0x0025 1xs 2d 2i
[DBG] 1xs 2d 2i: Got 00000006 vs 00000007: FAIL
[DBG] FAIL: 0b, 0x0025 16xs 2d 2i
[DBG] 16xs 2d 2i: Got 00000020 vs 00000030: FAIL
[DBG] FAIL: 0b, 0x0025 1xv 2d 2i
[DBG] 1xv 2d 2i: Got FFF5 vs FFF9: FAIL
[DBG] FAIL: 0b, 0x0025 16xv 2d 2i
[DBG] 16xv 2d 2i: Got FFF3 vs FFF7: FAIL
[DBG] FAIL: 0b, 0x0025 1xs 4d 2i
[DBG] 1xs 4d 2i: Got 00000006 vs 00000007: FAIL
[DBG] FAIL: 0b, 0x0025 16xs 4d 2i
[DBG] 16xs 4d 2i: Got 00000020 vs 00000030: FAIL
[DBG] FAIL: 0b, 0x0025 1xv 4d 2i
[DBG] 1xv 4d 2i: Got FFF5 vs FFF9: FAIL
[DBG] FAIL: 0b, 0x0025 16xv 4d 2i
[DBG] 16xv 4d 2i: Got FFF3 vs FFF7: FAIL
[DBG] FAIL: 0b, 0x0025 1xs 1d 4i
[DBG] 1xs 1d 4i: Got 00000006 vs 00000007: FAIL
[DBG] FAIL: 0b, 0x0025 16xs 1d 4i
[DBG] 16xs 1d 4i: Got 00000020 vs 00000030: FAIL
[DBG] FAIL: 0b, 0x0025 1xv 1d 4i
[DBG] 1xv 1d 4i: Got FFE4 vs FFE8: FAIL
[DBG] FAIL: 0b, 0x0025 16xv 1d 4i
[DBG] 16xv 1d 4i: Got FFE2 vs FFE6: FAIL
[DBG] FAIL: 0b, 0x0025 1xs 2d 4i
[DBG] 1xs 2d 4i: Got 00000006 vs 00000007: FAIL
[DBG] FAIL: 0b, 0x0025 16xs 2d 4i
[DBG] 16xs 2d 4i: Got 00000020 vs 00000030: FAIL
[DBG] FAIL: 0b, 0x0025 1xv 2d 4i
[DBG] 1xv 2d 4i: Got FFE4 vs FFE8: FAIL
[DBG] FAIL: 0b, 0x0025 16xv 2d 4i
[DBG] 16xv 2d 4i: Got FFE2 vs FFE6: FAIL
[DBG] FAIL: 0b, 0x0025 1xs 4d 4i
[DBG] 1xs 4d 4i: Got 00000006 vs 00000007: FAIL
[DBG] FAIL: 0b, 0x0025 16xs 4d 4i
[DBG] 16xs 4d 4i: Got 00000020 vs 00000030: FAIL
[DBG] FAIL: 0b, 0x0025 1xv 4d 4i
[DBG] 1xv 4d 4i: Got FFE4 vs FFE8: FAIL
[DBG] FAIL: 0b, 0x0025 16xv 4d 4i
[DBG] 16xv 4d 4i: Got FFE2 vs FFE6: FAIL
[DBG] Timer count-up test: 0b, 0x0040
[DBG] FAIL: 0b, 0x0040 1xs 1d 1i
[DBG] 1xs 1d 1i: Got 00000009 vs 0000000A: FAIL
[DBG] PASS: 0b, 0x0040 16xs 1d 1i
[DBG] FAIL: 0b, 0x0040 1xv 1d 1i
[DBG] 1xv 1d 1i: Got FFD8 vs FFDC: FAIL
[DBG] FAIL: 0b, 0x0040 16xv 1d 1i
[DBG] 16xv 1d 1i: Got FFD8 vs FFDC: FAIL
[DBG] FAIL: 0b, 0x0040 1xs 2d 1i
[DBG] 1xs 2d 1i: Got 00000009 vs 0000000A: FAIL
[DBG] PASS: 0b, 0x0040 16xs 2d 1i
[DBG] FAIL: 0b, 0x0040 1xv 2d 1i
[DBG] 1xv 2d 1i: Got FFD8 vs FFDC: FAIL
[DBG] FAIL: 0b, 0x0040 16xv 2d 1i
[DBG] 16xv 2d 1i: Got FFD8 vs FFDC: FAIL
[DBG] FAIL: 0b, 0x0040 1xs 4d 1i
[DBG] 1xs 4d 1i: Got 00000009 vs 0000000A: FAIL
[DBG] PASS: 0b, 0x0040 16xs 4d 1i
[DBG] FAIL: 0b, 0x0040 1xv 4d 1i
[DBG] 1xv 4d 1i: Got FFD8 vs FFDC: FAIL
[DBG] FAIL: 0b, 0x0040 16xv 4d 1i
[DBG] 16xv 4d 1i: Got FFD8 vs FFDC: FAIL
[DBG] FAIL: 0b, 0x0040 1xs 1d 2i
[DBG] 1xs 1d 2i: Got 00000009 vs 0000000B: FAIL
[DBG] PASS: 0b, 0x0040 16xs 1d 2i
[DBG] FAIL: 0b, 0x0040 1xv 1d 2i
[DBG] 1xv 1d 2i: Got FFD1 vs FFDC: FAIL
[DBG] FAIL: 0b, 0x0040 16xv 1d 2i
[DBG] 16xv 1d 2i: Got FFD1 vs FFDC: FAIL
[DBG] FAIL: 0b, 0x0040 1xs 2d 2i
[DBG] 1xs 2d 2i: Got 00000009 vs 0000000B: FAIL
[DBG] PASS: 0b, 0x0040 16xs 2d 2i
[DBG] FAIL: 0b, 0x0040 1xv 2d 2i
[DBG] 1xv 2d 2i: Got FFD1 vs FFDC: FAIL
[DBG] FAIL: 0b, 0x0040 16xv 2d 2i
[DBG] 16xv 2d 2i: Got FFD1 vs FFDC: FAIL
[DBG] FAIL: 0b, 0x0040 1xs 4d 2i
[DBG] 1xs 4d 2i: Got 00000009 vs 0000000B: FAIL
[DBG] PASS: 0b, 0x0040 16xs 4d 2i
[DBG] FAIL: 0b, 0x0040 1xv 4d 2i
[DBG] 1xv 4d 2i: Got FFD1 vs FFDC: FAIL
[DBG] FAIL: 0b, 0x0040 16xv 4d 2i
[DBG] 16xv 4d 2i: Got FFD1 vs FFDC: FAIL
[DBG] FAIL: 0b, 0x0040 1xs 1d 4i
[DBG] 1xs 1d 4i: Got 00000009 vs 0000000D: FAIL
[DBG] FAIL: 0b, 0x0040 16xs 1d 4i
[DBG] 16xs 1d 4i: Got 00000040 vs 00000050: FAIL
[DBG] FAIL: 0b, 0x0040 1xv 1d 4i
[DBG] 1xv 1d 4i: Got FFC3 vs FFDE: FAIL
[DBG] FAIL: 0b, 0x0040 16xv 1d 4i
[DBG] 16xv 1d 4i: Got FFC3 vs FFDE: FAIL
[DBG] FAIL: 0b, 0x0040 1xs 2d 4i
[DBG] 1xs 2d 4i: Got 00000009 vs 0000000D: FAIL
[DBG] FAIL: 0b, 0x0040 16xs 2d 4i
[DBG] 16xs 2d 4i: Got 00000040 vs 00000050: FAIL
[DBG] FAIL: 0b, 0x0040 1xv 2d 4i
[DBG] 1xv 2d 4i: Got FFC3 vs FFDE: FAIL
[DBG] FAIL: 0b, 0x0040 16xv 2d 4i
[DBG] 16xv 2d 4i: Got FFC3 vs FFDE: FAIL
[DBG] FAIL: 0b, 0x0040 1xs 4d 4i
[DBG] 1xs 4d 4i: Got 00000009 vs 0000000D: FAIL
[DBG] FAIL: 0b, 0x0040 16xs 4d 4i
[DBG] 16xs 4d 4i: Got 00000040 vs 00000050: FAIL
[DBG] FAIL: 0b, 0x0040 1xv 4d 4i
[DBG] 1xv 4d 4i: Got FFC3 vs FFDE: FAIL
[DBG] FAIL: 0b, 0x0040 16xv 4d 4i
[DBG] 16xv 4d 4i: Got FFC3 vs FFDE: FAIL
[DBG] Timer count-up test: 0b, 0x0080
[DBG] FAIL: 0b, 0x0080 1xs 1d 1i
[DBG] 1xs 1d 1i: Got 00000011 vs 00000012: FAIL
[DBG] FAIL: 0b, 0x0080 16xs 1d 1i
[DBG] 16xs 1d 1i: Got 00000060 vs 00000070: FAIL
[DBG] FAIL: 0b, 0x0080 1xv 1d 1i
[DBG] 1xv 1d 1i: Got FFD8 vs FFDC: FAIL
[DBG] FAIL: 0b, 0x0080 16xv 1d 1i
[DBG] 16xv 1d 1i: Got FFD8 vs FFDD: FAIL
[DBG] FAIL: 0b, 0x0080 1xs 2d 1i
[DBG] 1xs 2d 1i: Got 00000011 vs 00000012: FAIL
[DBG] FAIL: 0b, 0x0080 16xs 2d 1i
[DBG] 16xs 2d 1i: Got 00000060 vs 00000070: FAIL
[DBG] FAIL: 0b, 0x0080 1xv 2d 1i
[DBG] 1xv 2d 1i: Got FFD8 vs FFDC: FAIL
[DBG] FAIL: 0b, 0x0080 16xv 2d 1i
[DBG] 16xv 2d 1i: Got FFD8 vs FFDD: FAIL
[DBG] FAIL: 0b, 0x0080 1xs 4d 1i
[DBG] 1xs 4d 1i: Got 00000011 vs 00000012: FAIL
[DBG] FAIL: 0b, 0x0080 16xs 4d 1i
[DBG] 16xs 4d 1i: Got 00000060 vs 00000070: FAIL
[DBG] FAIL: 0b, 0x0080 1xv 4d 1i
[DBG] 1xv 4d 1i: Got FFD8 vs FFDC: FAIL
[DBG] FAIL: 0b, 0x0080 16xv 4d 1i
[DBG] 16xv 4d 1i: Got FFD8 vs FFDD: FAIL
[DBG] FAIL: 0b, 0x0080 1xs 1d 2i
[DBG] 1xs 1d 2i: Got 00000012 vs 00000013: FAIL
[DBG] PASS: 0b, 0x0080 16xs 1d 2i
[DBG] FAIL: 0b, 0x0080 1xv 1d 2i
[DBG] 1xv 1d 2i: Got FFD8 vs FFDC: FAIL
[DBG] FAIL: 0b, 0x0080 16xv 1d 2i
[DBG] 16xv 1d 2i: Got FFDA vs FFDC: FAIL
[DBG] FAIL: 0b, 0x0080 1xs 2d 2i
[DBG] 1xs 2d 2i: Got 00000012 vs 00000013: FAIL
[DBG] PASS: 0b, 0x0080 16xs 2d 2i
[DBG] FAIL: 0b, 0x0080 1xv 2d 2i
[DBG] 1xv 2d 2i: Got FFD8 vs FFDC: FAIL
[DBG] FAIL: 0b, 0x0080 16xv 2d 2i
[DBG] 16xv 2d 2i: Got FFDA vs FFDC: FAIL
[DBG] FAIL: 0b, 0x0080 1xs 4d 2i
[DBG] 1xs 4d 2i: Got 00000012 vs 00000013: FAIL
[DBG] PASS: 0b, 0x0080 16xs 4d 2i
[DBG] FAIL: 0b, 0x0080 1xv 4d 2i
[DBG] 1xv 4d 2i: Got FFD8 vs FFDC: FAIL
[DBG] FAIL: 0b, 0x0080 16xv 4d 2i
[DBG] 16xv 4d 2i: Got FFDA vs FFDC: FAIL
[DBG] FAIL: 0b, 0x0080 1xs 1d 4i
[DBG] 1xs 1d 4i: Got 00000014 vs 00000015: FAIL
[DBG] PASS: 0b, 0x0080 16xs 1d 4i
[DBG] FAIL: 0b, 0x0080 1xv 1d 4i
[DBG] 1xv 1d 4i: Got FFDA vs FFDE: FAIL
[DBG] FAIL: 0b, 0x0080 16xv 1d 4i
[DBG] 16xv 1d 4i: Got FFD8 vs FFDC: FAIL
[DBG] FAIL: 0b, 0x0080 1xs 2d 4i
[DBG] 1xs 2d 4i: Got 00000014 vs 00000015: FAIL
[DBG] PASS: 0b, 0x0080 16xs 2d 4i
[DBG] FAIL: 0b, 0x0080 1xv 2d 4i
[DBG] 1xv 2d 4i: Got FFDA vs FFDE: FAIL
[DBG] FAIL: 0b, 0x0080 16xv 2d 4i
[DBG] 16xv 2d 4i: Got FFD8 vs FFDC: FAIL
[DBG] FAIL: 0b, 0x0080 1xs 4d 4i
[DBG] 1xs 4d 4i: Got 00000014 vs 00000015: FAIL
[DBG] PASS: 0b, 0x0080 16xs 4d 4i
[DBG] FAIL: 0b, 0x0080 1xv 4d 4i
[DBG] 1xv 4d 4i: Got FFDA vs FFDE: FAIL
[DBG] FAIL: 0b, 0x0080 16xv 4d 4i
[DBG] 16xv 4d 4i: Got FFD8 vs FFDC: FAIL
[DBG] Timer count-up test: 0b, 0x0800
[DBG] FAIL: 0b, 0x0800 1xs 1d 1i
[DBG] 1xs 1d 1i: Got 00000101 vs 00000102: FAIL
[DBG] PASS: 0b, 0x0800 16xs 1d 1i
[DBG] FAIL: 0b, 0x0800 1xv 1d 1i
[DBG] 1xv 1d 1i: Got F858 vs F85C: FAIL
[DBG] FAIL: 0b, 0x0800 16xv 1d 1i
[DBG] 16xv 1d 1i: Got F858 vs F85C: FAIL
[DBG] FAIL: 0b, 0x0800 1xs 2d 1i
[DBG] 1xs 2d 1i: Got 00000101 vs 00000102: FAIL
[DBG] PASS: 0b, 0x0800 16xs 2d 1i
[DBG] FAIL: 0b, 0x0800 1xv 2d 1i
[DBG] 1xv 2d 1i: Got F858 vs F85C: FAIL
[DBG] FAIL: 0b, 0x0800 16xv 2d 1i
[DBG] 16xv 2d 1i: Got F858 vs F85C: FAIL
[DBG] FAIL: 0b, 0x0800 1xs 4d 1i
[DBG] 1xs 4d 1i: Got 00000101 vs 00000102: FAIL
[DBG] PASS: 0b, 0x0800 16xs 4d 1i
[DBG] FAIL: 0b, 0x0800 1xv 4d 1i
[DBG] 1xv 4d 1i: Got F858 vs F85C: FAIL
[DBG] FAIL: 0b, 0x0800 16xv 4d 1i
[DBG] 16xv 4d 1i: Got F858 vs F85C: FAIL
[DBG] FAIL: 0b, 0x0800 1xs 1d 2i
[DBG] 1xs 1d 2i: Got 000001F2 vs 000001F3: FAIL
[DBG] PASS: 0b, 0x0800 16xs 1d 2i
[DBG] FAIL: 0b, 0x0800 1xv 1d 2i
[DBG] 1xv 1d 2i: Got F858 vs F85C: FAIL
[DBG] FAIL: 0b, 0x0800 16xv 1d 2i
[DBG] 16xv 1d 2i: Got F858 vs F85C: FAIL
[DBG] FAIL: 0b, 0x0800 1xs 2d 2i
[DBG] 1xs 2d 2i: Got 000001F2 vs 000001F3: FAIL
[DBG] PASS: 0b, 0x0800 16xs 2d 2i
[DBG] FAIL: 0b, 0x0800 1xv 2d 2i
[DBG] 1xv 2d 2i: Got F858 vs F85C: FAIL
[DBG] FAIL: 0b, 0x0800 16xv 2d 2i
[DBG] 16xv 2d 2i: Got F858 vs F85C: FAIL
[DBG] FAIL: 0b, 0x0800 1xs 4d 2i
[DBG] 1xs 4d 2i: Got 000001F2 vs 000001F3: FAIL
[DBG] PASS: 0b, 0x0800 16xs 4d 2i
[DBG] FAIL: 0b, 0x0800 1xv 4d 2i
[DBG] 1xv 4d 2i: Got F858 vs F85C: FAIL
[DBG] FAIL: 0b, 0x0800 16xv 4d 2i
[DBG] 16xv 4d 2i: Got F858 vs F85C: FAIL
[DBG] FAIL: 0b, 0x0800 1xs 1d 4i
[DBG] 1xs 1d 4i: Got 000003D4 vs 000003D5: FAIL
[DBG] PASS: 0b, 0x0800 16xs 1d 4i
[DBG] FAIL: 0b, 0x0800 1xv 1d 4i
[DBG] 1xv 1d 4i: Got F85A vs F85E: FAIL
[DBG] FAIL: 0b, 0x0800 16xv 1d 4i
[DBG] 16xv 1d 4i: Got F858 vs F85C: FAIL
[DBG] FAIL: 0b, 0x0800 1xs 2d 4i
[DBG] 1xs 2d 4i: Got 000003D4 vs 000003D5: FAIL
[DBG] PASS: 0b, 0x0800 16xs 2d 4i
[DBG] FAIL: 0b, 0x0800 1xv 2d 4i
[DBG] 1xv 2d 4i: Got F85A vs F85E: FAIL
[DBG] FAIL: 0b, 0x0800 16xv 2d 4i
[DBG] 16xv 2d 4i: Got F858 vs F85C: FAIL
[DBG] FAIL: 0b, 0x0800 1xs 4d 4i
[DBG] 1xs 4d 4i: Got 000003D4 vs 000003D5: FAIL
[DBG] PASS: 0b, 0x0800 16xs 4d 4i
[DBG] FAIL: 0b, 0x0800 1xv 4d 4i
[DBG] 1xv 4d 4i: Got F85A vs F85E: FAIL
[DBG] FAIL: 0b, 0x0800 16xv 4d 4i
[DBG] 16xv 4d 4i: Got F858 vs F85C: FAIL
[DBG] Timer count-up test: 0b, 0x8000
[DBG] FAIL: 0b, 0x8000 1xs 1d 1i
[DBG] 1xs 1d 1i: Got 00001001 vs 00001002: FAIL
[DBG] PASS: 0b, 0x8000 16xs 1d 1i
[DBG] FAIL: 0b, 0x8000 1xv 1d 1i
[DBG] 1xv 1d 1i: Got 8058 vs 805C: FAIL
[DBG] FAIL: 0b, 0x8000 16xv 1d 1i
[DBG] 16xv 1d 1i: Got 805A vs 805E: FAIL
[DBG] FAIL: 0b, 0x8000 1xs 2d 1i
[DBG] 1xs 2d 1i: Got 00001001 vs 00001002: FAIL
[DBG] PASS: 0b, 0x8000 16xs 2d 1i
[DBG] FAIL: 0b, 0x8000 1xv 2d 1i
[DBG] 1xv 2d 1i: Got 8058 vs 805C: FAIL
[DBG] FAIL: 0b, 0x8000 16xv 2d 1i
[DBG] 16xv 2d 1i: Got 805A vs 805E: FAIL
[DBG] FAIL: 0b, 0x8000 1xs 4d 1i
[DBG] 1xs 4d 1i: Got 00001001 vs 00001002: FAIL
[DBG] PASS: 0b, 0x8000 16xs 4d 1i
[DBG] FAIL: 0b, 0x8000 1xv 4d 1i
[DBG] 1xv 4d 1i: Got 8058 vs 805C: FAIL
[DBG] FAIL: 0b, 0x8000 16xv 4d 1i
[DBG] 16xv 4d 1i: Got 805A vs 805E: FAIL
[DBG] FAIL: 0b, 0x8000 1xs 1d 2i
[DBG] 1xs 1d 2i: Got 00001FF2 vs 00001FF3: FAIL
[DBG] PASS: 0b, 0x8000 16xs 1d 2i
[DBG] FAIL: 0b, 0x8000 1xv 1d 2i
[DBG] 1xv 1d 2i: Got 8058 vs 805C: FAIL
[DBG] FAIL: 0b, 0x8000 16xv 1d 2i
[DBG] 16xv 1d 2i: Got 8058 vs 805C: FAIL
[DBG] FAIL: 0b, 0x8000 1xs 2d 2i
[DBG] 1xs 2d 2i: Got 00001FF2 vs 00001FF3: FAIL
[DBG] PASS: 0b, 0x8000 16xs 2d 2i
[DBG] FAIL: 0b, 0x8000 1xv 2d 2i
[DBG] 1xv 2d 2i: Got 8058 vs 805C: FAIL
[DBG] FAIL: 0b, 0x8000 16xv 2d 2i
[DBG] 16xv 2d 2i: Got 8058 vs 805C: FAIL
[DBG] FAIL: 0b, 0x8000 1xs 4d 2i
[DBG] 1xs 4d 2i: Got 00001FF2 vs 00001FF3: FAIL
[DBG] PASS: 0b, 0x8000 16xs 4d 2i
[DBG] FAIL: 0b, 0x8000 1xv 4d 2i
[DBG] 1xv 4d 2i: Got 8058 vs 805C: FAIL
[DBG] FAIL: 0b, 0x8000 16xv 4d 2i
[DBG] 16xv 4d 2i: Got 8058 vs 805C: FAIL
[DBG] FAIL: 0b, 0x8000 1xs 1d 4i
[DBG] 1xs 1d 4i: Got 00003FD4 vs 00003FD5: FAIL
[DBG] PASS: 0b, 0x8000 16xs 1d 4i
[DBG] FAIL: 0b, 0x8000 1xv 1d 4i
[DBG] 1xv 1d 4i: Got 805A vs 805E: FAIL
[DBG] FAIL: 0b, 0x8000 16xv 1d 4i
[DBG] 16xv 1d 4i: Got 8058 vs 805C: FAIL
[DBG] FAIL: 0b, 0x8000 1xs 2d 4i
[DBG] 1xs 2d 4i: Got 00003FD4 vs 00003FD5: FAIL
[DBG] PASS: 0b, 0x8000 16xs 2d 4i
[DBG] FAIL: 0b, 0x8000 1xv 2d 4i
[DBG] 1xv 2d 4i: Got 805A vs 805E: FAIL
[DBG] FAIL: 0b, 0x8000 16xv 2d 4i
[DBG] 16xv 2d 4i: Got 8058 vs 805C: FAIL
[DBG] FAIL: 0b, 0x8000 1xs 4d 4i
[DBG] 1xs 4d 4i: Got 00003FD4 vs 00003FD5: FAIL
[DBG] PASS: 0b, 0x8000 16xs 4d 4i
[DBG] FAIL: 0b, 0x8000 1xv 4d 4i
[DBG] 1xv 4d 4i: Got 805A vs 805E: FAIL
[DBG] FAIL: 0b, 0x8000 16xv 4d 4i
[DBG] 16xv 4d 4i: Got 8058 vs 805C: FAIL
[DBG] Timer count-up test: 6b, 0x0010
[DBG] PASS: 6b, 0x0010 1xs 1d 1i
[DBG] PASS: 6b, 0x0010 16xs 1d 1i
[DBG] PASS: 6b, 0x0010 1xv 1d 1i
[DBG] PASS: 6b, 0x0010 16xv 1d 1i
[DBG] PASS: 6b, 0x0010 1xs 2d 1i
[DBG] PASS: 6b, 0x0010 16xs 2d 1i
[DBG] PASS: 6b, 0x0010 1xv 2d 1i
[DBG] PASS: 6b, 0x0010 16xv 2d 1i
[DBG] FAIL: 6b, 0x0010 1xs 4d 1i
[DBG] 1xs 4d 1i: Got 0000007A vs 00000081: FAIL
[DBG] FAIL: 6b, 0x0010 16xs 4d 1i
[DBG] 16xs 4d 1i: Got 000002B0 vs 000002D0: FAIL
[DBG] PASS: 6b, 0x0010 1xv 4d 1i
[DBG] PASS: 6b, 0x0010 16xv 4d 1i
[DBG] PASS: 6b, 0x0010 1xs 1d 2i
[DBG] FAIL: 6b, 0x0010 16xs 1d 2i
[DBG] 16xs 1d 2i: Got 00000530 vs 00000520: FAIL
[DBG] PASS: 6b, 0x0010 1xv 1d 2i
[DBG] PASS: 6b, 0x0010 16xv 1d 2i
[DBG] FAIL: 6b, 0x0010 1xs 2d 2i
[DBG] 1xs 2d 2i: Got 000000EC vs 000000EB: FAIL
[DBG] PASS: 6b, 0x0010 16xs 2d 2i
[DBG] PASS: 6b, 0x0010 1xv 2d 2i
[DBG] PASS: 6b, 0x0010 16xv 2d 2i
[DBG] FAIL: 6b, 0x0010 1xs 4d 2i
[DBG] 1xs 4d 2i: Got 000000EA vs 000000F2: FAIL
[DBG] FAIL: 6b, 0x0010 16xs 4d 2i
[DBG] 16xs 4d 2i: Got 00000520 vs 00000550: FAIL
[DBG] PASS: 6b, 0x0010 1xv 4d 2i
[DBG] PASS: 6b, 0x0010 16xv 4d 2i
[DBG] PASS: 6b, 0x0010 1xs 1d 4i
[DBG] PASS: 6b, 0x0010 16xs 1d 4i
[DBG] PASS: 6b, 0x0010 1xv 1d 4i
[DBG] PASS: 6b, 0x0010 16xv 1d 4i
[DBG] PASS: 6b, 0x0010 1xs 2d 4i
[DBG] PASS: 6b, 0x0010 16xs 2d 4i
[DBG] PASS: 6b, 0x0010 1xv 2d 4i
[DBG] PASS: 6b, 0x0010 16xv 2d 4i
[DBG] FAIL: 6b, 0x0010 1xs 4d 4i
[DBG] 1xs 4d 4i: Got 000001CC vs 000001D4: FAIL
[DBG] FAIL: 6b, 0x0010 16xs 4d 4i
[DBG] 16xs 4d 4i: Got 00000A00 vs 00000A30: FAIL
[DBG] PASS: 6b, 0x0010 1xv 4d 4i
[DBG] PASS: 6b, 0x0010 16xv 4d 4i
[DBG] Timer count-up test: 6b, 0x0011
[DBG] PASS: 6b, 0x0011 1xs 1d 1i
[DBG] PASS: 6b, 0x0011 16xs 1d 1i
[DBG] PASS: 6b, 0x0011 1xv 1d 1i
[DBG] PASS: 6b, 0x0011 16xv 1d 1i
[DBG] PASS: 6b, 0x0011 1xs 2d 1i
[DBG] PASS: 6b, 0x0011 16xs 2d 1i
[DBG] PASS: 6b, 0x0011 1xv 2d 1i
[DBG] PASS: 6b, 0x0011 16xv 2d 1i
[DBG] FAIL: 6b, 0x0011 1xs 4d 1i
[DBG] 1xs 4d 1i: Got 00000082 vs 00000089: FAIL
[DBG] FAIL: 6b, 0x0011 16xs 4d 1i
[DBG] 16xs 4d 1i: Got 000002D0 vs 00000300: FAIL
[DBG] PASS: 6b, 0x0011 1xv 4d 1i
[DBG] PASS: 6b, 0x0011 16xv 4d 1i
[DBG] PASS: 6b, 0x0011 1xs 1d 2i
[DBG] PASS: 6b, 0x0011 16xs 1d 2i
[DBG] PASS: 6b, 0x0011 1xv 1d 2i
[DBG] PASS: 6b, 0x0011 16xv 1d 2i
[DBG] FAIL: 6b, 0x0011 1xs 2d 2i
[DBG] 1xs 2d 2i: Got 000000FC vs 000000FB: FAIL
[DBG] PASS: 6b, 0x0011 16xs 2d 2i
[DBG] PASS: 6b, 0x0011 1xv 2d 2i
[DBG] PASS: 6b, 0x0011 16xv 2d 2i
[DBG] FAIL: 6b, 0x0011 1xs 4d 2i
[DBG] 1xs 4d 2i: Got 000000FA vs 00000102: FAIL
[DBG] FAIL: 6b, 0x0011 16xs 4d 2i
[DBG] 16xs 4d 2i: Got 00000570 vs 000005A0: FAIL
[DBG] PASS: 6b, 0x0011 1xv 4d 2i
[DBG] PASS: 6b, 0x0011 16xv 4d 2i
[DBG] PASS: 6b, 0x0011 1xs 1d 4i
[DBG] PASS: 6b, 0x0011 16xs 1d 4i
[DBG] PASS: 6b, 0x0011 1xv 1d 4i
[DBG] PASS: 6b, 0x0011 16xv 1d 4i
[DBG] PASS: 6b, 0x0011 1xs 2d 4i
[DBG] PASS: 6b, 0x0011 16xs 2d 4i
[DBG] PASS: 6b, 0x0011 1xv 2d 4i
[DBG] PASS: 6b, 0x0011 16xv 2d 4i
[DBG] FAIL: 6b, 0x0011 1xs 4d 4i
[DBG] 1xs 4d 4i: Got 000001EC vs 000001F4: FAIL
[DBG] FAIL: 6b, 0x0011 16xs 4d 4i
[DBG] 16xs 4d 4i: Got 00000AC0 vs 00000AE0: FAIL
[DBG] PASS: 6b, 0x0011 1xv 4d 4i
[DBG] PASS: 6b, 0x0011 16xv 4d 4i
[DBG] Timer count-up test: 6b, 0x0012
[DBG] PASS: 6b, 0x0012 1xs 1d 1i
[DBG] PASS: 6b, 0x0012 16xs 1d 1i
[DBG] PASS: 6b, 0x0012 1xv 1d 1i
[DBG] PASS: 6b, 0x0012 16xv 1d 1i
[DBG] PASS: 6b, 0x0012 1xs 2d 1i
[DBG] PASS: 6b, 0x0012 16xs 2d 1i
[DBG] PASS: 6b, 0x0012 1xv 2d 1i
[DBG] PASS: 6b, 0x0012 16xv 2d 1i
[DBG] FAIL: 6b, 0x0012 1xs 4d 1i
[DBG] 1xs 4d 1i: Got 0000008A vs 00000091: FAIL
[DBG] FAIL: 6b, 0x0012 16xs 4d 1i
[DBG] 16xs 4d 1i: Got 00000300 vs 00000330: FAIL
[DBG] PASS: 6b, 0x0012 1xv 4d 1i
[DBG] PASS: 6b, 0x0012 16xv 4d 1i
[DBG] PASS: 6b, 0x0012 1xs 1d 2i
[DBG] PASS: 6b, 0x0012 16xs 1d 2i
[DBG] PASS: 6b, 0x0012 1xv 1d 2i
[DBG] PASS: 6b, 0x0012 16xv 1d 2i
[DBG] FAIL: 6b, 0x0012 1xs 2d 2i
[DBG] 1xs 2d 2i: Got 0000010C vs 0000010B: FAIL
[DBG] PASS: 6b, 0x0012 16xs 2d 2i
[DBG] PASS: 6b, 0x0012 1xv 2d 2i
[DBG] PASS: 6b, 0x0012 16xv 2d 2i
[DBG] FAIL: 6b, 0x0012 1xs 4d 2i
[DBG] 1xs 4d 2i: Got 0000010A vs 00000112: FAIL
[DBG] FAIL: 6b, 0x0012 16xs 4d 2i
[DBG] 16xs 4d 2i: Got 000005D0 vs 00000600: FAIL
[DBG] PASS: 6b, 0x0012 1xv 4d 2i
[DBG] PASS: 6b, 0x0012 16xv 4d 2i
[DBG] PASS: 6b, 0x0012 1xs 1d 4i
[DBG] PASS: 6b, 0x0012 16xs 1d 4i
[DBG] PASS: 6b, 0x0012 1xv 1d 4i
[DBG] PASS: 6b, 0x0012 16xv 1d 4i
[DBG] PASS: 6b, 0x0012 1xs 2d 4i
[DBG] PASS: 6b, 0x0012 16xs 2d 4i
[DBG] PASS: 6b, 0x0012 1xv 2d 4i
[DBG] PASS: 6b, 0x0012 16xv 2d 4i
[DBG] FAIL: 6b, 0x0012 1xs 4d 4i
[DBG] 1xs 4d 4i: Got 0000020C vs 00000214: FAIL
[DBG] FAIL: 6b, 0x0012 16xs 4d 4i
[DBG] 16xs 4d 4i: Got 00000B70 vs 00000B90: FAIL
[DBG] PASS: 6b, 0x0012 1xv 4d 4i
[DBG] PASS: 6b, 0x0012 16xv 4d 4i
[DBG] Timer count-up test: 6b, 0x0013
[DBG] PASS: 6b, 0x0013 1xs 1d 1i
[DBG] PASS: 6b, 0x0013 16xs 1d 1i
[DBG] PASS: 6b, 0x0013 1xv 1d 1i
[DBG] PASS: 6b, 0x0013 16xv 1d 1i
[DBG] PASS: 6b, 0x0013 1xs 2d 1i
[DBG] PASS: 6b, 0x0013 16xs 2d 1i
[DBG] PASS: 6b, 0x0013 1xv 2d 1i
[DBG] PASS: 6b, 0x0013 16xv 2d 1i
[DBG] FAIL: 6b, 0x0013 1xs 4d 1i
[DBG] 1xs 4d 1i: Got 00000092 vs 00000099: FAIL
[DBG] FAIL: 6b, 0x0013 16xs 4d 1i
[DBG] 16xs 4d 1i: Got 00000330 vs 00000360: FAIL
[DBG] PASS: 6b, 0x0013 1xv 4d 1i
[DBG] PASS: 6b, 0x0013 16xv 4d 1i
[DBG] PASS: 6b, 0x0013 1xs 1d 2i
[DBG] PASS: 6b, 0x0013 16xs 1d 2i
[DBG] PASS: 6b, 0x0013 1xv 1d 2i
[DBG] PASS: 6b, 0x0013 16xv 1d 2i
[DBG] FAIL: 6b, 0x0013 1xs 2d 2i
[DBG] 1xs 2d 2i: Got 0000011C vs 0000011B: FAIL
[DBG] PASS: 6b, 0x0013 16xs 2d 2i
[DBG] PASS: 6b, 0x0013 1xv 2d 2i
[DBG] PASS: 6b, 0x0013 16xv 2d 2i
[DBG] FAIL: 6b, 0x0013 1xs 4d 2i
[DBG] 1xs 4d 2i: Got 0000011A vs 00000122: FAIL
[DBG] FAIL: 6b, 0x0013 16xs 4d 2i
[DBG] 16xs 4d 2i: Got 00000630 vs 00000650: FAIL
[DBG] PASS: 6b, 0x0013 1xv 4d 2i
[DBG] PASS: 6b, 0x0013 16xv 4d 2i
[DBG] PASS: 6b, 0x0013 1xs 1d 4i
[DBG] PASS: 6b, 0x0013 16xs 1d 4i
[DBG] PASS: 6b, 0x0013 1xv 1d 4i
[DBG] PASS: 6b, 0x0013 16xv 1d 4i
[DBG] PASS: 6b, 0x0013 1xs 2d 4i
[DBG] PASS: 6b, 0x0013 16xs 2d 4i
[DBG] PASS: 6b, 0x0013 1xv 2d 4i
[DBG] PASS: 6b, 0x0013 16xv 2d 4i
[DBG] FAIL: 6b, 0x0013 1xs 4d 4i
[DBG] 1xs 4d 4i: Got 0000022C vs 00000234: FAIL
[DBG] FAIL: 6b, 0x0013 16xs 4d 4i
[DBG] 16xs 4d 4i: Got 00000C20 vs 00000C40: FAIL
[DBG] PASS: 6b, 0x0013 1xv 4d 4i
[DBG] PASS: 6b, 0x0013 16xv 4d 4i
[DBG] Timer count-up test: 8b, 0x0010
[DBG] PASS: 8b, 0x0010 1xs 1d 1i
[DBG] PASS: 8b, 0x0010 16xs 1d 1i
[DBG] PASS: 8b, 0x0010 1xv 1d 1i
[DBG] PASS: 8b, 0x0010 16xv 1d 1i
[DBG] PASS: 8b, 0x0010 1xs 2d 1i
[DBG] PASS: 8b, 0x0010 16xs 2d 1i
[DBG] PASS: 8b, 0x0010 1xv 2d 1i
[DBG] PASS: 8b, 0x0010 16xv 2d 1i
[DBG] FAIL: 8b, 0x0010 1xs 4d 1i
[DBG] 1xs 4d 1i: Got 000001EA vs 000001E9: FAIL
[DBG] PASS: 8b, 0x0010 16xs 4d 1i
[DBG] PASS: 8b, 0x0010 1xv 4d 1i
[DBG] PASS: 8b, 0x0010 16xv 4d 1i
[DBG] PASS: 8b, 0x0010 1xs 1d 2i
[DBG] PASS: 8b, 0x0010 16xs 1d 2i
[DBG] PASS: 8b, 0x0010 1xv 1d 2i
[DBG] PASS: 8b, 0x0010 16xv 1d 2i
[DBG] FAIL: 8b, 0x0010 1xs 2d 2i
[DBG] 1xs 2d 2i: Got 000003DC vs 000003DB: FAIL
[DBG] PASS: 8b, 0x0010 16xs 2d 2i
[DBG] PASS: 8b, 0x0010 1xv 2d 2i
[DBG] PASS: 8b, 0x0010 16xv 2d 2i
[DBG] PASS: 8b, 0x0010 1xs 4d 2i
[DBG] PASS: 8b, 0x0010 16xs 4d 2i
[DBG] PASS: 8b, 0x0010 1xv 4d 2i
[DBG] PASS: 8b, 0x0010 16xv 4d 2i
[DBG] PASS: 8b, 0x0010 1xs 1d 4i
[DBG] PASS: 8b, 0x0010 16xs 1d 4i
[DBG] PASS: 8b, 0x0010 1xv 1d 4i
[DBG] PASS: 8b, 0x0010 16xv 1d 4i
[DBG] PASS: 8b, 0x0010 1xs 2d 4i
[DBG] FAIL: 8b, 0x0010 16xs 2d 4i
[DBG] 16xs 2d 4i: Got 00002B20 vs 00002B10: FAIL
[DBG] PASS: 8b, 0x0010 1xv 2d 4i
[DBG] PASS: 8b, 0x0010 16xv 2d 4i
[DBG] PASS: 8b, 0x0010 1xs 4d 4i
[DBG] PASS: 8b, 0x0010 16xs 4d 4i
[DBG] PASS: 8b, 0x0010 1xv 4d 4i
[DBG] PASS: 8b, 0x0010 16xv 4d 4i
[DBG] Timer count-up test: 8b, 0x0011
[DBG] PASS: 8b, 0x0011 1xs 1d 1i
[DBG] PASS: 8b, 0x0011 16xs 1d 1i
[DBG] PASS: 8b, 0x0011 1xv 1d 1i
[DBG] PASS: 8b, 0x0011 16xv 1d 1i
[DBG] PASS: 8b, 0x0011 1xs 2d 1i
[DBG] PASS: 8b, 0x0011 16xs 2d 1i
[DBG] PASS: 8b, 0x0011 1xv 2d 1i
[DBG] PASS: 8b, 0x0011 16xv 2d 1i
[DBG] FAIL: 8b, 0x0011 1xs 4d 1i
[DBG] 1xs 4d 1i: Got 0000020A vs 00000209: FAIL
[DBG] PASS: 8b, 0x0011 16xs 4d 1i
[DBG] PASS: 8b, 0x0011 1xv 4d 1i
[DBG] PASS: 8b, 0x0011 16xv 4d 1i
[DBG] PASS: 8b, 0x0011 1xs 1d 2i
[DBG] PASS: 8b, 0x0011 16xs 1d 2i
[DBG] PASS: 8b, 0x0011 1xv 1d 2i
[DBG] PASS: 8b, 0x0011 16xv 1d 2i
[DBG] FAIL: 8b, 0x0011 1xs 2d 2i
[DBG] 1xs 2d 2i: Got 0000041C vs 0000041B: FAIL
[DBG] PASS: 8b, 0x0011 16xs 2d 2i
[DBG] PASS: 8b, 0x0011 1xv 2d 2i
[DBG] PASS: 8b, 0x0011 16xv 2d 2i
[DBG] PASS: 8b, 0x0011 1xs 4d 2i
[DBG] PASS: 8b, 0x0011 16xs 4d 2i
[DBG] PASS: 8b, 0x0011 1xv 4d 2i
[DBG] PASS: 8b, 0x0011 16xv 4d 2i
[DBG] PASS: 8b, 0x0011 1xs 1d 4i
[DBG] PASS: 8b, 0x0011 16xs 1d 4i
[DBG] PASS: 8b, 0x0011 1xv 1d 4i
[DBG] PASS: 8b, 0x0011 16xv 1d 4i
[DBG] PASS: 8b, 0x0011 1xs 2d 4i
[DBG] PASS: 8b, 0x0011 16xs 2d 4i
[DBG] PASS: 8b, 0x0011 1xv 2d 4i
[DBG] PASS: 8b, 0x0011 16xv 2d 4i
[DBG] PASS: 8b, 0x0011 1xs 4d 4i
[DBG] PASS: 8b, 0x0011 16xs 4d 4i
[DBG] PASS: 8b, 0x0011 1xv 4d 4i
[DBG] PASS: 8b, 0x0011 16xv 4d 4i
[DBG] Timer count-up test: 8b, 0x0012
[DBG] PASS: 8b, 0x0012 1xs 1d 1i
[DBG] FAIL: 8b, 0x0012 16xs 1d 1i
[DBG] 16xs 1d 1i: Got 00000C20 vs 00000C10: FAIL
[DBG] PASS: 8b, 0x0012 1xv 1d 1i
[DBG] PASS: 8b, 0x0012 16xv 1d 1i
[DBG] PASS: 8b, 0x0012 1xs 2d 1i
[DBG] PASS: 8b, 0x0012 16xs 2d 1i
[DBG] PASS: 8b, 0x0012 1xv 2d 1i
[DBG] PASS: 8b, 0x0012 16xv 2d 1i
[DBG] FAIL: 8b, 0x0012 1xs 4d 1i
[DBG] 1xs 4d 1i: Got 0000022A vs 00000229: FAIL
[DBG] PASS: 8b, 0x0012 16xs 4d 1i
[DBG] PASS: 8b, 0x0012 1xv 4d 1i
[DBG] PASS: 8b, 0x0012 16xv 4d 1i
[DBG] PASS: 8b, 0x0012 1xs 1d 2i
[DBG] PASS: 8b, 0x0012 16xs 1d 2i
[DBG] PASS: 8b, 0x0012 1xv 1d 2i
[DBG] PASS: 8b, 0x0012 16xv 1d 2i
[DBG] FAIL: 8b, 0x0012 1xs 2d 2i
[DBG] 1xs 2d 2i: Got 0000045C vs 0000045B: FAIL
[DBG] PASS: 8b, 0x0012 16xs 2d 2i
[DBG] PASS: 8b, 0x0012 1xv 2d 2i
[DBG] PASS: 8b, 0x0012 16xv 2d 2i
[DBG] PASS: 8b, 0x0012 1xs 4d 2i
[DBG] PASS: 8b, 0x0012 16xs 4d 2i
[DBG] PASS: 8b, 0x0012 1xv 4d 2i
[DBG] PASS: 8b, 0x0012 16xv 4d 2i
[DBG] PASS: 8b, 0x0012 1xs 1d 4i
[DBG] PASS: 8b, 0x0012 16xs 1d 4i
[DBG] PASS: 8b, 0x0012 1xv 1d 4i
[DBG] PASS: 8b, 0x0012 16xv 1d 4i
[DBG] PASS: 8b, 0x0012 1xs 2d 4i
[DBG] FAIL: 8b, 0x0012 16xs 2d 4i
[DBG] 16xs 2d 4i: Got 000030B0 vs 000030A0: FAIL
[DBG] PASS: 8b, 0x0012 1xv 2d 4i
[DBG] PASS: 8b, 0x0012 16xv 2d 4i
[DBG] PASS: 8b, 0x0012 1xs 4d 4i
[DBG] PASS: 8b, 0x0012 16xs 4d 4i
[DBG] PASS: 8b, 0x0012 1xv 4d 4i
[DBG] PASS: 8b, 0x0012 16xv 4d 4i
[DBG] Timer count-up test: 8b, 0x0013
[DBG] PASS: 8b, 0x0013 1xs 1d 1i
[DBG] PASS: 8b, 0x0013 16xs 1d 1i
[DBG] PASS: 8b, 0x0013 1xv 1d 1i
[DBG] PASS: 8b, 0x0013 16xv 1d 1i
[DBG] PASS: 8b, 0x0013 1xs 2d 1i
[DBG] PASS: 8b, 0x0013 16xs 2d 1i
[DBG] PASS: 8b, 0x0013 1xv 2d 1i
[DBG] PASS: 8b, 0x0013 16xv 2d 1i
[DBG] FAIL: 8b, 0x0013 1xs 4d 1i
[DBG] 1xs 4d 1i: Got 0000024A vs 00000249: FAIL
[DBG] PASS: 8b, 0x0013 16xs 4d 1i
[DBG] PASS: 8b, 0x0013 1xv 4d 1i
[DBG] PASS: 8b, 0x0013 16xv 4d 1i
[DBG] PASS: 8b, 0x0013 1xs 1d 2i
[DBG] PASS: 8b, 0x0013 16xs 1d 2i
[DBG] PASS: 8b, 0x0013 1xv 1d 2i
[DBG] PASS: 8b, 0x0013 16xv 1d 2i
[DBG] FAIL: 8b, 0x0013 1xs 2d 2i
[DBG] 1xs 2d 2i: Got 0000049C vs 0000049B: FAIL
[DBG] PASS: 8b, 0x0013 16xs 2d 2i
[DBG] PASS: 8b, 0x0013 1xv 2d 2i
[DBG] PASS: 8b, 0x0013 16xv 2d 2i
[DBG] PASS: 8b, 0x0013 1xs 4d 2i
[DBG] PASS: 8b, 0x0013 16xs 4d 2i
[DBG] PASS: 8b, 0x0013 1xv 4d 2i
[DBG] PASS: 8b, 0x0013 16xv 4d 2i
[DBG] PASS: 8b, 0x0013 1xs 1d 4i
[DBG] PASS: 8b, 0x0013 16xs 1d 4i
[DBG] PASS: 8b, 0x0013 1xv 1d 4i
[DBG] PASS: 8b, 0x0013 16xv 1d 4i
[DBG] PASS: 8b, 0x0013 1xs 2d 4i
[DBG] PASS: 8b, 0x0013 16xs 2d 4i
[DBG] PASS: 8b, 0x0013 1xv 2d 4i
[DBG] PASS: 8b, 0x0013 16xv 2d 4i
[DBG] PASS: 8b, 0x0013 1xs 4d 4i
[DBG] PASS: 8b, 0x0013 16xs 4d 4i
[DBG] PASS: 8b, 0x0013 1xv 4d 4i
[DBG] PASS: 8b, 0x0013 16xv 4d 4i
[DBG] Timer count-up test: 10b, 0x0010
[DBG] PASS: 10b, 0x0010 1xs 1d 1i
[DBG] FAIL: 10b, 0x0010 16xs 1d 1i
[DBG] 16xs 1d 1i: Got 00002C20 vs 00002C10: FAIL
[DBG] PASS: 10b, 0x0010 1xv 1d 1i
[DBG] PASS: 10b, 0x0010 16xv 1d 1i
[DBG] PASS: 10b, 0x0010 1xs 2d 1i
[DBG] PASS: 10b, 0x0010 16xs 2d 1i
[DBG] PASS: 10b, 0x0010 1xv 2d 1i
[DBG] PASS: 10b, 0x0010 16xv 2d 1i
[DBG] FAIL: 10b, 0x0010 1xs 4d 1i
[DBG] 1xs 4d 1i: Got 000007EA vs 000007E9: FAIL
[DBG] PASS: 10b, 0x0010 16xs 4d 1i
[DBG] PASS: 10b, 0x0010 1xv 4d 1i
[DBG] PASS: 10b, 0x0010 16xv 4d 1i
[DBG] PASS: 10b, 0x0010 1xs 1d 2i
[DBG] PASS: 10b, 0x0010 16xs 1d 2i
[DBG] PASS: 10b, 0x0010 1xv 1d 2i
[DBG] PASS: 10b, 0x0010 16xv 1d 2i
[DBG] FAIL: 10b, 0x0010 1xs 2d 2i
[DBG] 1xs 2d 2i: Got 00000FDC vs 00000FDB: FAIL
[DBG] PASS: 10b, 0x0010 16xs 2d 2i
[DBG] PASS: 10b, 0x0010 1xv 2d 2i
[DBG] PASS: 10b, 0x0010 16xv 2d 2i
[DBG] PASS: 10b, 0x0010 1xs 4d 2i
[DBG] PASS: 10b, 0x0010 16xs 4d 2i
[DBG] PASS: 10b, 0x0010 1xv 4d 2i
[DBG] PASS: 10b, 0x0010 16xv 4d 2i
[DBG] PASS: 10b, 0x0010 1xs 1d 4i
[DBG] PASS: 10b, 0x0010 16xs 1d 4i
[DBG] PASS: 10b, 0x0010 1xv 1d 4i
[DBG] PASS: 10b, 0x0010 16xv 1d 4i
[DBG] PASS: 10b, 0x0010 1xs 2d 4i
[DBG] FAIL: 10b, 0x0010 16xs 2d 4i
[DBG] 16xs 2d 4i: Got 0000B0B0 vs 0000B0A0: FAIL
[DBG] PASS: 10b, 0x0010 1xv 2d 4i
[DBG] PASS: 10b, 0x0010 16xv 2d 4i
[DBG] PASS: 10b, 0x0010 1xs 4d 4i
[DBG] PASS: 10b, 0x0010 16xs 4d 4i
[DBG] PASS: 10b, 0x0010 1xv 4d 4i
[DBG] PASS: 10b, 0x0010 16xv 4d 4i
[DBG] Timer count-up test: 10b, 0x0011
[DBG] PASS: 10b, 0x0011 1xs 1d 1i
[DBG] PASS: 10b, 0x0011 16xs 1d 1i
[DBG] PASS: 10b, 0x0011 1xv 1d 1i
[DBG] PASS: 10b, 0x0011 16xv 1d 1i
[DBG] PASS: 10b, 0x0011 1xs 2d 1i
[DBG] PASS: 10b, 0x0011 16xs 2d 1i
[DBG] PASS: 10b, 0x0011 1xv 2d 1i
[DBG] PASS: 10b, 0x0011 16xv 2d 1i
[DBG] FAIL: 10b, 0x0011 1xs 4d 1i
[DBG] 1xs 4d 1i: Got 0000086A vs 00000869: FAIL
[DBG] PASS: 10b, 0x0011 16xs 4d 1i
[DBG] PASS: 10b, 0x0011 1xv 4d 1i
[DBG] PASS: 10b, 0x0011 16xv 4d 1i
[DBG] PASS: 10b, 0x0011 1xs 1d 2i
[DBG] PASS: 10b, 0x0011 16xs 1d 2i
[DBG] PASS: 10b, 0x0011 1xv 1d 2i
[DBG] PASS: 10b, 0x0011 16xv 1d 2i
[DBG] FAIL: 10b, 0x0011 1xs 2d 2i
[DBG] 1xs 2d 2i: Got 000010DC vs 000010DB: FAIL
[DBG] PASS: 10b, 0x0011 16xs 2d 2i
[DBG] PASS: 10b, 0x0011 1xv 2d 2i
[DBG] PASS: 10b, 0x0011 16xv 2d 2i
[DBG] PASS: 10b, 0x0011 1xs 4d 2i
[DBG] PASS: 10b, 0x0011 16xs 4d 2i
[DBG] PASS: 10b, 0x0011 1xv 4d 2i
[DBG] PASS: 10b, 0x0011 16xv 4d 2i
[DBG] PASS: 10b, 0x0011 1xs 1d 4i
[DBG] PASS: 10b, 0x0011 16xs 1d 4i
[DBG] PASS: 10b, 0x0011 1xv 1d 4i
[DBG] PASS: 10b, 0x0011 16xv 1d 4i
[DBG] PASS: 10b, 0x0011 1xs 2d 4i
[DBG] PASS: 10b, 0x0011 16xs 2d 4i
[DBG] PASS: 10b, 0x0011 1xv 2d 4i
[DBG] PASS: 10b, 0x0011 16xv 2d 4i
[DBG] PASS: 10b, 0x0011 1xs 4d 4i
[DBG] PASS: 10b, 0x0011 16xs 4d 4i
[DBG] PASS: 10b, 0x0011 1xv 4d 4i
[DBG] PASS: 10b, 0x0011 16xv 4d 4i
[DBG] Timer count-up test: 10b, 0x0012
[DBG] PASS: 10b, 0x0012 1xs 1d 1i
[DBG] FAIL: 10b, 0x0012 16xs 1d 1i
[DBG] 16xs 1d 1i: Got 000031B0 vs 000031A0: FAIL
[DBG] PASS: 10b, 0x0012 1xv 1d 1i
[DBG] PASS: 10b, 0x0012 16xv 1d 1i
[DBG] PASS: 10b, 0x0012 1xs 2d 1i
[DBG] PASS: 10b, 0x0012 16xs 2d 1i
[DBG] PASS: 10b, 0x0012 1xv 2d 1i
[DBG] PASS: 10b, 0x0012 16xv 2d 1i
[DBG] FAIL: 10b, 0x0012 1xs 4d 1i
[DBG] 1xs 4d 1i: Got 000008EA vs 000008E9: FAIL
[DBG] PASS: 10b, 0x0012 16xs 4d 1i
[DBG] PASS: 10b, 0x0012 1xv 4d 1i
[DBG] PASS: 10b, 0x0012 16xv 4d 1i
[DBG] PASS: 10b, 0x0012 1xs 1d 2i
[DBG] PASS: 10b, 0x0012 16xs 1d 2i
[DBG] PASS: 10b, 0x0012 1xv 1d 2i
[DBG] PASS: 10b, 0x0012 16xv 1d 2i
[DBG] FAIL: 10b, 0x0012 1xs 2d 2i
[DBG] 1xs 2d 2i: Got 000011DC vs 000011DB: FAIL
[DBG] PASS: 10b, 0x0012 16xs 2d 2i
[DBG] PASS: 10b, 0x0012 1xv 2d 2i
[DBG] PASS: 10b, 0x0012 16xv 2d 2i
[DBG] PASS: 10b, 0x0012 1xs 4d 2i
[DBG] PASS: 10b, 0x0012 16xs 4d 2i
[DBG] PASS: 10b, 0x0012 1xv 4d 2i
[DBG] PASS: 10b, 0x0012 16xv 4d 2i
[DBG] PASS: 10b, 0x0012 1xs 1d 4i
[DBG] PASS: 10b, 0x0012 16xs 1d 4i
[DBG] PASS: 10b, 0x0012 1xv 1d 4i
[DBG] PASS: 10b, 0x0012 16xv 1d 4i
[DBG] PASS: 10b, 0x0012 1xs 2d 4i
[DBG] PASS: 10b, 0x0012 16xs 2d 4i
[DBG] PASS: 10b, 0x0012 1xv 2d 4i
[DBG] PASS: 10b, 0x0012 16xv 2d 4i
[DBG] PASS: 10b, 0x0012 1xs 4d 4i
[DBG] PASS: 10b, 0x0012 16xs 4d 4i
[DBG] PASS: 10b, 0x0012 1xv 4d 4i
[DBG] PASS: 10b, 0x0012 16xv 4d 4i
[DBG] Timer count-up test: 10b, 0x0013
[DBG] PASS: 10b, 0x0013 1xs 1d 1i
[DBG] PASS: 10b, 0x0013 16xs 1d 1i
[DBG] PASS: 10b, 0x0013 1xv 1d 1i
[DBG] PASS: 10b, 0x0013 16xv 1d 1i
[DBG] PASS: 10b, 0x0013 1xs 2d 1i
[DBG] PASS: 10b, 0x0013 16xs 2d 1i
[DBG] PASS: 10b, 0x0013 1xv 2d 1i
[DBG] PASS: 10b, 0x0013 16xv 2d 1i
[DBG] FAIL: 10b, 0x0013 1xs 4d 1i
[DBG] 1xs 4d 1i: Got 0000096A vs 00000969: FAIL
[DBG] PASS: 10b, 0x0013 16xs 4d 1i
[DBG] PASS: 10b, 0x0013 1xv 4d 1i
[DBG] PASS: 10b, 0x0013 16xv 4d 1i
[DBG] PASS: 10b, 0x0013 1xs 1d 2i
[DBG] PASS: 10b, 0x0013 16xs 1d 2i
[DBG] PASS: 10b, 0x0013 1xv 1d 2i
[DBG] PASS: 10b, 0x0013 16xv 1d 2i
[DBG] FAIL: 10b, 0x0013 1xs 2d 2i
[DBG] 1xs 2d 2i: Got 000012DC vs 000012DB: FAIL
[DBG] FAIL: 10b, 0x0013 16xs 2d 2i
[DBG] 16xs 2d 2i: Got 00006900 vs 000068F0: FAIL
[DBG] PASS: 10b, 0x0013 1xv 2d 2i
[DBG] PASS: 10b, 0x0013 16xv 2d 2i
[DBG] PASS: 10b, 0x0013 1xs 4d 2i
[DBG] PASS: 10b, 0x0013 16xs 4d 2i
[DBG] PASS: 10b, 0x0013 1xv 4d 2i
[DBG] PASS: 10b, 0x0013 16xv 4d 2i
[DBG] PASS: 10b, 0x0013 1xs 1d 4i
[DBG] PASS: 10b, 0x0013 16xs 1d 4i
[DBG] PASS: 10b, 0x0013 1xv 1d 4i
[DBG] PASS: 10b, 0x0013 16xv 1d 4i
[DBG] PASS: 10b, 0x0013 1xs 2d 4i
[DBG] PASS: 10b, 0x0013 16xs 2d 4i
[DBG] PASS: 10b, 0x0013 1xv 2d 4i
[DBG] PASS: 10b, 0x0013 16xv 2d 4i
[DBG] PASS: 10b, 0x0013 1xs 4d 4i
[DBG] PASS: 10b, 0x0013 16xs 4d 4i
[DBG] PASS: 10b, 0x0013 1xv 4d 4i
[DBG] PASS: 10b, 0x0013 16xv 4d 4i

--- Suite 04: Timer count-up ---
Frames: 232  PC=0x08024774  CPSR=0x0000003F  halted=0  cycle=184745795
[debug]
Game Boy Advance Test Suite
===
BEGIN: Timer count-up tests
Timer count-up test: 0b, 0x0001
PASS: 0b, 0x0001 1xs 1d 1i
PASS: 0b, 0x0001 16xs 1d 1i
PASS: 0b, 0x0001 1xv 1d 1i
PASS: 0b, 0x0001 16xv 1d 1i
PASS: 0b, 0x0001 1xs 2d 1i
PASS: 0b, 0x0001 16xs 2d 1i
PASS: 0b, 0x0001 1xv 2d 1i
PASS: 0b, 0x0001 16xv 2d 1i
PASS: 0b, 0x0001 1xs 4d 1i
PASS: 0b, 0x0001 16xs 4d 1i
PASS: 0b, 0x0001 1xv 4d 1i
PASS: 0b, 0x0001 16xv 4d 1i
PASS: 0b, 0x0001 1xs 1d 2i
PASS: 0b, 0x0001 16xs 1d 2i
PASS: 0b, 0x0001 1xv 1d 2i
PASS: 0b, 0x0001 16xv 1d 2i
PASS: 0b, 0x0001 1xs 2d 2i
PASS: 0b, 0x0001 16xs 2d 2i
PASS: 0b, 0x0001 1xv 2d 2i
PASS: 0b, 0x0001 16xv 2d 2i
PASS: 0b, 0x0001 1xs 4d 2i
PASS: 0b, 0x0001 16xs 4d 2i
PASS: 0b, 0x0001 1xv 4d 2i
PASS: 0b, 0x0001 16xv 4d 2i
PASS: 0b, 0x0001 1xs 1d 4i
PASS: 0b, 0x0001 16xs 1d 4i
PASS: 0b, 0x0001 1xv 1d 4i
PASS: 0b, 0x0001 16xv 1d 4i
PASS: 0b, 0x0001 1xs 2d 4i
PASS: 0b, 0x0001 16xs 2d 4i
PASS: 0b, 0x0001 1xv 2d 4i
PASS: 0b, 0x0001 16xv 2d 4i
PASS: 0b, 0x0001 1xs 4d 4i
PASS: 0b, 0x0001 16xs 4d 4i
PASS: 0b, 0x0001 1xv 4d 4i
PASS: 0b, 0x0001 16xv 4d 4i
Timer count-up test: 0b, 0x0005
FAIL: 0b, 0x0005 1xs 1d 1i
1xs 1d 1i: Got 00000002 vs 00000003: FAIL
PASS: 0b, 0x0005 16xs 1d 1i
FAIL: 0b, 0x0005 1xv 1d 1i
1xv 1d 1i: Got FFFB vs FFFF: FAIL
FAIL: 0b, 0x0005 16xv 1d 1i
16xv 1d 1i: Got FFFE vs FFFD: FAIL
FAIL: 0b, 0x0005 1xs 2d 1i
1xs 2d 1i: Got 00000002 vs 00000003: FAIL
PASS: 0b, 0x0005 16xs 2d 1i
FAIL: 0b, 0x0005 1xv 2d 1i
1xv 2d 1i: Got FFFB vs FFFF: FAIL
FAIL: 0b, 0x0005 16xv 2d 1i
16xv 2d 1i: Got FFFE vs FFFD: FAIL
FAIL: 0b, 0x0005 1xs 4d 1i
1xs 4d 1i: Got 00000002 vs 00000003: FAIL
PASS: 0b, 0x0005 16xs 4d 1i
FAIL: 0b, 0x0005 1xv 4d 1i
1xv 4d 1i: Got FFFB vs FFFF: FAIL
FAIL: 0b, 0x0005 16xv 4d 1i
16xv 4d 1i: Got FFFE vs FFFD: FAIL
FAIL: 0b, 0x0005 1xs 1d 2i
1xs 1d 2i: Got 00000002 vs 00000003: FAIL
PASS: 0b, 0x0005 16xs 1d 2i
FAIL: 0b, 0x0005 1xv 1d 2i
1xv 1d 2i: Got FFFC vs FFFB: FAIL
FAIL: 0b, 0x0005 16xv 1d 2i
16xv 1d 2i: Got FFFF vs FFFE: FAIL
FAIL: 0b, 0x0005 1xs 2d 2i
1xs 2d 2i: Got 00000002 vs 00000003: FAIL
PASS: 0b, 0x0005 16xs 2d 2i
FAIL: 0b, 0x0005 1xv 2d 2i
1xv 2d 2i: Got FFFC vs FFFB: FAIL
FAIL: 0b, 0x0005 16xv 2d 2i
16xv 2d 2i: Got FFFF vs FFFE: FAIL
FAIL: 0b, 0x0005 1xs 4d 2i
1xs 4d 2i: Got 00000002 vs 00000003: FAIL
PASS: 0b, 0x0005 16xs 4d 2i
FAIL: 0b, 0x0005 1xv 4d 2i
1xv 4d 2i: Got FFFC vs FFFB: FAIL
FAIL: 0b, 0x0005 16xv 4d 2i
16xv 4d 2i: Got FFFF vs FFFE: FAIL
FAIL: 0b, 0x0005 1xs 1d 4i
1xs 1d 4i: Got 00000002 vs 00000003: FAIL
PASS: 0b, 0x0005 16xs 1d 4i
FAIL: 0b, 0x0005 1xv 1d 4i
1xv 1d 4i: Got FFFE vs FFFD: FAIL
FAIL: 0b, 0x0005 16xv 1d 4i
16xv 1d 4i: Got FFFC vs FFFB: FAIL
FAIL: 0b, 0x0005 1xs 2d 4i
1xs 2d 4i: Got 00000002 vs 00000003: FAIL
PASS: 0b, 0x0005 16xs 2d 4i
FAIL: 0b, 0x0005 1xv 2d 4i
1xv 2d 4i: Got FFFE vs FFFD: FAIL
FAIL: 0b, 0x0005 16xv 2d 4i
16xv 2d 4i: Got FFFC vs FFFB: FAIL
FAIL: 0b, 0x0005 1xs 4d 4i
1xs 4d 4i: Got 00000002 vs 00000003: FAIL
PASS: 0b, 0x0005 16xs 4d 4i
FAIL: 0b, 0x0005 1xv 4d 4i
1xv 4d 4i: Got FFFE vs FFFD: FAIL
FAIL: 0b, 0x0005 16xv 4d 4i
16xv 4d 4i: Got FFFC vs FFFB: FAIL
Timer count-up test: 0b, 0x000C
PASS: 0b, 0x000C 1xs 1d 1i
FAIL: 0b, 0x000C 16xs 1d 1i
16xs 1d 1i: Got 00000010 vs 00000020: FAIL
FAIL: 0b, 0x000C 1xv 1d 1i
1xv 1d 1i: Got FFF8 vs FFFC: FAIL
FAIL: 0b, 0x000C 16xv 1d 1i
16xv 1d 1i: Got FFF8 vs FFFE: FAIL
PASS: 0b, 0x000C 1xs 2d 1i
FAIL: 0b, 0x000C 16xs 2d 1i
16xs 2d 1i: Got 00000010 vs 00000020: FAIL
FAIL: 0b, 0x000C 1xv 2d 1i
1xv 2d 1i: Got FFF8 vs FFFC: FAIL
FAIL: 0b, 0x000C 16xv 2d 1i
16xv 2d 1i: Got FFF8 vs FFFE: FAIL
PASS: 0b, 0x000C 1xs 4d 1i
FAIL: 0b, 0x000C 16xs 4d 1i
16xs 4d 1i: Got 00000010 vs 00000020: FAIL
FAIL: 0b, 0x000C 1xv 4d 1i
1xv 4d 1i: Got FFF8 vs FFFC: FAIL
FAIL: 0b, 0x000C 16xv 4d 1i
16xv 4d 1i: Got FFF8 vs FFFE: FAIL
PASS: 0b, 0x000C 1xs 1d 2i
FAIL: 0b, 0x000C 16xs 1d 2i
16xs 1d 2i: Got 00000010 vs 00000020: FAIL
FAIL: 0b, 0x000C 1xv 1d 2i
1xv 1d 2i: Got FFF9 vs FFFD: FAIL
FAIL: 0b, 0x000C 16xv 1d 2i
16xv 1d 2i: Got FFF9 vs FFFF: FAIL
PASS: 0b, 0x000C 1xs 2d 2i
FAIL: 0b, 0x000C 16xs 2d 2i
16xs 2d 2i: Got 00000010 vs 00000020: FAIL
FAIL: 0b, 0x000C 1xv 2d 2i
1xv 2d 2i: Got FFF9 vs FFFD: FAIL
FAIL: 0b, 0x000C 16xv 2d 2i
16xv 2d 2i: Got FFF9 vs FFFF: FAIL
PASS: 0b, 0x000C 1xs 4d 2i
FAIL: 0b, 0x000C 16xs 4d 2i
16xs 4d 2i: Got 00000010 vs 00000020: FAIL
FAIL: 0b, 0x000C 1xv 4d 2i
1xv 4d 2i: Got FFF9 vs FFFD: FAIL
FAIL: 0b, 0x000C 16xv 4d 2i
16xv 4d 2i: Got FFF9 vs FFFF: FAIL
PASS: 0b, 0x000C 1xs 1d 4i
FAIL: 0b, 0x000C 16xs 1d 4i
16xs 1d 4i: Got 00000010 vs 00000020: FAIL
FAIL: 0b, 0x000C 1xv 1d 4i
1xv 1d 4i: Got FFFB vs FFFF: FAIL
FAIL: 0b, 0x000C 16xv 1d 4i
16xv 1d 4i: Got FFFB vs FFF5: FAIL
PASS: 0b, 0x000C 1xs 2d 4i
FAIL: 0b, 0x000C 16xs 2d 4i
16xs 2d 4i: Got 00000010 vs 00000020: FAIL
FAIL: 0b, 0x000C 1xv 2d 4i
1xv 2d 4i: Got FFFB vs FFFF: FAIL
FAIL: 0b, 0x000C 16xv 2d 4i
16xv 2d 4i: Got FFFB vs FFF5: FAIL
PASS: 0b, 0x000C 1xs 4d 4i
FAIL: 0b, 0x000C 16xs 4d 4i
16xs 4d 4i: Got 00000010 vs 00000020: FAIL
FAIL: 0b, 0x000C 1xv 4d 4i
1xv 4d 4i: Got FFFB vs FFFF: FAIL
FAIL: 0b, 0x000C 16xv 4d 4i
16xv 4d 4i: Got FFFB vs FFF5: FAIL
Timer count-up test: 0b, 0x000D
FAIL: 0b, 0x000D 1xs 1d 1i
1xs 1d 1i: Got 00000003 vs 00000004: FAIL
FAIL: 0b, 0x000D 16xs 1d 1i
16xs 1d 1i: Got 00000010 vs 00000020: FAIL
FAIL: 0b, 0x000D 1xv 1d 1i
1xv 1d 1i: Got FFFF vs FFF6: FAIL
FAIL: 0b, 0x000D 16xv 1d 1i
16xv 1d 1i: Got FFFD vs FFF5: FAIL
FAIL: 0b, 0x000D 1xs 2d 1i
1xs 2d 1i: Got 00000003 vs 00000004: FAIL
FAIL: 0b, 0x000D 16xs 2d 1i
16xs 2d 1i: Got 00000010 vs 00000020: FAIL
FAIL: 0b, 0x000D 1xv 2d 1i
1xv 2d 1i: Got FFFF vs FFF6: FAIL
FAIL: 0b, 0x000D 16xv 2d 1i
16xv 2d 1i: Got FFFD vs FFF5: FAIL
FAIL: 0b, 0x000D 1xs 4d 1i
1xs 4d 1i: Got 00000003 vs 00000004: FAIL
FAIL: 0b, 0x000D 16xs 4d 1i
16xs 4d 1i: Got 00000010 vs 00000020: FAIL
FAIL: 0b, 0x000D 1xv 4d 1i
1xv 4d 1i: Got FFFF vs FFF6: FAIL
FAIL: 0b, 0x000D 16xv 4d 1i
16xv 4d 1i: Got FFFD vs FFF5: FAIL
FAIL: 0b, 0x000D 1xs 1d 2i
1xs 1d 2i: Got 00000003 vs 00000004: FAIL
FAIL: 0b, 0x000D 16xs 1d 2i
16xs 1d 2i: Got 00000010 vs 00000020: FAIL
FAIL: 0b, 0x000D 1xv 1d 2i
1xv 1d 2i: Got FFF6 vs FFFA: FAIL
FAIL: 0b, 0x000D 16xv 1d 2i
16xv 1d 2i: Got FFF4 vs FFF9: FAIL
FAIL: 0b, 0x000D 1xs 2d 2i
1xs 2d 2i: Got 00000003 vs 00000004: FAIL
FAIL: 0b, 0x000D 16xs 2d 2i
16xs 2d 2i: Got 00000010 vs 00000020: FAIL
FAIL: 0b, 0x000D 1xv 2d 2i
1xv 2d 2i: Got FFF6 vs FFFA: FAIL
FAIL: 0b, 0x000D 16xv 2d 2i
16xv 2d 2i: Got FFF4 vs FFF9: FAIL
FAIL: 0b, 0x000D 1xs 4d 2i
1xs 4d 2i: Got 00000003 vs 00000004: FAIL
FAIL: 0b, 0x000D 16xs 4d 2i
16xs 4d 2i: Got 00000010 vs 00000020: FAIL
FAIL: 0b, 0x000D 1xv 4d 2i
1xv 4d 2i: Got FFF6 vs FFFA: FAIL
FAIL: 0b, 0x000D 16xv 4d 2i
16xv 4d 2i: Got FFF4 vs FFF9: FAIL
FAIL: 0b, 0x000D 1xs 1d 4i
1xs 1d 4i: Got 00000003 vs 00000004: FAIL
FAIL: 0b, 0x000D 16xs 1d 4i
16xs 1d 4i: Got 00000010 vs 00000020: FAIL
FAIL: 0b, 0x000D 1xv 1d 4i
1xv 1d 4i: Got FFFE vs FFF5: FAIL
FAIL: 0b, 0x000D 16xv 1d 4i
16xv 1d 4i: Got FFFC vs FFF4: FAIL
FAIL: 0b, 0x000D 1xs 2d 4i
1xs 2d 4i: Got 00000003 vs 00000004: FAIL
FAIL: 0b, 0x000D 16xs 2d 4i
16xs 2d 4i: Got 00000010 vs 00000020: FAIL
FAIL: 0b, 0x000D 1xv 2d 4i
1xv 2d 4i: Got FFFE vs FFF5: FAIL
FAIL: 0b, 0x000D 16xv 2d 4i
16xv 2d 4i: Got FFFC vs FFF4: FAIL
FAIL: 0b, 0x000D 1xs 4d 4i
1xs 4d 4i: Got 00000003 vs 00000004: FAIL
FAIL: 0b, 0x000D 16xs 4d 4i
16xs 4d 4i: Got 00000010 vs 00000020: FAIL
FAIL: 0b, 0x000D 1xv 4d 4i
1xv 4d 4i: Got FFFE vs FFF5: FAIL
FAIL: 0b, 0x000D 16xv 4d 4i
16xv 4d 4i: Got FFFC vs FFF4: FAIL
Timer count-up test: 0b, 0x0010
FAIL: 0b, 0x0010 1xs 1d 1i
1xs 1d 1i: Got 00000003 vs 00000004: FAIL
PASS: 0b, 0x0010 16xs 1d 1i
FAIL: 0b, 0x0010 1xv 1d 1i
1xv 1d 1i: Got FFF8 vs FFFC: FAIL
FAIL: 0b, 0x0010 16xv 1d 1i
16xv 1d 1i: Got FFFA vs FFFE: FAIL
FAIL: 0b, 0x0010 1xs 2d 1i
1xs 2d 1i: Got 00000003 vs 00000004: FAIL
PASS: 0b, 0x0010 16xs 2d 1i
FAIL: 0b, 0x0010 1xv 2d 1i
1xv 2d 1i: Got FFF8 vs FFFC: FAIL
FAIL: 0b, 0x0010 16xv 2d 1i
16xv 2d 1i: Got FFFA vs FFFE: FAIL
FAIL: 0b, 0x0010 1xs 4d 1i
1xs 4d 1i: Got 00000003 vs 00000004: FAIL
PASS: 0b, 0x0010 16xs 4d 1i
FAIL: 0b, 0x0010 1xv 4d 1i
1xv 4d 1i: Got FFF8 vs FFFC: FAIL
FAIL: 0b, 0x0010 16xv 4d 1i
16xv 4d 1i: Got FFFA vs FFFE: FAIL
FAIL: 0b, 0x0010 1xs 1d 2i
1xs 1d 2i: Got 00000003 vs 00000004: FAIL
PASS: 0b, 0x0010 16xs 1d 2i
FAIL: 0b, 0x0010 1xv 1d 2i
1xv 1d 2i: Got FFF1 vs FFF5: FAIL
FAIL: 0b, 0x0010 16xv 1d 2i
16xv 1d 2i: Got FFF3 vs FFF7: FAIL
FAIL: 0b, 0x0010 1xs 2d 2i
1xs 2d 2i: Got 00000003 vs 00000004: FAIL
PASS: 0b, 0x0010 16xs 2d 2i
FAIL: 0b, 0x0010 1xv 2d 2i
1xv 2d 2i: Got FFF1 vs FFF5: FAIL
FAIL: 0b, 0x0010 16xv 2d 2i
16xv 2d 2i: Got FFF3 vs FFF7: FAIL
FAIL: 0b, 0x0010 1xs 4d 2i
1xs 4d 2i: Got 00000003 vs 00000004: FAIL
PASS: 0b, 0x0010 16xs 4d 2i
FAIL: 0b, 0x0010 1xv 4d 2i
1xv 4d 2i: Got FFF1 vs FFF5: FAIL
FAIL: 0b, 0x0010 16xv 4d 2i
16xv 4d 2i: Got FFF3 vs FFF7: FAIL
FAIL: 0b, 0x0010 1xs 1d 4i
1xs 1d 4i: Got 00000003 vs 00000004: FAIL
PASS: 0b, 0x0010 16xs 1d 4i
FAIL: 0b, 0x0010 1xv 1d 4i
1xv 1d 4i: Got FFF3 vs FFF7: FAIL
FAIL: 0b, 0x0010 16xv 1d 4i
16xv 1d 4i: Got FFF5 vs FFF9: FAIL
FAIL: 0b, 0x0010 1xs 2d 4i
1xs 2d 4i: Got 00000003 vs 00000004: FAIL
PASS: 0b, 0x0010 16xs 2d 4i
FAIL: 0b, 0x0010 1xv 2d 4i
1xv 2d 4i: Got FFF3 vs FFF7: FAIL
FAIL: 0b, 0x0010 16xv 2d 4i
16xv 2d 4i: Got FFF5 vs FFF9: FAIL
FAIL: 0b, 0x0010 1xs 4d 4i
1xs 4d 4i: Got 00000003 vs 00000004: FAIL
PASS: 0b, 0x0010 16xs 4d 4i
FAIL: 0b, 0x0010 1xv 4d 4i
1xv 4d 4i: Got FFF3 vs FFF7: FAIL
FAIL: 0b, 0x0010 16xv 4d 4i
16xv 4d 4i: Got FFF5 vs FFF9: FAIL
Timer count-up test: 0b, 0x0014
PASS: 0b, 0x0014 1xs 1d 1i
PASS: 0b, 0x0014 16xs 1d 1i
FAIL: 0b, 0x0014 1xv 1d 1i
1xv 1d 1i: Got FFF4 vs FFF8: FAIL
FAIL: 0b, 0x0014 16xv 1d 1i
16xv 1d 1i: Got FFF6 vs FFF8: FAIL
PASS: 0b, 0x0014 1xs 2d 1i
PASS: 0b, 0x0014 16xs 2d 1i
FAIL: 0b, 0x0014 1xv 2d 1i
1xv 2d 1i: Got FFF4 vs FFF8: FAIL
FAIL: 0b, 0x0014 16xv 2d 1i
16xv 2d 1i: Got FFF6 vs FFF8: FAIL
PASS: 0b, 0x0014 1xs 4d 1i
PASS: 0b, 0x0014 16xs 4d 1i
FAIL: 0b, 0x0014 1xv 4d 1i
1xv 4d 1i: Got FFF4 vs FFF8: FAIL
FAIL: 0b, 0x0014 16xv 4d 1i
16xv 4d 1i: Got FFF6 vs FFF8: FAIL
PASS: 0b, 0x0014 1xs 1d 2i
PASS: 0b, 0x0014 16xs 1d 2i
FAIL: 0b, 0x0014 1xv 1d 2i
1xv 1d 2i: Got FFF5 vs FFF9: FAIL
FAIL: 0b, 0x0014 16xv 1d 2i
16xv 1d 2i: Got FFF7 vs FFF9: FAIL
PASS: 0b, 0x0014 1xs 2d 2i
PASS: 0b, 0x0014 16xs 2d 2i
FAIL: 0b, 0x0014 1xv 2d 2i
1xv 2d 2i: Got FFF5 vs FFF9: FAIL
FAIL: 0b, 0x0014 16xv 2d 2i
16xv 2d 2i: Got FFF7 vs FFF9: FAIL
PASS: 0b, 0x0014 1xs 4d 2i
PASS: 0b, 0x0014 16xs 4d 2i
FAIL: 0b, 0x0014 1xv 4d 2i
1xv 4d 2i: Got FFF5 vs FFF9: FAIL
FAIL: 0b, 0x0014 16xv 4d 2i
16xv 4d 2i: Got FFF7 vs FFF9: FAIL
PASS: 0b, 0x0014 1xs 1d 4i
PASS: 0b, 0x0014 16xs 1d 4i
FAIL: 0b, 0x0014 1xv 1d 4i
1xv 1d 4i: Got FFF7 vs FFFB: FAIL
FAIL: 0b, 0x0014 16xv 1d 4i
16xv 1d 4i: Got FFF9 vs FFFB: FAIL
PASS: 0b, 0x0014 1xs 2d 4i
PASS: 0b, 0x0014 16xs 2d 4i
FAIL: 0b, 0x0014 1xv 2d 4i
1xv 2d 4i: Got FFF7 vs FFFB: FAIL
FAIL: 0b, 0x0014 16xv 2d 4i
16xv 2d 4i: Got FFF9 vs FFFB: FAIL
PASS: 0b, 0x0014 1xs 4d 4i
PASS: 0b, 0x0014 16xs 4d 4i
FAIL: 0b, 0x0014 1xv 4d 4i
1xv 4d 4i: Got FFF7 vs FFFB: FAIL
FAIL: 0b, 0x0014 16xv 4d 4i
16xv 4d 4i: Got FFF9 vs FFFB: FAIL
Timer count-up test: 0b, 0x0015
FAIL: 0b, 0x0015 1xs 1d 1i
1xs 1d 1i: Got 00000004 vs 00000005: FAIL
PASS: 0b, 0x0015 16xs 1d 1i
FAIL: 0b, 0x0015 1xv 1d 1i
1xv 1d 1i: Got FFF1 vs FFF5: FAIL
FAIL: 0b, 0x0015 16xv 1d 1i
16xv 1d 1i: Got FFF0 vs FFF3: FAIL
FAIL: 0b, 0x0015 1xs 2d 1i
1xs 2d 1i: Got 00000004 vs 00000005: FAIL
PASS: 0b, 0x0015 16xs 2d 1i
FAIL: 0b, 0x0015 1xv 2d 1i
1xv 2d 1i: Got FFF1 vs FFF5: FAIL
FAIL: 0b, 0x0015 16xv 2d 1i
16xv 2d 1i: Got FFF0 vs FFF3: FAIL
FAIL: 0b, 0x0015 1xs 4d 1i
1xs 4d 1i: Got 00000004 vs 00000005: FAIL
PASS: 0b, 0x0015 16xs 4d 1i
FAIL: 0b, 0x0015 1xv 4d 1i
1xv 4d 1i: Got FFF1 vs FFF5: FAIL
FAIL: 0b, 0x0015 16xv 4d 1i
16xv 4d 1i: Got FFF0 vs FFF3: FAIL
FAIL: 0b, 0x0015 1xs 1d 2i
1xs 1d 2i: Got 00000004 vs 00000005: FAIL
PASS: 0b, 0x0015 16xs 1d 2i
FAIL: 0b, 0x0015 1xv 1d 2i
1xv 1d 2i: Got FFEC vs FFF0: FAIL
FAIL: 0b, 0x0015 16xv 1d 2i
16xv 1d 2i: Got FFEB vs FFEE: FAIL
FAIL: 0b, 0x0015 1xs 2d 2i
1xs 2d 2i: Got 00000004 vs 00000005: FAIL
PASS: 0b, 0x0015 16xs 2d 2i
FAIL: 0b, 0x0015 1xv 2d 2i
1xv 2d 2i: Got FFEC vs FFF0: FAIL
FAIL: 0b, 0x0015 16xv 2d 2i
16xv 2d 2i: Got FFEB vs FFEE: FAIL
FAIL: 0b, 0x0015 1xs 4d 2i
1xs 4d 2i: Got 00000004 vs 00000005: FAIL
PASS: 0b, 0x0015 16xs 4d 2i
FAIL: 0b, 0x0015 1xv 4d 2i
1xv 4d 2i: Got FFEC vs FFF0: FAIL
FAIL: 0b, 0x0015 16xv 4d 2i
16xv 4d 2i: Got FFEB vs FFEE: FAIL
FAIL: 0b, 0x0015 1xs 1d 4i
1xs 1d 4i: Got 00000004 vs 00000005: FAIL
PASS: 0b, 0x0015 16xs 1d 4i
FAIL: 0b, 0x0015 1xv 1d 4i
1xv 1d 4i: Got FFF7 vs FFFB: FAIL
FAIL: 0b, 0x0015 16xv 1d 4i
16xv 1d 4i: Got FFF6 vs FFF9: FAIL
FAIL: 0b, 0x0015 1xs 2d 4i
1xs 2d 4i: Got 00000004 vs 00000005: FAIL
PASS: 0b, 0x0015 16xs 2d 4i
FAIL: 0b, 0x0015 1xv 2d 4i
1xv 2d 4i: Got FFF7 vs FFFB: FAIL
FAIL: 0b, 0x0015 16xv 2d 4i
16xv 2d 4i: Got FFF6 vs FFF9: FAIL
FAIL: 0b, 0x0015 1xs 4d 4i
1xs 4d 4i: Got 00000004 vs 00000005: FAIL
PASS: 0b, 0x0015 16xs 4d 4i
FAIL: 0b, 0x0015 1xv 4d 4i
1xv 4d 4i: Got FFF7 vs FFFB: FAIL
FAIL: 0b, 0x0015 16xv 4d 4i
16xv 4d 4i: Got FFF6 vs FFF9: FAIL
Timer count-up test: 0b, 0x0020
FAIL: 0b, 0x0020 1xs 1d 1i
1xs 1d 1i: Got 00000005 vs 00000006: FAIL
PASS: 0b, 0x0020 16xs 1d 1i
FAIL: 0b, 0x0020 1xv 1d 1i
1xv 1d 1i: Got FFF8 vs FFFC: FAIL
FAIL: 0b, 0x0020 16xv 1d 1i
16xv 1d 1i: Got FFF8 vs FFFC: FAIL
FAIL: 0b, 0x0020 1xs 2d 1i
1xs 2d 1i: Got 00000005 vs 00000006: FAIL
PASS: 0b, 0x0020 16xs 2d 1i
FAIL: 0b, 0x0020 1xv 2d 1i
1xv 2d 1i: Got FFF8 vs FFFC: FAIL
FAIL: 0b, 0x0020 16xv 2d 1i
16xv 2d 1i: Got FFF8 vs FFFC: FAIL
FAIL: 0b, 0x0020 1xs 4d 1i
1xs 4d 1i: Got 00000005 vs 00000006: FAIL
PASS: 0b, 0x0020 16xs 4d 1i
FAIL: 0b, 0x0020 1xv 4d 1i
1xv 4d 1i: Got FFF8 vs FFFC: FAIL
FAIL: 0b, 0x0020 16xv 4d 1i
16xv 4d 1i: Got FFF8 vs FFFC: FAIL
FAIL: 0b, 0x0020 1xs 1d 2i
1xs 1d 2i: Got 00000005 vs 00000006: FAIL
PASS: 0b, 0x0020 16xs 1d 2i
FAIL: 0b, 0x0020 1xv 1d 2i
1xv 1d 2i: Got FFF1 vs FFF5: FAIL
FAIL: 0b, 0x0020 16xv 1d 2i
16xv 1d 2i: Got FFF1 vs FFF5: FAIL
FAIL: 0b, 0x0020 1xs 2d 2i
1xs 2d 2i: Got 00000005 vs 00000006: FAIL
PASS: 0b, 0x0020 16xs 2d 2i
FAIL: 0b, 0x0020 1xv 2d 2i
1xv 2d 2i: Got FFF1 vs FFF5: FAIL
FAIL: 0b, 0x0020 16xv 2d 2i
16xv 2d 2i: Got FFF1 vs FFF5: FAIL
FAIL: 0b, 0x0020 1xs 4d 2i
1xs 4d 2i: Got 00000005 vs 00000006: FAIL
PASS: 0b, 0x0020 16xs 4d 2i
FAIL: 0b, 0x0020 1xv 4d 2i
1xv 4d 2i: Got FFF1 vs FFF5: FAIL
FAIL: 0b, 0x0020 16xv 4d 2i
16xv 4d 2i: Got FFF1 vs FFF5: FAIL
FAIL: 0b, 0x0020 1xs 1d 4i
1xs 1d 4i: Got 00000005 vs 00000006: FAIL
PASS: 0b, 0x0020 16xs 1d 4i
FAIL: 0b, 0x0020 1xv 1d 4i
1xv 1d 4i: Got FFE3 vs FFE7: FAIL
FAIL: 0b, 0x0020 16xv 1d 4i
16xv 1d 4i: Got FFE3 vs FFE7: FAIL
FAIL: 0b, 0x0020 1xs 2d 4i
1xs 2d 4i: Got 00000005 vs 00000006: FAIL
PASS: 0b, 0x0020 16xs 2d 4i
FAIL: 0b, 0x0020 1xv 2d 4i
1xv 2d 4i: Got FFE3 vs FFE7: FAIL
FAIL: 0b, 0x0020 16xv 2d 4i
16xv 2d 4i: Got FFE3 vs FFE7: FAIL
FAIL: 0b, 0x0020 1xs 4d 4i
1xs 4d 4i: Got 00000005 vs 00000006: FAIL
PASS: 0b, 0x0020 16xs 4d 4i
FAIL: 0b, 0x0020 1xv 4d 4i
1xv 4d 4i: Got FFE3 vs FFE7: FAIL
FAIL: 0b, 0x0020 16xv 4d 4i
16xv 4d 4i: Got FFE3 vs FFE7: FAIL
Timer count-up test: 0b, 0x0024
PASS: 0b, 0x0024 1xs 1d 1i
FAIL: 0b, 0x0024 16xs 1d 1i
16xs 1d 1i: Got 00000020 vs 00000030: FAIL
FAIL: 0b, 0x0024 1xv 1d 1i
1xv 1d 1i: Got FFEC vs FFF0: FAIL
FAIL: 0b, 0x0024 16xv 1d 1i
16xv 1d 1i: Got FFEC vs FFF1: FAIL
PASS: 0b, 0x0024 1xs 2d 1i
FAIL: 0b, 0x0024 16xs 2d 1i
16xs 2d 1i: Got 00000020 vs 00000030: FAIL
FAIL: 0b, 0x0024 1xv 2d 1i
1xv 2d 1i: Got FFEC vs FFF0: FAIL
FAIL: 0b, 0x0024 16xv 2d 1i
16xv 2d 1i: Got FFEC vs FFF1: FAIL
PASS: 0b, 0x0024 1xs 4d 1i
FAIL: 0b, 0x0024 16xs 4d 1i
16xs 4d 1i: Got 00000020 vs 00000030: FAIL
FAIL: 0b, 0x0024 1xv 4d 1i
1xv 4d 1i: Got FFEC vs FFF0: FAIL
FAIL: 0b, 0x0024 16xv 4d 1i
16xv 4d 1i: Got FFEC vs FFF1: FAIL
PASS: 0b, 0x0024 1xs 1d 2i
FAIL: 0b, 0x0024 16xs 1d 2i
16xs 1d 2i: Got 00000020 vs 00000030: FAIL
FAIL: 0b, 0x0024 1xv 1d 2i
1xv 1d 2i: Got FFF9 vs FFFD: FAIL
FAIL: 0b, 0x0024 16xv 1d 2i
16xv 1d 2i: Got FFF9 vs FFFE: FAIL
PASS: 0b, 0x0024 1xs 2d 2i
FAIL: 0b, 0x0024 16xs 2d 2i
16xs 2d 2i: Got 00000020 vs 00000030: FAIL
FAIL: 0b, 0x0024 1xv 2d 2i
1xv 2d 2i: Got FFF9 vs FFFD: FAIL
FAIL: 0b, 0x0024 16xv 2d 2i
16xv 2d 2i: Got FFF9 vs FFFE: FAIL
PASS: 0b, 0x0024 1xs 4d 2i
FAIL: 0b, 0x0024 16xs 4d 2i
16xs 4d 2i: Got 00000020 vs 00000030: FAIL
FAIL: 0b, 0x0024 1xv 4d 2i
1xv 4d 2i: Got FFF9 vs FFFD: FAIL
FAIL: 0b, 0x0024 16xv 4d 2i
16xv 4d 2i: Got FFF9 vs FFFE: FAIL
PASS: 0b, 0x0024 1xs 1d 4i
FAIL: 0b, 0x0024 16xs 1d 4i
16xs 1d 4i: Got 00000020 vs 00000030: FAIL
FAIL: 0b, 0x0024 1xv 1d 4i
1xv 1d 4i: Got FFEF vs FFF3: FAIL
FAIL: 0b, 0x0024 16xv 1d 4i
16xv 1d 4i: Got FFEF vs FFF4: FAIL
PASS: 0b, 0x0024 1xs 2d 4i
FAIL: 0b, 0x0024 16xs 2d 4i
16xs 2d 4i: Got 00000020 vs 00000030: FAIL
FAIL: 0b, 0x0024 1xv 2d 4i
1xv 2d 4i: Got FFEF vs FFF3: FAIL
FAIL: 0b, 0x0024 16xv 2d 4i
16xv 2d 4i: Got FFEF vs FFF4: FAIL
PASS: 0b, 0x0024 1xs 4d 4i
FAIL: 0b, 0x0024 16xs 4d 4i
16xs 4d 4i: Got 00000020 vs 00000030: FAIL
FAIL: 0b, 0x0024 1xv 4d 4i
1xv 4d 4i: Got FFEF vs FFF3: FAIL
FAIL: 0b, 0x0024 16xv 4d 4i
16xv 4d 4i: Got FFEF vs FFF4: FAIL
Timer count-up test: 0b, 0x0025
FAIL: 0b, 0x0025 1xs 1d 1i
1xs 1d 1i: Got 00000006 vs 00000007: FAIL
FAIL: 0b, 0x0025 16xs 1d 1i
16xs 1d 1i: Got 00000020 vs 00000030: FAIL
FAIL: 0b, 0x0025 1xv 1d 1i
1xv 1d 1i: Got FFEB vs FFEF: FAIL
FAIL: 0b, 0x0025 16xv 1d 1i
16xv 1d 1i: Got FFE9 vs FFED: FAIL
FAIL: 0b, 0x0025 1xs 2d 1i
1xs 2d 1i: Got 00000006 vs 00000007: FAIL
FAIL: 0b, 0x0025 16xs 2d 1i
16xs 2d 1i: Got 00000020 vs 00000030: FAIL
FAIL: 0b, 0x0025 1xv 2d 1i
1xv 2d 1i: Got FFEB vs FFEF: FAIL
FAIL: 0b, 0x0025 16xv 2d 1i
16xv 2d 1i: Got FFE9 vs FFED: FAIL
FAIL: 0b, 0x0025 1xs 4d 1i
1xs 4d 1i: Got 00000006 vs 00000007: FAIL
FAIL: 0b, 0x0025 16xs 4d 1i
16xs 4d 1i: Got 00000020 vs 00000030: FAIL
FAIL: 0b, 0x0025 1xv 4d 1i
1xv 4d 1i: Got FFEB vs FFEF: FAIL
FAIL: 0b, 0x0025 16xv 4d 1i
16xv 4d 1i: Got FFE9 vs FFED: FAIL
FAIL: 0b, 0x0025 1xs 1d 2i
1xs 1d 2i: Got 00000006 vs 00000007: FAIL
FAIL: 0b, 0x0025 16xs 1d 2i
16xs 1d 2i: Got 00000020 vs 00000030: FAIL
FAIL: 0b, 0x0025 1xv 1d 2i
1xv 1d 2i: Got FFF5 vs FFF9: FAIL
FAIL: 0b, 0x0025 16xv 1d 2i
16xv 1d 2i: Got FFF3 vs FFF7: FAIL
FAIL: 0b, 0x0025 1xs 2d 2i
1xs 2d 2i: Got 00000006 vs 00000007: FAIL
FAIL: 0b, 0x0025 16xs 2d 2i
16xs 2d 2i: Got 00000020 vs 00000030: FAIL
FAIL: 0b, 0x0025 1xv 2d 2i
1xv 2d 2i: Got FFF5 vs FFF9: FAIL
FAIL: 0b, 0x0025 16xv 2d 2i
16xv 2d 2i: Got FFF3 vs FFF7: FAIL
FAIL: 0b, 0x0025 1xs 4d 2i
1xs 4d 2i: Got 00000006 vs 00000007: FAIL
FAIL: 0b, 0x0025 16xs 4d 2i
16xs 4d 2i: Got 00000020 vs 00000030: FAIL
FAIL: 0b, 0x0025 1xv 4d 2i
1xv 4d 2i: Got FFF5 vs FFF9: FAIL
FAIL: 0b, 0x0025 16xv 4d 2i
16xv 4d 2i: Got FFF3 vs FFF7: FAIL
FAIL: 0b, 0x0025 1xs 1d 4i
1xs 1d 4i: Got 00000006 vs 00000007: FAIL
FAIL: 0b, 0x0025 16xs 1d 4i
16xs 1d 4i: Got 00000020 vs 00000030: FAIL
FAIL: 0b, 0x0025 1xv 1d 4i
1xv 1d 4i: Got FFE4 vs FFE8: FAIL
FAIL: 0b, 0x0025 16xv 1d 4i
16xv 1d 4i: Got FFE2 vs FFE6: FAIL
FAIL: 0b, 0x0025 1xs 2d 4i
1xs 2d 4i: Got 00000006 vs 00000007: FAIL
FAIL: 0b, 0x0025 16xs 2d 4i
16xs 2d 4i: Got 00000020 vs 00000030: FAIL
FAIL: 0b, 0x0025 1xv 2d 4i
1xv 2d 4i: Got FFE4 vs FFE8: FAIL
FAIL: 0b, 0x0025 16xv 2d 4i
16xv 2d 4i: Got FFE2 vs FFE6: FAIL
FAIL: 0b, 0x0025 1xs 4d 4i
1xs 4d 4i: Got 00000006 vs 00000007: FAIL
FAIL: 0b, 0x0025 16xs 4d 4i
16xs 4d 4i: Got 00000020 vs 00000030: FAIL
FAIL: 0b, 0x0025 1xv 4d 4i
1xv 4d 4i: Got FFE4 vs FFE8: FAIL
FAIL: 0b, 0x0025 16xv 4d 4i
16xv 4d 4i: Got FFE2 vs FFE6: FAIL
Timer count-up test: 0b, 0x0040
FAIL: 0b, 0x0040 1xs 1d 1i
1xs 1d 1i: Got 00000009 vs 0000000A: FAIL
PASS: 0b, 0x0040 16xs 1d 1i
FAIL: 0b, 0x0040 1xv 1d 1i
1xv 1d 1i: Got FFD8 vs FFDC: FAIL
FAIL: 0b, 0x0040 16xv 1d 1i
16xv 1d 1i: Got FFD8 vs FFDC: FAIL
FAIL: 0b, 0x0040 1xs 2d 1i
1xs 2d 1i: Got 00000009 vs 0000000A: FAIL
PASS: 0b, 0x0040 16xs 2d 1i
FAIL: 0b, 0x0040 1xv 2d 1i
1xv 2d 1i: Got FFD8 vs FFDC: FAIL
FAIL: 0b, 0x0040 16xv 2d 1i
16xv 2d 1i: Got FFD8 vs FFDC: FAIL
FAIL: 0b, 0x0040 1xs 4d 1i
1xs 4d 1i: Got 00000009 vs 0000000A: FAIL
PASS: 0b, 0x0040 16xs 4d 1i
FAIL: 0b, 0x0040 1xv 4d 1i
1xv 4d 1i: Got FFD8 vs FFDC: FAIL
FAIL: 0b, 0x0040 16xv 4d 1i
16xv 4d 1i: Got FFD8 vs FFDC: FAIL
FAIL: 0b, 0x0040 1xs 1d 2i
1xs 1d 2i: Got 00000009 vs 0000000B: FAIL
PASS: 0b, 0x0040 16xs 1d 2i
FAIL: 0b, 0x0040 1xv 1d 2i
1xv 1d 2i: Got FFD1 vs FFDC: FAIL
FAIL: 0b, 0x0040 16xv 1d 2i
16xv 1d 2i: Got FFD1 vs FFDC: FAIL
FAIL: 0b, 0x0040 1xs 2d 2i
1xs 2d 2i: Got 00000009 vs 0000000B: FAIL
PASS: 0b, 0x0040 16xs 2d 2i
FAIL: 0b, 0x0040 1xv 2d 2i
1xv 2d 2i: Got FFD1 vs FFDC: FAIL
FAIL: 0b, 0x0040 16xv 2d 2i
16xv 2d 2i: Got FFD1 vs FFDC: FAIL
FAIL: 0b, 0x0040 1xs 4d 2i
1xs 4d 2i: Got 00000009 vs 0000000B: FAIL
PASS: 0b, 0x0040 16xs 4d 2i
FAIL: 0b, 0x0040 1xv 4d 2i
1xv 4d 2i: Got FFD1 vs FFDC: FAIL
FAIL: 0b, 0x0040 16xv 4d 2i
16xv 4d 2i: Got FFD1 vs FFDC: FAIL
FAIL: 0b, 0x0040 1xs 1d 4i
1xs 1d 4i: Got 00000009 vs 0000000D: FAIL
FAIL: 0b, 0x0040 16xs 1d 4i
16xs 1d 4i: Got 00000040 vs 00000050: FAIL
FAIL: 0b, 0x0040 1xv 1d 4i
1xv 1d 4i: Got FFC3 vs FFDE: FAIL
FAIL: 0b, 0x0040 16xv 1d 4i
16xv 1d 4i: Got FFC3 vs FFDE: FAIL
FAIL: 0b, 0x0040 1xs 2d 4i
1xs 2d 4i: Got 00000009 vs 0000000D: FAIL
FAIL: 0b, 0x0040 16xs 2d 4i
16xs 2d 4i: Got 00000040 vs 00000050: FAIL
FAIL: 0b, 0x0040 1xv 2d 4i
1xv 2d 4i: Got FFC3 vs FFDE: FAIL
FAIL: 0b, 0x0040 16xv 2d 4i
16xv 2d 4i: Got FFC3 vs FFDE: FAIL
FAIL: 0b, 0x0040 1xs 4d 4i
1xs 4d 4i: Got 00000009 vs 0000000D: FAIL
FAIL: 0b, 0x0040 16xs 4d 4i
16xs 4d 4i: Got 00000040 vs 00000050: FAIL
FAIL: 0b, 0x0040 1xv 4d 4i
1xv 4d 4i: Got FFC3 vs FFDE: FAIL
FAIL: 0b, 0x0040 16xv 4d 4i
16xv 4d 4i: Got FFC3 vs FFDE: FAIL
Timer count-up test: 0b, 0x0080
FAIL: 0b, 0x0080 1xs 1d 1i
1xs 1d 1i: Got 00000011 vs 00000012: FAIL
FAIL: 0b, 0x0080 16xs 1d 1i
16xs 1d 1i: Got 00000060 vs 00000070: FAIL
FAIL: 0b, 0x0080 1xv 1d 1i
1xv 1d 1i: Got FFD8 vs FFDC: FAIL
FAIL: 0b, 0x0080 16xv 1d 1i
16xv 1d 1i: Got FFD8 vs FFDD: FAIL
FAIL: 0b, 0x0080 1xs 2d 1i
1xs 2d 1i: Got 00000011 vs 00000012: FAIL
FAIL: 0b, 0x0080 16xs 2d 1i
16xs 2d 1i: Got 00000060 vs 00000070: FAIL
FAIL: 0b, 0x0080 1xv 2d 1i
1xv 2d 1i: Got FFD8 vs FFDC: FAIL
FAIL: 0b, 0x0080 16xv 2d 1i
16xv 2d 1i: Got FFD8 vs FFDD: FAIL
FAIL: 0b, 0x0080 1xs 4d 1i
1xs 4d 1i: Got 00000011 vs 00000012: FAIL
FAIL: 0b, 0x0080 16xs 4d 1i
16xs 4d 1i: Got 00000060 vs 00000070: FAIL
FAIL: 0b, 0x0080 1xv 4d 1i
1xv 4d 1i: Got FFD8 vs FFDC: FAIL
FAIL: 0b, 0x0080 16xv 4d 1i
16xv 4d 1i: Got FFD8 vs FFDD: FAIL
FAIL: 0b, 0x0080 1xs 1d 2i
1xs 1d 2i: Got 00000012 vs 00000013: FAIL
PASS: 0b, 0x0080 16xs 1d 2i
FAIL: 0b, 0x0080 1xv 1d 2i
1xv 1d 2i: Got FFD8 vs FFDC: FAIL
FAIL: 0b, 0x0080 16xv 1d 2i
16xv 1d 2i: Got FFDA vs FFDC: FAIL
FAIL: 0b, 0x0080 1xs 2d 2i
1xs 2d 2i: Got 00000012 vs 00000013: FAIL
PASS: 0b, 0x0080 16xs 2d 2i
FAIL: 0b, 0x0080 1xv 2d 2i
1xv 2d 2i: Got FFD8 vs FFDC: FAIL
FAIL: 0b, 0x0080 16xv 2d 2i
16xv 2d 2i: Got FFDA vs FFDC: FAIL
FAIL: 0b, 0x0080 1xs 4d 2i
1xs 4d 2i: Got 00000012 vs 00000013: FAIL
PASS: 0b, 0x0080 16xs 4d 2i
FAIL: 0b, 0x0080 1xv 4d 2i
1xv 4d 2i: Got FFD8 vs FFDC: FAIL
FAIL: 0b, 0x0080 16xv 4d 2i
16xv 4d 2i: Got FFDA vs FFDC: FAIL
FAIL: 0b, 0x0080 1xs 1d 4i
1xs 1d 4i: Got 00000014 vs 00000015: FAIL
PASS: 0b, 0x0080 16xs 1d 4i
FAIL: 0b, 0x0080 1xv 1d 4i
1xv 1d 4i: Got FFDA vs FFDE: FAIL
FAIL: 0b, 0x0080 16xv 1d 4i
16xv 1d 4i: Got FFD8 vs FFDC: FAIL
FAIL: 0b, 0x0080 1xs 2d 4i
1xs 2d 4i: Got 00000014 vs 00000015: FAIL
PASS: 0b, 0x0080 16xs 2d 4i
FAIL: 0b, 0x0080 1xv 2d 4i
1xv 2d 4i: Got FFDA vs FFDE: FAIL
FAIL: 0b, 0x0080 16xv 2d 4i
16xv 2d 4i: Got FFD8 vs FFDC: FAIL
FAIL: 0b, 0x0080 1xs 4d 4i
1xs 4d 4i: Got 00000014 vs 00000015: FAIL
PASS: 0b, 0x0080 16xs 4d 4i
FAIL: 0b, 0x0080 1xv 4d 4i
1xv 4d 4i: Got FFDA vs FFDE: FAIL
FAIL: 0b, 0x0080 16xv 4d 4i
16xv 4d 4i: Got FFD8 vs FFDC: FAIL
Timer count-up test: 0b, 0x0800
FAIL: 0b, 0x0800 1xs 1d 1i
1xs 1d 1i: Got 00000101 vs 00000102: FAIL
PASS: 0b, 0x0800 16xs 1d 1i
FAIL: 0b, 0x0800 1xv 1d 1i
1xv 1d 1i: Got F858 vs F85C: FAIL
FAIL: 0b, 0x0800 16xv 1d 1i
16xv 1d 1i: Got F858 vs F85C: FAIL
FAIL: 0b, 0x0800 1xs 2d 1i
1xs 2d 1i: Got 00000101 vs 00000102: FAIL
PASS: 0b, 0x0800 16xs 2d 1i
FAIL: 0b, 0x0800 1xv 2d 1i
1xv 2d 1i: Got F858 vs F85C: FAIL
FAIL: 0b, 0x0800 16xv 2d 1i
16xv 2d 1i: Got F858 vs F85C: FAIL
FAIL: 0b, 0x0800 1xs 4d 1i
1xs 4d 1i: Got 00000101 vs 00000102: FAIL
PASS: 0b, 0x0800 16xs 4d 1i
FAIL: 0b, 0x0800 1xv 4d 1i
1xv 4d 1i: Got F858 vs F85C: FAIL
FAIL: 0b, 0x0800 16xv 4d 1i
16xv 4d 1i: Got F858 vs F85C: FAIL
FAIL: 0b, 0x0800 1xs 1d 2i
1xs 1d 2i: Got 000001F2 vs 000001F3: FAIL
PASS: 0b, 0x0800 16xs 1d 2i
FAIL: 0b, 0x0800 1xv 1d 2i
1xv 1d 2i: Got F858 vs F85C: FAIL
FAIL: 0b, 0x0800 16xv 1d 2i
16xv 1d 2i: Got F858 vs F85C: FAIL
FAIL: 0b, 0x0800 1xs 2d 2i
1xs 2d 2i: Got 000001F2 vs 000001F3: FAIL
PASS: 0b, 0x0800 16xs 2d 2i
FAIL: 0b, 0x0800 1xv 2d 2i
1xv 2d 2i: Got F858 vs F85C: FAIL
FAIL: 0b, 0x0800 16xv 2d 2i
16xv 2d 2i: Got F858 vs F85C: FAIL
FAIL: 0b, 0x0800 1xs 4d 2i
1xs 4d 2i: Got 000001F2 vs 000001F3: FAIL
PASS: 0b, 0x0800 16xs 4d 2i
FAIL: 0b, 0x0800 1xv 4d 2i
1xv 4d 2i: Got F858 vs F85C: FAIL
FAIL: 0b, 0x0800 16xv 4d 2i
16xv 4d 2i: Got F858 vs F85C: FAIL
FAIL: 0b, 0x0800 1xs 1d 4i
1xs 1d 4i: Got 000003D4 vs 000003D5: FAIL
PASS: 0b, 0x0800 16xs 1d 4i
FAIL: 0b, 0x0800 1xv 1d 4i
1xv 1d 4i: Got F85A vs F85E: FAIL
FAIL: 0b, 0x0800 16xv 1d 4i
16xv 1d 4i: Got F858 vs F85C: FAIL
FAIL: 0b, 0x0800 1xs 2d 4i
1xs 2d 4i: Got 000003D4 vs 000003D5: FAIL
PASS: 0b, 0x0800 16xs 2d 4i
FAIL: 0b, 0x0800 1xv 2d 4i
1xv 2d 4i: Got F85A vs F85E: FAIL
FAIL: 0b, 0x0800 16xv 2d 4i
16xv 2d 4i: Got F858 vs F85C: FAIL
FAIL: 0b, 0x0800 1xs 4d 4i
1xs 4d 4i: Got 000003D4 vs 000003D5: FAIL
PASS: 0b, 0x0800 16xs 4d 4i
FAIL: 0b, 0x0800 1xv 4d 4i
1xv 4d 4i: Got F85A vs F85E: FAIL
FAIL: 0b, 0x0800 16xv 4d 4i
16xv 4d 4i: Got F858 vs F85C: FAIL
Timer count-up test: 0b, 0x8000
FAIL: 0b, 0x8000 1xs 1d 1i
1xs 1d 1i: Got 00001001 vs 00001002: FAIL
PASS: 0b, 0x8000 16xs 1d 1i
FAIL: 0b, 0x8000 1xv 1d 1i
1xv 1d 1i: Got 8058 vs 805C: FAIL
FAIL: 0b, 0x8000 16xv 1d 1i
16xv 1d 1i: Got 805A vs 805E: FAIL
FAIL: 0b, 0x8000 1xs 2d 1i
1xs 2d 1i: Got 00001001 vs 00001002: FAIL
PASS: 0b, 0x8000 16xs 2d 1i
FAIL: 0b, 0x8000 1xv 2d 1i
1xv 2d 1i: Got 8058 vs 805C: FAIL
FAIL: 0b, 0x8000 16xv 2d 1i
16xv 2d 1i: Got 805A vs 805E: FAIL
FAIL: 0b, 0x8000 1xs 4d 1i
1xs 4d 1i: Got 00001001 vs 00001002: FAIL
PASS: 0b, 0x8000 16xs 4d 1i
FAIL: 0b, 0x8000 1xv 4d 1i
1xv 4d 1i: Got 8058 vs 805C: FAIL
FAIL: 0b, 0x8000 16xv 4d 1i
16xv 4d 1i: Got 805A vs 805E: FAIL
FAIL: 0b, 0x8000 1xs 1d 2i
1xs 1d 2i: Got 00001FF2 vs 00001FF3: FAIL
PASS: 0b, 0x8000 16xs 1d 2i
FAIL: 0b, 0x8000 1xv 1d 2i
1xv 1d 2i: Got 8058 vs 805C: FAIL
FAIL: 0b, 0x8000 16xv 1d 2i
16xv 1d 2i: Got 8058 vs 805C: FAIL
FAIL: 0b, 0x8000 1xs 2d 2i
1xs 2d 2i: Got 00001FF2 vs 00001FF3: FAIL
PASS: 0b, 0x8000 16xs 2d 2i
FAIL: 0b, 0x8000 1xv 2d 2i
1xv 2d 2i: Got 8058 vs 805C: FAIL
FAIL: 0b, 0x8000 16xv 2d 2i
16xv 2d 2i: Got 8058 vs 805C: FAIL
FAIL: 0b, 0x8000 1xs 4d 2i
1xs 4d 2i: Got 00001FF2 vs 00001FF3: FAIL
PASS: 0b, 0x8000 16xs 4d 2i
FAIL: 0b, 0x8000 1xv 4d 2i
1xv 4d 2i: Got 8058 vs 805C: FAIL
FAIL: 0b, 0x8000 16xv 4d 2i
16xv 4d 2i: Got 8058 vs 805C: FAIL
FAIL: 0b, 0x8000 1xs 1d 4i
1xs 1d 4i: Got 00003FD4 vs 00003FD5: FAIL
PASS: 0b, 0x8000 16xs 1d 4i
FAIL: 0b, 0x8000 1xv 1d 4i
1xv 1d 4i: Got 805A vs 805E: FAIL
FAIL: 0b, 0x8000 16xv 1d 4i
16xv 1d 4i: Got 8058 vs 805C: FAIL
FAIL: 0b, 0x8000 1xs 2d 4i
1xs 2d 4i: Got 00003FD4 vs 00003FD5: FAIL
PASS: 0b, 0x8000 16xs 2d 4i
FAIL: 0b, 0x8000 1xv 2d 4i
1xv 2d 4i: Got 805A vs 805E: FAIL
FAIL: 0b, 0x8000 16xv 2d 4i
16xv 2d 4i: Got 8058 vs 805C: FAIL
FAIL: 0b, 0x8000 1xs 4d 4i
1xs 4d 4i: Got 00003FD4 vs 00003FD5: FAIL
PASS: 0b, 0x8000 16xs 4d 4i
FAIL: 0b, 0x8000 1xv 4d 4i
1xv 4d 4i: Got 805A vs 805E: FAIL
FAIL: 0b, 0x8000 16xv 4d 4i
16xv 4d 4i: Got 8058 vs 805C: FAIL
Timer count-up test: 6b, 0x0010
PASS: 6b, 0x0010 1xs 1d 1i
PASS: 6b, 0x0010 16xs 1d 1i
PASS: 6b, 0x0010 1xv 1d 1i
PASS: 6b, 0x0010 16xv 1d 1i
PASS: 6b, 0x0010 1xs 2d 1i
PASS: 6b, 0x0010 16xs 2d 1i
PASS: 6b, 0x0010 1xv 2d 1i
PASS: 6b, 0x0010 16xv 2d 1i
FAIL: 6b, 0x0010 1xs 4d 1i
1xs 4d 1i: Got 0000007A vs 00000081: FAIL
FAIL: 6b, 0x0010 16xs 4d 1i
16xs 4d 1i: Got 000002B0 vs 000002D0: FAIL
PASS: 6b, 0x0010 1xv 4d 1i
PASS: 6b, 0x0010 16xv 4d 1i
PASS: 6b, 0x0010 1xs 1d 2i
FAIL: 6b, 0x0010 16xs 1d 2i
16xs 1d 2i: Got 00000530 vs 00000520: FAIL
PASS: 6b, 0x0010 1xv 1d 2i
PASS: 6b, 0x0010 16xv 1d 2i
FAIL: 6b, 0x0010 1xs 2d 2i
1xs 2d 2i: Got 000000EC vs 000000EB: FAIL
PASS: 6b, 0x0010 16xs 2d 2i
PASS: 6b, 0x0010 1xv 2d 2i
PASS: 6b, 0x0010 16xv 2d 2i
FAIL: 6b, 0x0010 1xs 4d 2i
1xs 4d 2i: Got 000000EA vs 000000F2: FAIL
FAIL: 6b, 0x0010 16xs 4d 2i
16xs 4d 2i: Got 00000520 vs 00000550: FAIL
PASS: 6b, 0x0010 1xv 4d 2i
PASS: 6b, 0x0010 16xv 4d 2i
PASS: 6b, 0x0010 1xs 1d 4i
PASS: 6b, 0x0010 16xs 1d 4i
PASS: 6b, 0x0010 1xv 1d 4i
PASS: 6b, 0x0010 16xv 1d 4i
PASS: 6b, 0x0010 1xs 2d 4i
PASS: 6b, 0x0010 16xs 2d 4i
PASS: 6b, 0x0010 1xv 2d 4i
PASS: 6b, 0x0010 16xv 2d 4i
FAIL: 6b, 0x0010 1xs 4d 4i
1xs 4d 4i: Got 000001CC vs 000001D4: FAIL
FAIL: 6b, 0x0010 16xs 4d 4i
16xs 4d 4i: Got 00000A00 vs 00000A30: FAIL
PASS: 6b, 0x0010 1xv 4d 4i
PASS: 6b, 0x0010 16xv 4d 4i
Timer count-up test: 6b, 0x0011
PASS: 6b, 0x0011 1xs 1d 1i
PASS: 6b, 0x0011 16xs 1d 1i
PASS: 6b, 0x0011 1xv 1d 1i
PASS: 6b, 0x0011 16xv 1d 1i
PASS: 6b, 0x0011 1xs 2d 1i
PASS: 6b, 0x0011 16xs 2d 1i
PASS: 6b, 0x0011 1xv 2d 1i
PASS: 6b, 0x0011 16xv 2d 1i
FAIL: 6b, 0x0011 1xs 4d 1i
1xs 4d 1i: Got 00000082 vs 00000089: FAIL
FAIL: 6b, 0x0011 16xs 4d 1i
16xs 4d 1i: Got 000002D0 vs 00000300: FAIL
PASS: 6b, 0x0011 1xv 4d 1i
PASS: 6b, 0x0011 16xv 4d 1i
PASS: 6b, 0x0011 1xs 1d 2i
PASS: 6b, 0x0011 16xs 1d 2i
PASS: 6b, 0x0011 1xv 1d 2i
PASS: 6b, 0x0011 16xv 1d 2i
FAIL: 6b, 0x0011 1xs 2d 2i
1xs 2d 2i: Got 000000FC vs 000000FB: FAIL
PASS: 6b, 0x0011 16xs 2d 2i
PASS: 6b, 0x0011 1xv 2d 2i
PASS: 6b, 0x0011 16xv 2d 2i
FAIL: 6b, 0x0011 1xs 4d 2i
1xs 4d 2i: Got 000000FA vs 00000102: FAIL
FAIL: 6b, 0x0011 16xs 4d 2i
16xs 4d 2i: Got 00000570 vs 000005A0: FAIL
PASS: 6b, 0x0011 1xv 4d 2i
PASS: 6b, 0x0011 16xv 4d 2i
PASS: 6b, 0x0011 1xs 1d 4i
PASS: 6b, 0x0011 16xs 1d 4i
PASS: 6b, 0x0011 1xv 1d 4i
PASS: 6b, 0x0011 16xv 1d 4i
PASS: 6b, 0x0011 1xs 2d 4i
PASS: 6b, 0x0011 16xs 2d 4i
PASS: 6b, 0x0011 1xv 2d 4i
PASS: 6b, 0x0011 16xv 2d 4i
FAIL: 6b, 0x0011 1xs 4d 4i
1xs 4d 4i: Got 000001EC vs 000001F4: FAIL
FAIL: 6b, 0x0011 16xs 4d 4i
16xs 4d 4i: Got 00000AC0 vs 00000AE0: FAIL
PASS: 6b, 0x0011 1xv 4d 4i
PASS: 6b, 0x0011 16xv 4d 4i
Timer count-up test: 6b, 0x0012
PASS: 6b, 0x0012 1xs 1d 1i
PASS: 6b, 0x0012 16xs 1d 1i
PASS: 6b, 0x0012 1xv 1d 1i
PASS: 6b, 0x0012 16xv 1d 1i
PASS: 6b, 0x0012 1xs 2d 1i
PASS: 6b, 0x0012 16xs 2d 1i
PASS: 6b, 0x0012 1xv 2d 1i
PASS: 6b, 0x0012 16xv 2d 1i
FAIL: 6b, 0x0012 1xs 4d 1i
1xs 4d 1i: Got 0000008A vs 00000091: FAIL
FAIL: 6b, 0x0012 16xs 4d 1i
16xs 4d 1i: Got 00000300 vs 00000330: FAIL
PASS: 6b, 0x0012 1xv 4d 1i
PASS: 6b, 0x0012 16xv 4d 1i
PASS: 6b, 0x0012 1xs 1d 2i
PASS: 6b, 0x0012 16xs 1d 2i
PASS: 6b, 0x0012 1xv 1d 2i
PASS: 6b, 0x0012 16xv 1d 2i
FAIL: 6b, 0x0012 1xs 2d 2i
1xs 2d 2i: Got 0000010C vs 0000010B: FAIL
PASS: 6b, 0x0012 16xs 2d 2i
PASS: 6b, 0x0012 1xv 2d 2i
PASS: 6b, 0x0012 16xv 2d 2i
FAIL: 6b, 0x0012 1xs 4d 2i
1xs 4d 2i: Got 0000010A vs 00000112: FAIL
FAIL: 6b, 0x0012 16xs 4d 2i
16xs 4d 2i: Got 000005D0 vs 00000600: FAIL
PASS: 6b, 0x0012 1xv 4d 2i
PASS: 6b, 0x0012 16xv 4d 2i
PASS: 6b, 0x0012 1xs 1d 4i
PASS: 6b, 0x0012 16xs 1d 4i
PASS: 6b, 0x0012 1xv 1d 4i
PASS: 6b, 0x0012 16xv 1d 4i
PASS: 6b, 0x0012 1xs 2d 4i
PASS: 6b, 0x0012 16xs 2d 4i
PASS: 6b, 0x0012 1xv 2d 4i
PASS: 6b, 0x0012 16xv 2d 4i
FAIL: 6b, 0x0012 1xs 4d 4i
1xs 4d 4i: Got 0000020C vs 00000214: FAIL
FAIL: 6b, 0x0012 16xs 4d 4i
16xs 4d 4i: Got 00000B70 vs 00000B90: FAIL
PASS: 6b, 0x0012 1xv 4d 4i
PASS: 6b, 0x0012 16xv 4d 4i
Timer count-up test: 6b, 0x0013
PASS: 6b, 0x0013 1xs 1d 1i
PASS: 6b, 0x0013 16xs 1d 1i
PASS: 6b, 0x0013 1xv 1d 1i
PASS: 6b, 0x0013 16xv 1d 1i
PASS: 6b, 0x0013 1xs 2d 1i
PASS: 6b, 0x0013 16xs 2d 1i
PASS: 6b, 0x0013 1xv 2d 1i
PASS: 6b, 0x0013 16xv 2d 1i
FAIL: 6b, 0x0013 1xs 4d 1i
1xs 4d 1i: Got 00000092 vs 00000099: FAIL
FAIL: 6b, 0x0013 16xs 4d 1i
16xs 4d 1i: Got 00000330 vs 00000360: FAIL
PASS: 6b, 0x0013 1xv 4d 1i
PASS: 6b, 0x0013 16xv 4d 1i
PASS: 6b, 0x0013 1xs 1d 2i
PASS: 6b, 0x0013 16xs 1d 2i
PASS: 6b, 0x0013 1xv 1d 2i
PASS: 6b, 0x0013 16xv 1d 2i
FAIL: 6b, 0x0013 1xs 2d 2i
1xs 2d 2i: Got 0000011C vs 0000011B: FAIL
PASS: 6b, 0x0013 16xs 2d 2i
PASS: 6b, 0x0013 1xv 2d 2i
PASS: 6b, 0x0013 16xv 2d 2i
FAIL: 6b, 0x0013 1xs 4d 2i
1xs 4d 2i: Got 0000011A vs 00000122: FAIL
FAIL: 6b, 0x0013 16xs 4d 2i
16xs 4d 2i: Got 00000630 vs 00000650: FAIL
PASS: 6b, 0x0013 1xv 4d 2i
PASS: 6b, 0x0013 16xv 4d 2i
PASS: 6b, 0x0013 1xs 1d 4i
PASS: 6b, 0x0013 16xs 1d 4i
PASS: 6b, 0x0013 1xv 1d 4i
PASS: 6b, 0x0013 16xv 1d 4i
PASS: 6b, 0x0013 1xs 2d 4i
PASS: 6b, 0x0013 16xs 2d 4i
PASS: 6b, 0x0013 1xv 2d 4i
PASS: 6b, 0x0013 16xv 2d 4i
FAIL: 6b, 0x0013 1xs 4d 4i
1xs 4d 4i: Got 0000022C vs 00000234: FAIL
FAIL: 6b, 0x0013 16xs 4d 4i
16xs 4d 4i: Got 00000C20 vs 00000C40: FAIL
PASS: 6b, 0x0013 1xv 4d 4i
PASS: 6b, 0x0013 16xv 4d 4i
Timer count-up test: 8b, 0x0010
PASS: 8b, 0x0010 1xs 1d 1i
PASS: 8b, 0x0010 16xs 1d 1i
PASS: 8b, 0x0010 1xv 1d 1i
PASS: 8b, 0x0010 16xv 1d 1i
PASS: 8b, 0x0010 1xs 2d 1i
PASS: 8b, 0x0010 16xs 2d 1i
PASS: 8b, 0x0010 1xv 2d 1i
PASS: 8b, 0x0010 16xv 2d 1i
FAIL: 8b, 0x0010 1xs 4d 1i
1xs 4d 1i: Got 000001EA vs 000001E9: FAIL
PASS: 8b, 0x0010 16xs 4d 1i
PASS: 8b, 0x0010 1xv 4d 1i
PASS: 8b, 0x0010 16xv 4d 1i
PASS: 8b, 0x0010 1xs 1d 2i
PASS: 8b, 0x0010 16xs 1d 2i
PASS: 8b, 0x0010 1xv 1d 2i
PASS: 8b, 0x0010 16xv 1d 2i
FAIL: 8b, 0x0010 1xs 2d 2i
1xs 2d 2i: Got 000003DC vs 000003DB: FAIL
PASS: 8b, 0x0010 16xs 2d 2i
PASS: 8b, 0x0010 1xv 2d 2i
PASS: 8b, 0x0010 16xv 2d 2i
PASS: 8b, 0x0010 1xs 4d 2i
PASS: 8b, 0x0010 16xs 4d 2i
PASS: 8b, 0x0010 1xv 4d 2i
PASS: 8b, 0x0010 16xv 4d 2i
PASS: 8b, 0x0010 1xs 1d 4i
PASS: 8b, 0x0010 16xs 1d 4i
PASS: 8b, 0x0010 1xv 1d 4i
PASS: 8b, 0x0010 16xv 1d 4i
PASS: 8b, 0x0010 1xs 2d 4i
FAIL: 8b, 0x0010 16xs 2d 4i
16xs 2d 4i: Got 00002B20 vs 00002B10: FAIL
PASS: 8b, 0x0010 1xv 2d 4i
PASS: 8b, 0x0010 16xv 2d 4i
PASS: 8b, 0x0010 1xs 4d 4i
PASS: 8b, 0x0010 16xs 4d 4i
PASS: 8b, 0x0010 1xv 4d 4i
PASS: 8b, 0x0010 16xv 4d 4i
Timer count-up test: 8b, 0x0011
PASS: 8b, 0x0011 1xs 1d 1i
PASS: 8b, 0x0011 16xs 1d 1i
PASS: 8b, 0x0011 1xv 1d 1i
PASS: 8b, 0x0011 16xv 1d 1i
PASS: 8b, 0x0011 1xs 2d 1i
PASS: 8b, 0x0011 16xs 2d 1i
PASS: 8b, 0x0011 1xv 2d 1i
PASS: 8b, 0x0011 16xv 2d 1i
FAIL: 8b, 0x0011 1xs 4d 1i
1xs 4d 1i: Got 0000020A vs 00000209: FAIL
PASS: 8b, 0x0011 16xs 4d 1i
PASS: 8b, 0x0011 1xv 4d 1i
PASS: 8b, 0x0011 16xv 4d 1i
PASS: 8b, 0x0011 1xs 1d 2i
PASS: 8b, 0x0011 16xs 1d 2i
PASS: 8b, 0x0011 1xv 1d 2i
PASS: 8b, 0x0011 16xv 1d 2i
FAIL: 8b, 0x0011 1xs 2d 2i
1xs 2d 2i: Got 0000041C vs 0000041B: FAIL
PASS: 8b, 0x0011 16xs 2d 2i
PASS: 8b, 0x0011 1xv 2d 2i
PASS: 8b, 0x0011 16xv 2d 2i
PASS: 8b, 0x0011 1xs 4d 2i
PASS: 8b, 0x0011 16xs 4d 2i
PASS: 8b, 0x0011 1xv 4d 2i
PASS: 8b, 0x0011 16xv 4d 2i
PASS: 8b, 0x0011 1xs 1d 4i
PASS: 8b, 0x0011 16xs 1d 4i
PASS: 8b, 0x0011 1xv 1d 4i
PASS: 8b, 0x0011 16xv 1d 4i
PASS: 8b, 0x0011 1xs 2d 4i
PASS: 8b, 0x0011 16xs 2d 4i
PASS: 8b, 0x0011 1xv 2d 4i
PASS: 8b, 0x0011 16xv 2d 4i
PASS: 8b, 0x0011 1xs 4d 4i
PASS: 8b, 0x0011 16xs 4d 4i
PASS: 8b, 0x0011 1xv 4d 4i
PASS: 8b, 0x0011 16xv 4d 4i
Timer count-up test: 8b, 0x0012
PASS: 8b, 0x0012 1xs 1d 1i
FAIL: 8b, 0x0012 16xs 1d 1i
16xs 1d 1i: Got 00000C20 vs 00000C10: FAIL
PASS: 8b, 0x0012 1xv 1d 1i
PASS: 8b, 0x0012 16xv 1d 1i
PASS: 8b, 0x0012 1xs 2d 1i
PASS: 8b, 0x0012 16xs 2d 1i
PASS: 8b, 0x0012 1xv 2d 1i
PASS: 8b, 0x0012 16xv 2d 1i
FAIL: 8b, 0x0012 1xs 4d 1i
1xs 4d 1i: Got 0000022A vs 00000229: FAIL
PASS: 8b, 0x0012 16xs 4d 1i
PASS: 8b, 0x0012 1xv 4d 1i
PASS: 8b, 0x0012 16xv 4d 1i
PASS: 8b, 0x0012 1xs 1d 2i
PASS: 8b, 0x0012 16xs 1d 2i
PASS: 8b, 0x0012 1xv 1d 2i
PASS: 8b, 0x0012 16xv 1d 2i
FAIL: 8b, 0x0012 1xs 2d 2i
1xs 2d 2i: Got 0000045C vs 0000045B: FAIL
PASS: 8b, 0x0012 16xs 2d 2i
PASS: 8b, 0x0012 1xv 2d 2i
PASS: 8b, 0x0012 16xv 2d 2i
PASS: 8b, 0x0012 1xs 4d 2i
PASS: 8b, 0x0012 16xs 4d 2i
PASS: 8b, 0x0012 1xv 4d 2i
PASS: 8b, 0x0012 16xv 4d 2i
PASS: 8b, 0x0012 1xs 1d 4i
PASS: 8b, 0x0012 16xs 1d 4i
PASS: 8b, 0x0012 1xv 1d 4i
PASS: 8b, 0x0012 16xv 1d 4i
PASS: 8b, 0x0012 1xs 2d 4i
FAIL: 8b, 0x0012 16xs 2d 4i
16xs 2d 4i: Got 000030B0 vs 000030A0: FAIL
PASS: 8b, 0x0012 1xv 2d 4i
PASS: 8b, 0x0012 16xv 2d 4i
PASS: 8b, 0x0012 1xs 4d 4i
PASS: 8b, 0x0012 16xs 4d 4i
PASS: 8b, 0x0012 1xv 4d 4i
PASS: 8b, 0x0012 16xv 4d 4i
Timer count-up test: 8b, 0x0013
PASS: 8b, 0x0013 1xs 1d 1i
PASS: 8b, 0x0013 16xs 1d 1i
PASS: 8b, 0x0013 1xv 1d 1i
PASS: 8b, 0x0013 16xv 1d 1i
PASS: 8b, 0x0013 1xs 2d 1i
PASS: 8b, 0x0013 16xs 2d 1i
PASS: 8b, 0x0013 1xv 2d 1i
PASS: 8b, 0x0013 16xv 2d 1i
FAIL: 8b, 0x0013 1xs 4d 1i
1xs 4d 1i: Got 0000024A vs 00000249: FAIL
PASS: 8b, 0x0013 16xs 4d 1i
PASS: 8b, 0x0013 1xv 4d 1i
PASS: 8b, 0x0013 16xv 4d 1i
PASS: 8b, 0x0013 1xs 1d 2i
PASS: 8b, 0x0013 16xs 1d 2i
PASS: 8b, 0x0013 1xv 1d 2i
PASS: 8b, 0x0013 16xv 1d 2i
FAIL: 8b, 0x0013 1xs 2d 2i
1xs 2d 2i: Got 0000049C vs 0000049B: FAIL
PASS: 8b, 0x0013 16xs 2d 2i
PASS: 8b, 0x0013 1xv 2d 2i
PASS: 8b, 0x0013 16xv 2d 2i
PASS: 8b, 0x0013 1xs 4d 2i
PASS: 8b, 0x0013 16xs 4d 2i
PASS: 8b, 0x0013 1xv 4d 2i
PASS: 8b, 0x0013 16xv 4d 2i
PASS: 8b, 0x0013 1xs 1d 4i
PASS: 8b, 0x0013 16xs 1d 4i
PASS: 8b, 0x0013 1xv 1d 4i
PASS: 8b, 0x0013 16xv 1d 4i
PASS: 8b, 0x0013 1xs 2d 4i
PASS: 8b, 0x0013 16xs 2d 4i
PASS: 8b, 0x0013 1xv 2d 4i
PASS: 8b, 0x0013 16xv 2d 4i
PASS: 8b, 0x0013 1xs 4d 4i
PASS: 8b, 0x0013 16xs 4d 4i
PASS: 8b, 0x0013 1xv 4d 4i
PASS: 8b, 0x0013 16xv 4d 4i
Timer count-up test: 10b, 0x0010
PASS: 10b, 0x0010 1xs 1d 1i
FAIL: 10b, 0x0010 16xs 1d 1i
16xs 1d 1i: Got 00002C20 vs 00002C10: FAIL
PASS: 10b, 0x0010 1xv 1d 1i
PASS: 10b, 0x0010 16xv 1d 1i
PASS: 10b, 0x0010 1xs 2d 1i
PASS: 10b, 0x0010 16xs 2d 1i
PASS: 10b, 0x0010 1xv 2d 1i
PASS: 10b, 0x0010 16xv 2d 1i
FAIL: 10b, 0x0010 1xs 4d 1i
1xs 4d 1i: Got 000007EA vs 000007E9: FAIL
PASS: 10b, 0x0010 16xs 4d 1i
PASS: 10b, 0x0010 1xv 4d 1i
PASS: 10b, 0x0010 16xv 4d 1i
PASS: 10b, 0x0010 1xs 1d 2i
PASS: 10b, 0x0010 16xs 1d 2i
PASS: 10b, 0x0010 1xv 1d 2i
PASS: 10b, 0x0010 16xv 1d 2i
FAIL: 10b, 0x0010 1xs 2d 2i
1xs 2d 2i: Got 00000FDC vs 00000FDB: FAIL
PASS: 10b, 0x0010 16xs 2d 2i
PASS: 10b, 0x0010 1xv 2d 2i
PASS: 10b, 0x0010 16xv 2d 2i
PASS: 10b, 0x0010 1xs 4d 2i
PASS: 10b, 0x0010 16xs 4d 2i
PASS: 10b, 0x0010 1xv 4d 2i
PASS: 10b, 0x0010 16xv 4d 2i
PASS: 10b, 0x0010 1xs 1d 4i
PASS: 10b, 0x0010 16xs 1d 4i
PASS: 10b, 0x0010 1xv 1d 4i
PASS: 10b, 0x0010 16xv 1d 4i
PASS: 10b, 0x0010 1xs 2d 4i
FAIL: 10b, 0x0010 16xs 2d 4i
16xs 2d 4i: Got 0000B0B0 vs 0000B0A0: FAIL
PASS: 10b, 0x0010 1xv 2d 4i
PASS: 10b, 0x0010 16xv 2d 4i
PASS: 10b, 0x0010 1xs 4d 4i
PASS: 10b, 0x0010 16xs 4d 4i
PASS: 10b, 0x0010 1xv 4d 4i
PASS: 10b, 0x0010 16xv 4d 4i
Timer count-up test: 10b, 0x0011
PASS: 10b, 0x0011 1xs 1d 1i
PASS: 10b, 0x0011 16xs 1d 1i
PASS: 10b, 0x0011 1xv 1d 1i
PASS: 10b, 0x0011 16xv 1d 1i
PASS: 10b, 0x0011 1xs 2d 1i
PASS: 10b, 0x0011 16xs 2d 1i
PASS: 10b, 0x0011 1xv 2d 1i
PASS: 10b, 0x0011 16xv 2d 1i
FAIL: 10b, 0x0011 1xs 4d 1i
1xs 4d 1i: Got 0000086A vs 00000869: FAIL
PASS: 10b, 0x0011 16xs 4d 1i
PASS: 10b, 0x0011 1xv 4d 1i
PASS: 10b, 0x0011 16xv 4d 1i
PASS: 10b, 0x0011 1xs 1d 2i
PASS: 10b, 0x0011 16xs 1d 2i
PASS: 10b, 0x0011 1xv 1d 2i
PASS: 10b, 0x0011 16xv 1d 2i
FAIL: 10b, 0x0011 1xs 2d 2i
1xs 2d 2i: Got 000010DC vs 000010DB: FAIL
PASS: 10b, 0x0011 16xs 2d 2i
PASS: 10b, 0x0011 1xv 2d 2i
PASS: 10b, 0x0011 16xv 2d 2i
PASS: 10b, 0x0011 1xs 4d 2i
PASS: 10b, 0x0011 16xs 4d 2i
PASS: 10b, 0x0011 1xv 4d 2i
PASS: 10b, 0x0011 16xv 4d 2i
PASS: 10b, 0x0011 1xs 1d 4i
PASS: 10b, 0x0011 16xs 1d 4i
PASS: 10b, 0x0011 1xv 1d 4i
PASS: 10b, 0x0011 16xv 1d 4i
PASS: 10b, 0x0011 1xs 2d 4i
PASS: 10b, 0x0011 16xs 2d 4i
PASS: 10b, 0x0011 1xv 2d 4i
PASS: 10b, 0x0011 16xv 2d 4i
PASS: 10b, 0x0011 1xs 4d 4i
PASS: 10b, 0x0011 16xs 4d 4i
PASS: 10b, 0x0011 1xv 4d 4i
PASS: 10b, 0x0011 16xv 4d 4i
Timer count-up test: 10b, 0x0012
PASS: 10b, 0x0012 1xs 1d 1i
FAIL: 10b, 0x0012 16xs 1d 1i
16xs 1d 1i: Got 000031B0 vs 000031A0: FAIL
PASS: 10b, 0x0012 1xv 1d 1i
PASS: 10b, 0x0012 16xv 1d 1i
PASS: 10b, 0x0012 1xs 2d 1i
PASS: 10b, 0x0012 16xs 2d 1i
PASS: 10b, 0x0012 1xv 2d 1i
PASS: 10b, 0x0012 16xv 2d 1i
FAIL: 10b, 0x0012 1xs 4d 1i
1xs 4d 1i: Got 000008EA vs 000008E9: FAIL
PASS: 10b, 0x0012 16xs 4d 1i
PASS: 10b, 0x0012 1xv 4d 1i
PASS: 10b, 0x0012 16xv 4d 1i
PASS: 10b, 0x0012 1xs 1d 2i
PASS: 10b, 0x0012 16xs 1d 2i
PASS: 10b, 0x0012 1xv 1d 2i
PASS: 10b, 0x0012 16xv 1d 2i
FAIL: 10b, 0x0012 1xs 2d 2i
1xs 2d 2i: Got 000011DC vs 000011DB: FAIL
PASS: 10b, 0x0012 16xs 2d 2i
PASS: 10b, 0x0012 1xv 2d 2i
PASS: 10b, 0x0012 16xv 2d 2i
PASS: 10b, 0x0012 1xs 4d 2i
PASS: 10b, 0x0012 16xs 4d 2i
PASS: 10b, 0x0012 1xv 4d 2i
PASS: 10b, 0x0012 16xv 4d 2i
PASS: 10b, 0x0012 1xs 1d 4i
PASS: 10b, 0x0012 16xs 1d 4i
PASS: 10b, 0x0012 1xv 1d 4i
PASS: 10b, 0x0012 16xv 1d 4i
PASS: 10b, 0x0012 1xs 2d 4i
PASS: 10b, 0x0012 16xs 2d 4i
PASS: 10b, 0x0012 1xv 2d 4i
PASS: 10b, 0x0012 16xv 2d 4i
PASS: 10b, 0x0012 1xs 4d 4i
PASS: 10b, 0x0012 16xs 4d 4i
PASS: 10b, 0x0012 1xv 4d 4i
PASS: 10b, 0x0012 16xv 4d 4i
Timer count-up test: 10b, 0x0013
PASS: 10b, 0x0013 1xs 1d 1i
PASS: 10b, 0x0013 16xs 1d 1i
PASS: 10b, 0x0013 1xv 1d 1i
PASS: 10b, 0x0013 16xv 1d 1i
PASS: 10b, 0x0013 1xs 2d 1i
PASS: 10b, 0x0013 16xs 2d 1i
PASS: 10b, 0x0013 1xv 2d 1i
PASS: 10b, 0x0013 16xv 2d 1i
FAIL: 10b, 0x0013 1xs 4d 1i
1xs 4d 1i: Got 0000096A vs 00000969: FAIL
PASS: 10b, 0x0013 16xs 4d 1i
PASS: 10b, 0x0013 1xv 4d 1i
PASS: 10b, 0x0013 16xv 4d 1i
PASS: 10b, 0x0013 1xs 1d 2i
PASS: 10b, 0x0013 16xs 1d 2i
PASS: 10b, 0x0013 1xv 1d 2i
PASS: 10b, 0x0013 16xv 1d 2i
FAIL: 10b, 0x0013 1xs 2d 2i
1xs 2d 2i: Got 000012DC vs 000012DB: FAIL
FAIL: 10b, 0x0013 16xs 2d 2i
16xs 2d 2i: Got 00006900 vs 000068F0: FAIL
PASS: 10b, 0x0013 1xv 2d 2i
PASS: 10b, 0x0013 16xv 2d 2i
PASS: 10b, 0x0013 1xs 4d 2i
PASS: 10b, 0x0013 16xs 4d 2i
PASS: 10b, 0x0013 1xv 4d 2i
PASS: 10b, 0x0013 16xv 4d 2i
PASS: 10b, 0x0013 1xs 1d 4i
PASS: 10b, 0x0013 16xs 1d 4i
PASS: 10b, 0x0013 1xv 1d 4i
PASS: 10b, 0x0013 16xv 1d 4i
PASS: 10b, 0x0013 1xs 2d 4i
PASS: 10b, 0x0013 16xs 2d 4i
PASS: 10b, 0x0013 1xv 2d 4i
PASS: 10b, 0x0013 16xv 2d 4i
PASS: 10b, 0x0013 1xs 4d 4i
PASS: 10b, 0x0013 16xs 4d 4i
PASS: 10b, 0x0013 1xv 4d 4i
PASS: 10b, 0x0013 16xv 4d 4i
[sram]
Game Boy Advance Test Suite
===
Timer count-up test: 0b, 0x0001
Timer count-up test: 0b, 0x0005
1xs 1d 1i: Got 00000002 vs 00000003: FAIL
1xv 1d 1i: Got FFFB vs FFFF: FAIL
16xv 1d 1i: Got FFFE vs FFFD: FAIL
1xs 2d 1i: Got 00000002 vs 00000003: FAIL
1xv 2d 1i: Got FFFB vs FFFF: FAIL
16xv 2d 1i: Got FFFE vs FFFD: FAIL
1xs 4d 1i: Got 00000002 vs 00000003: FAIL
1xv 4d 1i: Got FFFB vs FFFF: FAIL
16xv 4d 1i: Got FFFE vs FFFD: FAIL
1xs 1d 2i: Got 00000002 vs 00000003: FAIL
1xv 1d 2i: Got FFFC vs FFFB: FAIL
16xv 1d 2i: Got FFFF vs FFFE: FAIL
1xs 2d 2i: Got 00000002 vs 00000003: FAIL
1xv 2d 2i: Got FFFC vs FFFB: FAIL
16xv 2d 2i: Got FFFF vs FFFE: FAIL
1xs 4d 2i: Got 00000002 vs 00000003: FAIL
1xv 4d 2i: Got FFFC vs FFFB: FAIL
16xv 4d 2i: Got FFFF vs FFFE: FAIL
1xs 1d 4i: Got 00000002 vs 00000003: FAIL
1xv 1d 4i: Got FFFE vs FFFD: FAIL
16xv 1d 4i: Got FFFC vs FFFB: FAIL
1xs 2d 4i: Got 00000002 vs 00000003: FAIL
1xv 2d 4i: Got FFFE vs FFFD: FAIL
16xv 2d 4i: Got FFFC vs FFFB: FAIL
1xs 4d 4i: Got 00000002 vs 00000003: FAIL
1xv 4d 4i: Got FFFE vs FFFD: FAIL
16xv 4d 4i: Got FFFC vs FFFB: FAIL
Timer count-up test: 0b, 0x000C
16xs 1d 1i: Got 00000010 vs 00000020: FAIL
1xv 1d 1i: Got FFF8 vs FFFC: FAIL
16xv 1d 1i: Got FFF8 vs FFFE: FAIL
16xs 2d 1i: Got 00000010 vs 00000020: FAIL
1xv 2d 1i: Got FFF8 vs FFFC: FAIL
16xv 2d 1i: Got FFF8 vs FFFE: FAIL
16xs 4d 1i: Got 00000010 vs 00000020: FAIL
1xv 4d 1i: Got FFF8 vs FFFC: FAIL
16xv 4d 1i: Got FFF8 vs FFFE: FAIL
16xs 1d 2i: Got 00000010 vs 00000020: FAIL
1xv 1d 2i: Got FFF9 vs FFFD: FAIL
16xv 1d 2i: Got FFF9 vs FFFF: FAIL
16xs 2d 2i: Got 00000010 vs 00000020: FAIL
1xv 2d 2i: Got FFF9 vs FFFD: FAIL
16xv 2d 2i: Got FFF9 vs FFFF: FAIL
16xs 4d 2i: Got 00000010 vs 00000020: FAIL
1xv 4d 2i: Got FFF9 vs FFFD: FAIL
16xv 4d 2i: Got FFF9 vs FFFF: FAIL
16xs 1d 4i: Got 00000010 vs 00000020: FAIL
1xv 1d 4i: Got FFFB vs FFFF: FAIL
16xv 1d 4i: Got FFFB vs FFF5: FAIL
16xs 2d 4i: Got 00000010 vs 00000020: FAIL
1xv 2d 4i: Got FFFB vs FFFF: FAIL
16xv 2d 4i: Got FFFB vs FFF5: FAIL
16xs 4d 4i: Got 00000010 vs 00000020: FAIL
1xv 4d 4i: Got FFFB vs FFFF: FAIL
16xv 4d 4i: Got FFFB vs FFF5: FAIL
Timer count-up test: 0b, 0x000D
1xs 1d 1i: Got 00000003 vs 00000004: FAIL
16xs 1d 1i: Got 00000010 vs 00000020: FAIL
1xv 1d 1i: Got FFFF vs FFF6: FAIL
16xv 1d 1i: Got FFFD vs FFF5: FAIL
1xs 2d 1i: Got 00000003 vs 00000004: FAIL
16xs 2d 1i: Got 00000010 vs 00000020: FAIL
1xv 2d 1i: Got FFFF vs FFF6: FAIL
16xv 2d 1i: Got FFFD vs FFF5: FAIL
1xs 4d 1i: Got 00000003 vs 00000004: FAIL
16xs 4d 1i: Got 00000010 vs 00000020: FAIL
1xv 4d 1i: Got FFFF vs FFF6: FAIL
16xv 4d 1i: Got FFFD vs FFF5: FAIL
1xs 1d 2i: Got 00000003 vs 00000004: FAIL
16xs 1d 2i: Got 00000010 vs 00000020: FAIL
1xv 1d 2i: Got FFF6 vs FFFA: FAIL
16xv 1d 2i: Got FFF4 vs FFF9: FAIL
1xs 2d 2i: Got 00000003 vs 00000004: FAIL
16xs 2d 2i: Got 00000010 vs 00000020: FAIL
1xv 2d 2i: Got FFF6 vs FFFA: FAIL
16xv 2d 2i: Got FFF4 vs FFF9: FAIL
1xs 4d 2i: Got 00000003 vs 00000004: FAIL
16xs 4d 2i: Got 00000010 vs 00000020: FAIL
1xv 4d 2i: Got FFF6 vs FFFA: FAIL
16xv 4d 2i: Got FFF4 vs FFF9: FAIL
1xs 1d 4i: Got 00000003 vs 00000004: FAIL
16xs 1d 4i: Got 00000010 vs 00000020: FAIL
1xv 1d 4i: Got FFFE vs FFF5: FAIL
16xv 1d 4i: Got FFFC vs FFF4: FAIL
1xs 2d 4i: Got 00000003 vs 00000004: FAIL
16xs 2d 4i: Got 00000010 vs 00000020: FAIL
1xv 2d 4i: Got FFFE vs FFF5: FAIL
16xv 2d 4i: Got FFFC vs FFF4: FAIL
1xs 4d 4i: Got 00000003 vs 00000004: FAIL
16xs 4d 4i: Got 00000010 vs 00000020: FAIL
1xv 4d 4i: Got FFFE vs FFF5: FAIL
16xv 4d 4i: Got FFFC vs FFF4: FAIL
Timer count-up test: 0b, 0x0010
1xs 1d 1i: Got 00000003 vs 00000004: FAIL
1xv 1d 1i: Got FFF8 vs FFFC: FAIL
16xv 1d 1i: Got FFFA vs FFFE: FAIL
1xs 2d 1i: Got 00000003 vs 00000004: FAIL
1xv 2d 1i: Got FFF8 vs FFFC: FAIL
16xv 2d 1i: Got FFFA vs FFFE: FAIL
1xs 4d 1i: Got 00000003 vs 00000004: FAIL
1xv 4d 1i: Got FFF8 vs FFFC: FAIL
16xv 4d 1i: Got FFFA vs FFFE: FAIL
1xs 1d 2i: Got 00000003 vs 00000004: FAIL
1xv 1d 2i: Got FFF1 vs FFF5: FAIL
16xv 1d 2i: Got FFF3 vs FFF7: FAIL
1xs 2d 2i: Got 00000003 vs 00000004: FAIL
1xv 2d 2i: Got FFF1 vs FFF5: FAIL
16xv 2d 2i: Got FFF3 vs FFF7: FAIL
1xs 4d 2i: Got 00000003 vs 00000004: FAIL
1xv 4d 2i: Got FFF1 vs FFF5: FAIL
16xv 4d 2i: Got FFF3 vs FFF7: FAIL
1xs 1d 4i: Got 00000003 vs 00000004: FAIL
1xv 1d 4i: Got FFF3 vs FFF7: FAIL
16xv 1d 4i: Got FFF5 vs FFF9: FAIL
1xs 2d 4i: Got 00000003 vs 00000004: FAIL
1xv 2d 4i: Got FFF3 vs FFF7: FAIL
16xv 2d 4i: Got FFF5 vs FFF9: FAIL
1xs 4d 4i: Got 00000003 vs 00000004: FAIL
1xv 4d 4i: Got FFF3 vs FFF7: FAIL
16xv 4d 4i: Got FFF5 vs FFF9: FAIL
Timer count-up test: 0b, 0x0014
1xv 1d 1i: Got FFF4 vs FFF8: FAIL
16xv 1d 1i: Got FFF6 vs FFF8: FAIL
1xv 2d 1i: Got FFF4 vs FFF8: FAIL
16xv 2d 1i: Got FFF6 vs FFF8: FAIL
1xv 4d 1i: Got FFF4 vs FFF8: FAIL
16xv 4d 1i: Got FFF6 vs FFF8: FAIL
1xv 1d 2i: Got FFF5 vs FFF9: FAIL
16xv 1d 2i: Got FFF7 vs FFF9: FAIL
1xv 2d 2i: Got FFF5 vs FFF9: FAIL
16xv 2d 2i: Got FFF7 vs FFF9: FAIL
1xv 4d 2i: Got FFF5 vs FFF9: FAIL
16xv 4d 2i: Got FFF7 vs FFF9: FAIL
1xv 1d 4i: Got FFF7 vs FFFB: FAIL
16xv 1d 4i: Got FFF9 vs FFFB: FAIL
1xv 2d 4i: Got FFF7 vs FFFB: FAIL
16xv 2d 4i: Got FFF9 vs FFFB: FAIL
1xv 4d 4i: Got FFF7 vs FFFB: FAIL
16xv 4d 4i: Got FFF9 vs FFFB: FAIL
Timer count-up test: 0b, 0x0015
1xs 1d 1i: Got 00000004 vs 00000005: FAIL
1xv 1d 1i: Got FFF1 vs FFF5: FAIL
16xv 1d 1i: Got FFF0 vs FFF3: FAIL
1xs 2d 1i: Got 00000004 vs 00000005: FAIL
1xv 2d 1i: Got FFF1 vs FFF5: FAIL
16xv 2d 1i: Got FFF0 vs FFF3: FAIL
1xs 4d 1i: Got 00000004 vs 00000005: FAIL
1xv 4d 1i: Got FFF1 vs FFF5: FAIL
16xv 4d 1i: Got FFF0 vs FFF3: FAIL
1xs 1d 2i: Got 00000004 vs 00000005: FAIL
1xv 1d 2i: Got FFEC vs FFF0: FAIL
16xv 1d 2i: Got FFEB vs FFEE: FAIL
1xs 2d 2i: Got 00000004 vs 00000005: FAIL
1xv 2d 2i: Got FFEC vs FFF0: FAIL
16xv 2d 2i: Got FFEB vs FFEE: FAIL
1xs 4d 2i: Got 00000004 vs 00000005: FAIL
1xv 4d 2i: Got FFEC vs FFF0: FAIL
16xv 4d 2i: Got FFEB vs FFEE: FAIL
1xs 1d 4i: Got 00000004 vs 00000005: FAIL
1xv 1d 4i: Got FFF7 vs FFFB: FAIL
16xv 1d 4i: Got FFF6 vs FFF9: FAIL
1xs 2d 4i: Got 00000004 vs 00000005: FAIL
1xv 2d 4i: Got FFF7 vs FFFB: FAIL
16xv 2d 4i: Got FFF6 vs FFF9: FAIL
1xs 4d 4i: Got 00000004 vs 00000005: FAIL
1xv 4d 4i: Got FFF7 vs FFFB: FAIL
16xv 4d 4i: Got FFF6 vs FFF9: FAIL
Timer count-up test: 0b, 0x0020
1xs 1d 1i: Got 00000005 vs 00000006: FAIL
1xv 1d 1i: Got FFF8 vs FFFC: FAIL
16xv 1d 1i: Got FFF8 vs FFFC: FAIL
1xs 2d 1i: Got 00000005 vs 00000006: FAIL
1xv 2d 1i: Got FFF8 vs FFFC: FAIL
16xv 2d 1i: Got FFF8 vs FFFC: FAIL
1xs 4d 1i: Got 00000005 vs 00000006: FAIL
1xv 4d 1i: Got FFF8 vs FFFC: FAIL
16xv 4d 1i: Got FFF8 vs FFFC: FAIL
1xs 1d 2i: Got 00000005 vs 00000006: FAIL
1xv 1d 2i: Got FFF1 vs FFF5: FAIL
16xv 1d 2i: Got FFF1 vs FFF5: FAIL
1xs 2d 2i: Got 00000005 vs 00000006: FAIL
1xv 2d 2i: Got FFF1 vs FFF5: FAIL
16xv 2d 2i: Got FFF1 vs FFF5: FAIL
1xs 4d 2i: Got 00000005 vs 00000006: FAIL
1xv 4d 2i: Got FFF1 vs FFF5: FAIL
16xv 4d 2i: Got FFF1 vs FFF5: FAIL
1xs 1d 4i: Got 00000005 vs 00000006: FAIL
1xv 1d 4i: Got FFE3 vs FFE7: FAIL
16xv 1d 4i: Got FFE3 vs FFE7: FAIL
1xs 2d 4i: Got 00000005 vs 00000006: FAIL
1xv 2d 4i: Got FFE3 vs FFE7: FAIL
16xv 2d 4i: Got FFE3 vs FFE7: FAIL
1xs 4d 4i: Got 00000005 vs 00000006: FAIL
1xv 4d 4i: Got FFE3 vs FFE7: FAIL
16xv 4d 4i: Got FFE3 vs FFE7: FAIL
Timer count-up test: 0b, 0x0024
16xs 1d 1i: Got 00000020 vs 00000030: FAIL
1xv 1d 1i: Got FFEC vs FFF0: FAIL
16xv 1d 1i: Got FFEC vs FFF1: FAIL
16xs 2d 1i: Got 00000020 vs 00000030: FAIL
1xv 2d 1i: Got FFEC vs FFF0: FAIL
16xv 2d 1i: Got FFEC vs FFF1: FAIL
16xs 4d 1i: Got 00000020 vs 00000030: FAIL
1xv 4d 1i: Got FFEC vs FFF0: FAIL
16xv 4d 1i: Got FFEC vs FFF1: FAIL
16xs 1d 2i: Got 00000020 vs 00000030: FAIL
1xv 1d 2i: Got FFF9 vs FFFD: FAIL
16xv 1d 2i: Got FFF9 vs FFFE: FAIL
16xs 2d 2i: Got 00000020 vs 00000030: FAIL
1xv 2d 2i: Got FFF9 vs FFFD: FAIL
16xv 2d 2i: Got FFF9 vs FFFE: FAIL
16xs 4d 2i: Got 00000020 vs 00000030: FAIL
1xv 4d 2i: Got FFF9 vs FFFD: FAIL
16xv 4d 2i: Got FFF9 vs FFFE: FAIL
16xs 1d 4i: Got 00000020 vs 00000030: FAIL
1xv 1d 4i: Got FFEF vs FFF3: FAIL
16xv 1d 4i: Got FFEF vs FFF4: FAIL
16xs 2d 4i: Got 00000020 vs 00000030: FAIL
1xv 2d 4i: Got FFEF vs FFF3: FAIL
16xv 2d 4i: Got FFEF vs FFF4: FAIL
16xs 4d 4i: Got 00000020 vs 00000030: FAIL
1xv 4d 4i: Got FFEF vs FFF3: FAIL
16xv 4d 4i: Got FFEF vs FFF4: FAIL
Timer count-up test: 0b, 0x0025
1xs 1d 1i: Got 00000006 vs 00000007: FAIL
16xs 1d 1i: Got 00000020 vs 00000030: FAIL
1xv 1d 1i: Got FFEB vs FFEF: FAIL
16xv 1d 1i: Got FFE9 vs FFED: FAIL
1xs 2d 1i: Got 00000006 vs 00000007: FAIL
16xs 2d 1i: Got 00000020 vs 00000030: FAIL
1xv 2d 1i: Got FFEB vs FFEF: FAIL
16xv 2d 1i: Got FFE9 vs FFED: FAIL
1xs 4d 1i: Got 00000006 vs 00000007: FAIL
16xs 4d 1i: Got 00000020 vs 00000030: FAIL
1xv 4d 1i: Got FFEB vs FFEF: FAIL
16xv 4d 1i: Got FFE9 vs FFED: FAIL
1xs 1d 2i: Got 00000006 vs 00000007: FAIL
16xs 1d 2i: Got 00000020 vs 00000030: FAIL
1xv 1d 2i: Got FFF5 vs FFF9: FAIL
16xv 1d 2i: Got FFF3 vs FFF7: FAIL
1xs 2d 2i: Got 00000006 vs 00000007: FAIL
16xs 2d 2i: Got 00000020 vs 00000030: FAIL
1xv 2d 2i: Got FFF5 vs FFF9: FAIL
16xv 2d 2i: Got FFF3 vs FFF7: FAIL
1xs 4d 2i: Got 00000006 vs 00000007: FAIL
16xs 4d 2i: Got 00000020 vs 00000030: FAIL
1xv 4d 2i: Got FFF5 vs FFF9: FAIL
16xv 4d 2i: Got FFF3 vs FFF7: FAIL
1xs 1d 4i: Got 00000006 vs 00000007: FAIL
16xs 1d 4i: Got 00000020 vs 00000030: FAIL
1xv 1d 4i: Got FFE4 vs FFE8: FAIL
16xv 1d 4i: Got FFE2 vs FFE6: FAIL
1xs 2d 4i: Got 00000006 vs 00000007: FAIL
16xs 2d 4i: Got 00000020 vs 00000030: FAIL
1xv 2d 4i: Got FFE4 vs FFE8: FAIL
16xv 2d 4i: Got FFE2 vs FFE6: FAIL
1xs 4d 4i: Got 00000006 vs 00000007: FAIL
16xs 4d 4i: Got 00000020 vs 00000030: FAIL
1xv 4d 4i: Got FFE4 vs FFE8: FAIL
16xv 4d 4i: Got FFE2 vs FFE6: FAIL
Timer count-up test: 0b, 0x0040
1xs 1d 1i: Got 00000009 vs 0000000A: FAIL
1xv 1d 1i: Got FFD8 vs FFDC: FAIL
16xv 1d 1i: Got FFD8 vs FFDC: FAIL
1xs 2d 1i: Got 00000009 vs 0000000A: FAIL
1xv 2d 1i: Got FFD8 vs FFDC: FAIL
16xv 2d 1i: Got FFD8 vs FFDC: FAIL
1xs 4d 1i: Got 00000009 vs 0000000A: FAIL
1xv 4d 1i: Got FFD8 vs FFDC: FAIL
16xv 4d 1i: Got FFD8 vs FFDC: FAIL
1xs 1d 2i: Got 00000009 vs 0000000B: FAIL
1xv 1d 2i: Got FFD1 vs FFDC: FAIL
16xv 1d 2i: Got FFD1 vs FFDC: FAIL
1xs 2d 2i: Got 00000009 vs 0000000B: FAIL
1xv 2d 2i: Got FFD1 vs FFDC: FAIL
16xv 2d 2i: Got FFD1 vs FFDC: FAIL
1xs 4d 2i: Got 00000009 vs 0000000B: FAIL
1xv 4d 2i: Got FFD1 vs FFDC: FAIL
16xv 4d 2i: Got FFD1 vs FFDC: FAIL
1xs 1d 4i: Got 00000009 vs 0000000D: FAIL
16xs 1d 4i: Got 00000040 vs 00000050: FAIL
1xv 1d 4i: Got FFC3 vs FFDE: FAIL
16xv 1d 4i: Got FFC3 vs FFDE: FAIL
1xs 2d 4i: Got 00000009 vs 0000000D: FAIL
16xs 2d 4i: Got 00000040 vs 00000050: FAIL
1xv 2d 4i: Got FFC3 vs FFDE: FAIL
16xv 2d 4i: Got FFC3 vs FFDE: FAIL
1xs 4d 4i: Got 00000009 vs 0000000D: FAIL
16xs 4d 4i: Got 00000040 vs 00000050: FAIL
1xv 4d 4i: Got FFC3 vs FFDE: FAIL
16xv 4d 4i: Got FFC3 vs FFDE: FAIL
Timer count-up test: 0b, 0x0080
1xs 1d 1i: Got 00000011 vs 00000012: FAIL
16xs 1d 1i: Got 00000060 vs 00000070: FAIL
1xv 1d 1i: Got FFD8 vs FFDC: FAIL
16xv 1d 1i: Got FFD8 vs FFDD: FAIL
1xs 2d 1i: Got 00000011 vs 00000012: FAIL
16xs 2d 1i: Got 00000060 vs 00000070: FAIL
1xv 2d 1i: Got FFD8 vs FFDC: FAIL
16xv 2d 1i: Got FFD8 vs FFDD: FAIL
1xs 4d 1i: Got 00000011 vs 00000012: FAIL
16xs 4d 1i: Got 00000060 vs 00000070: FAIL
1xv 4d 1i: Got FFD8 vs FFDC: FAIL
16xv 4d 1i: Got FFD8 vs FFDD: FAIL
1xs 1d 2i: Got 00000012 vs 00000013: FAIL
1xv 1d 2i: Got FFD8 vs FFDC: FAIL
16xv 1d 2i: Got FFDA vs FFDC: FAIL
1xs 2d 2i: Got 00000012 vs 00000013: FAIL
1xv 2d 2i: Got FFD8 vs FFDC: FAIL
16xv 2d 2i: Got FFDA vs FFDC: FAIL
1xs 4d 2i: Got 00000012 vs 00000013: FAIL
1xv 4d 2i: Got FFD8 vs FFDC: FAIL
16xv 4d 2i: Got FFDA vs FFDC: FAIL
1xs 1d 4i: Got 00000014 vs 00000015: FAIL
1xv 1d 4i: Got FFDA vs FFDE: FAIL
16xv 1d 4i: Got FFD8 vs FFDC: FAIL
1xs 2d 4i: Got 00000014 vs 00000015: FAIL
1xv 2d 4i: Got FFDA vs FFDE: FAIL
16xv 2d 4i: Got FFD8 vs FFDC: FAIL
1xs 4d 4i: Got 00000014 vs 00000015: FAIL
1xv 4d 4i: Got FFDA vs FFDE: FAIL
16xv 4d 4i: Got FFD8 vs FFDC: FAIL
Timer count-up test: 0b, 0x0800
1xs 1d 1i: Got 00000101 vs 00000102: FAIL
1xv 1d 1i: Got F858 vs F85C: FAIL
16xv 1d 1i: Got F858 vs F85C: FAIL
1xs 2d 1i: Got 00000101 vs 00000102: FAIL
1xv 2d 1i: Got F858 vs F85C: FAIL
16xv 2d 1i: Got F858 vs F85C: FAIL
1xs 4d 1i: Got 00000101 vs 00000102: FAIL
1xv 4d 1i: Got F858 vs F85C: FAIL
16xv 4d 1i: Got F858 vs F85C: FAIL
1xs 1d 2i: Got 000001F2 vs 000001F3: FAIL
1xv 1d 2i: Got F858 vs F85C: FAIL
16xv 1d 2i: Got F858 vs F85C: FAIL
1xs 2d 2i: Got 000001F2 vs 000001F3: FAIL
1xv 2d 2i: Got F858 vs F85C: FAIL
16xv 2d 2i: Got F858 vs F85C: FAIL
1xs 4d 2i: Got 000001F2 vs 000001F3: FAIL
1xv 4d 2i: Got F858 vs F85C: FAIL
16xv 4d 2i: Got F858 vs F85C: FAIL
1xs 1d 4i: Got 000003D4 vs 000003D5: FAIL
1xv 1d 4i: Got F85A vs F85E: FAIL
16xv 1d 4i: Got F858 vs F85C: FAIL
1xs 2d 4i: Got 000003D4 vs 000003D5: FAIL
1xv 2d 4i: Got F85A vs F85E: FAIL
16xv 2d 4i: Got F858 vs F85C: FAIL
1xs 4d 4i: Got 000003D4 vs 000003D5: FAIL
1xv 4d 4i: Got F85A vs F85E: FAIL
16xv 4d 4i: Got F858 vs F85C: FAIL
Timer count-up test: 0b, 0x8000
1xs 1d 1i: Got 00001001 vs 00001002: FAIL
1xv 1d 1i: Got 8058 vs 805C: FAIL
16xv 1d 1i: Got 805A vs 805E: FAIL
1xs 2d 1i: Got 00001001 vs 00001002: FAIL
1xv 2d 1i: Got 8058 vs 805C: FAIL
16xv 2d 1i: Got 805A vs 805E: FAIL
1xs 4d 1i: Got 00001001 vs 00001002: FAIL
1xv 4d 1i: Got 8058 vs 805C: FAIL
16xv 4d 1i: Got 805A vs 805E: FAIL
1xs 1d 2i: Got 00001FF2 vs 00001FF3: FAIL
1xv 1d 2i: Got 8058 vs 805C: FAIL
16xv 1d 2i: Got 8058 vs 805C: FAIL
1xs 2d 2i: Got 00001FF2 vs 00001FF3: FAIL
1xv 2d 2i: Got 8058 vs 805C: FAIL
16xv 2d 2i: Got 8058 vs 805C: FAIL
1xs 4d 2i: Got 00001FF2 vs 00001FF3: FAIL
1xv 4d 2i: Got 8058 vs 805C: FAIL
16xv 4d 2i: Got 8058 vs 805C: FAIL
1xs 1d 4i: Got 00003FD4 vs 00003FD5: FAIL
1xv 1d 4i: Got 805A vs 805E: FAIL
16xv 1d 4i: Got 8058 vs 805C: FAIL
1xs 2d 4i: Got 00003FD4 vs 00003FD5: FAIL
1xv 2d 4i: Got 805A vs 805E: FAIL
16xv 2d 4i: Got 8058 vs 805C: FAIL
1xs 4d 4i: Got 00003FD4 vs 00003FD5: FAIL
1xv 4d 4i: Got 805A vs 805E: FAIL
16xv 4d 4i: Got 8058 vs 805C: FAIL
Timer count-up test: 6b, 0x0010
1xs 4d 1i: Got 0000007A vs 00000081: FAIL
16xs 4d 1i: Got 000002B0 vs 000002D0: FAIL
16xs 1d 2i: Got 00000530 vs 00000520: FAIL
1xs 2d 2i: Got 000000EC vs 000000EB: FAIL
1xs 4d 2i: Got 000000EA vs 000000F2: FAIL
16xs 4d 2i: Got 00000520 vs 00000550: FAIL
1xs 4d 4i: Got 000001CC vs 000001D4: FAIL
16xs 4d 4i: Got 00000A00 vs 00000A30: FAIL
Timer count-up test: 6b, 0x0011
1xs 4d 1i: Got 00000082 vs 00000089: FAIL
16xs 4d 1i: Got 000002D0 vs 00000300: FAIL
1xs 2d 2i: Got 000000FC vs 000000FB: FAIL
1xs 4d 2i: Got 000000FA vs 00000102: FAIL
16xs 4d 2i: Got 00000570 vs 000005A0: FAIL
1xs 4d 4i: Got 000001EC vs 000001F4: FAIL
16xs 4d 4i: Got 00000AC0 vs 00000AE0: FAIL
Timer count-up test: 6b, 0x0012
1xs 4d 1i: Got 0000008A vs 00000091: FAIL
16xs 4d 1i: Got 00000300 vs 00000330: FAIL
1xs 2d 2i: Got 0000010C vs 0000010B: FAIL
1xs 4d 2i: Got 0000010A vs 00000112: FAIL
16xs 4d 2i: Got 000005D0 vs 00000600: FAIL
1xs 4d 4i: Got 0000020C vs 00000214: FAIL
16xs 4d 4i: Got 00000B70 vs 00000B90: FAIL
Timer count-up test: 6b, 0x0013
1xs 4d 1i: Got 00000092 vs 00000099: FAIL
16xs 4d 1i: Got 00000330 vs 00000360: FAIL
1xs 2d 2i: Got 0000011C vs 0000011B: FAIL
1xs 4d 2i: Got 0000011A vs 00000122: FAIL
16xs 4d 2i: Got 00000630 vs 00000650: FAIL
1xs 4d 4i: Got 0000022C vs 00000234: FAIL
16xs 4d 4i: Got 00000C20 vs 00000C40: FAIL
Timer count-up test: 8b, 0x0010
1xs 4d 1i: Got 000001EA vs 000001E9: FAIL
1xs 2d 2i: Got 000003DC vs 000003DB: FAIL
16xs 2d 4i: Got 00002B20 vs 00002B10: FAIL
Timer count-up test: 8b, 0x0011
1xs 4d 1i: Got 0000020A vs 00000209: FAIL
1xs 2d 2i: Got 0000041C vs 0000041B: FAIL
Timer count-up test: 8b, 0x0012
16xs 1d 1i: Got 00000C20 vs 00000C10: FAIL
1xs 4d 1i: Got 0000022A vs 00000229: FAIL
1xs 2d 2i: Got 0000045C vs 0000045B: FAIL
16xs 2d 4i: Got 000030B0 vs 000030A0: FAIL
Timer count-up test: 8b, 0x0013
1xs 4d 1i: Got 0000024A vs 00000249: FAIL
1xs 2d 2i: Got 0000049C vs 0000049B: FAIL
Timer count-up test: 10b, 0x0010
16xs 1d 1i: Got 00002C20 vs 00002C10: FAIL
1xs 4d 1i: Got 000007EA vs 000007E9: FAIL
1xs 2d 2i: Got 00000FDC vs 00000FDB: FAIL
16xs 2d 4i: Got 0000B0B0 vs 0000B0A0: FAIL
Timer count-up test: 10b, 0x0011
1xs 4d 1i: Got 0000086A vs 00000869: FAIL
1xs 2d 2i: Got 000010DC vs 000010DB: FAIL
Timer count-up test: 10b, 0x0012
16xs 1d 1i: Got 000031B0 vs 000031A0: FAIL
1xs 4d 1i: Got 000008EA vs 000008E9: FAIL
1xs 2d 2i: Got 000011DC vs 000011DB: FAIL
Timer count-up test: 10b, 0x0013
1xs 4d 1i: Got 0000096A vs 00000969: FAIL
1xs 2d 2i: Got 000012DC vs 000012DB: FAIL
16xs 2d 2i: Got 00006900 vs 000068F0: FAIL
[score] Timer count-up: 518/936 FAIL

=== Summary ===
Suites: 0/1 passed  Tests: 518/936 passed
