=== GBA Test Suite Runner ===
ROM:  tests/assets/roms/suite.gba
BIOS: tests/assets/roms/gba_bios.bin
Booting...
After 60 frames: PC=0x00000348 CPSR=0x6000005F halted=1 cycle=16769984
[DBG] Game Boy Advance Test Suite
===
[DBG] BEGIN: DMA tests
[DBG] DMA test: 0 Imm H =IWRAM/=IWRAM
[DBG] PASS: 0 Imm H =IWRAM/=IWRAM 3
[DBG] DMA test: 1 Imm H =IWRAM/=IWRAM
[DBG] PASS: 1 Imm H =IWRAM/=IWRAM 3
[DBG] DMA test: 2 Imm H =IWRAM/=IWRAM
[DBG] PASS: 2 Imm H =IWRAM/=IWRAM 3
[DBG] DMA test: 3 Imm H =IWRAM/=IWRAM
[DBG] PASS: 3 Imm H =IWRAM/=IWRAM 3
[DBG] DMA test: 0 Imm H =IWRAM/=EWRAM
[DBG] PASS: 0 Imm H =IWRAM/=EWRAM 3
[DBG] PASS: 0 Imm H =IWRAM/=EWRAM Old 3
[DBG] DMA test: 1 Imm H =IWRAM/=EWRAM
[DBG] PASS: 1 Imm H =IWRAM/=EWRAM 3
[DBG] PASS: 1 Imm H =IWRAM/=EWRAM Old 3
[DBG] DMA test: 2 Imm H =IWRAM/=EWRAM
[DBG] PASS: 2 Imm H =IWRAM/=EWRAM 3
[DBG] PASS: 2 Imm H =IWRAM/=EWRAM Old 3
[DBG] DMA test: 3 Imm H =IWRAM/=EWRAM
[DBG] PASS: 3 Imm H =IWRAM/=EWRAM 3
[DBG] PASS: 3 Imm H =IWRAM/=EWRAM Old 3
[DBG] DMA test: 0 Imm H =IWRAM/=ROM
[DBG] PASS: 0 Imm H =IWRAM/=ROM 3
[DBG] PASS: 0 Imm H =IWRAM/=ROM Old 3
[DBG] DMA test: 1 Imm H =IWRAM/=ROM
[DBG] PASS: 1 Imm H =IWRAM/=ROM 3
[DBG] PASS: 1 Imm H =IWRAM/=ROM Old 3
[DBG] DMA test: 2 Imm H =IWRAM/=ROM
[DBG] PASS: 2 Imm H =IWRAM/=ROM 3
[DBG] PASS: 2 Imm H =IWRAM/=ROM Old 3
[DBG] DMA test: 3 Imm H =IWRAM/=ROM
[DBG] PASS: 3 Imm H =IWRAM/=ROM 3
[DBG] PASS: 3 Imm H =IWRAM/=ROM Old 3
[DBG] DMA test: 0 Imm H =EWRAM/=IWRAM
[DBG] PASS: 0 Imm H =EWRAM/=IWRAM 3
[DBG] DMA test: 1 Imm H =EWRAM/=IWRAM
[DBG] PASS: 1 Imm H =EWRAM/=IWRAM 3
[DBG] DMA test: 2 Imm H =EWRAM/=IWRAM
[DBG] PASS: 2 Imm H =EWRAM/=IWRAM 3
[DBG] DMA test: 3 Imm H =EWRAM/=IWRAM
[DBG] PASS: 3 Imm H =EWRAM/=IWRAM 3
[DBG] DMA test: 0 Imm H =EWRAM/=EWRAM
[DBG] PASS: 0 Imm H =EWRAM/=EWRAM 3
[DBG] PASS: 0 Imm H =EWRAM/=EWRAM Old 3
[DBG] DMA test: 1 Imm H =EWRAM/=EWRAM
[DBG] PASS: 1 Imm H =EWRAM/=EWRAM 3
[DBG] PASS: 1 Imm H =EWRAM/=EWRAM Old 3
[DBG] DMA test: 2 Imm H =EWRAM/=EWRAM
[DBG] PASS: 2 Imm H =EWRAM/=EWRAM 3
[DBG] PASS: 2 Imm H =EWRAM/=EWRAM Old 3
[DBG] DMA test: 3 Imm H =EWRAM/=EWRAM
[DBG] PASS: 3 Imm H =EWRAM/=EWRAM 3
[DBG] PASS: 3 Imm H =EWRAM/=EWRAM Old 3
[DBG] DMA test: 0 Imm H =EWRAM/=ROM
[DBG] PASS: 0 Imm H =EWRAM/=ROM 3
[DBG] PASS: 0 Imm H =EWRAM/=ROM Old 3
[DBG] DMA test: 1 Imm H =EWRAM/=ROM
[DBG] PASS: 1 Imm H =EWRAM/=ROM 3
[DBG] PASS: 1 Imm H =EWRAM/=ROM Old 3
[DBG] DMA test: 2 Imm H =EWRAM/=ROM
[DBG] PASS: 2 Imm H =EWRAM/=ROM 3
[DBG] PASS: 2 Imm H =EWRAM/=ROM Old 3
[DBG] DMA test: 3 Imm H =EWRAM/=ROM
[DBG] PASS: 3 Imm H =EWRAM/=ROM 3
[DBG] PASS: 3 Imm H =EWRAM/=ROM Old 3
[DBG] DMA test: 0 Imm H =ROM/=IWRAM
[DBG] PASS: 0 Imm H =ROM/=IWRAM 3
[DBG] DMA test: 1 Imm H =ROM/=IWRAM
[DBG] PASS: 1 Imm H =ROM/=IWRAM 3
[DBG] DMA test: 2 Imm H =ROM/=IWRAM
[DBG] PASS: 2 Imm H =ROM/=IWRAM 3
[DBG] DMA test: 3 Imm H =ROM/=IWRAM
[DBG] PASS: 3 Imm H =ROM/=IWRAM 3
[DBG] DMA test: 0 Imm H =ROM/=EWRAM
[DBG] PASS: 0 Imm H =ROM/=EWRAM 3
[DBG] PASS: 0 Imm H =ROM/=EWRAM Old 3
[DBG] DMA test: 1 Imm H =ROM/=EWRAM
[DBG] PASS: 1 Imm H =ROM/=EWRAM 3
[DBG] PASS: 1 Imm H =ROM/=EWRAM Old 3
[DBG] DMA test: 2 Imm H =ROM/=EWRAM
[DBG] PASS: 2 Imm H =ROM/=EWRAM 3
[DBG] PASS: 2 Imm H =ROM/=EWRAM Old 3
[DBG] DMA test: 3 Imm H =ROM/=EWRAM
[DBG] PASS: 3 Imm H =ROM/=EWRAM 3
[DBG] PASS: 3 Imm H =ROM/=EWRAM Old 3
[DBG] DMA test: 0 Imm H =ROM/=ROM
[DBG] PASS: 0 Imm H =ROM/=ROM 3
[DBG] PASS: 0 Imm H =ROM/=ROM Old 3
[DBG] DMA test: 1 Imm H =ROM/=ROM
[DBG] PASS: 1 Imm H =ROM/=ROM 3
[DBG] PASS: 1 Imm H =ROM/=ROM Old 3
[DBG] DMA test: 2 Imm H =ROM/=ROM
[DBG] PASS: 2 Imm H =ROM/=ROM 3
[DBG] PASS: 2 Imm H =ROM/=ROM Old 3
[DBG] DMA test: 3 Imm H =ROM/=ROM
[DBG] PASS: 3 Imm H =ROM/=ROM 3
[DBG] PASS: 3 Imm H =ROM/=ROM Old 3
[DBG] DMA test: 0 Imm H =BIOS/=IWRAM
[DBG] PASS: 0 Imm H =BIOS/=IWRAM 3
[DBG] DMA test: 1 Imm H =BIOS/=IWRAM
[DBG] PASS: 1 Imm H =BIOS/=IWRAM 3
[DBG] DMA test: 2 Imm H =BIOS/=IWRAM
[DBG] PASS: 2 Imm H =BIOS/=IWRAM 3
[DBG] DMA test: 3 Imm H =BIOS/=IWRAM
[DBG] PASS: 3 Imm H =BIOS/=IWRAM 3
[DBG] DMA test: 0 Imm H =BIOS/=EWRAM
[DBG] PASS: 0 Imm H =BIOS/=EWRAM 3
[DBG] PASS: 0 Imm H =BIOS/=EWRAM Old 3
[DBG] DMA test: 1 Imm H =BIOS/=EWRAM
[DBG] PASS: 1 Imm H =BIOS/=EWRAM 3
[DBG] PASS: 1 Imm H =BIOS/=EWRAM Old 3
[DBG] DMA test: 2 Imm H =BIOS/=EWRAM
[DBG] PASS: 2 Imm H =BIOS/=EWRAM 3
[DBG] PASS: 2 Imm H =BIOS/=EWRAM Old 3
[DBG] DMA test: 3 Imm H =BIOS/=EWRAM
[DBG] PASS: 3 Imm H =BIOS/=EWRAM 3
[DBG] PASS: 3 Imm H =BIOS/=EWRAM Old 3
[DBG] DMA test: 0 Imm H =BIOS/=ROM
[DBG] PASS: 0 Imm H =BIOS/=ROM 3
[DBG] PASS: 0 Imm H =BIOS/=ROM Old 3
[DBG] DMA test: 1 Imm H =BIOS/=ROM
[DBG] PASS: 1 Imm H =BIOS/=ROM 3
[DBG] PASS: 1 Imm H =BIOS/=ROM Old 3
[DBG] DMA test: 2 Imm H =BIOS/=ROM
[DBG] PASS: 2 Imm H =BIOS/=ROM 3
[DBG] PASS: 2 Imm H =BIOS/=ROM Old 3
[DBG] DMA test: 3 Imm H =BIOS/=ROM
[DBG] PASS: 3 Imm H =BIOS/=ROM 3
[DBG] PASS: 3 Imm H =BIOS/=ROM Old 3
[DBG] DMA test: 0 Imm H =SRAM/=IWRAM
[DBG] PASS: 0 Imm H =SRAM/=IWRAM 3
[DBG] DMA test: 1 Imm H =SRAM/=IWRAM
[DBG] PASS: 1 Imm H =SRAM/=IWRAM 3
[DBG] DMA test: 2 Imm H =SRAM/=IWRAM
[DBG] PASS: 2 Imm H =SRAM/=IWRAM 3
[DBG] DMA test: 3 Imm H =SRAM/=IWRAM
[DBG] PASS: 3 Imm H =SRAM/=IWRAM 3
[DBG] DMA test: 0 Imm H =SRAM/=EWRAM
[DBG] PASS: 0 Imm H =SRAM/=EWRAM 3
[DBG] PASS: 0 Imm H =SRAM/=EWRAM Old 3
[DBG] DMA test: 1 Imm H =SRAM/=EWRAM
[DBG] PASS: 1 Imm H =SRAM/=EWRAM 3
[DBG] PASS: 1 Imm H =SRAM/=EWRAM Old 3
[DBG] DMA test: 2 Imm H =SRAM/=EWRAM
[DBG] PASS: 2 Imm H =SRAM/=EWRAM 3
[DBG] PASS: 2 Imm H =SRAM/=EWRAM Old 3
[DBG] DMA test: 3 Imm H =SRAM/=EWRAM
[DBG] PASS: 3 Imm H =SRAM/=EWRAM 3
[DBG] PASS: 3 Imm H =SRAM/=EWRAM Old 3
[DBG] DMA test: 0 Imm H =SRAM/=ROM
[DBG] PASS: 0 Imm H =SRAM/=ROM 3
[DBG] PASS: 0 Imm H =SRAM/=ROM Old 3
[DBG] DMA test: 1 Imm H =SRAM/=ROM
[DBG] PASS: 1 Imm H =SRAM/=ROM 3
[DBG] PASS: 1 Imm H =SRAM/=ROM Old 3
[DBG] DMA test: 2 Imm H =SRAM/=ROM
[DBG] PASS: 2 Imm H =SRAM/=ROM 3
[DBG] PASS: 2 Imm H =SRAM/=ROM Old 3
[DBG] DMA test: 0 Imm W =IWRAM/=IWRAM
[DBG] PASS: 0 Imm W =IWRAM/=IWRAM 3
[DBG] DMA test: 1 Imm W =IWRAM/=IWRAM
[DBG] PASS: 1 Imm W =IWRAM/=IWRAM 3
[DBG] DMA test: 2 Imm W =IWRAM/=IWRAM
[DBG] PASS: 2 Imm W =IWRAM/=IWRAM 3
[DBG] DMA test: 3 Imm W =IWRAM/=IWRAM
[DBG] PASS: 3 Imm W =IWRAM/=IWRAM 3
[DBG] DMA test: 0 Imm W =IWRAM/=EWRAM
[DBG] PASS: 0 Imm W =IWRAM/=EWRAM 3
[DBG] PASS: 0 Imm W =IWRAM/=EWRAM Old 3
[DBG] DMA test: 1 Imm W =IWRAM/=EWRAM
[DBG] PASS: 1 Imm W =IWRAM/=EWRAM 3
[DBG] PASS: 1 Imm W =IWRAM/=EWRAM Old 3
[DBG] DMA test: 2 Imm W =IWRAM/=EWRAM
[DBG] PASS: 2 Imm W =IWRAM/=EWRAM 3
[DBG] PASS: 2 Imm W =IWRAM/=EWRAM Old 3
[DBG] DMA test: 3 Imm W =IWRAM/=EWRAM
[DBG] PASS: 3 Imm W =IWRAM/=EWRAM 3
[DBG] PASS: 3 Imm W =IWRAM/=EWRAM Old 3
[DBG] DMA test: 0 Imm W =IWRAM/=ROM
[DBG] PASS: 0 Imm W =IWRAM/=ROM 3
[DBG] PASS: 0 Imm W =IWRAM/=ROM Old 3
[DBG] DMA test: 1 Imm W =IWRAM/=ROM
[DBG] PASS: 1 Imm W =IWRAM/=ROM 3
[DBG] PASS: 1 Imm W =IWRAM/=ROM Old 3
[DBG] DMA test: 2 Imm W =IWRAM/=ROM
[DBG] PASS: 2 Imm W =IWRAM/=ROM 3
[DBG] PASS: 2 Imm W =IWRAM/=ROM Old 3
[DBG] DMA test: 3 Imm W =IWRAM/=ROM
[DBG] PASS: 3 Imm W =IWRAM/=ROM 3
[DBG] PASS: 3 Imm W =IWRAM/=ROM Old 3
[DBG] DMA test: 0 Imm W =EWRAM/=IWRAM
[DBG] PASS: 0 Imm W =EWRAM/=IWRAM 3
[DBG] DMA test: 1 Imm W =EWRAM/=IWRAM
[DBG] PASS: 1 Imm W =EWRAM/=IWRAM 3
[DBG] DMA test: 2 Imm W =EWRAM/=IWRAM
[DBG] PASS: 2 Imm W =EWRAM/=IWRAM 3
[DBG] DMA test: 3 Imm W =EWRAM/=IWRAM
[DBG] PASS: 3 Imm W =EWRAM/=IWRAM 3
[DBG] DMA test: 0 Imm W =EWRAM/=EWRAM
[DBG] PASS: 0 Imm W =EWRAM/=EWRAM 3
[DBG] PASS: 0 Imm W =EWRAM/=EWRAM Old 3
[DBG] DMA test: 1 Imm W =EWRAM/=EWRAM
[DBG] PASS: 1 Imm W =EWRAM/=EWRAM 3
[DBG] PASS: 1 Imm W =EWRAM/=EWRAM Old 3
[DBG] DMA test: 2 Imm W =EWRAM/=EWRAM
[DBG] PASS: 2 Imm W =EWRAM/=EWRAM 3
[DBG] PASS: 2 Imm W =EWRAM/=EWRAM Old 3
[DBG] DMA test: 3 Imm W =EWRAM/=EWRAM
[DBG] PASS: 3 Imm W =EWRAM/=EWRAM 3
[DBG] PASS: 3 Imm W =EWRAM/=EWRAM Old 3
[DBG] DMA test: 0 Imm W =EWRAM/=ROM
[DBG] PASS: 0 Imm W =EWRAM/=ROM 3
[DBG] PASS: 0 Imm W =EWRAM/=ROM Old 3
[DBG] DMA test: 1 Imm W =EWRAM/=ROM
[DBG] PASS: 1 Imm W =EWRAM/=ROM 3
[DBG] PASS: 1 Imm W =EWRAM/=ROM Old 3
[DBG] DMA test: 2 Imm W =EWRAM/=ROM
[DBG] PASS: 2 Imm W =EWRAM/=ROM 3
[DBG] PASS: 2 Imm W =EWRAM/=ROM Old 3
[DBG] DMA test: 3 Imm W =EWRAM/=ROM
[DBG] PASS: 3 Imm W =EWRAM/=ROM 3
[DBG] PASS: 3 Imm W =EWRAM/=ROM Old 3
[DBG] DMA test: 0 Imm W =ROM/=IWRAM
[DBG] PASS: 0 Imm W =ROM/=IWRAM 3
[DBG] DMA test: 1 Imm W =ROM/=IWRAM
[DBG] PASS: 1 Imm W =ROM/=IWRAM 3
[DBG] DMA test: 2 Imm W =ROM/=IWRAM
[DBG] PASS: 2 Imm W =ROM/=IWRAM 3
[DBG] DMA test: 3 Imm W =ROM/=IWRAM
[DBG] PASS: 3 Imm W =ROM/=IWRAM 3
[DBG] DMA test: 0 Imm W =ROM/=EWRAM
[DBG] PASS: 0 Imm W =ROM/=EWRAM 3
[DBG] PASS: 0 Imm W =ROM/=EWRAM Old 3
[DBG] DMA test: 1 Imm W =ROM/=EWRAM
[DBG] PASS: 1 Imm W =ROM/=EWRAM 3
[DBG] PASS: 1 Imm W =ROM/=EWRAM Old 3
[DBG] DMA test: 2 Imm W =ROM/=EWRAM
[DBG] PASS: 2 Imm W =ROM/=EWRAM 3
[DBG] PASS: 2 Imm W =ROM/=EWRAM Old 3
[DBG] DMA test: 3 Imm W =ROM/=EWRAM
[DBG] PASS: 3 Imm W =ROM/=EWRAM 3
[DBG] PASS: 3 Imm W =ROM/=EWRAM Old 3
[DBG] DMA test: 0 Imm W =ROM/=ROM
[DBG] PASS: 0 Imm W =ROM/=ROM 3
[DBG] PASS: 0 Imm W =ROM/=ROM Old 3
[DBG] DMA test: 1 Imm W =ROM/=ROM
[DBG] PASS: 1 Imm W =ROM/=ROM 3
[DBG] PASS: 1 Imm W =ROM/=ROM Old 3
[DBG] DMA test: 2 Imm W =ROM/=ROM
[DBG] PASS: 2 Imm W =ROM/=ROM 3
[DBG] PASS: 2 Imm W =ROM/=ROM Old 3
[DBG] DMA test: 3 Imm W =ROM/=ROM
[DBG] PASS: 3 Imm W =ROM/=ROM 3
[DBG] PASS: 3 Imm W =ROM/=ROM Old 3
[DBG] DMA test: 0 Imm W =BIOS/=IWRAM
[DBG] PASS: 0 Imm W =BIOS/=IWRAM 3
[DBG] DMA test: 1 Imm W =BIOS/=IWRAM
[DBG] PASS: 1 Imm W =BIOS/=IWRAM 3
[DBG] DMA test: 2 Imm W =BIOS/=IWRAM
[DBG] PASS: 2 Imm W =BIOS/=IWRAM 3
[DBG] DMA test: 3 Imm W =BIOS/=IWRAM
[DBG] PASS: 3 Imm W =BIOS/=IWRAM 3
[DBG] DMA test: 0 Imm W =BIOS/=EWRAM
[DBG] PASS: 0 Imm W =BIOS/=EWRAM 3
[DBG] PASS: 0 Imm W =BIOS/=EWRAM Old 3
[DBG] DMA test: 1 Imm W =BIOS/=EWRAM
[DBG] PASS: 1 Imm W =BIOS/=EWRAM 3
[DBG] PASS: 1 Imm W =BIOS/=EWRAM Old 3
[DBG] DMA test: 2 Imm W =BIOS/=EWRAM
[DBG] PASS: 2 Imm W =BIOS/=EWRAM 3
[DBG] PASS: 2 Imm W =BIOS/=EWRAM Old 3
[DBG] DMA test: 3 Imm W =BIOS/=EWRAM
[DBG] PASS: 3 Imm W =BIOS/=EWRAM 3
[DBG] PASS: 3 Imm W =BIOS/=EWRAM Old 3
[DBG] DMA test: 0 Imm W =BIOS/=ROM
[DBG] PASS: 0 Imm W =BIOS/=ROM 3
[DBG] PASS: 0 Imm W =BIOS/=ROM Old 3
[DBG] DMA test: 1 Imm W =BIOS/=ROM
[DBG] PASS: 1 Imm W =BIOS/=ROM 3
[DBG] PASS: 1 Imm W =BIOS/=ROM Old 3
[DBG] DMA test: 2 Imm W =BIOS/=ROM
[DBG] PASS: 2 Imm W =BIOS/=ROM 3
[DBG] PASS: 2 Imm W =BIOS/=ROM Old 3
[DBG] DMA test: 3 Imm W =BIOS/=ROM
[DBG] PASS: 3 Imm W =BIOS/=ROM 3
[DBG] PASS: 3 Imm W =BIOS/=ROM Old 3
[DBG] DMA test: 0 Imm W =SRAM/=IWRAM
[DBG] PASS: 0 Imm W =SRAM/=IWRAM 3
[DBG] DMA test: 1 Imm W =SRAM/=IWRAM
[DBG] PASS: 1 Imm W =SRAM/=IWRAM 3
[DBG] DMA test: 2 Imm W =SRAM/=IWRAM
[DBG] PASS: 2 Imm W =SRAM/=IWRAM 3
[DBG] DMA test: 3 Imm W =SRAM/=IWRAM
[DBG] PASS: 3 Imm W =SRAM/=IWRAM 3
[DBG] DMA test: 0 Imm W =SRAM/=EWRAM
[DBG] PASS: 0 Imm W =SRAM/=EWRAM 3
[DBG] PASS: 0 Imm W =SRAM/=EWRAM Old 3
[DBG] DMA test: 1 Imm W =SRAM/=EWRAM
[DBG] PASS: 1 Imm W =SRAM/=EWRAM 3
[DBG] PASS: 1 Imm W =SRAM/=EWRAM Old 3
[DBG] DMA test: 2 Imm W =SRAM/=EWRAM
[DBG] PASS: 2 Imm W =SRAM/=EWRAM 3
[DBG] PASS: 2 Imm W =SRAM/=EWRAM Old 3
[DBG] DMA test: 3 Imm W =SRAM/=EWRAM
[DBG] PASS: 3 Imm W =SRAM/=EWRAM 3
[DBG] PASS: 3 Imm W =SRAM/=EWRAM Old 3
[DBG] DMA test: 0 Imm W =SRAM/=ROM
[DBG] PASS: 0 Imm W =SRAM/=ROM 3
[DBG] PASS: 0 Imm W =SRAM/=ROM Old 3
[DBG] DMA test: 1 Imm W =SRAM/=ROM
[DBG] PASS: 1 Imm W =SRAM/=ROM 3
[DBG] PASS: 1 Imm W =SRAM/=ROM Old 3
[DBG] DMA test: 2 Imm W =SRAM/=ROM
[DBG] PASS: 2 Imm W =SRAM/=ROM 3
[DBG] PASS: 2 Imm W =SRAM/=ROM Old 3
[DBG] DMA test: 0 Imm H +IWRAM/=IWRAM
[DBG] PASS: 0 Imm H +IWRAM/=IWRAM 3
[DBG] DMA test: 1 Imm H +IWRAM/=IWRAM
[DBG] PASS: 1 Imm H +IWRAM/=IWRAM 3
[DBG] DMA test: 2 Imm H +IWRAM/=IWRAM
[DBG] PASS: 2 Imm H +IWRAM/=IWRAM 3
[DBG] DMA test: 3 Imm H +IWRAM/=IWRAM
[DBG] PASS: 3 Imm H +IWRAM/=IWRAM 3
[DBG] DMA test: 0 Imm H +IWRAM/=EWRAM
[DBG] PASS: 0 Imm H +IWRAM/=EWRAM 3
[DBG] PASS: 0 Imm H +IWRAM/=EWRAM Old 3
[DBG] DMA test: 1 Imm H +IWRAM/=EWRAM
[DBG] PASS: 1 Imm H +IWRAM/=EWRAM 3
[DBG] PASS: 1 Imm H +IWRAM/=EWRAM Old 3
[DBG] DMA test: 2 Imm H +IWRAM/=EWRAM
[DBG] PASS: 2 Imm H +IWRAM/=EWRAM 3
[DBG] PASS: 2 Imm H +IWRAM/=EWRAM Old 3
[DBG] DMA test: 3 Imm H +IWRAM/=EWRAM
[DBG] PASS: 3 Imm H +IWRAM/=EWRAM 3
[DBG] PASS: 3 Imm H +IWRAM/=EWRAM Old 3
[DBG] DMA test: 0 Imm H +IWRAM/=ROM
[DBG] PASS: 0 Imm H +IWRAM/=ROM 3
[DBG] PASS: 0 Imm H +IWRAM/=ROM Old 3
[DBG] DMA test: 1 Imm H +IWRAM/=ROM
[DBG] PASS: 1 Imm H +IWRAM/=ROM 3
[DBG] PASS: 1 Imm H +IWRAM/=ROM Old 3
[DBG] DMA test: 2 Imm H +IWRAM/=ROM
[DBG] PASS: 2 Imm H +IWRAM/=ROM 3
[DBG] PASS: 2 Imm H +IWRAM/=ROM Old 3
[DBG] DMA test: 3 Imm H +IWRAM/=ROM
[DBG] PASS: 3 Imm H +IWRAM/=ROM 3
[DBG] PASS: 3 Imm H +IWRAM/=ROM Old 3
[DBG] DMA test: 0 Imm H +EWRAM/=IWRAM
[DBG] PASS: 0 Imm H +EWRAM/=IWRAM 3
[DBG] DMA test: 1 Imm H +EWRAM/=IWRAM
[DBG] PASS: 1 Imm H +EWRAM/=IWRAM 3
[DBG] DMA test: 2 Imm H +EWRAM/=IWRAM
[DBG] PASS: 2 Imm H +EWRAM/=IWRAM 3
[DBG] DMA test: 3 Imm H +EWRAM/=IWRAM
[DBG] PASS: 3 Imm H +EWRAM/=IWRAM 3
[DBG] DMA test: 0 Imm H +EWRAM/=EWRAM
[DBG] PASS: 0 Imm H +EWRAM/=EWRAM 3
[DBG] PASS: 0 Imm H +EWRAM/=EWRAM Old 3
[DBG] DMA test: 1 Imm H +EWRAM/=EWRAM
[DBG] PASS: 1 Imm H +EWRAM/=EWRAM 3
[DBG] PASS: 1 Imm H +EWRAM/=EWRAM Old 3
[DBG] DMA test: 2 Imm H +EWRAM/=EWRAM
[DBG] PASS: 2 Imm H +EWRAM/=EWRAM 3
[DBG] PASS: 2 Imm H +EWRAM/=EWRAM Old 3
[DBG] DMA test: 3 Imm H +EWRAM/=EWRAM
[DBG] PASS: 3 Imm H +EWRAM/=EWRAM 3
[DBG] PASS: 3 Imm H +EWRAM/=EWRAM Old 3
[DBG] DMA test: 0 Imm H +EWRAM/=ROM
[DBG] PASS: 0 Imm H +EWRAM/=ROM 3
[DBG] PASS: 0 Imm H +EWRAM/=ROM Old 3
[DBG] DMA test: 1 Imm H +EWRAM/=ROM
[DBG] PASS: 1 Imm H +EWRAM/=ROM 3
[DBG] PASS: 1 Imm H +EWRAM/=ROM Old 3
[DBG] DMA test: 2 Imm H +EWRAM/=ROM
[DBG] PASS: 2 Imm H +EWRAM/=ROM 3
[DBG] PASS: 2 Imm H +EWRAM/=ROM Old 3
[DBG] DMA test: 3 Imm H +EWRAM/=ROM
[DBG] PASS: 3 Imm H +EWRAM/=ROM 3
[DBG] PASS: 3 Imm H +EWRAM/=ROM Old 3
[DBG] DMA test: 0 Imm H +ROM/=IWRAM
[DBG] PASS: 0 Imm H +ROM/=IWRAM 3
[DBG] DMA test: 1 Imm H +ROM/=IWRAM
[DBG] PASS: 1 Imm H +ROM/=IWRAM 3
[DBG] DMA test: 2 Imm H +ROM/=IWRAM
[DBG] PASS: 2 Imm H +ROM/=IWRAM 3
[DBG] DMA test: 3 Imm H +ROM/=IWRAM
[DBG] PASS: 3 Imm H +ROM/=IWRAM 3
[DBG] DMA test: 0 Imm H +ROM/=EWRAM
[DBG] PASS: 0 Imm H +ROM/=EWRAM 3
[DBG] PASS: 0 Imm H +ROM/=EWRAM Old 3
[DBG] DMA test: 1 Imm H +ROM/=EWRAM
[DBG] PASS: 1 Imm H +ROM/=EWRAM 3
[DBG] PASS: 1 Imm H +ROM/=EWRAM Old 3
[DBG] DMA test: 2 Imm H +ROM/=EWRAM
[DBG] PASS: 2 Imm H +ROM/=EWRAM 3
[DBG] PASS: 2 Imm H +ROM/=EWRAM Old 3
[DBG] DMA test: 3 Imm H +ROM/=EWRAM
[DBG] PASS: 3 Imm H +ROM/=EWRAM 3
[DBG] PASS: 3 Imm H +ROM/=EWRAM Old 3
[DBG] DMA test: 0 Imm H +ROM/=ROM
[DBG] PASS: 0 Imm H +ROM/=ROM 3
[DBG] PASS: 0 Imm H +ROM/=ROM Old 3
[DBG] DMA test: 1 Imm H +ROM/=ROM
[DBG] PASS: 1 Imm H +ROM/=ROM 3
[DBG] PASS: 1 Imm H +ROM/=ROM Old 3
[DBG] DMA test: 2 Imm H +ROM/=ROM
[DBG] PASS: 2 Imm H +ROM/=ROM 3
[DBG] PASS: 2 Imm H +ROM/=ROM Old 3
[DBG] DMA test: 3 Imm H +ROM/=ROM
[DBG] PASS: 3 Imm H +ROM/=ROM 3
[DBG] PASS: 3 Imm H +ROM/=ROM Old 3
[DBG] DMA test: 0 Imm H +BIOS/=IWRAM
[DBG] PASS: 0 Imm H +BIOS/=IWRAM 3
[DBG] DMA test: 1 Imm H +BIOS/=IWRAM
[DBG] PASS: 1 Imm H +BIOS/=IWRAM 3
[DBG] DMA test: 2 Imm H +BIOS/=IWRAM
[DBG] PASS: 2 Imm H +BIOS/=IWRAM 3
[DBG] DMA test: 3 Imm H +BIOS/=IWRAM
[DBG] PASS: 3 Imm H +BIOS/=IWRAM 3
[DBG] DMA test: 0 Imm H +BIOS/=EWRAM
[DBG] PASS: 0 Imm H +BIOS/=EWRAM 3
[DBG] PASS: 0 Imm H +BIOS/=EWRAM Old 3
[DBG] DMA test: 1 Imm H +BIOS/=EWRAM
[DBG] PASS: 1 Imm H +BIOS/=EWRAM 3
[DBG] PASS: 1 Imm H +BIOS/=EWRAM Old 3
[DBG] DMA test: 2 Imm H +BIOS/=EWRAM
[DBG] PASS: 2 Imm H +BIOS/=EWRAM 3
[DBG] PASS: 2 Imm H +BIOS/=EWRAM Old 3
[DBG] DMA test: 3 Imm H +BIOS/=EWRAM
[DBG] PASS: 3 Imm H +BIOS/=EWRAM 3
[DBG] PASS: 3 Imm H +BIOS/=EWRAM Old 3
[DBG] DMA test: 0 Imm H +BIOS/=ROM
[DBG] PASS: 0 Imm H +BIOS/=ROM 3
[DBG] PASS: 0 Imm H +BIOS/=ROM Old 3
[DBG] DMA test: 1 Imm H +BIOS/=ROM
[DBG] PASS: 1 Imm H +BIOS/=ROM 3
[DBG] PASS: 1 Imm H +BIOS/=ROM Old 3
[DBG] DMA test: 2 Imm H +BIOS/=ROM
[DBG] PASS: 2 Imm H +BIOS/=ROM 3
[DBG] PASS: 2 Imm H +BIOS/=ROM Old 3
[DBG] DMA test: 3 Imm H +BIOS/=ROM
[DBG] PASS: 3 Imm H +BIOS/=ROM 3
[DBG] PASS: 3 Imm H +BIOS/=ROM Old 3
[DBG] DMA test: 0 Imm H +SRAM/=IWRAM
[DBG] PASS: 0 Imm H +SRAM/=IWRAM 3
[DBG] DMA test: 1 Imm H +SRAM/=IWRAM
[DBG] PASS: 1 Imm H +SRAM/=IWRAM 3
[DBG] DMA test: 2 Imm H +SRAM/=IWRAM
[DBG] PASS: 2 Imm H +SRAM/=IWRAM 3
[DBG] DMA test: 3 Imm H +SRAM/=IWRAM
[DBG] PASS: 3 Imm H +SRAM/=IWRAM 3
[DBG] DMA test: 0 Imm H +SRAM/=EWRAM
[DBG] PASS: 0 Imm H +SRAM/=EWRAM 3
[DBG] PASS: 0 Imm H +SRAM/=EWRAM Old 3
[DBG] DMA test: 1 Imm H +SRAM/=EWRAM
[DBG] PASS: 1 Imm H +SRAM/=EWRAM 3
[DBG] PASS: 1 Imm H +SRAM/=EWRAM Old 3
[DBG] DMA test: 2 Imm H +SRAM/=EWRAM
[DBG] PASS: 2 Imm H +SRAM/=EWRAM 3
[DBG] PASS: 2 Imm H +SRAM/=EWRAM Old 3
[DBG] DMA test: 3 Imm H +SRAM/=EWRAM
[DBG] PASS: 3 Imm H +SRAM/=EWRAM 3
[DBG] PASS: 3 Imm H +SRAM/=EWRAM Old 3
[DBG] DMA test: 0 Imm H +SRAM/=ROM
[DBG] PASS: 0 Imm H +SRAM/=ROM 3
[DBG] PASS: 0 Imm H +SRAM/=ROM Old 3
[DBG] DMA test: 1 Imm H +SRAM/=ROM
[DBG] PASS: 1 Imm H +SRAM/=ROM 3
[DBG] PASS: 1 Imm H +SRAM/=ROM Old 3
[DBG] DMA test: 2 Imm H +SRAM/=ROM
[DBG] PASS: 2 Imm H +SRAM/=ROM 3
[DBG] PASS: 2 Imm H +SRAM/=ROM Old 3
[DBG] DMA test: 0 Imm W +IWRAM/=IWRAM
[DBG] PASS: 0 Imm W +IWRAM/=IWRAM 3
[DBG] DMA test: 1 Imm W +IWRAM/=IWRAM
[DBG] PASS: 1 Imm W +IWRAM/=IWRAM 3
[DBG] DMA test: 2 Imm W +IWRAM/=IWRAM
[DBG] PASS: 2 Imm W +IWRAM/=IWRAM 3
[DBG] DMA test: 3 Imm W +IWRAM/=IWRAM
[DBG] PASS: 3 Imm W +IWRAM/=IWRAM 3
[DBG] DMA test: 0 Imm W +IWRAM/=EWRAM
[DBG] PASS: 0 Imm W +IWRAM/=EWRAM 3
[DBG] PASS: 0 Imm W +IWRAM/=EWRAM Old 3
[DBG] DMA test: 1 Imm W +IWRAM/=EWRAM
[DBG] PASS: 1 Imm W +IWRAM/=EWRAM 3
[DBG] PASS: 1 Imm W +IWRAM/=EWRAM Old 3
[DBG] DMA test: 2 Imm W +IWRAM/=EWRAM
[DBG] PASS: 2 Imm W +IWRAM/=EWRAM 3
[DBG] PASS: 2 Imm W +IWRAM/=EWRAM Old 3
[DBG] DMA test: 3 Imm W +IWRAM/=EWRAM
[DBG] PASS: 3 Imm W +IWRAM/=EWRAM 3
[DBG] PASS: 3 Imm W +IWRAM/=EWRAM Old 3
[DBG] DMA test: 0 Imm W +IWRAM/=ROM
[DBG] PASS: 0 Imm W +IWRAM/=ROM 3
[DBG] PASS: 0 Imm W +IWRAM/=ROM Old 3
[DBG] DMA test: 1 Imm W +IWRAM/=ROM
[DBG] PASS: 1 Imm W +IWRAM/=ROM 3
[DBG] PASS: 1 Imm W +IWRAM/=ROM Old 3
[DBG] DMA test: 2 Imm W +IWRAM/=ROM
[DBG] PASS: 2 Imm W +IWRAM/=ROM 3
[DBG] PASS: 2 Imm W +IWRAM/=ROM Old 3
[DBG] DMA test: 3 Imm W +IWRAM/=ROM
[DBG] PASS: 3 Imm W +IWRAM/=ROM 3
[DBG] PASS: 3 Imm W +IWRAM/=ROM Old 3
[DBG] DMA test: 0 Imm W +EWRAM/=IWRAM
[DBG] PASS: 0 Imm W +EWRAM/=IWRAM 3
[DBG] DMA test: 1 Imm W +EWRAM/=IWRAM
[DBG] PASS: 1 Imm W +EWRAM/=IWRAM 3
[DBG] DMA test: 2 Imm W +EWRAM/=IWRAM
[DBG] PASS: 2 Imm W +EWRAM/=IWRAM 3
[DBG] DMA test: 3 Imm W +EWRAM/=IWRAM
[DBG] PASS: 3 Imm W +EWRAM/=IWRAM 3
[DBG] DMA test: 0 Imm W +EWRAM/=EWRAM
[DBG] PASS: 0 Imm W +EWRAM/=EWRAM 3
[DBG] PASS: 0 Imm W +EWRAM/=EWRAM Old 3
[DBG] DMA test: 1 Imm W +EWRAM/=EWRAM
[DBG] PASS: 1 Imm W +EWRAM/=EWRAM 3
[DBG] PASS: 1 Imm W +EWRAM/=EWRAM Old 3
[DBG] DMA test: 2 Imm W +EWRAM/=EWRAM
[DBG] PASS: 2 Imm W +EWRAM/=EWRAM 3
[DBG] PASS: 2 Imm W +EWRAM/=EWRAM Old 3
[DBG] DMA test: 3 Imm W +EWRAM/=EWRAM
[DBG] PASS: 3 Imm W +EWRAM/=EWRAM 3
[DBG] PASS: 3 Imm W +EWRAM/=EWRAM Old 3
[DBG] DMA test: 0 Imm W +EWRAM/=ROM
[DBG] PASS: 0 Imm W +EWRAM/=ROM 3
[DBG] PASS: 0 Imm W +EWRAM/=ROM Old 3
[DBG] DMA test: 1 Imm W +EWRAM/=ROM
[DBG] PASS: 1 Imm W +EWRAM/=ROM 3
[DBG] PASS: 1 Imm W +EWRAM/=ROM Old 3
[DBG] DMA test: 2 Imm W +EWRAM/=ROM
[DBG] PASS: 2 Imm W +EWRAM/=ROM 3
[DBG] PASS: 2 Imm W +EWRAM/=ROM Old 3
[DBG] DMA test: 3 Imm W +EWRAM/=ROM
[DBG] PASS: 3 Imm W +EWRAM/=ROM 3
[DBG] PASS: 3 Imm W +EWRAM/=ROM Old 3
[DBG] DMA test: 0 Imm W +ROM/=IWRAM
[DBG] PASS: 0 Imm W +ROM/=IWRAM 3
[DBG] DMA test: 1 Imm W +ROM/=IWRAM
[DBG] PASS: 1 Imm W +ROM/=IWRAM 3
[DBG] DMA test: 2 Imm W +ROM/=IWRAM
[DBG] PASS: 2 Imm W +ROM/=IWRAM 3
[DBG] DMA test: 3 Imm W +ROM/=IWRAM
[DBG] PASS: 3 Imm W +ROM/=IWRAM 3
[DBG] DMA test: 0 Imm W +ROM/=EWRAM
[DBG] PASS: 0 Imm W +ROM/=EWRAM 3
[DBG] PASS: 0 Imm W +ROM/=EWRAM Old 3
[DBG] DMA test: 1 Imm W +ROM/=EWRAM
[DBG] PASS: 1 Imm W +ROM/=EWRAM 3
[DBG] PASS: 1 Imm W +ROM/=EWRAM Old 3
[DBG] DMA test: 2 Imm W +ROM/=EWRAM
[DBG] PASS: 2 Imm W +ROM/=EWRAM 3
[DBG] PASS: 2 Imm W +ROM/=EWRAM Old 3
[DBG] DMA test: 3 Imm W +ROM/=EWRAM
[DBG] PASS: 3 Imm W +ROM/=EWRAM 3
[DBG] PASS: 3 Imm W +ROM/=EWRAM Old 3
[DBG] DMA test: 0 Imm W +ROM/=ROM
[DBG] PASS: 0 Imm W +ROM/=ROM 3
[DBG] PASS: 0 Imm W +ROM/=ROM Old 3
[DBG] DMA test: 1 Imm W +ROM/=ROM
[DBG] PASS: 1 Imm W +ROM/=ROM 3
[DBG] PASS: 1 Imm W +ROM/=ROM Old 3
[DBG] DMA test: 2 Imm W +ROM/=ROM
[DBG] PASS: 2 Imm W +ROM/=ROM 3
[DBG] PASS: 2 Imm W +ROM/=ROM Old 3
[DBG] DMA test: 3 Imm W +ROM/=ROM
[DBG] PASS: 3 Imm W +ROM/=ROM 3
[DBG] PASS: 3 Imm W +ROM/=ROM Old 3
[DBG] DMA test: 0 Imm W +BIOS/=IWRAM
[DBG] PASS: 0 Imm W +BIOS/=IWRAM 3
[DBG] DMA test: 1 Imm W +BIOS/=IWRAM
[DBG] PASS: 1 Imm W +BIOS/=IWRAM 3
[DBG] DMA test: 2 Imm W +BIOS/=IWRAM
[DBG] PASS: 2 Imm W +BIOS/=IWRAM 3
[DBG] DMA test: 3 Imm W +BIOS/=IWRAM
[DBG] PASS: 3 Imm W +BIOS/=IWRAM 3
[DBG] DMA test: 0 Imm W +BIOS/=EWRAM
[DBG] PASS: 0 Imm W +BIOS/=EWRAM 3
[DBG] PASS: 0 Imm W +BIOS/=EWRAM Old 3
[DBG] DMA test: 1 Imm W +BIOS/=EWRAM
[DBG] PASS: 1 Imm W +BIOS/=EWRAM 3
[DBG] PASS: 1 Imm W +BIOS/=EWRAM Old 3
[DBG] DMA test: 2 Imm W +BIOS/=EWRAM
[DBG] PASS: 2 Imm W +BIOS/=EWRAM 3
[DBG] PASS: 2 Imm W +BIOS/=EWRAM Old 3
[DBG] DMA test: 3 Imm W +BIOS/=EWRAM
[DBG] PASS: 3 Imm W +BIOS/=EWRAM 3
[DBG] PASS: 3 Imm W +BIOS/=EWRAM Old 3
[DBG] DMA test: 0 Imm W +BIOS/=ROM
[DBG] PASS: 0 Imm W +BIOS/=ROM 3
[DBG] PASS: 0 Imm W +BIOS/=ROM Old 3
[DBG] DMA test: 1 Imm W +BIOS/=ROM
[DBG] PASS: 1 Imm W +BIOS/=ROM 3
[DBG] PASS: 1 Imm W +BIOS/=ROM Old 3
[DBG] DMA test: 2 Imm W +BIOS/=ROM
[DBG] PASS: 2 Imm W +BIOS/=ROM 3
[DBG] PASS: 2 Imm W +BIOS/=ROM Old 3
[DBG] DMA test: 3 Imm W +BIOS/=ROM
[DBG] PASS: 3 Imm W +BIOS/=ROM 3
[DBG] PASS: 3 Imm W +BIOS/=ROM Old 3
[DBG] DMA test: 0 Imm W +SRAM/=IWRAM
[DBG] PASS: 0 Imm W +SRAM/=IWRAM 3
[DBG] DMA test: 1 Imm W +SRAM/=IWRAM
[DBG] PASS: 1 Imm W +SRAM/=IWRAM 3
[DBG] DMA test: 2 Imm W +SRAM/=IWRAM
[DBG] PASS: 2 Imm W +SRAM/=IWRAM 3
[DBG] DMA test: 3 Imm W +SRAM/=IWRAM
[DBG] PASS: 3 Imm W +SRAM/=IWRAM 3
[DBG] DMA test: 0 Imm W +SRAM/=EWRAM
[DBG] PASS: 0 Imm W +SRAM/=EWRAM 3
[DBG] PASS: 0 Imm W +SRAM/=EWRAM Old 3
[DBG] DMA test: 1 Imm W +SRAM/=EWRAM
[DBG] PASS: 1 Imm W +SRAM/=EWRAM 3
[DBG] PASS: 1 Imm W +SRAM/=EWRAM Old 3
[DBG] DMA test: 2 Imm W +SRAM/=EWRAM
[DBG] PASS: 2 Imm W +SRAM/=EWRAM 3
[DBG] PASS: 2 Imm W +SRAM/=EWRAM Old 3
[DBG] DMA test: 3 Imm W +SRAM/=EWRAM
[DBG] PASS: 3 Imm W +SRAM/=EWRAM 3
[DBG] PASS: 3 Imm W +SRAM/=EWRAM Old 3
[DBG] DMA test: 0 Imm W +SRAM/=ROM
[DBG] PASS: 0 Imm W +SRAM/=ROM 3
[DBG] PASS: 0 Imm W +SRAM/=ROM Old 3
[DBG] DMA test: 1 Imm W +SRAM/=ROM
[DBG] PASS: 1 Imm W +SRAM/=ROM 3
[DBG] PASS: 1 Imm W +SRAM/=ROM Old 3
[DBG] DMA test: 2 Imm W +SRAM/=ROM
[DBG] PASS: 2 Imm W +SRAM/=ROM 3
[DBG] PASS: 2 Imm W +SRAM/=ROM Old 3
[DBG] DMA test: 0 Imm H -IWRAM/=IWRAM
[DBG] PASS: 0 Imm H -IWRAM/=IWRAM 3
[DBG] DMA test: 1 Imm H -IWRAM/=IWRAM
[DBG] PASS: 1 Imm H -IWRAM/=IWRAM 3
[DBG] DMA test: 2 Imm H -IWRAM/=IWRAM
[DBG] PASS: 2 Imm H -IWRAM/=IWRAM 3
[DBG] DMA test: 3 Imm H -IWRAM/=IWRAM
[DBG] PASS: 3 Imm H -IWRAM/=IWRAM 3
[DBG] DMA test: 0 Imm H -IWRAM/=EWRAM
[DBG] PASS: 0 Imm H -IWRAM/=EWRAM 3
[DBG] PASS: 0 Imm H -IWRAM/=EWRAM Old 3
[DBG] DMA test: 1 Imm H -IWRAM/=EWRAM
[DBG] PASS: 1 Imm H -IWRAM/=EWRAM 3
[DBG] PASS: 1 Imm H -IWRAM/=EWRAM Old 3
[DBG] DMA test: 2 Imm H -IWRAM/=EWRAM
[DBG] PASS: 2 Imm H -IWRAM/=EWRAM 3
[DBG] PASS: 2 Imm H -IWRAM/=EWRAM Old 3
[DBG] DMA test: 3 Imm H -IWRAM/=EWRAM
[DBG] PASS: 3 Imm H -IWRAM/=EWRAM 3
[DBG] PASS: 3 Imm H -IWRAM/=EWRAM Old 3
[DBG] DMA test: 0 Imm H -IWRAM/=ROM
[DBG] PASS: 0 Imm H -IWRAM/=ROM 3
[DBG] PASS: 0 Imm H -IWRAM/=ROM Old 3
[DBG] DMA test: 1 Imm H -IWRAM/=ROM
[DBG] PASS: 1 Imm H -IWRAM/=ROM 3
[DBG] PASS: 1 Imm H -IWRAM/=ROM Old 3
[DBG] DMA test: 2 Imm H -IWRAM/=ROM
[DBG] PASS: 2 Imm H -IWRAM/=ROM 3
[DBG] PASS: 2 Imm H -IWRAM/=ROM Old 3
[DBG] DMA test: 3 Imm H -IWRAM/=ROM
[DBG] PASS: 3 Imm H -IWRAM/=ROM 3
[DBG] PASS: 3 Imm H -IWRAM/=ROM Old 3
[DBG] DMA test: 0 Imm H -EWRAM/=IWRAM
[DBG] PASS: 0 Imm H -EWRAM/=IWRAM 3
[DBG] DMA test: 1 Imm H -EWRAM/=IWRAM
[DBG] PASS: 1 Imm H -EWRAM/=IWRAM 3
[DBG] DMA test: 2 Imm H -EWRAM/=IWRAM
[DBG] PASS: 2 Imm H -EWRAM/=IWRAM 3
[DBG] DMA test: 3 Imm H -EWRAM/=IWRAM
[DBG] PASS: 3 Imm H -EWRAM/=IWRAM 3
[DBG] DMA test: 0 Imm H -EWRAM/=EWRAM
[DBG] PASS: 0 Imm H -EWRAM/=EWRAM 3
[DBG] PASS: 0 Imm H -EWRAM/=EWRAM Old 3
[DBG] DMA test: 1 Imm H -EWRAM/=EWRAM
[DBG] PASS: 1 Imm H -EWRAM/=EWRAM 3
[DBG] PASS: 1 Imm H -EWRAM/=EWRAM Old 3
[DBG] DMA test: 2 Imm H -EWRAM/=EWRAM
[DBG] PASS: 2 Imm H -EWRAM/=EWRAM 3
[DBG] PASS: 2 Imm H -EWRAM/=EWRAM Old 3
[DBG] DMA test: 3 Imm H -EWRAM/=EWRAM
[DBG] PASS: 3 Imm H -EWRAM/=EWRAM 3
[DBG] PASS: 3 Imm H -EWRAM/=EWRAM Old 3
[DBG] DMA test: 0 Imm H -EWRAM/=ROM
[DBG] PASS: 0 Imm H -EWRAM/=ROM 3
[DBG] PASS: 0 Imm H -EWRAM/=ROM Old 3
[DBG] DMA test: 1 Imm H -EWRAM/=ROM
[DBG] PASS: 1 Imm H -EWRAM/=ROM 3
[DBG] PASS: 1 Imm H -EWRAM/=ROM Old 3
[DBG] DMA test: 2 Imm H -EWRAM/=ROM
[DBG] PASS: 2 Imm H -EWRAM/=ROM 3
[DBG] PASS: 2 Imm H -EWRAM/=ROM Old 3
[DBG] DMA test: 3 Imm H -EWRAM/=ROM
[DBG] PASS: 3 Imm H -EWRAM/=ROM 3
[DBG] PASS: 3 Imm H -EWRAM/=ROM Old 3
[DBG] DMA test: 0 Imm H -ROM/=IWRAM
[DBG] PASS: 0 Imm H -ROM/=IWRAM 3
[DBG] DMA test: 1 Imm H -ROM/=IWRAM
[DBG] PASS: 1 Imm H -ROM/=IWRAM 3
[DBG] DMA test: 2 Imm H -ROM/=IWRAM
[DBG] PASS: 2 Imm H -ROM/=IWRAM 3
[DBG] DMA test: 3 Imm H -ROM/=IWRAM
[DBG] PASS: 3 Imm H -ROM/=IWRAM 3
[DBG] DMA test: 0 Imm H -ROM/=EWRAM
[DBG] PASS: 0 Imm H -ROM/=EWRAM 3
[DBG] PASS: 0 Imm H -ROM/=EWRAM Old 3
[DBG] DMA test: 1 Imm H -ROM/=EWRAM
[DBG] PASS: 1 Imm H -ROM/=EWRAM 3
[DBG] PASS: 1 Imm H -ROM/=EWRAM Old 3
[DBG] DMA test: 2 Imm H -ROM/=EWRAM
[DBG] PASS: 2 Imm H -ROM/=EWRAM 3
[DBG] PASS: 2 Imm H -ROM/=EWRAM Old 3
[DBG] DMA test: 3 Imm H -ROM/=EWRAM
[DBG] PASS: 3 Imm H -ROM/=EWRAM 3
[DBG] PASS: 3 Imm H -ROM/=EWRAM Old 3
[DBG] DMA test: 0 Imm H -ROM/=ROM
[DBG] PASS: 0 Imm H -ROM/=ROM 3
[DBG] PASS: 0 Imm H -ROM/=ROM Old 3
[DBG] DMA test: 1 Imm H -ROM/=ROM
[DBG] PASS: 1 Imm H -ROM/=ROM 3
[DBG] PASS: 1 Imm H -ROM/=ROM Old 3
[DBG] DMA test: 2 Imm H -ROM/=ROM
[DBG] PASS: 2 Imm H -ROM/=ROM 3
[DBG] PASS: 2 Imm H -ROM/=ROM Old 3
[DBG] DMA test: 3 Imm H -ROM/=ROM
[DBG] PASS: 3 Imm H -ROM/=ROM 3
[DBG] PASS: 3 Imm H -ROM/=ROM Old 3
[DBG] DMA test: 0 Imm H -BIOS/=IWRAM
[DBG] PASS: 0 Imm H -BIOS/=IWRAM 3
[DBG] DMA test: 1 Imm H -BIOS/=IWRAM
[DBG] PASS: 1 Imm H -BIOS/=IWRAM 3
[DBG] DMA test: 2 Imm H -BIOS/=IWRAM
[DBG] PASS: 2 Imm H -BIOS/=IWRAM 3
[DBG] DMA test: 3 Imm H -BIOS/=IWRAM
[DBG] PASS: 3 Imm H -BIOS/=IWRAM 3
[DBG] DMA test: 0 Imm H -BIOS/=EWRAM
[DBG] PASS: 0 Imm H -BIOS/=EWRAM 3
[DBG] PASS: 0 Imm H -BIOS/=EWRAM Old 3
[DBG] DMA test: 1 Imm H -BIOS/=EWRAM
[DBG] PASS: 1 Imm H -BIOS/=EWRAM 3
[DBG] PASS: 1 Imm H -BIOS/=EWRAM Old 3
[DBG] DMA test: 2 Imm H -BIOS/=EWRAM
[DBG] PASS: 2 Imm H -BIOS/=EWRAM 3
[DBG] PASS: 2 Imm H -BIOS/=EWRAM Old 3
[DBG] DMA test: 3 Imm H -BIOS/=EWRAM
[DBG] PASS: 3 Imm H -BIOS/=EWRAM 3
[DBG] PASS: 3 Imm H -BIOS/=EWRAM Old 3
[DBG] DMA test: 0 Imm H -BIOS/=ROM
[DBG] PASS: 0 Imm H -BIOS/=ROM 3
[DBG] PASS: 0 Imm H -BIOS/=ROM Old 3
[DBG] DMA test: 1 Imm H -BIOS/=ROM
[DBG] PASS: 1 Imm H -BIOS/=ROM 3
[DBG] PASS: 1 Imm H -BIOS/=ROM Old 3
[DBG] DMA test: 2 Imm H -BIOS/=ROM
[DBG] PASS: 2 Imm H -BIOS/=ROM 3
[DBG] PASS: 2 Imm H -BIOS/=ROM Old 3
[DBG] DMA test: 3 Imm H -BIOS/=ROM
[DBG] PASS: 3 Imm H -BIOS/=ROM 3
[DBG] PASS: 3 Imm H -BIOS/=ROM Old 3
[DBG] DMA test: 0 Imm H -SRAM/=IWRAM
[DBG] PASS: 0 Imm H -SRAM/=IWRAM 3
[DBG] DMA test: 1 Imm H -SRAM/=IWRAM
[DBG] PASS: 1 Imm H -SRAM/=IWRAM 3
[DBG] DMA test: 2 Imm H -SRAM/=IWRAM
[DBG] PASS: 2 Imm H -SRAM/=IWRAM 3
[DBG] DMA test: 3 Imm H -SRAM/=IWRAM
[DBG] PASS: 3 Imm H -SRAM/=IWRAM 3
[DBG] DMA test: 0 Imm H -SRAM/=EWRAM
[DBG] PASS: 0 Imm H -SRAM/=EWRAM 3
[DBG] PASS: 0 Imm H -SRAM/=EWRAM Old 3
[DBG] DMA test: 1 Imm H -SRAM/=EWRAM
[DBG] PASS: 1 Imm H -SRAM/=EWRAM 3
[DBG] PASS: 1 Imm H -SRAM/=EWRAM Old 3
[DBG] DMA test: 2 Imm H -SRAM/=EWRAM
[DBG] PASS: 2 Imm H -SRAM/=EWRAM 3
[DBG] PASS: 2 Imm H -SRAM/=EWRAM Old 3
[DBG] DMA test: 3 Imm H -SRAM/=EWRAM
[DBG] PASS: 3 Imm H -SRAM/=EWRAM 3
[DBG] PASS: 3 Imm H -SRAM/=EWRAM Old 3
[DBG] DMA test: 0 Imm H -SRAM/=ROM
[DBG] PASS: 0 Imm H -SRAM/=ROM 3
[DBG] PASS: 0 Imm H -SRAM/=ROM Old 3
[DBG] DMA test: 1 Imm H -SRAM/=ROM
[DBG] PASS: 1 Imm H -SRAM/=ROM 3
[DBG] PASS: 1 Imm H -SRAM/=ROM Old 3
[DBG] DMA test: 2 Imm H -SRAM/=ROM
[DBG] PASS: 2 Imm H -SRAM/=ROM 3
[DBG] PASS: 2 Imm H -SRAM/=ROM Old 3
[DBG] DMA test: 0 Imm W -IWRAM/=IWRAM
[DBG] PASS: 0 Imm W -IWRAM/=IWRAM 3
[DBG] DMA test: 1 Imm W -IWRAM/=IWRAM
[DBG] PASS: 1 Imm W -IWRAM/=IWRAM 3
[DBG] DMA test: 2 Imm W -IWRAM/=IWRAM
[DBG] PASS: 2 Imm W -IWRAM/=IWRAM 3
[DBG] DMA test: 3 Imm W -IWRAM/=IWRAM
[DBG] PASS: 3 Imm W -IWRAM/=IWRAM 3
[DBG] DMA test: 0 Imm W -IWRAM/=EWRAM
[DBG] PASS: 0 Imm W -IWRAM/=EWRAM 3
[DBG] PASS: 0 Imm W -IWRAM/=EWRAM Old 3
[DBG] DMA test: 1 Imm W -IWRAM/=EWRAM
[DBG] PASS: 1 Imm W -IWRAM/=EWRAM 3
[DBG] PASS: 1 Imm W -IWRAM/=EWRAM Old 3
[DBG] DMA test: 2 Imm W -IWRAM/=EWRAM
[DBG] PASS: 2 Imm W -IWRAM/=EWRAM 3
[DBG] PASS: 2 Imm W -IWRAM/=EWRAM Old 3
[DBG] DMA test: 3 Imm W -IWRAM/=EWRAM
[DBG] PASS: 3 Imm W -IWRAM/=EWRAM 3
[DBG] PASS: 3 Imm W -IWRAM/=EWRAM Old 3
[DBG] DMA test: 0 Imm W -IWRAM/=ROM
[DBG] PASS: 0 Imm W -IWRAM/=ROM 3
[DBG] PASS: 0 Imm W -IWRAM/=ROM Old 3
[DBG] DMA test: 1 Imm W -IWRAM/=ROM
[DBG] PASS: 1 Imm W -IWRAM/=ROM 3
[DBG] PASS: 1 Imm W -IWRAM/=ROM Old 3
[DBG] DMA test: 2 Imm W -IWRAM/=ROM
[DBG] PASS: 2 Imm W -IWRAM/=ROM 3
[DBG] PASS: 2 Imm W -IWRAM/=ROM Old 3
[DBG] DMA test: 3 Imm W -IWRAM/=ROM
[DBG] PASS: 3 Imm W -IWRAM/=ROM 3
[DBG] PASS: 3 Imm W -IWRAM/=ROM Old 3
[DBG] DMA test: 0 Imm W -EWRAM/=IWRAM
[DBG] PASS: 0 Imm W -EWRAM/=IWRAM 3
[DBG] DMA test: 1 Imm W -EWRAM/=IWRAM
[DBG] PASS: 1 Imm W -EWRAM/=IWRAM 3
[DBG] DMA test: 2 Imm W -EWRAM/=IWRAM
[DBG] PASS: 2 Imm W -EWRAM/=IWRAM 3
[DBG] DMA test: 3 Imm W -EWRAM/=IWRAM
[DBG] PASS: 3 Imm W -EWRAM/=IWRAM 3
[DBG] DMA test: 0 Imm W -EWRAM/=EWRAM
[DBG] PASS: 0 Imm W -EWRAM/=EWRAM 3
[DBG] PASS: 0 Imm W -EWRAM/=EWRAM Old 3
[DBG] DMA test: 1 Imm W -EWRAM/=EWRAM
[DBG] PASS: 1 Imm W -EWRAM/=EWRAM 3
[DBG] PASS: 1 Imm W -EWRAM/=EWRAM Old 3
[DBG] DMA test: 2 Imm W -EWRAM/=EWRAM
[DBG] PASS: 2 Imm W -EWRAM/=EWRAM 3
[DBG] PASS: 2 Imm W -EWRAM/=EWRAM Old 3
[DBG] DMA test: 3 Imm W -EWRAM/=EWRAM
[DBG] PASS: 3 Imm W -EWRAM/=EWRAM 3
[DBG] PASS: 3 Imm W -EWRAM/=EWRAM Old 3
[DBG] DMA test: 0 Imm W -EWRAM/=ROM
[DBG] PASS: 0 Imm W -EWRAM/=ROM 3
[DBG] PASS: 0 Imm W -EWRAM/=ROM Old 3
[DBG] DMA test: 1 Imm W -EWRAM/=ROM
[DBG] PASS: 1 Imm W -EWRAM/=ROM 3
[DBG] PASS: 1 Imm W -EWRAM/=ROM Old 3
[DBG] DMA test: 2 Imm W -EWRAM/=ROM
[DBG] PASS: 2 Imm W -EWRAM/=ROM 3
[DBG] PASS: 2 Imm W -EWRAM/=ROM Old 3
[DBG] DMA test: 3 Imm W -EWRAM/=ROM
[DBG] PASS: 3 Imm W -EWRAM/=ROM 3
[DBG] PASS: 3 Imm W -EWRAM/=ROM Old 3
[DBG] DMA test: 0 Imm W -ROM/=IWRAM
[DBG] PASS: 0 Imm W -ROM/=IWRAM 3
[DBG] DMA test: 1 Imm W -ROM/=IWRAM
[DBG] PASS: 1 Imm W -ROM/=IWRAM 3
[DBG] DMA test: 2 Imm W -ROM/=IWRAM
[DBG] PASS: 2 Imm W -ROM/=IWRAM 3
[DBG] DMA test: 3 Imm W -ROM/=IWRAM
[DBG] PASS: 3 Imm W -ROM/=IWRAM 3
[DBG] DMA test: 0 Imm W -ROM/=EWRAM
[DBG] PASS: 0 Imm W -ROM/=EWRAM 3
[DBG] PASS: 0 Imm W -ROM/=EWRAM Old 3
[DBG] DMA test: 1 Imm W -ROM/=EWRAM
[DBG] PASS: 1 Imm W -ROM/=EWRAM 3
[DBG] PASS: 1 Imm W -ROM/=EWRAM Old 3
[DBG] DMA test: 2 Imm W -ROM/=EWRAM
[DBG] PASS: 2 Imm W -ROM/=EWRAM 3
[DBG] PASS: 2 Imm W -ROM/=EWRAM Old 3
[DBG] DMA test: 3 Imm W -ROM/=EWRAM
[DBG] PASS: 3 Imm W -ROM/=EWRAM 3
[DBG] PASS: 3 Imm W -ROM/=EWRAM Old 3
[DBG] DMA test: 0 Imm W -ROM/=ROM
[DBG] PASS: 0 Imm W -ROM/=ROM 3
[DBG] PASS: 0 Imm W -ROM/=ROM Old 3
[DBG] DMA test: 1 Imm W -ROM/=ROM
[DBG] PASS: 1 Imm W -ROM/=ROM 3
[DBG] PASS: 1 Imm W -ROM/=ROM Old 3
[DBG] DMA test: 2 Imm W -ROM/=ROM
[DBG] PASS: 2 Imm W -ROM/=ROM 3
[DBG] PASS: 2 Imm W -ROM/=ROM Old 3
[DBG] DMA test: 3 Imm W -ROM/=ROM
[DBG] PASS: 3 Imm W -ROM/=ROM 3
[DBG] PASS: 3 Imm W -ROM/=ROM Old 3
[DBG] DMA test: 0 Imm W -BIOS/=IWRAM
[DBG] PASS: 0 Imm W -BIOS/=IWRAM 3
[DBG] DMA test: 1 Imm W -BIOS/=IWRAM
[DBG] PASS: 1 Imm W -BIOS/=IWRAM 3
[DBG] DMA test: 2 Imm W -BIOS/=IWRAM
[DBG] PASS: 2 Imm W -BIOS/=IWRAM 3
[DBG] DMA test: 3 Imm W -BIOS/=IWRAM
[DBG] PASS: 3 Imm W -BIOS/=IWRAM 3
[DBG] DMA test: 0 Imm W -BIOS/=EWRAM
[DBG] PASS: 0 Imm W -BIOS/=EWRAM 3
[DBG] PASS: 0 Imm W -BIOS/=EWRAM Old 3
[DBG] DMA test: 1 Imm W -BIOS/=EWRAM
[DBG] PASS: 1 Imm W -BIOS/=EWRAM 3
[DBG] PASS: 1 Imm W -BIOS/=EWRAM Old 3
[DBG] DMA test: 2 Imm W -BIOS/=EWRAM
[DBG] PASS: 2 Imm W -BIOS/=EWRAM 3
[DBG] PASS: 2 Imm W -BIOS/=EWRAM Old 3
[DBG] DMA test: 3 Imm W -BIOS/=EWRAM
[DBG] PASS: 3 Imm W -BIOS/=EWRAM 3
[DBG] PASS: 3 Imm W -BIOS/=EWRAM Old 3
[DBG] DMA test: 0 Imm W -BIOS/=ROM
[DBG] PASS: 0 Imm W -BIOS/=ROM 3
[DBG] PASS: 0 Imm W -BIOS/=ROM Old 3
[DBG] DMA test: 1 Imm W -BIOS/=ROM
[DBG] PASS: 1 Imm W -BIOS/=ROM 3
[DBG] PASS: 1 Imm W -BIOS/=ROM Old 3
[DBG] DMA test: 2 Imm W -BIOS/=ROM
[DBG] PASS: 2 Imm W -BIOS/=ROM 3
[DBG] PASS: 2 Imm W -BIOS/=ROM Old 3
[DBG] DMA test: 3 Imm W -BIOS/=ROM
[DBG] PASS: 3 Imm W -BIOS/=ROM 3
[DBG] PASS: 3 Imm W -BIOS/=ROM Old 3
[DBG] DMA test: 0 Imm W -SRAM/=IWRAM
[DBG] PASS: 0 Imm W -SRAM/=IWRAM 3
[DBG] DMA test: 1 Imm W -SRAM/=IWRAM
[DBG] PASS: 1 Imm W -SRAM/=IWRAM 3
[DBG] DMA test: 2 Imm W -SRAM/=IWRAM
[DBG] PASS: 2 Imm W -SRAM/=IWRAM 3
[DBG] DMA test: 3 Imm W -SRAM/=IWRAM
[DBG] PASS: 3 Imm W -SRAM/=IWRAM 3
[DBG] DMA test: 0 Imm W -SRAM/=EWRAM
[DBG] PASS: 0 Imm W -SRAM/=EWRAM 3
[DBG] PASS: 0 Imm W -SRAM/=EWRAM Old 3
[DBG] DMA test: 1 Imm W -SRAM/=EWRAM
[DBG] PASS: 1 Imm W -SRAM/=EWRAM 3
[DBG] PASS: 1 Imm W -SRAM/=EWRAM Old 3
[DBG] DMA test: 2 Imm W -SRAM/=EWRAM
[DBG] PASS: 2 Imm W -SRAM/=EWRAM 3
[DBG] PASS: 2 Imm W -SRAM/=EWRAM Old 3
[DBG] DMA test: 3 Imm W -SRAM/=EWRAM
[DBG] PASS: 3 Imm W -SRAM/=EWRAM 3
[DBG] PASS: 3 Imm W -SRAM/=EWRAM Old 3
[DBG] DMA test: 0 Imm W -SRAM/=ROM
[DBG] PASS: 0 Imm W -SRAM/=ROM 3
[DBG] PASS: 0 Imm W -SRAM/=ROM Old 3
[DBG] DMA test: 1 Imm W -SRAM/=ROM
[DBG] PASS: 1 Imm W -SRAM/=ROM 3
[DBG] PASS: 1 Imm W -SRAM/=ROM Old 3
[DBG] DMA test: 2 Imm W -SRAM/=ROM
[DBG] PASS: 2 Imm W -SRAM/=ROM 3
[DBG] PASS: 2 Imm W -SRAM/=ROM Old 3
[DBG] DMA test: 0 HBl H =IWRAM/=IWRAM
[DBG] PASS: 0 HBl H =IWRAM/=IWRAM 3
[DBG] DMA test: 1 HBl H =IWRAM/=IWRAM
[DBG] PASS: 1 HBl H =IWRAM/=IWRAM 3
[DBG] DMA test: 2 HBl H =IWRAM/=IWRAM
[DBG] PASS: 2 HBl H =IWRAM/=IWRAM 3
[DBG] DMA test: 3 HBl H =IWRAM/=IWRAM
[DBG] PASS: 3 HBl H =IWRAM/=IWRAM 3
[DBG] DMA test: 0 HBl H =IWRAM/=EWRAM
[DBG] PASS: 0 HBl H =IWRAM/=EWRAM 3
[DBG] PASS: 0 HBl H =IWRAM/=EWRAM Old 3
[DBG] DMA test: 1 HBl H =IWRAM/=EWRAM
[DBG] PASS: 1 HBl H =IWRAM/=EWRAM 3
[DBG] PASS: 1 HBl H =IWRAM/=EWRAM Old 3
[DBG] DMA test: 2 HBl H =IWRAM/=EWRAM
[DBG] PASS: 2 HBl H =IWRAM/=EWRAM 3
[DBG] PASS: 2 HBl H =IWRAM/=EWRAM Old 3
[DBG] DMA test: 3 HBl H =IWRAM/=EWRAM
[DBG] PASS: 3 HBl H =IWRAM/=EWRAM 3
[DBG] PASS: 3 HBl H =IWRAM/=EWRAM Old 3
[DBG] DMA test: 0 HBl H =IWRAM/=ROM
[DBG] PASS: 0 HBl H =IWRAM/=ROM 3
[DBG] PASS: 0 HBl H =IWRAM/=ROM Old 3
[DBG] DMA test: 1 HBl H =IWRAM/=ROM
[DBG] PASS: 1 HBl H =IWRAM/=ROM 3
[DBG] PASS: 1 HBl H =IWRAM/=ROM Old 3
[DBG] DMA test: 2 HBl H =IWRAM/=ROM
[DBG] PASS: 2 HBl H =IWRAM/=ROM 3
[DBG] PASS: 2 HBl H =IWRAM/=ROM Old 3
[DBG] DMA test: 3 HBl H =IWRAM/=ROM
[DBG] PASS: 3 HBl H =IWRAM/=ROM 3
[DBG] PASS: 3 HBl H =IWRAM/=ROM Old 3
[DBG] DMA test: 0 HBl H =EWRAM/=IWRAM
[DBG] PASS: 0 HBl H =EWRAM/=IWRAM 3
[DBG] DMA test: 1 HBl H =EWRAM/=IWRAM
[DBG] PASS: 1 HBl H =EWRAM/=IWRAM 3
[DBG] DMA test: 2 HBl H =EWRAM/=IWRAM
[DBG] PASS: 2 HBl H =EWRAM/=IWRAM 3
[DBG] DMA test: 3 HBl H =EWRAM/=IWRAM
[DBG] PASS: 3 HBl H =EWRAM/=IWRAM 3
[DBG] DMA test: 0 HBl H =EWRAM/=EWRAM
[DBG] PASS: 0 HBl H =EWRAM/=EWRAM 3
[DBG] PASS: 0 HBl H =EWRAM/=EWRAM Old 3
[DBG] DMA test: 1 HBl H =EWRAM/=EWRAM
[DBG] PASS: 1 HBl H =EWRAM/=EWRAM 3
[DBG] PASS: 1 HBl H =EWRAM/=EWRAM Old 3
[DBG] DMA test: 2 HBl H =EWRAM/=EWRAM
[DBG] PASS: 2 HBl H =EWRAM/=EWRAM 3
[DBG] PASS: 2 HBl H =EWRAM/=EWRAM Old 3
[DBG] DMA test: 3 HBl H =EWRAM/=EWRAM
[DBG] PASS: 3 HBl H =EWRAM/=EWRAM 3
[DBG] PASS: 3 HBl H =EWRAM/=EWRAM Old 3
[DBG] DMA test: 0 HBl H =EWRAM/=ROM
[DBG] PASS: 0 HBl H =EWRAM/=ROM 3
[DBG] PASS: 0 HBl H =EWRAM/=ROM Old 3
[DBG] DMA test: 1 HBl H =EWRAM/=ROM
[DBG] PASS: 1 HBl H =EWRAM/=ROM 3
[DBG] PASS: 1 HBl H =EWRAM/=ROM Old 3
[DBG] DMA test: 2 HBl H =EWRAM/=ROM
[DBG] PASS: 2 HBl H =EWRAM/=ROM 3
[DBG] PASS: 2 HBl H =EWRAM/=ROM Old 3
[DBG] DMA test: 3 HBl H =EWRAM/=ROM
[DBG] PASS: 3 HBl H =EWRAM/=ROM 3
[DBG] PASS: 3 HBl H =EWRAM/=ROM Old 3
[DBG] DMA test: 0 HBl H =ROM/=IWRAM
[DBG] PASS: 0 HBl H =ROM/=IWRAM 3
[DBG] DMA test: 1 HBl H =ROM/=IWRAM
[DBG] PASS: 1 HBl H =ROM/=IWRAM 3
[DBG] DMA test: 2 HBl H =ROM/=IWRAM
[DBG] PASS: 2 HBl H =ROM/=IWRAM 3
[DBG] DMA test: 3 HBl H =ROM/=IWRAM
[DBG] PASS: 3 HBl H =ROM/=IWRAM 3
[DBG] DMA test: 0 HBl H =ROM/=EWRAM
[DBG] PASS: 0 HBl H =ROM/=EWRAM 3
[DBG] PASS: 0 HBl H =ROM/=EWRAM Old 3
[DBG] DMA test: 1 HBl H =ROM/=EWRAM
[DBG] PASS: 1 HBl H =ROM/=EWRAM 3
[DBG] PASS: 1 HBl H =ROM/=EWRAM Old 3
[DBG] DMA test: 2 HBl H =ROM/=EWRAM
[DBG] PASS: 2 HBl H =ROM/=EWRAM 3
[DBG] PASS: 2 HBl H =ROM/=EWRAM Old 3
[DBG] DMA test: 3 HBl H =ROM/=EWRAM
[DBG] PASS: 3 HBl H =ROM/=EWRAM 3
[DBG] PASS: 3 HBl H =ROM/=EWRAM Old 3
[DBG] DMA test: 0 HBl H =ROM/=ROM
[DBG] PASS: 0 HBl H =ROM/=ROM 3
[DBG] PASS: 0 HBl H =ROM/=ROM Old 3
[DBG] DMA test: 1 HBl H =ROM/=ROM
[DBG] PASS: 1 HBl H =ROM/=ROM 3
[DBG] PASS: 1 HBl H =ROM/=ROM Old 3
[DBG] DMA test: 2 HBl H =ROM/=ROM
[DBG] PASS: 2 HBl H =ROM/=ROM 3
[DBG] PASS: 2 HBl H =ROM/=ROM Old 3
[DBG] DMA test: 3 HBl H =ROM/=ROM
[DBG] PASS: 3 HBl H =ROM/=ROM 3
[DBG] PASS: 3 HBl H =ROM/=ROM Old 3
[DBG] DMA test: 0 HBl H =BIOS/=IWRAM
[DBG] PASS: 0 HBl H =BIOS/=IWRAM 3
[DBG] DMA test: 1 HBl H =BIOS/=IWRAM
[DBG] PASS: 1 HBl H =BIOS/=IWRAM 3
[DBG] DMA test: 2 HBl H =BIOS/=IWRAM
[DBG] PASS: 2 HBl H =BIOS/=IWRAM 3
[DBG] DMA test: 3 HBl H =BIOS/=IWRAM
[DBG] PASS: 3 HBl H =BIOS/=IWRAM 3
[DBG] DMA test: 0 HBl H =BIOS/=EWRAM
[DBG] PASS: 0 HBl H =BIOS/=EWRAM 3
[DBG] PASS: 0 HBl H =BIOS/=EWRAM Old 3
[DBG] DMA test: 1 HBl H =BIOS/=EWRAM
[DBG] PASS: 1 HBl H =BIOS/=EWRAM 3
[DBG] PASS: 1 HBl H =BIOS/=EWRAM Old 3
[DBG] DMA test: 2 HBl H =BIOS/=EWRAM
[DBG] PASS: 2 HBl H =BIOS/=EWRAM 3
[DBG] PASS: 2 HBl H =BIOS/=EWRAM Old 3
[DBG] DMA test: 3 HBl H =BIOS/=EWRAM
[DBG] PASS: 3 HBl H =BIOS/=EWRAM 3
[DBG] PASS: 3 HBl H =BIOS/=EWRAM Old 3
[DBG] DMA test: 0 HBl H =BIOS/=ROM
[DBG] PASS: 0 HBl H =BIOS/=ROM 3
[DBG] PASS: 0 HBl H =BIOS/=ROM Old 3
[DBG] DMA test: 1 HBl H =BIOS/=ROM
[DBG] PASS: 1 HBl H =BIOS/=ROM 3
[DBG] PASS: 1 HBl H =BIOS/=ROM Old 3
[DBG] DMA test: 2 HBl H =BIOS/=ROM
[DBG] PASS: 2 HBl H =BIOS/=ROM 3
[DBG] PASS: 2 HBl H =BIOS/=ROM Old 3
[DBG] DMA test: 3 HBl H =BIOS/=ROM
[DBG] PASS: 3 HBl H =BIOS/=ROM 3
[DBG] PASS: 3 HBl H =BIOS/=ROM Old 3
[DBG] DMA test: 0 HBl H =SRAM/=IWRAM
[DBG] PASS: 0 HBl H =SRAM/=IWRAM 3
[DBG] DMA test: 1 HBl H =SRAM/=IWRAM
[DBG] PASS: 1 HBl H =SRAM/=IWRAM 3
[DBG] DMA test: 2 HBl H =SRAM/=IWRAM
[DBG] PASS: 2 HBl H =SRAM/=IWRAM 3
[DBG] DMA test: 3 HBl H =SRAM/=IWRAM
[DBG] PASS: 3 HBl H =SRAM/=IWRAM 3
[DBG] DMA test: 0 HBl H =SRAM/=EWRAM
[DBG] PASS: 0 HBl H =SRAM/=EWRAM 3
[DBG] PASS: 0 HBl H =SRAM/=EWRAM Old 3
[DBG] DMA test: 1 HBl H =SRAM/=EWRAM
[DBG] PASS: 1 HBl H =SRAM/=EWRAM 3
[DBG] PASS: 1 HBl H =SRAM/=EWRAM Old 3
[DBG] DMA test: 2 HBl H =SRAM/=EWRAM
[DBG] PASS: 2 HBl H =SRAM/=EWRAM 3
[DBG] PASS: 2 HBl H =SRAM/=EWRAM Old 3
[DBG] DMA test: 3 HBl H =SRAM/=EWRAM
[DBG] PASS: 3 HBl H =SRAM/=EWRAM 3
[DBG] PASS: 3 HBl H =SRAM/=EWRAM Old 3
[DBG] DMA test: 0 HBl H =SRAM/=ROM
[DBG] PASS: 0 HBl H =SRAM/=ROM 3
[DBG] PASS: 0 HBl H =SRAM/=ROM Old 3
[DBG] DMA test: 1 HBl H =SRAM/=ROM
[DBG] PASS: 1 HBl H =SRAM/=ROM 3
[DBG] PASS: 1 HBl H =SRAM/=ROM Old 3
[DBG] DMA test: 2 HBl H =SRAM/=ROM
[DBG] PASS: 2 HBl H =SRAM/=ROM 3
[DBG] PASS: 2 HBl H =SRAM/=ROM Old 3
[DBG] DMA test: 0 HBl W =IWRAM/=IWRAM
[DBG] PASS: 0 HBl W =IWRAM/=IWRAM 3
[DBG] DMA test: 1 HBl W =IWRAM/=IWRAM
[DBG] PASS: 1 HBl W =IWRAM/=IWRAM 3
[DBG] DMA test: 2 HBl W =IWRAM/=IWRAM
[DBG] PASS: 2 HBl W =IWRAM/=IWRAM 3
[DBG] DMA test: 3 HBl W =IWRAM/=IWRAM
[DBG] PASS: 3 HBl W =IWRAM/=IWRAM 3
[DBG] DMA test: 0 HBl W =IWRAM/=EWRAM
[DBG] PASS: 0 HBl W =IWRAM/=EWRAM 3
[DBG] PASS: 0 HBl W =IWRAM/=EWRAM Old 3
[DBG] DMA test: 1 HBl W =IWRAM/=EWRAM
[DBG] PASS: 1 HBl W =IWRAM/=EWRAM 3
[DBG] PASS: 1 HBl W =IWRAM/=EWRAM Old 3
[DBG] DMA test: 2 HBl W =IWRAM/=EWRAM
[DBG] PASS: 2 HBl W =IWRAM/=EWRAM 3
[DBG] PASS: 2 HBl W =IWRAM/=EWRAM Old 3
[DBG] DMA test: 3 HBl W =IWRAM/=EWRAM
[DBG] PASS: 3 HBl W =IWRAM/=EWRAM 3
[DBG] PASS: 3 HBl W =IWRAM/=EWRAM Old 3
[DBG] DMA test: 0 HBl W =IWRAM/=ROM
[DBG] PASS: 0 HBl W =IWRAM/=ROM 3
[DBG] PASS: 0 HBl W =IWRAM/=ROM Old 3
[DBG] DMA test: 1 HBl W =IWRAM/=ROM
[DBG] PASS: 1 HBl W =IWRAM/=ROM 3
[DBG] PASS: 1 HBl W =IWRAM/=ROM Old 3
[DBG] DMA test: 2 HBl W =IWRAM/=ROM
[DBG] PASS: 2 HBl W =IWRAM/=ROM 3
[DBG] PASS: 2 HBl W =IWRAM/=ROM Old 3
[DBG] DMA test: 3 HBl W =IWRAM/=ROM
[DBG] PASS: 3 HBl W =IWRAM/=ROM 3
[DBG] PASS: 3 HBl W =IWRAM/=ROM Old 3
[DBG] DMA test: 0 HBl W =EWRAM/=IWRAM
[DBG] PASS: 0 HBl W =EWRAM/=IWRAM 3
[DBG] DMA test: 1 HBl W =EWRAM/=IWRAM
[DBG] PASS: 1 HBl W =EWRAM/=IWRAM 3
[DBG] DMA test: 2 HBl W =EWRAM/=IWRAM
[DBG] PASS: 2 HBl W =EWRAM/=IWRAM 3
[DBG] DMA test: 3 HBl W =EWRAM/=IWRAM
[DBG] PASS: 3 HBl W =EWRAM/=IWRAM 3
[DBG] DMA test: 0 HBl W =EWRAM/=EWRAM
[DBG] PASS: 0 HBl W =EWRAM/=EWRAM 3
[DBG] PASS: 0 HBl W =EWRAM/=EWRAM Old 3
[DBG] DMA test: 1 HBl W =EWRAM/=EWRAM
[DBG] PASS: 1 HBl W =EWRAM/=EWRAM 3
[DBG] PASS: 1 HBl W =EWRAM/=EWRAM Old 3
[DBG] DMA test: 2 HBl W =EWRAM/=EWRAM
[DBG] PASS: 2 HBl W =EWRAM/=EWRAM 3
[DBG] PASS: 2 HBl W =EWRAM/=EWRAM Old 3
[DBG] DMA test: 3 HBl W =EWRAM/=EWRAM
[DBG] PASS: 3 HBl W =EWRAM/=EWRAM 3
[DBG] PASS: 3 HBl W =EWRAM/=EWRAM Old 3
[DBG] DMA test: 0 HBl W =EWRAM/=ROM
[DBG] PASS: 0 HBl W =EWRAM/=ROM 3
[DBG] PASS: 0 HBl W =EWRAM/=ROM Old 3
[DBG] DMA test: 1 HBl W =EWRAM/=ROM
[DBG] PASS: 1 HBl W =EWRAM/=ROM 3
[DBG] PASS: 1 HBl W =EWRAM/=ROM Old 3
[DBG] DMA test: 2 HBl W =EWRAM/=ROM
[DBG] PASS: 2 HBl W =EWRAM/=ROM 3
[DBG] PASS: 2 HBl W =EWRAM/=ROM Old 3
[DBG] DMA test: 3 HBl W =EWRAM/=ROM
[DBG] PASS: 3 HBl W =EWRAM/=ROM 3
[DBG] PASS: 3 HBl W =EWRAM/=ROM Old 3
[DBG] DMA test: 0 HBl W =ROM/=IWRAM
[DBG] PASS: 0 HBl W =ROM/=IWRAM 3
[DBG] DMA test: 1 HBl W =ROM/=IWRAM
[DBG] PASS: 1 HBl W =ROM/=IWRAM 3
[DBG] DMA test: 2 HBl W =ROM/=IWRAM
[DBG] PASS: 2 HBl W =ROM/=IWRAM 3
[DBG] DMA test: 3 HBl W =ROM/=IWRAM
[DBG] PASS: 3 HBl W =ROM/=IWRAM 3
[DBG] DMA test: 0 HBl W =ROM/=EWRAM
[DBG] PASS: 0 HBl W =ROM/=EWRAM 3
[DBG] PASS: 0 HBl W =ROM/=EWRAM Old 3
[DBG] DMA test: 1 HBl W =ROM/=EWRAM
[DBG] PASS: 1 HBl W =ROM/=EWRAM 3
[DBG] PASS: 1 HBl W =ROM/=EWRAM Old 3
[DBG] DMA test: 2 HBl W =ROM/=EWRAM
[DBG] PASS: 2 HBl W =ROM/=EWRAM 3
[DBG] PASS: 2 HBl W =ROM/=EWRAM Old 3
[DBG] DMA test: 3 HBl W =ROM/=EWRAM
[DBG] PASS: 3 HBl W =ROM/=EWRAM 3
[DBG] PASS: 3 HBl W =ROM/=EWRAM Old 3
[DBG] DMA test: 0 HBl W =ROM/=ROM
[DBG] PASS: 0 HBl W =ROM/=ROM 3
[DBG] PASS: 0 HBl W =ROM/=ROM Old 3
[DBG] DMA test: 1 HBl W =ROM/=ROM
[DBG] PASS: 1 HBl W =ROM/=ROM 3
[DBG] PASS: 1 HBl W =ROM/=ROM Old 3
[DBG] DMA test: 2 HBl W =ROM/=ROM
[DBG] PASS: 2 HBl W =ROM/=ROM 3
[DBG] PASS: 2 HBl W =ROM/=ROM Old 3
[DBG] DMA test: 3 HBl W =ROM/=ROM
[DBG] PASS: 3 HBl W =ROM/=ROM 3
[DBG] PASS: 3 HBl W =ROM/=ROM Old 3
[DBG] DMA test: 0 HBl W =BIOS/=IWRAM
[DBG] PASS: 0 HBl W =BIOS/=IWRAM 3
[DBG] DMA test: 1 HBl W =BIOS/=IWRAM
[DBG] PASS: 1 HBl W =BIOS/=IWRAM 3
[DBG] DMA test: 2 HBl W =BIOS/=IWRAM
[DBG] PASS: 2 HBl W =BIOS/=IWRAM 3
[DBG] DMA test: 3 HBl W =BIOS/=IWRAM
[DBG] PASS: 3 HBl W =BIOS/=IWRAM 3
[DBG] DMA test: 0 HBl W =BIOS/=EWRAM
[DBG] PASS: 0 HBl W =BIOS/=EWRAM 3
[DBG] PASS: 0 HBl W =BIOS/=EWRAM Old 3
[DBG] DMA test: 1 HBl W =BIOS/=EWRAM
[DBG] PASS: 1 HBl W =BIOS/=EWRAM 3
[DBG] PASS: 1 HBl W =BIOS/=EWRAM Old 3
[DBG] DMA test: 2 HBl W =BIOS/=EWRAM
[DBG] PASS: 2 HBl W =BIOS/=EWRAM 3
[DBG] PASS: 2 HBl W =BIOS/=EWRAM Old 3
[DBG] DMA test: 3 HBl W =BIOS/=EWRAM
[DBG] PASS: 3 HBl W =BIOS/=EWRAM 3
[DBG] PASS: 3 HBl W =BIOS/=EWRAM Old 3
[DBG] DMA test: 0 HBl W =BIOS/=ROM
[DBG] PASS: 0 HBl W =BIOS/=ROM 3
[DBG] PASS: 0 HBl W =BIOS/=ROM Old 3
[DBG] DMA test: 1 HBl W =BIOS/=ROM
[DBG] PASS: 1 HBl W =BIOS/=ROM 3
[DBG] PASS: 1 HBl W =BIOS/=ROM Old 3
[DBG] DMA test: 2 HBl W =BIOS/=ROM
[DBG] PASS: 2 HBl W =BIOS/=ROM 3
[DBG] PASS: 2 HBl W =BIOS/=ROM Old 3
[DBG] DMA test: 3 HBl W =BIOS/=ROM
[DBG] PASS: 3 HBl W =BIOS/=ROM 3
[DBG] PASS: 3 HBl W =BIOS/=ROM Old 3
[DBG] DMA test: 0 HBl W =SRAM/=IWRAM
[DBG] PASS: 0 HBl W =SRAM/=IWRAM 3
[DBG] DMA test: 1 HBl W =SRAM/=IWRAM
[DBG] PASS: 1 HBl W =SRAM/=IWRAM 3
[DBG] DMA test: 2 HBl W =SRAM/=IWRAM
[DBG] PASS: 2 HBl W =SRAM/=IWRAM 3
[DBG] DMA test: 3 HBl W =SRAM/=IWRAM
[DBG] PASS: 3 HBl W =SRAM/=IWRAM 3
[DBG] DMA test: 0 HBl W =SRAM/=EWRAM
[DBG] PASS: 0 HBl W =SRAM/=EWRAM 3
[DBG] PASS: 0 HBl W =SRAM/=EWRAM Old 3
[DBG] DMA test: 1 HBl W =SRAM/=EWRAM
[DBG] PASS: 1 HBl W =SRAM/=EWRAM 3
[DBG] PASS: 1 HBl W =SRAM/=EWRAM Old 3
[DBG] DMA test: 2 HBl W =SRAM/=EWRAM
[DBG] PASS: 2 HBl W =SRAM/=EWRAM 3
[DBG] PASS: 2 HBl W =SRAM/=EWRAM Old 3
[DBG] DMA test: 3 HBl W =SRAM/=EWRAM
[DBG] PASS: 3 HBl W =SRAM/=EWRAM 3
[DBG] PASS: 3 HBl W =SRAM/=EWRAM Old 3
[DBG] DMA test: 0 HBl W =SRAM/=ROM
[DBG] PASS: 0 HBl W =SRAM/=ROM 3
[DBG] PASS: 0 HBl W =SRAM/=ROM Old 3
[DBG] DMA test: 1 HBl W =SRAM/=ROM
[DBG] PASS: 1 HBl W =SRAM/=ROM 3
[DBG] PASS: 1 HBl W =SRAM/=ROM Old 3
[DBG] DMA test: 2 HBl W =SRAM/=ROM
[DBG] PASS: 2 HBl W =SRAM/=ROM 3
[DBG] PASS: 2 HBl W =SRAM/=ROM Old 3
[DBG] DMA test: 0 HBl H +IWRAM/=IWRAM
[DBG] PASS: 0 HBl H +IWRAM/=IWRAM 3
[DBG] DMA test: 1 HBl H +IWRAM/=IWRAM
[DBG] PASS: 1 HBl H +IWRAM/=IWRAM 3
[DBG] DMA test: 2 HBl H +IWRAM/=IWRAM
[DBG] PASS: 2 HBl H +IWRAM/=IWRAM 3
[DBG] DMA test: 3 HBl H +IWRAM/=IWRAM
[DBG] PASS: 3 HBl H +IWRAM/=IWRAM 3
[DBG] DMA test: 0 HBl H +IWRAM/=EWRAM
[DBG] PASS: 0 HBl H +IWRAM/=EWRAM 3
[DBG] PASS: 0 HBl H +IWRAM/=EWRAM Old 3
[DBG] DMA test: 1 HBl H +IWRAM/=EWRAM
[DBG] PASS: 1 HBl H +IWRAM/=EWRAM 3
[DBG] PASS: 1 HBl H +IWRAM/=EWRAM Old 3
[DBG] DMA test: 2 HBl H +IWRAM/=EWRAM
[DBG] PASS: 2 HBl H +IWRAM/=EWRAM 3
[DBG] PASS: 2 HBl H +IWRAM/=EWRAM Old 3
[DBG] DMA test: 3 HBl H +IWRAM/=EWRAM
[DBG] PASS: 3 HBl H +IWRAM/=EWRAM 3
[DBG] PASS: 3 HBl H +IWRAM/=EWRAM Old 3
[DBG] DMA test: 0 HBl H +IWRAM/=ROM
[DBG] PASS: 0 HBl H +IWRAM/=ROM 3
[DBG] PASS: 0 HBl H +IWRAM/=ROM Old 3
[DBG] DMA test: 1 HBl H +IWRAM/=ROM
[DBG] PASS: 1 HBl H +IWRAM/=ROM 3
[DBG] PASS: 1 HBl H +IWRAM/=ROM Old 3
[DBG] DMA test: 2 HBl H +IWRAM/=ROM
[DBG] PASS: 2 HBl H +IWRAM/=ROM 3
[DBG] PASS: 2 HBl H +IWRAM/=ROM Old 3
[DBG] DMA test: 3 HBl H +IWRAM/=ROM
[DBG] PASS: 3 HBl H +IWRAM/=ROM 3
[DBG] PASS: 3 HBl H +IWRAM/=ROM Old 3
[DBG] DMA test: 0 HBl H +EWRAM/=IWRAM
[DBG] PASS: 0 HBl H +EWRAM/=IWRAM 3
[DBG] DMA test: 1 HBl H +EWRAM/=IWRAM
[DBG] PASS: 1 HBl H +EWRAM/=IWRAM 3
[DBG] DMA test: 2 HBl H +EWRAM/=IWRAM
[DBG] PASS: 2 HBl H +EWRAM/=IWRAM 3
[DBG] DMA test: 3 HBl H +EWRAM/=IWRAM
[DBG] PASS: 3 HBl H +EWRAM/=IWRAM 3
[DBG] DMA test: 0 HBl H +EWRAM/=EWRAM
[DBG] PASS: 0 HBl H +EWRAM/=EWRAM 3
[DBG] PASS: 0 HBl H +EWRAM/=EWRAM Old 3
[DBG] DMA test: 1 HBl H +EWRAM/=EWRAM
[DBG] PASS: 1 HBl H +EWRAM/=EWRAM 3
[DBG] PASS: 1 HBl H +EWRAM/=EWRAM Old 3
[DBG] DMA test: 2 HBl H +EWRAM/=EWRAM
[DBG] PASS: 2 HBl H +EWRAM/=EWRAM 3
[DBG] PASS: 2 HBl H +EWRAM/=EWRAM Old 3
[DBG] DMA test: 3 HBl H +EWRAM/=EWRAM
[DBG] PASS: 3 HBl H +EWRAM/=EWRAM 3
[DBG] PASS: 3 HBl H +EWRAM/=EWRAM Old 3
[DBG] DMA test: 0 HBl H +EWRAM/=ROM
[DBG] PASS: 0 HBl H +EWRAM/=ROM 3
[DBG] PASS: 0 HBl H +EWRAM/=ROM Old 3
[DBG] DMA test: 1 HBl H +EWRAM/=ROM
[DBG] PASS: 1 HBl H +EWRAM/=ROM 3
[DBG] PASS: 1 HBl H +EWRAM/=ROM Old 3
[DBG] DMA test: 2 HBl H +EWRAM/=ROM
[DBG] PASS: 2 HBl H +EWRAM/=ROM 3
[DBG] PASS: 2 HBl H +EWRAM/=ROM Old 3
[DBG] DMA test: 3 HBl H +EWRAM/=ROM
[DBG] PASS: 3 HBl H +EWRAM/=ROM 3
[DBG] PASS: 3 HBl H +EWRAM/=ROM Old 3
[DBG] DMA test: 0 HBl H +ROM/=IWRAM
[DBG] PASS: 0 HBl H +ROM/=IWRAM 3
[DBG] DMA test: 1 HBl H +ROM/=IWRAM
[DBG] PASS: 1 HBl H +ROM/=IWRAM 3
[DBG] DMA test: 2 HBl H +ROM/=IWRAM
[DBG] PASS: 2 HBl H +ROM/=IWRAM 3
[DBG] DMA test: 3 HBl H +ROM/=IWRAM
[DBG] PASS: 3 HBl H +ROM/=IWRAM 3
[DBG] DMA test: 0 HBl H +ROM/=EWRAM
[DBG] PASS: 0 HBl H +ROM/=EWRAM 3
[DBG] PASS: 0 HBl H +ROM/=EWRAM Old 3
[DBG] DMA test: 1 HBl H +ROM/=EWRAM
[DBG] PASS: 1 HBl H +ROM/=EWRAM 3
[DBG] PASS: 1 HBl H +ROM/=EWRAM Old 3
[DBG] DMA test: 2 HBl H +ROM/=EWRAM
[DBG] PASS: 2 HBl H +ROM/=EWRAM 3
[DBG] PASS: 2 HBl H +ROM/=EWRAM Old 3
[DBG] DMA test: 3 HBl H +ROM/=EWRAM
[DBG] PASS: 3 HBl H +ROM/=EWRAM 3
[DBG] PASS: 3 HBl H +ROM/=EWRAM Old 3
[DBG] DMA test: 0 HBl H +ROM/=ROM
[DBG] PASS: 0 HBl H +ROM/=ROM 3
[DBG] PASS: 0 HBl H +ROM/=ROM Old 3
[DBG] DMA test: 1 HBl H +ROM/=ROM
[DBG] PASS: 1 HBl H +ROM/=ROM 3
[DBG] PASS: 1 HBl H +ROM/=ROM Old 3
[DBG] DMA test: 2 HBl H +ROM/=ROM
[DBG] PASS: 2 HBl H +ROM/=ROM 3
[DBG] PASS: 2 HBl H +ROM/=ROM Old 3
[DBG] DMA test: 3 HBl H +ROM/=ROM
[DBG] PASS: 3 HBl H +ROM/=ROM 3
[DBG] PASS: 3 HBl H +ROM/=ROM Old 3
[DBG] DMA test: 0 HBl H +BIOS/=IWRAM
[DBG] PASS: 0 HBl H +BIOS/=IWRAM 3
[DBG] DMA test: 1 HBl H +BIOS/=IWRAM
[DBG] PASS: 1 HBl H +BIOS/=IWRAM 3
[DBG] DMA test: 2 HBl H +BIOS/=IWRAM
[DBG] PASS: 2 HBl H +BIOS/=IWRAM 3
[DBG] DMA test: 3 HBl H +BIOS/=IWRAM
[DBG] PASS: 3 HBl H +BIOS/=IWRAM 3
[DBG] DMA test: 0 HBl H +BIOS/=EWRAM
[DBG] PASS: 0 HBl H +BIOS/=EWRAM 3
[DBG] PASS: 0 HBl H +BIOS/=EWRAM Old 3
[DBG] DMA test: 1 HBl H +BIOS/=EWRAM
[DBG] PASS: 1 HBl H +BIOS/=EWRAM 3
[DBG] PASS: 1 HBl H +BIOS/=EWRAM Old 3
[DBG] DMA test: 2 HBl H +BIOS/=EWRAM
[DBG] PASS: 2 HBl H +BIOS/=EWRAM 3
[DBG] PASS: 2 HBl H +BIOS/=EWRAM Old 3
[DBG] DMA test: 3 HBl H +BIOS/=EWRAM
[DBG] PASS: 3 HBl H +BIOS/=EWRAM 3
[DBG] PASS: 3 HBl H +BIOS/=EWRAM Old 3
[DBG] DMA test: 0 HBl H +BIOS/=ROM
[DBG] PASS: 0 HBl H +BIOS/=ROM 3
[DBG] PASS: 0 HBl H +BIOS/=ROM Old 3
[DBG] DMA test: 1 HBl H +BIOS/=ROM
[DBG] PASS: 1 HBl H +BIOS/=ROM 3
[DBG] PASS: 1 HBl H +BIOS/=ROM Old 3
[DBG] DMA test: 2 HBl H +BIOS/=ROM
[DBG] PASS: 2 HBl H +BIOS/=ROM 3
[DBG] PASS: 2 HBl H +BIOS/=ROM Old 3
[DBG] DMA test: 3 HBl H +BIOS/=ROM
[DBG] PASS: 3 HBl H +BIOS/=ROM 3
[DBG] PASS: 3 HBl H +BIOS/=ROM Old 3
[DBG] DMA test: 0 HBl H +SRAM/=IWRAM
[DBG] PASS: 0 HBl H +SRAM/=IWRAM 3
[DBG] DMA test: 1 HBl H +SRAM/=IWRAM
[DBG] PASS: 1 HBl H +SRAM/=IWRAM 3
[DBG] DMA test: 2 HBl H +SRAM/=IWRAM
[DBG] PASS: 2 HBl H +SRAM/=IWRAM 3
[DBG] DMA test: 3 HBl H +SRAM/=IWRAM
[DBG] PASS: 3 HBl H +SRAM/=IWRAM 3
[DBG] DMA test: 0 HBl H +SRAM/=EWRAM
[DBG] PASS: 0 HBl H +SRAM/=EWRAM 3
[DBG] PASS: 0 HBl H +SRAM/=EWRAM Old 3
[DBG] DMA test: 1 HBl H +SRAM/=EWRAM
[DBG] PASS: 1 HBl H +SRAM/=EWRAM 3
[DBG] PASS: 1 HBl H +SRAM/=EWRAM Old 3
[DBG] DMA test: 2 HBl H +SRAM/=EWRAM
[DBG] PASS: 2 HBl H +SRAM/=EWRAM 3
[DBG] PASS: 2 HBl H +SRAM/=EWRAM Old 3
[DBG] DMA test: 3 HBl H +SRAM/=EWRAM
[DBG] PASS: 3 HBl H +SRAM/=EWRAM 3
[DBG] PASS: 3 HBl H +SRAM/=EWRAM Old 3
[DBG] DMA test: 0 HBl H +SRAM/=ROM
[DBG] PASS: 0 HBl H +SRAM/=ROM 3
[DBG] PASS: 0 HBl H +SRAM/=ROM Old 3
[DBG] DMA test: 1 HBl H +SRAM/=ROM
[DBG] PASS: 1 HBl H +SRAM/=ROM 3
[DBG] PASS: 1 HBl H +SRAM/=ROM Old 3
[DBG] DMA test: 2 HBl H +SRAM/=ROM
[DBG] PASS: 2 HBl H +SRAM/=ROM 3
[DBG] PASS: 2 HBl H +SRAM/=ROM Old 3
[DBG] DMA test: 0 HBl W +IWRAM/=IWRAM
[DBG] PASS: 0 HBl W +IWRAM/=IWRAM 3
[DBG] DMA test: 1 HBl W +IWRAM/=IWRAM
[DBG] PASS: 1 HBl W +IWRAM/=IWRAM 3
[DBG] DMA test: 2 HBl W +IWRAM/=IWRAM
[DBG] PASS: 2 HBl W +IWRAM/=IWRAM 3
[DBG] DMA test: 3 HBl W +IWRAM/=IWRAM
[DBG] PASS: 3 HBl W +IWRAM/=IWRAM 3
[DBG] DMA test: 0 HBl W +IWRAM/=EWRAM
[DBG] PASS: 0 HBl W +IWRAM/=EWRAM 3
[DBG] PASS: 0 HBl W +IWRAM/=EWRAM Old 3
[DBG] DMA test: 1 HBl W +IWRAM/=EWRAM
[DBG] PASS: 1 HBl W +IWRAM/=EWRAM 3
[DBG] PASS: 1 HBl W +IWRAM/=EWRAM Old 3
[DBG] DMA test: 2 HBl W +IWRAM/=EWRAM
[DBG] PASS: 2 HBl W +IWRAM/=EWRAM 3
[DBG] PASS: 2 HBl W +IWRAM/=EWRAM Old 3
[DBG] DMA test: 3 HBl W +IWRAM/=EWRAM
[DBG] PASS: 3 HBl W +IWRAM/=EWRAM 3
[DBG] PASS: 3 HBl W +IWRAM/=EWRAM Old 3
[DBG] DMA test: 0 HBl W +IWRAM/=ROM
[DBG] PASS: 0 HBl W +IWRAM/=ROM 3
[DBG] PASS: 0 HBl W +IWRAM/=ROM Old 3
[DBG] DMA test: 1 HBl W +IWRAM/=ROM
[DBG] PASS: 1 HBl W +IWRAM/=ROM 3
[DBG] PASS: 1 HBl W +IWRAM/=ROM Old 3
[DBG] DMA test: 2 HBl W +IWRAM/=ROM
[DBG] PASS: 2 HBl W +IWRAM/=ROM 3
[DBG] PASS: 2 HBl W +IWRAM/=ROM Old 3
[DBG] DMA test: 3 HBl W +IWRAM/=ROM
[DBG] PASS: 3 HBl W +IWRAM/=ROM 3
[DBG] PASS: 3 HBl W +IWRAM/=ROM Old 3
[DBG] DMA test: 0 HBl W +EWRAM/=IWRAM
[DBG] PASS: 0 HBl W +EWRAM/=IWRAM 3
[DBG] DMA test: 1 HBl W +EWRAM/=IWRAM
[DBG] PASS: 1 HBl W +EWRAM/=IWRAM 3
[DBG] DMA test: 2 HBl W +EWRAM/=IWRAM
[DBG] PASS: 2 HBl W +EWRAM/=IWRAM 3
[DBG] DMA test: 3 HBl W +EWRAM/=IWRAM
[DBG] PASS: 3 HBl W +EWRAM/=IWRAM 3
[DBG] DMA test: 0 HBl W +EWRAM/=EWRAM
[DBG] PASS: 0 HBl W +EWRAM/=EWRAM 3
[DBG] PASS: 0 HBl W +EWRAM/=EWRAM Old 3
[DBG] DMA test: 1 HBl W +EWRAM/=EWRAM
[DBG] PASS: 1 HBl W +EWRAM/=EWRAM 3
[DBG] PASS: 1 HBl W +EWRAM/=EWRAM Old 3
[DBG] DMA test: 2 HBl W +EWRAM/=EWRAM
[DBG] PASS: 2 HBl W +EWRAM/=EWRAM 3
[DBG] PASS: 2 HBl W +EWRAM/=EWRAM Old 3
[DBG] DMA test: 3 HBl W +EWRAM/=EWRAM
[DBG] PASS: 3 HBl W +EWRAM/=EWRAM 3
[DBG] PASS: 3 HBl W +EWRAM/=EWRAM Old 3
[DBG] DMA test: 0 HBl W +EWRAM/=ROM
[DBG] PASS: 0 HBl W +EWRAM/=ROM 3
[DBG] PASS: 0 HBl W +EWRAM/=ROM Old 3
[DBG] DMA test: 1 HBl W +EWRAM/=ROM
[DBG] PASS: 1 HBl W +EWRAM/=ROM 3
[DBG] PASS: 1 HBl W +EWRAM/=ROM Old 3
[DBG] DMA test: 2 HBl W +EWRAM/=ROM
[DBG] PASS: 2 HBl W +EWRAM/=ROM 3
[DBG] PASS: 2 HBl W +EWRAM/=ROM Old 3
[DBG] DMA test: 3 HBl W +EWRAM/=ROM
[DBG] PASS: 3 HBl W +EWRAM/=ROM 3
[DBG] PASS: 3 HBl W +EWRAM/=ROM Old 3
[DBG] DMA test: 0 HBl W +ROM/=IWRAM
[DBG] PASS: 0 HBl W +ROM/=IWRAM 3
[DBG] DMA test: 1 HBl W +ROM/=IWRAM
[DBG] PASS: 1 HBl W +ROM/=IWRAM 3
[DBG] DMA test: 2 HBl W +ROM/=IWRAM
[DBG] PASS: 2 HBl W +ROM/=IWRAM 3
[DBG] DMA test: 3 HBl W +ROM/=IWRAM
[DBG] PASS: 3 HBl W +ROM/=IWRAM 3
[DBG] DMA test: 0 HBl W +ROM/=EWRAM
[DBG] PASS: 0 HBl W +ROM/=EWRAM 3
[DBG] PASS: 0 HBl W +ROM/=EWRAM Old 3
[DBG] DMA test: 1 HBl W +ROM/=EWRAM
[DBG] PASS: 1 HBl W +ROM/=EWRAM 3
[DBG] PASS: 1 HBl W +ROM/=EWRAM Old 3
[DBG] DMA test: 2 HBl W +ROM/=EWRAM
[DBG] PASS: 2 HBl W +ROM/=EWRAM 3
[DBG] PASS: 2 HBl W +ROM/=EWRAM Old 3
[DBG] DMA test: 3 HBl W +ROM/=EWRAM
[DBG] PASS: 3 HBl W +ROM/=EWRAM 3
[DBG] PASS: 3 HBl W +ROM/=EWRAM Old 3
[DBG] DMA test: 0 HBl W +ROM/=ROM
[DBG] PASS: 0 HBl W +ROM/=ROM 3
[DBG] PASS: 0 HBl W +ROM/=ROM Old 3
[DBG] DMA test: 1 HBl W +ROM/=ROM
[DBG] PASS: 1 HBl W +ROM/=ROM 3
[DBG] PASS: 1 HBl W +ROM/=ROM Old 3
[DBG] DMA test: 2 HBl W +ROM/=ROM
[DBG] PASS: 2 HBl W +ROM/=ROM 3
[DBG] PASS: 2 HBl W +ROM/=ROM Old 3
[DBG] DMA test: 3 HBl W +ROM/=ROM
[DBG] PASS: 3 HBl W +ROM/=ROM 3
[DBG] PASS: 3 HBl W +ROM/=ROM Old 3
[DBG] DMA test: 0 HBl W +BIOS/=IWRAM
[DBG] PASS: 0 HBl W +BIOS/=IWRAM 3
[DBG] DMA test: 1 HBl W +BIOS/=IWRAM
[DBG] PASS: 1 HBl W +BIOS/=IWRAM 3
[DBG] DMA test: 2 HBl W +BIOS/=IWRAM
[DBG] PASS: 2 HBl W +BIOS/=IWRAM 3
[DBG] DMA test: 3 HBl W +BIOS/=IWRAM
[DBG] PASS: 3 HBl W +BIOS/=IWRAM 3
[DBG] DMA test: 0 HBl W +BIOS/=EWRAM
[DBG] PASS: 0 HBl W +BIOS/=EWRAM 3
[DBG] PASS: 0 HBl W +BIOS/=EWRAM Old 3
[DBG] DMA test: 1 HBl W +BIOS/=EWRAM
[DBG] PASS: 1 HBl W +BIOS/=EWRAM 3
[DBG] PASS: 1 HBl W +BIOS/=EWRAM Old 3
[DBG] DMA test: 2 HBl W +BIOS/=EWRAM
[DBG] PASS: 2 HBl W +BIOS/=EWRAM 3
[DBG] PASS: 2 HBl W +BIOS/=EWRAM Old 3
[DBG] DMA test: 3 HBl W +BIOS/=EWRAM
[DBG] PASS: 3 HBl W +BIOS/=EWRAM 3
[DBG] PASS: 3 HBl W +BIOS/=EWRAM Old 3
[DBG] DMA test: 0 HBl W +BIOS/=ROM
[DBG] PASS: 0 HBl W +BIOS/=ROM 3
[DBG] PASS: 0 HBl W +BIOS/=ROM Old 3
[DBG] DMA test: 1 HBl W +BIOS/=ROM
[DBG] PASS: 1 HBl W +BIOS/=ROM 3
[DBG] PASS: 1 HBl W +BIOS/=ROM Old 3
[DBG] DMA test: 2 HBl W +BIOS/=ROM
[DBG] PASS: 2 HBl W +BIOS/=ROM 3
[DBG] PASS: 2 HBl W +BIOS/=ROM Old 3
[DBG] DMA test: 3 HBl W +BIOS/=ROM
[DBG] PASS: 3 HBl W +BIOS/=ROM 3
[DBG] PASS: 3 HBl W +BIOS/=ROM Old 3
[DBG] DMA test: 0 HBl W +SRAM/=IWRAM
[DBG] PASS: 0 HBl W +SRAM/=IWRAM 3
[DBG] DMA test: 1 HBl W +SRAM/=IWRAM
[DBG] PASS: 1 HBl W +SRAM/=IWRAM 3
[DBG] DMA test: 2 HBl W +SRAM/=IWRAM
[DBG] PASS: 2 HBl W +SRAM/=IWRAM 3
[DBG] DMA test: 3 HBl W +SRAM/=IWRAM
[DBG] PASS: 3 HBl W +SRAM/=IWRAM 3
[DBG] DMA test: 0 HBl W +SRAM/=EWRAM
[DBG] PASS: 0 HBl W +SRAM/=EWRAM 3
[DBG] PASS: 0 HBl W +SRAM/=EWRAM Old 3
[DBG] DMA test: 1 HBl W +SRAM/=EWRAM
[DBG] PASS: 1 HBl W +SRAM/=EWRAM 3
[DBG] PASS: 1 HBl W +SRAM/=EWRAM Old 3
[DBG] DMA test: 2 HBl W +SRAM/=EWRAM
[DBG] PASS: 2 HBl W +SRAM/=EWRAM 3
[DBG] PASS: 2 HBl W +SRAM/=EWRAM Old 3
[DBG] DMA test: 3 HBl W +SRAM/=EWRAM
[DBG] PASS: 3 HBl W +SRAM/=EWRAM 3
[DBG] PASS: 3 HBl W +SRAM/=EWRAM Old 3
[DBG] DMA test: 0 HBl W +SRAM/=ROM
[DBG] PASS: 0 HBl W +SRAM/=ROM 3
[DBG] PASS: 0 HBl W +SRAM/=ROM Old 3
[DBG] DMA test: 1 HBl W +SRAM/=ROM
[DBG] PASS: 1 HBl W +SRAM/=ROM 3
[DBG] PASS: 1 HBl W +SRAM/=ROM Old 3
[DBG] DMA test: 2 HBl W +SRAM/=ROM
[DBG] PASS: 2 HBl W +SRAM/=ROM 3
[DBG] PASS: 2 HBl W +SRAM/=ROM Old 3
[DBG] DMA test: 0 HBl H -IWRAM/=IWRAM
[DBG] PASS: 0 HBl H -IWRAM/=IWRAM 3
[DBG] DMA test: 1 HBl H -IWRAM/=IWRAM
[DBG] PASS: 1 HBl H -IWRAM/=IWRAM 3
[DBG] DMA test: 2 HBl H -IWRAM/=IWRAM
[DBG] PASS: 2 HBl H -IWRAM/=IWRAM 3
[DBG] DMA test: 3 HBl H -IWRAM/=IWRAM
[DBG] PASS: 3 HBl H -IWRAM/=IWRAM 3
[DBG] DMA test: 0 HBl H -IWRAM/=EWRAM
[DBG] PASS: 0 HBl H -IWRAM/=EWRAM 3
[DBG] PASS: 0 HBl H -IWRAM/=EWRAM Old 3
[DBG] DMA test: 1 HBl H -IWRAM/=EWRAM
[DBG] PASS: 1 HBl H -IWRAM/=EWRAM 3
[DBG] PASS: 1 HBl H -IWRAM/=EWRAM Old 3
[DBG] DMA test: 2 HBl H -IWRAM/=EWRAM
[DBG] PASS: 2 HBl H -IWRAM/=EWRAM 3
[DBG] PASS: 2 HBl H -IWRAM/=EWRAM Old 3
[DBG] DMA test: 3 HBl H -IWRAM/=EWRAM
[DBG] PASS: 3 HBl H -IWRAM/=EWRAM 3
[DBG] PASS: 3 HBl H -IWRAM/=EWRAM Old 3
[DBG] DMA test: 0 HBl H -IWRAM/=ROM
[DBG] PASS: 0 HBl H -IWRAM/=ROM 3
[DBG] PASS: 0 HBl H -IWRAM/=ROM Old 3
[DBG] DMA test: 1 HBl H -IWRAM/=ROM
[DBG] PASS: 1 HBl H -IWRAM/=ROM 3
[DBG] PASS: 1 HBl H -IWRAM/=ROM Old 3
[DBG] DMA test: 2 HBl H -IWRAM/=ROM
[DBG] PASS: 2 HBl H -IWRAM/=ROM 3
[DBG] PASS: 2 HBl H -IWRAM/=ROM Old 3
[DBG] DMA test: 3 HBl H -IWRAM/=ROM
[DBG] PASS: 3 HBl H -IWRAM/=ROM 3
[DBG] PASS: 3 HBl H -IWRAM/=ROM Old 3
[DBG] DMA test: 0 HBl H -EWRAM/=IWRAM
[DBG] PASS: 0 HBl H -EWRAM/=IWRAM 3
[DBG] DMA test: 1 HBl H -EWRAM/=IWRAM
[DBG] PASS: 1 HBl H -EWRAM/=IWRAM 3
[DBG] DMA test: 2 HBl H -EWRAM/=IWRAM
[DBG] PASS: 2 HBl H -EWRAM/=IWRAM 3
[DBG] DMA test: 3 HBl H -EWRAM/=IWRAM
[DBG] PASS: 3 HBl H -EWRAM/=IWRAM 3
[DBG] DMA test: 0 HBl H -EWRAM/=EWRAM
[DBG] PASS: 0 HBl H -EWRAM/=EWRAM 3
[DBG] PASS: 0 HBl H -EWRAM/=EWRAM Old 3
[DBG] DMA test: 1 HBl H -EWRAM/=EWRAM
[DBG] PASS: 1 HBl H -EWRAM/=EWRAM 3
[DBG] PASS: 1 HBl H -EWRAM/=EWRAM Old 3
[DBG] DMA test: 2 HBl H -EWRAM/=EWRAM
[DBG] PASS: 2 HBl H -EWRAM/=EWRAM 3
[DBG] PASS: 2 HBl H -EWRAM/=EWRAM Old 3
[DBG] DMA test: 3 HBl H -EWRAM/=EWRAM
[DBG] PASS: 3 HBl H -EWRAM/=EWRAM 3
[DBG] PASS: 3 HBl H -EWRAM/=EWRAM Old 3
[DBG] DMA test: 0 HBl H -EWRAM/=ROM
[DBG] PASS: 0 HBl H -EWRAM/=ROM 3
[DBG] PASS: 0 HBl H -EWRAM/=ROM Old 3
[DBG] DMA test: 1 HBl H -EWRAM/=ROM
[DBG] PASS: 1 HBl H -EWRAM/=ROM 3
[DBG] PASS: 1 HBl H -EWRAM/=ROM Old 3
[DBG] DMA test: 2 HBl H -EWRAM/=ROM
[DBG] PASS: 2 HBl H -EWRAM/=ROM 3
[DBG] PASS: 2 HBl H -EWRAM/=ROM Old 3
[DBG] DMA test: 3 HBl H -EWRAM/=ROM
[DBG] PASS: 3 HBl H -EWRAM/=ROM 3
[DBG] PASS: 3 HBl H -EWRAM/=ROM Old 3
[DBG] DMA test: 0 HBl H -ROM/=IWRAM
[DBG] PASS: 0 HBl H -ROM/=IWRAM 3
[DBG] DMA test: 1 HBl H -ROM/=IWRAM
[DBG] PASS: 1 HBl H -ROM/=IWRAM 3
[DBG] DMA test: 2 HBl H -ROM/=IWRAM
[DBG] PASS: 2 HBl H -ROM/=IWRAM 3
[DBG] DMA test: 3 HBl H -ROM/=IWRAM
[DBG] PASS: 3 HBl H -ROM/=IWRAM 3
[DBG] DMA test: 0 HBl H -ROM/=EWRAM
[DBG] PASS: 0 HBl H -ROM/=EWRAM 3
[DBG] PASS: 0 HBl H -ROM/=EWRAM Old 3
[DBG] DMA test: 1 HBl H -ROM/=EWRAM
[DBG] PASS: 1 HBl H -ROM/=EWRAM 3
[DBG] PASS: 1 HBl H -ROM/=EWRAM Old 3
[DBG] DMA test: 2 HBl H -ROM/=EWRAM
[DBG] PASS: 2 HBl H -ROM/=EWRAM 3
[DBG] PASS: 2 HBl H -ROM/=EWRAM Old 3
[DBG] DMA test: 3 HBl H -ROM/=EWRAM
[DBG] PASS: 3 HBl H -ROM/=EWRAM 3
[DBG] PASS: 3 HBl H -ROM/=EWRAM Old 3
[DBG] DMA test: 0 HBl H -ROM/=ROM
[DBG] PASS: 0 HBl H -ROM/=ROM 3
[DBG] PASS: 0 HBl H -ROM/=ROM Old 3
[DBG] DMA test: 1 HBl H -ROM/=ROM
[DBG] PASS: 1 HBl H -ROM/=ROM 3
[DBG] PASS: 1 HBl H -ROM/=ROM Old 3
[DBG] DMA test: 2 HBl H -ROM/=ROM
[DBG] PASS: 2 HBl H -ROM/=ROM 3
[DBG] PASS: 2 HBl H -ROM/=ROM Old 3
[DBG] DMA test: 3 HBl H -ROM/=ROM
[DBG] PASS: 3 HBl H -ROM/=ROM 3
[DBG] PASS: 3 HBl H -ROM/=ROM Old 3
[DBG] DMA test: 0 HBl H -BIOS/=IWRAM
[DBG] PASS: 0 HBl H -BIOS/=IWRAM 3
[DBG] DMA test: 1 HBl H -BIOS/=IWRAM
[DBG] PASS: 1 HBl H -BIOS/=IWRAM 3
[DBG] DMA test: 2 HBl H -BIOS/=IWRAM
[DBG] PASS: 2 HBl H -BIOS/=IWRAM 3
[DBG] DMA test: 3 HBl H -BIOS/=IWRAM
[DBG] PASS: 3 HBl H -BIOS/=IWRAM 3
[DBG] DMA test: 0 HBl H -BIOS/=EWRAM
[DBG] PASS: 0 HBl H -BIOS/=EWRAM 3
[DBG] PASS: 0 HBl H -BIOS/=EWRAM Old 3
[DBG] DMA test: 1 HBl H -BIOS/=EWRAM
[DBG] PASS: 1 HBl H -BIOS/=EWRAM 3
[DBG] PASS: 1 HBl H -BIOS/=EWRAM Old 3
[DBG] DMA test: 2 HBl H -BIOS/=EWRAM
[DBG] PASS: 2 HBl H -BIOS/=EWRAM 3
[DBG] PASS: 2 HBl H -BIOS/=EWRAM Old 3
[DBG] DMA test: 3 HBl H -BIOS/=EWRAM
[DBG] PASS: 3 HBl H -BIOS/=EWRAM 3
[DBG] PASS: 3 HBl H -BIOS/=EWRAM Old 3
[DBG] DMA test: 0 HBl H -BIOS/=ROM
[DBG] PASS: 0 HBl H -BIOS/=ROM 3
[DBG] PASS: 0 HBl H -BIOS/=ROM Old 3
[DBG] DMA test: 1 HBl H -BIOS/=ROM
[DBG] PASS: 1 HBl H -BIOS/=ROM 3
[DBG] PASS: 1 HBl H -BIOS/=ROM Old 3
[DBG] DMA test: 2 HBl H -BIOS/=ROM
[DBG] PASS: 2 HBl H -BIOS/=ROM 3
[DBG] PASS: 2 HBl H -BIOS/=ROM Old 3
[DBG] DMA test: 3 HBl H -BIOS/=ROM
[DBG] PASS: 3 HBl H -BIOS/=ROM 3
[DBG] PASS: 3 HBl H -BIOS/=ROM Old 3
[DBG] DMA test: 0 HBl H -SRAM/=IWRAM
[DBG] PASS: 0 HBl H -SRAM/=IWRAM 3
[DBG] DMA test: 1 HBl H -SRAM/=IWRAM
[DBG] PASS: 1 HBl H -SRAM/=IWRAM 3
[DBG] DMA test: 2 HBl H -SRAM/=IWRAM
[DBG] PASS: 2 HBl H -SRAM/=IWRAM 3
[DBG] DMA test: 3 HBl H -SRAM/=IWRAM
[DBG] PASS: 3 HBl H -SRAM/=IWRAM 3
[DBG] DMA test: 0 HBl H -SRAM/=EWRAM
[DBG] PASS: 0 HBl H -SRAM/=EWRAM 3
[DBG] PASS: 0 HBl H -SRAM/=EWRAM Old 3
[DBG] DMA test: 1 HBl H -SRAM/=EWRAM
[DBG] PASS: 1 HBl H -SRAM/=EWRAM 3
[DBG] PASS: 1 HBl H -SRAM/=EWRAM Old 3
[DBG] DMA test: 2 HBl H -SRAM/=EWRAM
[DBG] PASS: 2 HBl H -SRAM/=EWRAM 3
[DBG] PASS: 2 HBl H -SRAM/=EWRAM Old 3
[DBG] DMA test: 3 HBl H -SRAM/=EWRAM
[DBG] PASS: 3 HBl H -SRAM/=EWRAM 3
[DBG] PASS: 3 HBl H -SRAM/=EWRAM Old 3
[DBG] DMA test: 0 HBl H -SRAM/=ROM
[DBG] PASS: 0 HBl H -SRAM/=ROM 3
[DBG] PASS: 0 HBl H -SRAM/=ROM Old 3
[DBG] DMA test: 1 HBl H -SRAM/=ROM
[DBG] PASS: 1 HBl H -SRAM/=ROM 3
[DBG] PASS: 1 HBl H -SRAM/=ROM Old 3
[DBG] DMA test: 2 HBl H -SRAM/=ROM
[DBG] PASS: 2 HBl H -SRAM/=ROM 3
[DBG] PASS: 2 HBl H -SRAM/=ROM Old 3
[DBG] DMA test: 0 HBl W -IWRAM/=IWRAM
[DBG] PASS: 0 HBl W -IWRAM/=IWRAM 3
[DBG] DMA test: 1 HBl W -IWRAM/=IWRAM
[DBG] PASS: 1 HBl W -IWRAM/=IWRAM 3
[DBG] DMA test: 2 HBl W -IWRAM/=IWRAM
[DBG] PASS: 2 HBl W -IWRAM/=IWRAM 3
[DBG] DMA test: 3 HBl W -IWRAM/=IWRAM
[DBG] PASS: 3 HBl W -IWRAM/=IWRAM 3
[DBG] DMA test: 0 HBl W -IWRAM/=EWRAM
[DBG] PASS: 0 HBl W -IWRAM/=EWRAM 3
[DBG] PASS: 0 HBl W -IWRAM/=EWRAM Old 3
[DBG] DMA test: 1 HBl W -IWRAM/=EWRAM
[DBG] PASS: 1 HBl W -IWRAM/=EWRAM 3
[DBG] PASS: 1 HBl W -IWRAM/=EWRAM Old 3
[DBG] DMA test: 2 HBl W -IWRAM/=EWRAM
[DBG] PASS: 2 HBl W -IWRAM/=EWRAM 3
[DBG] PASS: 2 HBl W -IWRAM/=EWRAM Old 3
[DBG] DMA test: 3 HBl W -IWRAM/=EWRAM
[DBG] PASS: 3 HBl W -IWRAM/=EWRAM 3
[DBG] PASS: 3 HBl W -IWRAM/=EWRAM Old 3
[DBG] DMA test: 0 HBl W -IWRAM/=ROM
[DBG] PASS: 0 HBl W -IWRAM/=ROM 3
[DBG] PASS: 0 HBl W -IWRAM/=ROM Old 3
[DBG] DMA test: 1 HBl W -IWRAM/=ROM
[DBG] PASS: 1 HBl W -IWRAM/=ROM 3
[DBG] PASS: 1 HBl W -IWRAM/=ROM Old 3
[DBG] DMA test: 2 HBl W -IWRAM/=ROM
[DBG] PASS: 2 HBl W -IWRAM/=ROM 3
[DBG] PASS: 2 HBl W -IWRAM/=ROM Old 3
[DBG] DMA test: 3 HBl W -IWRAM/=ROM
[DBG] PASS: 3 HBl W -IWRAM/=ROM 3
[DBG] PASS: 3 HBl W -IWRAM/=ROM Old 3
[DBG] DMA test: 0 HBl W -EWRAM/=IWRAM
[DBG] PASS: 0 HBl W -EWRAM/=IWRAM 3
[DBG] DMA test: 1 HBl W -EWRAM/=IWRAM
[DBG] PASS: 1 HBl W -EWRAM/=IWRAM 3
[DBG] DMA test: 2 HBl W -EWRAM/=IWRAM
[DBG] PASS: 2 HBl W -EWRAM/=IWRAM 3
[DBG] DMA test: 3 HBl W -EWRAM/=IWRAM
[DBG] PASS: 3 HBl W -EWRAM/=IWRAM 3
[DBG] DMA test: 0 HBl W -EWRAM/=EWRAM
[DBG] PASS: 0 HBl W -EWRAM/=EWRAM 3
[DBG] PASS: 0 HBl W -EWRAM/=EWRAM Old 3
[DBG] DMA test: 1 HBl W -EWRAM/=EWRAM
[DBG] PASS: 1 HBl W -EWRAM/=EWRAM 3
[DBG] PASS: 1 HBl W -EWRAM/=EWRAM Old 3
[DBG] DMA test: 2 HBl W -EWRAM/=EWRAM
[DBG] PASS: 2 HBl W -EWRAM/=EWRAM 3
[DBG] PASS: 2 HBl W -EWRAM/=EWRAM Old 3
[DBG] DMA test: 3 HBl W -EWRAM/=EWRAM
[DBG] PASS: 3 HBl W -EWRAM/=EWRAM 3
[DBG] PASS: 3 HBl W -EWRAM/=EWRAM Old 3
[DBG] DMA test: 0 HBl W -EWRAM/=ROM
[DBG] PASS: 0 HBl W -EWRAM/=ROM 3
[DBG] PASS: 0 HBl W -EWRAM/=ROM Old 3
[DBG] DMA test: 1 HBl W -EWRAM/=ROM
[DBG] PASS: 1 HBl W -EWRAM/=ROM 3
[DBG] PASS: 1 HBl W -EWRAM/=ROM Old 3
[DBG] DMA test: 2 HBl W -EWRAM/=ROM
[DBG] PASS: 2 HBl W -EWRAM/=ROM 3
[DBG] PASS: 2 HBl W -EWRAM/=ROM Old 3
[DBG] DMA test: 3 HBl W -EWRAM/=ROM
[DBG] PASS: 3 HBl W -EWRAM/=ROM 3
[DBG] PASS: 3 HBl W -EWRAM/=ROM Old 3
[DBG] DMA test: 0 HBl W -ROM/=IWRAM
[DBG] PASS: 0 HBl W -ROM/=IWRAM 3
[DBG] DMA test: 1 HBl W -ROM/=IWRAM
[DBG] PASS: 1 HBl W -ROM/=IWRAM 3
[DBG] DMA test: 2 HBl W -ROM/=IWRAM
[DBG] PASS: 2 HBl W -ROM/=IWRAM 3
[DBG] DMA test: 3 HBl W -ROM/=IWRAM
[DBG] PASS: 3 HBl W -ROM/=IWRAM 3
[DBG] DMA test: 0 HBl W -ROM/=EWRAM
[DBG] PASS: 0 HBl W -ROM/=EWRAM 3
[DBG] PASS: 0 HBl W -ROM/=EWRAM Old 3
[DBG] DMA test: 1 HBl W -ROM/=EWRAM
[DBG] PASS: 1 HBl W -ROM/=EWRAM 3
[DBG] PASS: 1 HBl W -ROM/=EWRAM Old 3
[DBG] DMA test: 2 HBl W -ROM/=EWRAM
[DBG] PASS: 2 HBl W -ROM/=EWRAM 3
[DBG] PASS: 2 HBl W -ROM/=EWRAM Old 3
[DBG] DMA test: 3 HBl W -ROM/=EWRAM
[DBG] PASS: 3 HBl W -ROM/=EWRAM 3
[DBG] PASS: 3 HBl W -ROM/=EWRAM Old 3
[DBG] DMA test: 0 HBl W -ROM/=ROM
[DBG] PASS: 0 HBl W -ROM/=ROM 3
[DBG] PASS: 0 HBl W -ROM/=ROM Old 3
[DBG] DMA test: 1 HBl W -ROM/=ROM
[DBG] PASS: 1 HBl W -ROM/=ROM 3
[DBG] PASS: 1 HBl W -ROM/=ROM Old 3
[DBG] DMA test: 2 HBl W -ROM/=ROM
[DBG] PASS: 2 HBl W -ROM/=ROM 3
[DBG] PASS: 2 HBl W -ROM/=ROM Old 3
[DBG] DMA test: 3 HBl W -ROM/=ROM
[DBG] PASS: 3 HBl W -ROM/=ROM 3
[DBG] PASS: 3 HBl W -ROM/=ROM Old 3
[DBG] DMA test: 0 HBl W -BIOS/=IWRAM
[DBG] PASS: 0 HBl W -BIOS/=IWRAM 3
[DBG] DMA test: 1 HBl W -BIOS/=IWRAM
[DBG] PASS: 1 HBl W -BIOS/=IWRAM 3
[DBG] DMA test: 2 HBl W -BIOS/=IWRAM
[DBG] PASS: 2 HBl W -BIOS/=IWRAM 3
[DBG] DMA test: 3 HBl W -BIOS/=IWRAM
[DBG] PASS: 3 HBl W -BIOS/=IWRAM 3
[DBG] DMA test: 0 HBl W -BIOS/=EWRAM
[DBG] PASS: 0 HBl W -BIOS/=EWRAM 3
[DBG] PASS: 0 HBl W -BIOS/=EWRAM Old 3
[DBG] DMA test: 1 HBl W -BIOS/=EWRAM
[DBG] PASS: 1 HBl W -BIOS/=EWRAM 3
[DBG] PASS: 1 HBl W -BIOS/=EWRAM Old 3
[DBG] DMA test: 2 HBl W -BIOS/=EWRAM
[DBG] PASS: 2 HBl W -BIOS/=EWRAM 3
[DBG] PASS: 2 HBl W -BIOS/=EWRAM Old 3
[DBG] DMA test: 3 HBl W -BIOS/=EWRAM
[DBG] PASS: 3 HBl W -BIOS/=EWRAM 3
[DBG] PASS: 3 HBl W -BIOS/=EWRAM Old 3
[DBG] DMA test: 0 HBl W -BIOS/=ROM
[DBG] PASS: 0 HBl W -BIOS/=ROM 3
[DBG] PASS: 0 HBl W -BIOS/=ROM Old 3
[DBG] DMA test: 1 HBl W -BIOS/=ROM
[DBG] PASS: 1 HBl W -BIOS/=ROM 3
[DBG] PASS: 1 HBl W -BIOS/=ROM Old 3
[DBG] DMA test: 2 HBl W -BIOS/=ROM
[DBG] PASS: 2 HBl W -BIOS/=ROM 3
[DBG] PASS: 2 HBl W -BIOS/=ROM Old 3
[DBG] DMA test: 3 HBl W -BIOS/=ROM
[DBG] PASS: 3 HBl W -BIOS/=ROM 3
[DBG] PASS: 3 HBl W -BIOS/=ROM Old 3
[DBG] DMA test: 0 HBl W -SRAM/=IWRAM
[DBG] PASS: 0 HBl W -SRAM/=IWRAM 3
[DBG] DMA test: 1 HBl W -SRAM/=IWRAM
[DBG] PASS: 1 HBl W -SRAM/=IWRAM 3
[DBG] DMA test: 2 HBl W -SRAM/=IWRAM
[DBG] PASS: 2 HBl W -SRAM/=IWRAM 3
[DBG] DMA test: 3 HBl W -SRAM/=IWRAM
[DBG] PASS: 3 HBl W -SRAM/=IWRAM 3
[DBG] DMA test: 0 HBl W -SRAM/=EWRAM
[DBG] PASS: 0 HBl W -SRAM/=EWRAM 3
[DBG] PASS: 0 HBl W -SRAM/=EWRAM Old 3
[DBG] DMA test: 1 HBl W -SRAM/=EWRAM
[DBG] PASS: 1 HBl W -SRAM/=EWRAM 3
[DBG] PASS: 1 HBl W -SRAM/=EWRAM Old 3
[DBG] DMA test: 2 HBl W -SRAM/=EWRAM
[DBG] PASS: 2 HBl W -SRAM/=EWRAM 3
[DBG] PASS: 2 HBl W -SRAM/=EWRAM Old 3
[DBG] DMA test: 3 HBl W -SRAM/=EWRAM
[DBG] PASS: 3 HBl W -SRAM/=EWRAM 3
[DBG] PASS: 3 HBl W -SRAM/=EWRAM Old 3
[DBG] DMA test: 0 HBl W -SRAM/=ROM
[DBG] PASS: 0 HBl W -SRAM/=ROM 3
[DBG] PASS: 0 HBl W -SRAM/=ROM Old 3
[DBG] DMA test: 1 HBl W -SRAM/=ROM
[DBG] PASS: 1 HBl W -SRAM/=ROM 3
[DBG] PASS: 1 HBl W -SRAM/=ROM Old 3
[DBG] DMA test: 2 HBl W -SRAM/=ROM
[DBG] PASS: 2 HBl W -SRAM/=ROM 3
[DBG] PASS: 2 HBl W -SRAM/=ROM Old 3
[DBG] DMA test: 0 Imm W R+0x10/+IWRAM
[DBG] PASS: 0 Imm W R+0x10/+IWRAM 3
[DBG] PASS: 0 Imm W R+0x10/+IWRAM 4
[DBG] PASS: 0 Imm W R+0x10/+IWRAM 5
[DBG] PASS: 0 Imm W R+0x10/+IWRAM 6
[DBG] DMA test: 1 Imm W R+0x10/+IWRAM
[DBG] PASS: 1 Imm W R+0x10/+IWRAM 3
[DBG] PASS: 1 Imm W R+0x10/+IWRAM 4
[DBG] PASS: 1 Imm W R+0x10/+IWRAM 5
[DBG] PASS: 1 Imm W R+0x10/+IWRAM 6
[DBG] DMA test: 2 Imm W R+0x10/+IWRAM
[DBG] PASS: 2 Imm W R+0x10/+IWRAM 3
[DBG] PASS: 2 Imm W R+0x10/+IWRAM 4
[DBG] PASS: 2 Imm W R+0x10/+IWRAM 5
[DBG] PASS: 2 Imm W R+0x10/+IWRAM 6
[DBG] DMA test: 3 Imm W R+0x10/+IWRAM
[DBG] PASS: 3 Imm W R+0x10/+IWRAM 3
[DBG] PASS: 3 Imm W R+0x10/+IWRAM 4
[DBG] PASS: 3 Imm W R+0x10/+IWRAM 5
[DBG] PASS: 3 Imm W R+0x10/+IWRAM 6
[DBG] DMA test: 0 Imm W R+0x10/+EWRAM
[DBG] PASS: 0 Imm W R+0x10/+EWRAM 3
[DBG] PASS: 0 Imm W R+0x10/+EWRAM 4
[DBG] PASS: 0 Imm W R+0x10/+EWRAM 5
[DBG] PASS: 0 Imm W R+0x10/+EWRAM 6
[DBG] PASS: 0 Imm W R+0x10/+EWRAM Old 3
[DBG] PASS: 0 Imm W R+0x10/+EWRAM Old 4
[DBG] PASS: 0 Imm W R+0x10/+EWRAM Old 5
[DBG] PASS: 0 Imm W R+0x10/+EWRAM Old 6
[DBG] DMA test: 1 Imm W R+0x10/+EWRAM
[DBG] PASS: 1 Imm W R+0x10/+EWRAM 3
[DBG] PASS: 1 Imm W R+0x10/+EWRAM 4
[DBG] PASS: 1 Imm W R+0x10/+EWRAM 5
[DBG] PASS: 1 Imm W R+0x10/+EWRAM 6
[DBG] PASS: 1 Imm W R+0x10/+EWRAM Old 3
[DBG] PASS: 1 Imm W R+0x10/+EWRAM Old 4
[DBG] PASS: 1 Imm W R+0x10/+EWRAM Old 5
[DBG] PASS: 1 Imm W R+0x10/+EWRAM Old 6
[DBG] DMA test: 2 Imm W R+0x10/+EWRAM
[DBG] PASS: 2 Imm W R+0x10/+EWRAM 3
[DBG] PASS: 2 Imm W R+0x10/+EWRAM 4
[DBG] PASS: 2 Imm W R+0x10/+EWRAM 5
[DBG] PASS: 2 Imm W R+0x10/+EWRAM 6
[DBG] PASS: 2 Imm W R+0x10/+EWRAM Old 3
[DBG] PASS: 2 Imm W R+0x10/+EWRAM Old 4
[DBG] PASS: 2 Imm W R+0x10/+EWRAM Old 5
[DBG] PASS: 2 Imm W R+0x10/+EWRAM Old 6
[DBG] DMA test: 3 Imm W R+0x10/+EWRAM
[DBG] PASS: 3 Imm W R+0x10/+EWRAM 3
[DBG] PASS: 3 Imm W R+0x10/+EWRAM 4
[DBG] PASS: 3 Imm W R+0x10/+EWRAM 5
[DBG] PASS: 3 Imm W R+0x10/+EWRAM 6
[DBG] PASS: 3 Imm W R+0x10/+EWRAM Old 3
[DBG] PASS: 3 Imm W R+0x10/+EWRAM Old 4
[DBG] PASS: 3 Imm W R+0x10/+EWRAM Old 5
[DBG] PASS: 3 Imm W R+0x10/+EWRAM Old 6
[DBG] DMA test: 0 Imm H V+BIOS/+VRAM
[DBG] PASS: 0 Imm H V+BIOS/+VRAM 3
[DBG] PASS: 0 Imm H V+BIOS/+VRAM 4
[DBG] PASS: 0 Imm H V+BIOS/+VRAM 5
[DBG] PASS: 0 Imm H V+BIOS/+VRAM 6
[DBG] PASS: 0 Imm H V+BIOS/+VRAM Old 3
[DBG] PASS: 0 Imm H V+BIOS/+VRAM Old 4
[DBG] PASS: 0 Imm H V+BIOS/+VRAM Old 5
[DBG] PASS: 0 Imm H V+BIOS/+VRAM Old 6
[DBG] DMA test: 1 Imm H V+BIOS/+VRAM
[DBG] PASS: 1 Imm H V+BIOS/+VRAM 3
[DBG] PASS: 1 Imm H V+BIOS/+VRAM 4
[DBG] PASS: 1 Imm H V+BIOS/+VRAM 5
[DBG] PASS: 1 Imm H V+BIOS/+VRAM 6
[DBG] PASS: 1 Imm H V+BIOS/+VRAM Old 3
[DBG] PASS: 1 Imm H V+BIOS/+VRAM Old 4
[DBG] PASS: 1 Imm H V+BIOS/+VRAM Old 5
[DBG] PASS: 1 Imm H V+BIOS/+VRAM Old 6
[DBG] DMA test: 2 Imm H V+BIOS/+VRAM
[DBG] PASS: 2 Imm H V+BIOS/+VRAM 3
[DBG] PASS: 2 Imm H V+BIOS/+VRAM 4
[DBG] PASS: 2 Imm H V+BIOS/+VRAM 5
[DBG] PASS: 2 Imm H V+BIOS/+VRAM 6
[DBG] PASS: 2 Imm H V+BIOS/+VRAM Old 3
[DBG] PASS: 2 Imm H V+BIOS/+VRAM Old 4
[DBG] PASS: 2 Imm H V+BIOS/+VRAM Old 5
[DBG] PASS: 2 Imm H V+BIOS/+VRAM Old 6
[DBG] DMA test: 3 Imm H V+BIOS/+VRAM
[DBG] PASS: 3 Imm H V+BIOS/+VRAM 3
[DBG] PASS: 3 Imm H V+BIOS/+VRAM 4
[DBG] PASS: 3 Imm H V+BIOS/+VRAM 5
[DBG] PASS: 3 Imm H V+BIOS/+VRAM 6
[DBG] PASS: 3 Imm H V+BIOS/+VRAM Old 3
[DBG] PASS: 3 Imm H V+BIOS/+VRAM Old 4
[DBG] PASS: 3 Imm H V+BIOS/+VRAM Old 5
[DBG] PASS: 3 Imm H V+BIOS/+VRAM Old 6

--- Suite 10: DMA ---
Frames: 264  PC=0x0802BAC0  CPSR=0x2000003F  halted=0  cycle=254408001
[debug]
Game Boy Advance Test Suite
===
BEGIN: DMA tests
DMA test: 0 Imm H =IWRAM/=IWRAM
PASS: 0 Imm H =IWRAM/=IWRAM 3
DMA test: 1 Imm H =IWRAM/=IWRAM
PASS: 1 Imm H =IWRAM/=IWRAM 3
DMA test: 2 Imm H =IWRAM/=IWRAM
PASS: 2 Imm H =IWRAM/=IWRAM 3
DMA test: 3 Imm H =IWRAM/=IWRAM
PASS: 3 Imm H =IWRAM/=IWRAM 3
DMA test: 0 Imm H =IWRAM/=EWRAM
PASS: 0 Imm H =IWRAM/=EWRAM 3
PASS: 0 Imm H =IWRAM/=EWRAM Old 3
DMA test: 1 Imm H =IWRAM/=EWRAM
PASS: 1 Imm H =IWRAM/=EWRAM 3
PASS: 1 Imm H =IWRAM/=EWRAM Old 3
DMA test: 2 Imm H =IWRAM/=EWRAM
PASS: 2 Imm H =IWRAM/=EWRAM 3
PASS: 2 Imm H =IWRAM/=EWRAM Old 3
DMA test: 3 Imm H =IWRAM/=EWRAM
PASS: 3 Imm H =IWRAM/=EWRAM 3
PASS: 3 Imm H =IWRAM/=EWRAM Old 3
DMA test: 0 Imm H =IWRAM/=ROM
PASS: 0 Imm H =IWRAM/=ROM 3
PASS: 0 Imm H =IWRAM/=ROM Old 3
DMA test: 1 Imm H =IWRAM/=ROM
PASS: 1 Imm H =IWRAM/=ROM 3
PASS: 1 Imm H =IWRAM/=ROM Old 3
DMA test: 2 Imm H =IWRAM/=ROM
PASS: 2 Imm H =IWRAM/=ROM 3
PASS: 2 Imm H =IWRAM/=ROM Old 3
DMA test: 3 Imm H =IWRAM/=ROM
PASS: 3 Imm H =IWRAM/=ROM 3
PASS: 3 Imm H =IWRAM/=ROM Old 3
DMA test: 0 Imm H =EWRAM/=IWRAM
PASS: 0 Imm H =EWRAM/=IWRAM 3
DMA test: 1 Imm H =EWRAM/=IWRAM
PASS: 1 Imm H =EWRAM/=IWRAM 3
DMA test: 2 Imm H =EWRAM/=IWRAM
PASS: 2 Imm H =EWRAM/=IWRAM 3
DMA test: 3 Imm H =EWRAM/=IWRAM
PASS: 3 Imm H =EWRAM/=IWRAM 3
DMA test: 0 Imm H =EWRAM/=EWRAM
PASS: 0 Imm H =EWRAM/=EWRAM 3
PASS: 0 Imm H =EWRAM/=EWRAM Old 3
DMA test: 1 Imm H =EWRAM/=EWRAM
PASS: 1 Imm H =EWRAM/=EWRAM 3
PASS: 1 Imm H =EWRAM/=EWRAM Old 3
DMA test: 2 Imm H =EWRAM/=EWRAM
PASS: 2 Imm H =EWRAM/=EWRAM 3
PASS: 2 Imm H =EWRAM/=EWRAM Old 3
DMA test: 3 Imm H =EWRAM/=EWRAM
PASS: 3 Imm H =EWRAM/=EWRAM 3
PASS: 3 Imm H =EWRAM/=EWRAM Old 3
DMA test: 0 Imm H =EWRAM/=ROM
PASS: 0 Imm H =EWRAM/=ROM 3
PASS: 0 Imm H =EWRAM/=ROM Old 3
DMA test: 1 Imm H =EWRAM/=ROM
PASS: 1 Imm H =EWRAM/=ROM 3
PASS: 1 Imm H =EWRAM/=ROM Old 3
DMA test: 2 Imm H =EWRAM/=ROM
PASS: 2 Imm H =EWRAM/=ROM 3
PASS: 2 Imm H =EWRAM/=ROM Old 3
DMA test: 3 Imm H =EWRAM/=ROM
PASS: 3 Imm H =EWRAM/=ROM 3
PASS: 3 Imm H =EWRAM/=ROM Old 3
DMA test: 0 Imm H =ROM/=IWRAM
PASS: 0 Imm H =ROM/=IWRAM 3
DMA test: 1 Imm H =ROM/=IWRAM
PASS: 1 Imm H =ROM/=IWRAM 3
DMA test: 2 Imm H =ROM/=IWRAM
PASS: 2 Imm H =ROM/=IWRAM 3
DMA test: 3 Imm H =ROM/=IWRAM
PASS: 3 Imm H =ROM/=IWRAM 3
DMA test: 0 Imm H =ROM/=EWRAM
PASS: 0 Imm H =ROM/=EWRAM 3
PASS: 0 Imm H =ROM/=EWRAM Old 3
DMA test: 1 Imm H =ROM/=EWRAM
PASS: 1 Imm H =ROM/=EWRAM 3
PASS: 1 Imm H =ROM/=EWRAM Old 3
DMA test: 2 Imm H =ROM/=EWRAM
PASS: 2 Imm H =ROM/=EWRAM 3
PASS: 2 Imm H =ROM/=EWRAM Old 3
DMA test: 3 Imm H =ROM/=EWRAM
PASS: 3 Imm H =ROM/=EWRAM 3
PASS: 3 Imm H =ROM/=EWRAM Old 3
DMA test: 0 Imm H =ROM/=ROM
PASS: 0 Imm H =ROM/=ROM 3
PASS: 0 Imm H =ROM/=ROM Old 3
DMA test: 1 Imm H =ROM/=ROM
PASS: 1 Imm H =ROM/=ROM 3
PASS: 1 Imm H =ROM/=ROM Old 3
DMA test: 2 Imm H =ROM/=ROM
PASS: 2 Imm H =ROM/=ROM 3
PASS: 2 Imm H =ROM/=ROM Old 3
DMA test: 3 Imm H =ROM/=ROM
PASS: 3 Imm H =ROM/=ROM 3
PASS: 3 Imm H =ROM/=ROM Old 3
DMA test: 0 Imm H =BIOS/=IWRAM
PASS: 0 Imm H =BIOS/=IWRAM 3
DMA test: 1 Imm H =BIOS/=IWRAM
PASS: 1 Imm H =BIOS/=IWRAM 3
DMA test: 2 Imm H =BIOS/=IWRAM
PASS: 2 Imm H =BIOS/=IWRAM 3
DMA test: 3 Imm H =BIOS/=IWRAM
PASS: 3 Imm H =BIOS/=IWRAM 3
DMA test: 0 Imm H =BIOS/=EWRAM
PASS: 0 Imm H =BIOS/=EWRAM 3
PASS: 0 Imm H =BIOS/=EWRAM Old 3
DMA test: 1 Imm H =BIOS/=EWRAM
PASS: 1 Imm H =BIOS/=EWRAM 3
PASS: 1 Imm H =BIOS/=EWRAM Old 3
DMA test: 2 Imm H =BIOS/=EWRAM
PASS: 2 Imm H =BIOS/=EWRAM 3
PASS: 2 Imm H =BIOS/=EWRAM Old 3
DMA test: 3 Imm H =BIOS/=EWRAM
PASS: 3 Imm H =BIOS/=EWRAM 3
PASS: 3 Imm H =BIOS/=EWRAM Old 3
DMA test: 0 Imm H =BIOS/=ROM
PASS: 0 Imm H =BIOS/=ROM 3
PASS: 0 Imm H =BIOS/=ROM Old 3
DMA test: 1 Imm H =BIOS/=ROM
PASS: 1 Imm H =BIOS/=ROM 3
PASS: 1 Imm H =BIOS/=ROM Old 3
DMA test: 2 Imm H =BIOS/=ROM
PASS: 2 Imm H =BIOS/=ROM 3
PASS: 2 Imm H =BIOS/=ROM Old 3
DMA test: 3 Imm H =BIOS/=ROM
PASS: 3 Imm H =BIOS/=ROM 3
PASS: 3 Imm H =BIOS/=ROM Old 3
DMA test: 0 Imm H =SRAM/=IWRAM
PASS: 0 Imm H =SRAM/=IWRAM 3
DMA test: 1 Imm H =SRAM/=IWRAM
PASS: 1 Imm H =SRAM/=IWRAM 3
DMA test: 2 Imm H =SRAM/=IWRAM
PASS: 2 Imm H =SRAM/=IWRAM 3
DMA test: 3 Imm H =SRAM/=IWRAM
PASS: 3 Imm H =SRAM/=IWRAM 3
DMA test: 0 Imm H =SRAM/=EWRAM
PASS: 0 Imm H =SRAM/=EWRAM 3
PASS: 0 Imm H =SRAM/=EWRAM Old 3
DMA test: 1 Imm H =SRAM/=EWRAM
PASS: 1 Imm H =SRAM/=EWRAM 3
PASS: 1 Imm H =SRAM/=EWRAM Old 3
DMA test: 2 Imm H =SRAM/=EWRAM
PASS: 2 Imm H =SRAM/=EWRAM 3
PASS: 2 Imm H =SRAM/=EWRAM Old 3
DMA test: 3 Imm H =SRAM/=EWRAM
PASS: 3 Imm H =SRAM/=EWRAM 3
PASS: 3 Imm H =SRAM/=EWRAM Old 3
DMA test: 0 Imm H =SRAM/=ROM
PASS: 0 Imm H =SRAM/=ROM 3
PASS: 0 Imm H =SRAM/=ROM Old 3
DMA test: 1 Imm H =SRAM/=ROM
PASS: 1 Imm H =SRAM/=ROM 3
PASS: 1 Imm H =SRAM/=ROM Old 3
DMA test: 2 Imm H =SRAM/=ROM
PASS: 2 Imm H =SRAM/=ROM 3
PASS: 2 Imm H =SRAM/=ROM Old 3
DMA test: 0 Imm W =IWRAM/=IWRAM
PASS: 0 Imm W =IWRAM/=IWRAM 3
DMA test: 1 Imm W =IWRAM/=IWRAM
PASS: 1 Imm W =IWRAM/=IWRAM 3
DMA test: 2 Imm W =IWRAM/=IWRAM
PASS: 2 Imm W =IWRAM/=IWRAM 3
DMA test: 3 Imm W =IWRAM/=IWRAM
PASS: 3 Imm W =IWRAM/=IWRAM 3
DMA test: 0 Imm W =IWRAM/=EWRAM
PASS: 0 Imm W =IWRAM/=EWRAM 3
PASS: 0 Imm W =IWRAM/=EWRAM Old 3
DMA test: 1 Imm W =IWRAM/=EWRAM
PASS: 1 Imm W =IWRAM/=EWRAM 3
PASS: 1 Imm W =IWRAM/=EWRAM Old 3
DMA test: 2 Imm W =IWRAM/=EWRAM
PASS: 2 Imm W =IWRAM/=EWRAM 3
PASS: 2 Imm W =IWRAM/=EWRAM Old 3
DMA test: 3 Imm W =IWRAM/=EWRAM
PASS: 3 Imm W =IWRAM/=EWRAM 3
PASS: 3 Imm W =IWRAM/=EWRAM Old 3
DMA test: 0 Imm W =IWRAM/=ROM
PASS: 0 Imm W =IWRAM/=ROM 3
PASS: 0 Imm W =IWRAM/=ROM Old 3
DMA test: 1 Imm W =IWRAM/=ROM
PASS: 1 Imm W =IWRAM/=ROM 3
PASS: 1 Imm W =IWRAM/=ROM Old 3
DMA test: 2 Imm W =IWRAM/=ROM
PASS: 2 Imm W =IWRAM/=ROM 3
PASS: 2 Imm W =IWRAM/=ROM Old 3
DMA test: 3 Imm W =IWRAM/=ROM
PASS: 3 Imm W =IWRAM/=ROM 3
PASS: 3 Imm W =IWRAM/=ROM Old 3
DMA test: 0 Imm W =EWRAM/=IWRAM
PASS: 0 Imm W =EWRAM/=IWRAM 3
DMA test: 1 Imm W =EWRAM/=IWRAM
PASS: 1 Imm W =EWRAM/=IWRAM 3
DMA test: 2 Imm W =EWRAM/=IWRAM
PASS: 2 Imm W =EWRAM/=IWRAM 3
DMA test: 3 Imm W =EWRAM/=IWRAM
PASS: 3 Imm W =EWRAM/=IWRAM 3
DMA test: 0 Imm W =EWRAM/=EWRAM
PASS: 0 Imm W =EWRAM/=EWRAM 3
PASS: 0 Imm W =EWRAM/=EWRAM Old 3
DMA test: 1 Imm W =EWRAM/=EWRAM
PASS: 1 Imm W =EWRAM/=EWRAM 3
PASS: 1 Imm W =EWRAM/=EWRAM Old 3
DMA test: 2 Imm W =EWRAM/=EWRAM
PASS: 2 Imm W =EWRAM/=EWRAM 3
PASS: 2 Imm W =EWRAM/=EWRAM Old 3
DMA test: 3 Imm W =EWRAM/=EWRAM
PASS: 3 Imm W =EWRAM/=EWRAM 3
PASS: 3 Imm W =EWRAM/=EWRAM Old 3
DMA test: 0 Imm W =EWRAM/=ROM
PASS: 0 Imm W =EWRAM/=ROM 3
PASS: 0 Imm W =EWRAM/=ROM Old 3
DMA test: 1 Imm W =EWRAM/=ROM
PASS: 1 Imm W =EWRAM/=ROM 3
PASS: 1 Imm W =EWRAM/=ROM Old 3
DMA test: 2 Imm W =EWRAM/=ROM
PASS: 2 Imm W =EWRAM/=ROM 3
PASS: 2 Imm W =EWRAM/=ROM Old 3
DMA test: 3 Imm W =EWRAM/=ROM
PASS: 3 Imm W =EWRAM/=ROM 3
PASS: 3 Imm W =EWRAM/=ROM Old 3
DMA test: 0 Imm W =ROM/=IWRAM
PASS: 0 Imm W =ROM/=IWRAM 3
DMA test: 1 Imm W =ROM/=IWRAM
PASS: 1 Imm W =ROM/=IWRAM 3
DMA test: 2 Imm W =ROM/=IWRAM
PASS: 2 Imm W =ROM/=IWRAM 3
DMA test: 3 Imm W =ROM/=IWRAM
PASS: 3 Imm W =ROM/=IWRAM 3
DMA test: 0 Imm W =ROM/=EWRAM
PASS: 0 Imm W =ROM/=EWRAM 3
PASS: 0 Imm W =ROM/=EWRAM Old 3
DMA test: 1 Imm W =ROM/=EWRAM
PASS: 1 Imm W =ROM/=EWRAM 3
PASS: 1 Imm W =ROM/=EWRAM Old 3
DMA test: 2 Imm W =ROM/=EWRAM
PASS: 2 Imm W =ROM/=EWRAM 3
PASS: 2 Imm W =ROM/=EWRAM Old 3
DMA test: 3 Imm W =ROM/=EWRAM
PASS: 3 Imm W =ROM/=EWRAM 3
PASS: 3 Imm W =ROM/=EWRAM Old 3
DMA test: 0 Imm W =ROM/=ROM
PASS: 0 Imm W =ROM/=ROM 3
PASS: 0 Imm W =ROM/=ROM Old 3
DMA test: 1 Imm W =ROM/=ROM
PASS: 1 Imm W =ROM/=ROM 3
PASS: 1 Imm W =ROM/=ROM Old 3
DMA test: 2 Imm W =ROM/=ROM
PASS: 2 Imm W =ROM/=ROM 3
PASS: 2 Imm W =ROM/=ROM Old 3
DMA test: 3 Imm W =ROM/=ROM
PASS: 3 Imm W =ROM/=ROM 3
PASS: 3 Imm W =ROM/=ROM Old 3
DMA test: 0 Imm W =BIOS/=IWRAM
PASS: 0 Imm W =BIOS/=IWRAM 3
DMA test: 1 Imm W =BIOS/=IWRAM
PASS: 1 Imm W =BIOS/=IWRAM 3
DMA test: 2 Imm W =BIOS/=IWRAM
PASS: 2 Imm W =BIOS/=IWRAM 3
DMA test: 3 Imm W =BIOS/=IWRAM
PASS: 3 Imm W =BIOS/=IWRAM 3
DMA test: 0 Imm W =BIOS/=EWRAM
PASS: 0 Imm W =BIOS/=EWRAM 3
PASS: 0 Imm W =BIOS/=EWRAM Old 3
DMA test: 1 Imm W =BIOS/=EWRAM
PASS: 1 Imm W =BIOS/=EWRAM 3
PASS: 1 Imm W =BIOS/=EWRAM Old 3
DMA test: 2 Imm W =BIOS/=EWRAM
PASS: 2 Imm W =BIOS/=EWRAM 3
PASS: 2 Imm W =BIOS/=EWRAM Old 3
DMA test: 3 Imm W =BIOS/=EWRAM
PASS: 3 Imm W =BIOS/=EWRAM 3
PASS: 3 Imm W =BIOS/=EWRAM Old 3
DMA test: 0 Imm W =BIOS/=ROM
PASS: 0 Imm W =BIOS/=ROM 3
PASS: 0 Imm W =BIOS/=ROM Old 3
DMA test: 1 Imm W =BIOS/=ROM
PASS: 1 Imm W =BIOS/=ROM 3
PASS: 1 Imm W =BIOS/=ROM Old 3
DMA test: 2 Imm W =BIOS/=ROM
PASS: 2 Imm W =BIOS/=ROM 3
PASS: 2 Imm W =BIOS/=ROM Old 3
DMA test: 3 Imm W =BIOS/=ROM
PASS: 3 Imm W =BIOS/=ROM 3
PASS: 3 Imm W =BIOS/=ROM Old 3
DMA test: 0 Imm W =SRAM/=IWRAM
PASS: 0 Imm W =SRAM/=IWRAM 3
DMA test: 1 Imm W =SRAM/=IWRAM
PASS: 1 Imm W =SRAM/=IWRAM 3
DMA test: 2 Imm W =SRAM/=IWRAM
PASS: 2 Imm W =SRAM/=IWRAM 3
DMA test: 3 Imm W =SRAM/=IWRAM
PASS: 3 Imm W =SRAM/=IWRAM 3
DMA test: 0 Imm W =SRAM/=EWRAM
PASS: 0 Imm W =SRAM/=EWRAM 3
PASS: 0 Imm W =SRAM/=EWRAM Old 3
DMA test: 1 Imm W =SRAM/=EWRAM
PASS: 1 Imm W =SRAM/=EWRAM 3
PASS: 1 Imm W =SRAM/=EWRAM Old 3
DMA test: 2 Imm W =SRAM/=EWRAM
PASS: 2 Imm W =SRAM/=EWRAM 3
PASS: 2 Imm W =SRAM/=EWRAM Old 3
DMA test: 3 Imm W =SRAM/=EWRAM
PASS: 3 Imm W =SRAM/=EWRAM 3
PASS: 3 Imm W =SRAM/=EWRAM Old 3
DMA test: 0 Imm W =SRAM/=ROM
PASS: 0 Imm W =SRAM/=ROM 3
PASS: 0 Imm W =SRAM/=ROM Old 3
DMA test: 1 Imm W =SRAM/=ROM
PASS: 1 Imm W =SRAM/=ROM 3
PASS: 1 Imm W =SRAM/=ROM Old 3
DMA test: 2 Imm W =SRAM/=ROM
PASS: 2 Imm W =SRAM/=ROM 3
PASS: 2 Imm W =SRAM/=ROM Old 3
DMA test: 0 Imm H +IWRAM/=IWRAM
PASS: 0 Imm H +IWRAM/=IWRAM 3
DMA test: 1 Imm H +IWRAM/=IWRAM
PASS: 1 Imm H +IWRAM/=IWRAM 3
DMA test: 2 Imm H +IWRAM/=IWRAM
PASS: 2 Imm H +IWRAM/=IWRAM 3
DMA test: 3 Imm H +IWRAM/=IWRAM
PASS: 3 Imm H +IWRAM/=IWRAM 3
DMA test: 0 Imm H +IWRAM/=EWRAM
PASS: 0 Imm H +IWRAM/=EWRAM 3
PASS: 0 Imm H +IWRAM/=EWRAM Old 3
DMA test: 1 Imm H +IWRAM/=EWRAM
PASS: 1 Imm H +IWRAM/=EWRAM 3
PASS: 1 Imm H +IWRAM/=EWRAM Old 3
DMA test: 2 Imm H +IWRAM/=EWRAM
PASS: 2 Imm H +IWRAM/=EWRAM 3
PASS: 2 Imm H +IWRAM/=EWRAM Old 3
DMA test: 3 Imm H +IWRAM/=EWRAM
PASS: 3 Imm H +IWRAM/=EWRAM 3
PASS: 3 Imm H +IWRAM/=EWRAM Old 3
DMA test: 0 Imm H +IWRAM/=ROM
PASS: 0 Imm H +IWRAM/=ROM 3
PASS: 0 Imm H +IWRAM/=ROM Old 3
DMA test: 1 Imm H +IWRAM/=ROM
PASS: 1 Imm H +IWRAM/=ROM 3
PASS: 1 Imm H +IWRAM/=ROM Old 3
DMA test: 2 Imm H +IWRAM/=ROM
PASS: 2 Imm H +IWRAM/=ROM 3
PASS: 2 Imm H +IWRAM/=ROM Old 3
DMA test: 3 Imm H +IWRAM/=ROM
PASS: 3 Imm H +IWRAM/=ROM 3
PASS: 3 Imm H +IWRAM/=ROM Old 3
DMA test: 0 Imm H +EWRAM/=IWRAM
PASS: 0 Imm H +EWRAM/=IWRAM 3
DMA test: 1 Imm H +EWRAM/=IWRAM
PASS: 1 Imm H +EWRAM/=IWRAM 3
DMA test: 2 Imm H +EWRAM/=IWRAM
PASS: 2 Imm H +EWRAM/=IWRAM 3
DMA test: 3 Imm H +EWRAM/=IWRAM
PASS: 3 Imm H +EWRAM/=IWRAM 3
DMA test: 0 Imm H +EWRAM/=EWRAM
PASS: 0 Imm H +EWRAM/=EWRAM 3
PASS: 0 Imm H +EWRAM/=EWRAM Old 3
DMA test: 1 Imm H +EWRAM/=EWRAM
PASS: 1 Imm H +EWRAM/=EWRAM 3
PASS: 1 Imm H +EWRAM/=EWRAM Old 3
DMA test: 2 Imm H +EWRAM/=EWRAM
PASS: 2 Imm H +EWRAM/=EWRAM 3
PASS: 2 Imm H +EWRAM/=EWRAM Old 3
DMA test: 3 Imm H +EWRAM/=EWRAM
PASS: 3 Imm H +EWRAM/=EWRAM 3
PASS: 3 Imm H +EWRAM/=EWRAM Old 3
DMA test: 0 Imm H +EWRAM/=ROM
PASS: 0 Imm H +EWRAM/=ROM 3
PASS: 0 Imm H +EWRAM/=ROM Old 3
DMA test: 1 Imm H +EWRAM/=ROM
PASS: 1 Imm H +EWRAM/=ROM 3
PASS: 1 Imm H +EWRAM/=ROM Old 3
DMA test: 2 Imm H +EWRAM/=ROM
PASS: 2 Imm H +EWRAM/=ROM 3
PASS: 2 Imm H +EWRAM/=ROM Old 3
DMA test: 3 Imm H +EWRAM/=ROM
PASS: 3 Imm H +EWRAM/=ROM 3
PASS: 3 Imm H +EWRAM/=ROM Old 3
DMA test: 0 Imm H +ROM/=IWRAM
PASS: 0 Imm H +ROM/=IWRAM 3
DMA test: 1 Imm H +ROM/=IWRAM
PASS: 1 Imm H +ROM/=IWRAM 3
DMA test: 2 Imm H +ROM/=IWRAM
PASS: 2 Imm H +ROM/=IWRAM 3
DMA test: 3 Imm H +ROM/=IWRAM
PASS: 3 Imm H +ROM/=IWRAM 3
DMA test: 0 Imm H +ROM/=EWRAM
PASS: 0 Imm H +ROM/=EWRAM 3
PASS: 0 Imm H +ROM/=EWRAM Old 3
DMA test: 1 Imm H +ROM/=EWRAM
PASS: 1 Imm H +ROM/=EWRAM 3
PASS: 1 Imm H +ROM/=EWRAM Old 3
DMA test: 2 Imm H +ROM/=EWRAM
PASS: 2 Imm H +ROM/=EWRAM 3
PASS: 2 Imm H +ROM/=EWRAM Old 3
DMA test: 3 Imm H +ROM/=EWRAM
PASS: 3 Imm H +ROM/=EWRAM 3
PASS: 3 Imm H +ROM/=EWRAM Old 3
DMA test: 0 Imm H +ROM/=ROM
PASS: 0 Imm H +ROM/=ROM 3
PASS: 0 Imm H +ROM/=ROM Old 3
DMA test: 1 Imm H +ROM/=ROM
PASS: 1 Imm H +ROM/=ROM 3
PASS: 1 Imm H +ROM/=ROM Old 3
DMA test: 2 Imm H +ROM/=ROM
PASS: 2 Imm H +ROM/=ROM 3
PASS: 2 Imm H +ROM/=ROM Old 3
DMA test: 3 Imm H +ROM/=ROM
PASS: 3 Imm H +ROM/=ROM 3
PASS: 3 Imm H +ROM/=ROM Old 3
DMA test: 0 Imm H +BIOS/=IWRAM
PASS: 0 Imm H +BIOS/=IWRAM 3
DMA test: 1 Imm H +BIOS/=IWRAM
PASS: 1 Imm H +BIOS/=IWRAM 3
DMA test: 2 Imm H +BIOS/=IWRAM
PASS: 2 Imm H +BIOS/=IWRAM 3
DMA test: 3 Imm H +BIOS/=IWRAM
PASS: 3 Imm H +BIOS/=IWRAM 3
DMA test: 0 Imm H +BIOS/=EWRAM
PASS: 0 Imm H +BIOS/=EWRAM 3
PASS: 0 Imm H +BIOS/=EWRAM Old 3
DMA test: 1 Imm H +BIOS/=EWRAM
PASS: 1 Imm H +BIOS/=EWRAM 3
PASS: 1 Imm H +BIOS/=EWRAM Old 3
DMA test: 2 Imm H +BIOS/=EWRAM
PASS: 2 Imm H +BIOS/=EWRAM 3
PASS: 2 Imm H +BIOS/=EWRAM Old 3
DMA test: 3 Imm H +BIOS/=EWRAM
PASS: 3 Imm H +BIOS/=EWRAM 3
PASS: 3 Imm H +BIOS/=EWRAM Old 3
DMA test: 0 Imm H +BIOS/=ROM
PASS: 0 Imm H +BIOS/=ROM 3
PASS: 0 Imm H +BIOS/=ROM Old 3
DMA test: 1 Imm H +BIOS/=ROM
PASS: 1 Imm H +BIOS/=ROM 3
PASS: 1 Imm H +BIOS/=ROM Old 3
DMA test: 2 Imm H +BIOS/=ROM
PASS: 2 Imm H +BIOS/=ROM 3
PASS: 2 Imm H +BIOS/=ROM Old 3
DMA test: 3 Imm H +BIOS/=ROM
PASS: 3 Imm H +BIOS/=ROM 3
PASS: 3 Imm H +BIOS/=ROM Old 3
DMA test: 0 Imm H +SRAM/=IWRAM
PASS: 0 Imm H +SRAM/=IWRAM 3
DMA test: 1 Imm H +SRAM/=IWRAM
PASS: 1 Imm H +SRAM/=IWRAM 3
DMA test: 2 Imm H +SRAM/=IWRAM
PASS: 2 Imm H +SRAM/=IWRAM 3
DMA test: 3 Imm H +SRAM/=IWRAM
PASS: 3 Imm H +SRAM/=IWRAM 3
DMA test: 0 Imm H +SRAM/=EWRAM
PASS: 0 Imm H +SRAM/=EWRAM 3
PASS: 0 Imm H +SRAM/=EWRAM Old 3
DMA test: 1 Imm H +SRAM/=EWRAM
PASS: 1 Imm H +SRAM/=EWRAM 3
PASS: 1 Imm H +SRAM/=EWRAM Old 3
DMA test: 2 Imm H +SRAM/=EWRAM
PASS: 2 Imm H +SRAM/=EWRAM 3
PASS: 2 Imm H +SRAM/=EWRAM Old 3
DMA test: 3 Imm H +SRAM/=EWRAM
PASS: 3 Imm H +SRAM/=EWRAM 3
PASS: 3 Imm H +SRAM/=EWRAM Old 3
DMA test: 0 Imm H +SRAM/=ROM
PASS: 0 Imm H +SRAM/=ROM 3
PASS: 0 Imm H +SRAM/=ROM Old 3
DMA test: 1 Imm H +SRAM/=ROM
PASS: 1 Imm H +SRAM/=ROM 3
PASS: 1 Imm H +SRAM/=ROM Old 3
DMA test: 2 Imm H +SRAM/=ROM
PASS: 2 Imm H +SRAM/=ROM 3
PASS: 2 Imm H +SRAM/=ROM Old 3
DMA test: 0 Imm W +IWRAM/=IWRAM
PASS: 0 Imm W +IWRAM/=IWRAM 3
DMA test: 1 Imm W +IWRAM/=IWRAM
PASS: 1 Imm W +IWRAM/=IWRAM 3
DMA test: 2 Imm W +IWRAM/=IWRAM
PASS: 2 Imm W +IWRAM/=IWRAM 3
DMA test: 3 Imm W +IWRAM/=IWRAM
PASS: 3 Imm W +IWRAM/=IWRAM 3
DMA test: 0 Imm W +IWRAM/=EWRAM
PASS: 0 Imm W +IWRAM/=EWRAM 3
PASS: 0 Imm W +IWRAM/=EWRAM Old 3
DMA test: 1 Imm W +IWRAM/=EWRAM
PASS: 1 Imm W +IWRAM/=EWRAM 3
PASS: 1 Imm W +IWRAM/=EWRAM Old 3
DMA test: 2 Imm W +IWRAM/=EWRAM
PASS: 2 Imm W +IWRAM/=EWRAM 3
PASS: 2 Imm W +IWRAM/=EWRAM Old 3
DMA test: 3 Imm W +IWRAM/=EWRAM
PASS: 3 Imm W +IWRAM/=EWRAM 3
PASS: 3 Imm W +IWRAM/=EWRAM Old 3
DMA test: 0 Imm W +IWRAM/=ROM
PASS: 0 Imm W +IWRAM/=ROM 3
PASS: 0 Imm W +IWRAM/=ROM Old 3
DMA test: 1 Imm W +IWRAM/=ROM
PASS: 1 Imm W +IWRAM/=ROM 3
PASS: 1 Imm W +IWRAM/=ROM Old 3
DMA test: 2 Imm W +IWRAM/=ROM
PASS: 2 Imm W +IWRAM/=ROM 3
PASS: 2 Imm W +IWRAM/=ROM Old 3
DMA test: 3 Imm W +IWRAM/=ROM
PASS: 3 Imm W +IWRAM/=ROM 3
PASS: 3 Imm W +IWRAM/=ROM Old 3
DMA test: 0 Imm W +EWRAM/=IWRAM
PASS: 0 Imm W +EWRAM/=IWRAM 3
DMA test: 1 Imm W +EWRAM/=IWRAM
PASS: 1 Imm W +EWRAM/=IWRAM 3
DMA test: 2 Imm W +EWRAM/=IWRAM
PASS: 2 Imm W +EWRAM/=IWRAM 3
DMA test: 3 Imm W +EWRAM/=IWRAM
PASS: 3 Imm W +EWRAM/=IWRAM 3
DMA test: 0 Imm W +EWRAM/=EWRAM
PASS: 0 Imm W +EWRAM/=EWRAM 3
PASS: 0 Imm W +EWRAM/=EWRAM Old 3
DMA test: 1 Imm W +EWRAM/=EWRAM
PASS: 1 Imm W +EWRAM/=EWRAM 3
PASS: 1 Imm W +EWRAM/=EWRAM Old 3
DMA test: 2 Imm W +EWRAM/=EWRAM
PASS: 2 Imm W +EWRAM/=EWRAM 3
PASS: 2 Imm W +EWRAM/=EWRAM Old 3
DMA test: 3 Imm W +EWRAM/=EWRAM
PASS: 3 Imm W +EWRAM/=EWRAM 3
PASS: 3 Imm W +EWRAM/=EWRAM Old 3
DMA test: 0 Imm W +EWRAM/=ROM
PASS: 0 Imm W +EWRAM/=ROM 3
PASS: 0 Imm W +EWRAM/=ROM Old 3
DMA test: 1 Imm W +EWRAM/=ROM
PASS: 1 Imm W +EWRAM/=ROM 3
PASS: 1 Imm W +EWRAM/=ROM Old 3
DMA test: 2 Imm W +EWRAM/=ROM
PASS: 2 Imm W +EWRAM/=ROM 3
PASS: 2 Imm W +EWRAM/=ROM Old 3
DMA test: 3 Imm W +EWRAM/=ROM
PASS: 3 Imm W +EWRAM/=ROM 3
PASS: 3 Imm W +EWRAM/=ROM Old 3
DMA test: 0 Imm W +ROM/=IWRAM
PASS: 0 Imm W +ROM/=IWRAM 3
DMA test: 1 Imm W +ROM/=IWRAM
PASS: 1 Imm W +ROM/=IWRAM 3
DMA test: 2 Imm W +ROM/=IWRAM
PASS: 2 Imm W +ROM/=IWRAM 3
DMA test: 3 Imm W +ROM/=IWRAM
PASS: 3 Imm W +ROM/=IWRAM 3
DMA test: 0 Imm W +ROM/=EWRAM
PASS: 0 Imm W +ROM/=EWRAM 3
PASS: 0 Imm W +ROM/=EWRAM Old 3
DMA test: 1 Imm W +ROM/=EWRAM
PASS: 1 Imm W +ROM/=EWRAM 3
PASS: 1 Imm W +ROM/=EWRAM Old 3
DMA test: 2 Imm W +ROM/=EWRAM
PASS: 2 Imm W +ROM/=EWRAM 3
PASS: 2 Imm W +ROM/=EWRAM Old 3
DMA test: 3 Imm W +ROM/=EWRAM
PASS: 3 Imm W +ROM/=EWRAM 3
PASS: 3 Imm W +ROM/=EWRAM Old 3
DMA test: 0 Imm W +ROM/=ROM
PASS: 0 Imm W +ROM/=ROM 3
PASS: 0 Imm W +ROM/=ROM Old 3
DMA test: 1 Imm W +ROM/=ROM
PASS: 1 Imm W +ROM/=ROM 3
PASS: 1 Imm W +ROM/=ROM Old 3
DMA test: 2 Imm W +ROM/=ROM
PASS: 2 Imm W +ROM/=ROM 3
PASS: 2 Imm W +ROM/=ROM Old 3
DMA test: 3 Imm W +ROM/=ROM
PASS: 3 Imm W +ROM/=ROM 3
PASS: 3 Imm W +ROM/=ROM Old 3
DMA test: 0 Imm W +BIOS/=IWRAM
PASS: 0 Imm W +BIOS/=IWRAM 3
DMA test: 1 Imm W +BIOS/=IWRAM
PASS: 1 Imm W +BIOS/=IWRAM 3
DMA test: 2 Imm W +BIOS/=IWRAM
PASS: 2 Imm W +BIOS/=IWRAM 3
DMA test: 3 Imm W +BIOS/=IWRAM
PASS: 3 Imm W +BIOS/=IWRAM 3
DMA test: 0 Imm W +BIOS/=EWRAM
PASS: 0 Imm W +BIOS/=EWRAM 3
PASS: 0 Imm W +BIOS/=EWRAM Old 3
DMA test: 1 Imm W +BIOS/=EWRAM
PASS: 1 Imm W +BIOS/=EWRAM 3
PASS: 1 Imm W +BIOS/=EWRAM Old 3
DMA test: 2 Imm W +BIOS/=EWRAM
PASS: 2 Imm W +BIOS/=EWRAM 3
PASS: 2 Imm W +BIOS/=EWRAM Old 3
DMA test: 3 Imm W +BIOS/=EWRAM
PASS: 3 Imm W +BIOS/=EWRAM 3
PASS: 3 Imm W +BIOS/=EWRAM Old 3
DMA test: 0 Imm W +BIOS/=ROM
PASS: 0 Imm W +BIOS/=ROM 3
PASS: 0 Imm W +BIOS/=ROM Old 3
DMA test: 1 Imm W +BIOS/=ROM
PASS: 1 Imm W +BIOS/=ROM 3
PASS: 1 Imm W +BIOS/=ROM Old 3
DMA test: 2 Imm W +BIOS/=ROM
PASS: 2 Imm W +BIOS/=ROM 3
PASS: 2 Imm W +BIOS/=ROM Old 3
DMA test: 3 Imm W +BIOS/=ROM
PASS: 3 Imm W +BIOS/=ROM 3
PASS: 3 Imm W +BIOS/=ROM Old 3
DMA test: 0 Imm W +SRAM/=IWRAM
PASS: 0 Imm W +SRAM/=IWRAM 3
DMA test: 1 Imm W +SRAM/=IWRAM
PASS: 1 Imm W +SRAM/=IWRAM 3
DMA test: 2 Imm W +SRAM/=IWRAM
PASS: 2 Imm W +SRAM/=IWRAM 3
DMA test: 3 Imm W +SRAM/=IWRAM
PASS: 3 Imm W +SRAM/=IWRAM 3
DMA test: 0 Imm W +SRAM/=EWRAM
PASS: 0 Imm W +SRAM/=EWRAM 3
PASS: 0 Imm W +SRAM/=EWRAM Old 3
DMA test: 1 Imm W +SRAM/=EWRAM
PASS: 1 Imm W +SRAM/=EWRAM 3
PASS: 1 Imm W +SRAM/=EWRAM Old 3
DMA test: 2 Imm W +SRAM/=EWRAM
PASS: 2 Imm W +SRAM/=EWRAM 3
PASS: 2 Imm W +SRAM/=EWRAM Old 3
DMA test: 3 Imm W +SRAM/=EWRAM
PASS: 3 Imm W +SRAM/=EWRAM 3
PASS: 3 Imm W +SRAM/=EWRAM Old 3
DMA test: 0 Imm W +SRAM/=ROM
PASS: 0 Imm W +SRAM/=ROM 3
PASS: 0 Imm W +SRAM/=ROM Old 3
DMA test: 1 Imm W +SRAM/=ROM
PASS: 1 Imm W +SRAM/=ROM 3
PASS: 1 Imm W +SRAM/=ROM Old 3
DMA test: 2 Imm W +SRAM/=ROM
PASS: 2 Imm W +SRAM/=ROM 3
PASS: 2 Imm W +SRAM/=ROM Old 3
DMA test: 0 Imm H -IWRAM/=IWRAM
PASS: 0 Imm H -IWRAM/=IWRAM 3
DMA test: 1 Imm H -IWRAM/=IWRAM
PASS: 1 Imm H -IWRAM/=IWRAM 3
DMA test: 2 Imm H -IWRAM/=IWRAM
PASS: 2 Imm H -IWRAM/=IWRAM 3
DMA test: 3 Imm H -IWRAM/=IWRAM
PASS: 3 Imm H -IWRAM/=IWRAM 3
DMA test: 0 Imm H -IWRAM/=EWRAM
PASS: 0 Imm H -IWRAM/=EWRAM 3
PASS: 0 Imm H -IWRAM/=EWRAM Old 3
DMA test: 1 Imm H -IWRAM/=EWRAM
PASS: 1 Imm H -IWRAM/=EWRAM 3
PASS: 1 Imm H -IWRAM/=EWRAM Old 3
DMA test: 2 Imm H -IWRAM/=EWRAM
PASS: 2 Imm H -IWRAM/=EWRAM 3
PASS: 2 Imm H -IWRAM/=EWRAM Old 3
DMA test: 3 Imm H -IWRAM/=EWRAM
PASS: 3 Imm H -IWRAM/=EWRAM 3
PASS: 3 Imm H -IWRAM/=EWRAM Old 3
DMA test: 0 Imm H -IWRAM/=ROM
PASS: 0 Imm H -IWRAM/=ROM 3
PASS: 0 Imm H -IWRAM/=ROM Old 3
DMA test: 1 Imm H -IWRAM/=ROM
PASS: 1 Imm H -IWRAM/=ROM 3
PASS: 1 Imm H -IWRAM/=ROM Old 3
DMA test: 2 Imm H -IWRAM/=ROM
PASS: 2 Imm H -IWRAM/=ROM 3
PASS: 2 Imm H -IWRAM/=ROM Old 3
DMA test: 3 Imm H -IWRAM/=ROM
PASS: 3 Imm H -IWRAM/=ROM 3
PASS: 3 Imm H -IWRAM/=ROM Old 3
DMA test: 0 Imm H -EWRAM/=IWRAM
PASS: 0 Imm H -EWRAM/=IWRAM 3
DMA test: 1 Imm H -EWRAM/=IWRAM
PASS: 1 Imm H -EWRAM/=IWRAM 3
DMA test: 2 Imm H -EWRAM/=IWRAM
PASS: 2 Imm H -EWRAM/=IWRAM 3
DMA test: 3 Imm H -EWRAM/=IWRAM
PASS: 3 Imm H -EWRAM/=IWRAM 3
DMA test: 0 Imm H -EWRAM/=EWRAM
PASS: 0 Imm H -EWRAM/=EWRAM 3
PASS: 0 Imm H -EWRAM/=EWRAM Old 3
DMA test: 1 Imm H -EWRAM/=EWRAM
PASS: 1 Imm H -EWRAM/=EWRAM 3
PASS: 1 Imm H -EWRAM/=EWRAM Old 3
DMA test: 2 Imm H -EWRAM/=EWRAM
PASS: 2 Imm H -EWRAM/=EWRAM 3
PASS: 2 Imm H -EWRAM/=EWRAM Old 3
DMA test: 3 Imm H -EWRAM/=EWRAM
PASS: 3 Imm H -EWRAM/=EWRAM 3
PASS: 3 Imm H -EWRAM/=EWRAM Old 3
DMA test: 0 Imm H -EWRAM/=ROM
PASS: 0 Imm H -EWRAM/=ROM 3
PASS: 0 Imm H -EWRAM/=ROM Old 3
DMA test: 1 Imm H -EWRAM/=ROM
PASS: 1 Imm H -EWRAM/=ROM 3
PASS: 1 Imm H -EWRAM/=ROM Old 3
DMA test: 2 Imm H -EWRAM/=ROM
PASS: 2 Imm H -EWRAM/=ROM 3
PASS: 2 Imm H -EWRAM/=ROM Old 3
DMA test: 3 Imm H -EWRAM/=ROM
PASS: 3 Imm H -EWRAM/=ROM 3
PASS: 3 Imm H -EWRAM/=ROM Old 3
DMA test: 0 Imm H -ROM/=IWRAM
PASS: 0 Imm H -ROM/=IWRAM 3
DMA test: 1 Imm H -ROM/=IWRAM
PASS: 1 Imm H -ROM/=IWRAM 3
DMA test: 2 Imm H -ROM/=IWRAM
PASS: 2 Imm H -ROM/=IWRAM 3
DMA test: 3 Imm H -ROM/=IWRAM
PASS: 3 Imm H -ROM/=IWRAM 3
DMA test: 0 Imm H -ROM/=EWRAM
PASS: 0 Imm H -ROM/=EWRAM 3
PASS: 0 Imm H -ROM/=EWRAM Old 3
DMA test: 1 Imm H -ROM/=EWRAM
PASS: 1 Imm H -ROM/=EWRAM 3
PASS: 1 Imm H -ROM/=EWRAM Old 3
DMA test: 2 Imm H -ROM/=EWRAM
PASS: 2 Imm H -ROM/=EWRAM 3
PASS: 2 Imm H -ROM/=EWRAM Old 3
DMA test: 3 Imm H -ROM/=EWRAM
PASS: 3 Imm H -ROM/=EWRAM 3
PASS: 3 Imm H -ROM/=EWRAM Old 3
DMA test: 0 Imm H -ROM/=ROM
PASS: 0 Imm H -ROM/=ROM 3
PASS: 0 Imm H -ROM/=ROM Old 3
DMA test: 1 Imm H -ROM/=ROM
PASS: 1 Imm H -ROM/=ROM 3
PASS: 1 Imm H -ROM/=ROM Old 3
DMA test: 2 Imm H -ROM/=ROM
PASS: 2 Imm H -ROM/=ROM 3
PASS: 2 Imm H -ROM/=ROM Old 3
DMA test: 3 Imm H -ROM/=ROM
PASS: 3 Imm H -ROM/=ROM 3
PASS: 3 Imm H -ROM/=ROM Old 3
DMA test: 0 Imm H -BIOS/=IWRAM
PASS: 0 Imm H -BIOS/=IWRAM 3
DMA test: 1 Imm H -BIOS/=IWRAM
PASS: 1 Imm H -BIOS/=IWRAM 3
DMA test: 2 Imm H -BIOS/=IWRAM
PASS: 2 Imm H -BIOS/=IWRAM 3
DMA test: 3 Imm H -BIOS/=IWRAM
PASS: 3 Imm H -BIOS/=IWRAM 3
DMA test: 0 Imm H -BIOS/=EWRAM
PASS: 0 Imm H -BIOS/=EWRAM 3
PASS: 0 Imm H -BIOS/=EWRAM Old 3
DMA test: 1 Imm H -BIOS/=EWRAM
PASS: 1 Imm H -BIOS/=EWRAM 3
PASS: 1 Imm H -BIOS/=EWRAM Old 3
DMA test: 2 Imm H -BIOS/=EWRAM
PASS: 2 Imm H -BIOS/=EWRAM 3
PASS: 2 Imm H -BIOS/=EWRAM Old 3
DMA test: 3 Imm H -BIOS/=EWRAM
PASS: 3 Imm H -BIOS/=EWRAM 3
PASS: 3 Imm H -BIOS/=EWRAM Old 3
DMA test: 0 Imm H -BIOS/=ROM
PASS: 0 Imm H -BIOS/=ROM 3
PASS: 0 Imm H -BIOS/=ROM Old 3
DMA test: 1 Imm H -BIOS/=ROM
PASS: 1 Imm H -BIOS/=ROM 3
PASS: 1 Imm H -BIOS/=ROM Old 3
DMA test: 2 Imm H -BIOS/=ROM
PASS: 2 Imm H -BIOS/=ROM 3
PASS: 2 Imm H -BIOS/=ROM Old 3
DMA test: 3 Imm H -BIOS/=ROM
PASS: 3 Imm H -BIOS/=ROM 3
PASS: 3 Imm H -BIOS/=ROM Old 3
DMA test: 0 Imm H -SRAM/=IWRAM
PASS: 0 Imm H -SRAM/=IWRAM 3
DMA test: 1 Imm H -SRAM/=IWRAM
PASS: 1 Imm H -SRAM/=IWRAM 3
DMA test: 2 Imm H -SRAM/=IWRAM
PASS: 2 Imm H -SRAM/=IWRAM 3
DMA test: 3 Imm H -SRAM/=IWRAM
PASS: 3 Imm H -SRAM/=IWRAM 3
DMA test: 0 Imm H -SRAM/=EWRAM
PASS: 0 Imm H -SRAM/=EWRAM 3
PASS: 0 Imm H -SRAM/=EWRAM Old 3
DMA test: 1 Imm H -SRAM/=EWRAM
PASS: 1 Imm H -SRAM/=EWRAM 3
PASS: 1 Imm H -SRAM/=EWRAM Old 3
DMA test: 2 Imm H -SRAM/=EWRAM
PASS: 2 Imm H -SRAM/=EWRAM 3
PASS: 2 Imm H -SRAM/=EWRAM Old 3
DMA test: 3 Imm H -SRAM/=EWRAM
PASS: 3 Imm H -SRAM/=EWRAM 3
PASS: 3 Imm H -SRAM/=EWRAM Old 3
DMA test: 0 Imm H -SRAM/=ROM
PASS: 0 Imm H -SRAM/=ROM 3
PASS: 0 Imm H -SRAM/=ROM Old 3
DMA test: 1 Imm H -SRAM/=ROM
PASS: 1 Imm H -SRAM/=ROM 3
PASS: 1 Imm H -SRAM/=ROM Old 3
DMA test: 2 Imm H -SRAM/=ROM
PASS: 2 Imm H -SRAM/=ROM 3
PASS: 2 Imm H -SRAM/=ROM Old 3
DMA test: 0 Imm W -IWRAM/=IWRAM
PASS: 0 Imm W -IWRAM/=IWRAM 3
DMA test: 1 Imm W -IWRAM/=IWRAM
PASS: 1 Imm W -IWRAM/=IWRAM 3
DMA test: 2 Imm W -IWRAM/=IWRAM
PASS: 2 Imm W -IWRAM/=IWRAM 3
DMA test: 3 Imm W -IWRAM/=IWRAM
PASS: 3 Imm W -IWRAM/=IWRAM 3
DMA test: 0 Imm W -IWRAM/=EWRAM
PASS: 0 Imm W -IWRAM/=EWRAM 3
PASS: 0 Imm W -IWRAM/=EWRAM Old 3
DMA test: 1 Imm W -IWRAM/=EWRAM
PASS: 1 Imm W -IWRAM/=EWRAM 3
PASS: 1 Imm W -IWRAM/=EWRAM Old 3
DMA test: 2 Imm W -IWRAM/=EWRAM
PASS: 2 Imm W -IWRAM/=EWRAM 3
PASS: 2 Imm W -IWRAM/=EWRAM Old 3
DMA test: 3 Imm W -IWRAM/=EWRAM
PASS: 3 Imm W -IWRAM/=EWRAM 3
PASS: 3 Imm W -IWRAM/=EWRAM Old 3
DMA test: 0 Imm W -IWRAM/=ROM
PASS: 0 Imm W -IWRAM/=ROM 3
PASS: 0 Imm W -IWRAM/=ROM Old 3
DMA test: 1 Imm W -IWRAM/=ROM
PASS: 1 Imm W -IWRAM/=ROM 3
PASS: 1 Imm W -IWRAM/=ROM Old 3
DMA test: 2 Imm W -IWRAM/=ROM
PASS: 2 Imm W -IWRAM/=ROM 3
PASS: 2 Imm W -IWRAM/=ROM Old 3
DMA test: 3 Imm W -IWRAM/=ROM
PASS: 3 Imm W -IWRAM/=ROM 3
PASS: 3 Imm W -IWRAM/=ROM Old 3
DMA test: 0 Imm W -EWRAM/=IWRAM
PASS: 0 Imm W -EWRAM/=IWRAM 3
DMA test: 1 Imm W -EWRAM/=IWRAM
PASS: 1 Imm W -EWRAM/=IWRAM 3
DMA test: 2 Imm W -EWRAM/=IWRAM
PASS: 2 Imm W -EWRAM/=IWRAM 3
DMA test: 3 Imm W -EWRAM/=IWRAM
PASS: 3 Imm W -EWRAM/=IWRAM 3
DMA test: 0 Imm W -EWRAM/=EWRAM
PASS: 0 Imm W -EWRAM/=EWRAM 3
PASS: 0 Imm W -EWRAM/=EWRAM Old 3
DMA test: 1 Imm W -EWRAM/=EWRAM
PASS: 1 Imm W -EWRAM/=EWRAM 3
PASS: 1 Imm W -EWRAM/=EWRAM Old 3
DMA test: 2 Imm W -EWRAM/=EWRAM
PASS: 2 Imm W -EWRAM/=EWRAM 3
PASS: 2 Imm W -EWRAM/=EWRAM Old 3
DMA test: 3 Imm W -EWRAM/=EWRAM
PASS: 3 Imm W -EWRAM/=EWRAM 3
PASS: 3 Imm W -EWRAM/=EWRAM Old 3
DMA test: 0 Imm W -EWRAM/=ROM
PASS: 0 Imm W -EWRAM/=ROM 3
PASS: 0 Imm W -EWRAM/=ROM Old 3
DMA test: 1 Imm W -EWRAM/=ROM
PASS: 1 Imm W -EWRAM/=ROM 3
PASS: 1 Imm W -EWRAM/=ROM Old 3
DMA test: 2 Imm W -EWRAM/=ROM
PASS: 2 Imm W -EWRAM/=ROM 3
PASS: 2 Imm W -EWRAM/=ROM Old 3
DMA test: 3 Imm W -EWRAM/=ROM
PASS: 3 Imm W -EWRAM/=ROM 3
PASS: 3 Imm W -EWRAM/=ROM Old 3
DMA test: 0 Imm W -ROM/=IWRAM
PASS: 0 Imm W -ROM/=IWRAM 3
DMA test: 1 Imm W -ROM/=IWRAM
PASS: 1 Imm W -ROM/=IWRAM 3
DMA test: 2 Imm W -ROM/=IWRAM
PASS: 2 Imm W -ROM/=IWRAM 3
DMA test: 3 Imm W -ROM/=IWRAM
PASS: 3 Imm W -ROM/=IWRAM 3
DMA test: 0 Imm W -ROM/=EWRAM
PASS: 0 Imm W -ROM/=EWRAM 3
PASS: 0 Imm W -ROM/=EWRAM Old 3
DMA test: 1 Imm W -ROM/=EWRAM
PASS: 1 Imm W -ROM/=EWRAM 3
PASS: 1 Imm W -ROM/=EWRAM Old 3
DMA test: 2 Imm W -ROM/=EWRAM
PASS: 2 Imm W -ROM/=EWRAM 3
PASS: 2 Imm W -ROM/=EWRAM Old 3
DMA test: 3 Imm W -ROM/=EWRAM
PASS: 3 Imm W -ROM/=EWRAM 3
PASS: 3 Imm W -ROM/=EWRAM Old 3
DMA test: 0 Imm W -ROM/=ROM
PASS: 0 Imm W -ROM/=ROM 3
PASS: 0 Imm W -ROM/=ROM Old 3
DMA test: 1 Imm W -ROM/=ROM
PASS: 1 Imm W -ROM/=ROM 3
PASS: 1 Imm W -ROM/=ROM Old 3
DMA test: 2 Imm W -ROM/=ROM
PASS: 2 Imm W -ROM/=ROM 3
PASS: 2 Imm W -ROM/=ROM Old 3
DMA test: 3 Imm W -ROM/=ROM
PASS: 3 Imm W -ROM/=ROM 3
PASS: 3 Imm W -ROM/=ROM Old 3
DMA test: 0 Imm W -BIOS/=IWRAM
PASS: 0 Imm W -BIOS/=IWRAM 3
DMA test: 1 Imm W -BIOS/=IWRAM
PASS: 1 Imm W -BIOS/=IWRAM 3
DMA test: 2 Imm W -BIOS/=IWRAM
PASS: 2 Imm W -BIOS/=IWRAM 3
DMA test: 3 Imm W -BIOS/=IWRAM
PASS: 3 Imm W -BIOS/=IWRAM 3
DMA test: 0 Imm W -BIOS/=EWRAM
PASS: 0 Imm W -BIOS/=EWRAM 3
PASS: 0 Imm W -BIOS/=EWRAM Old 3
DMA test: 1 Imm W -BIOS/=EWRAM
PASS: 1 Imm W -BIOS/=EWRAM 3
PASS: 1 Imm W -BIOS/=EWRAM Old 3
DMA test: 2 Imm W -BIOS/=EWRAM
PASS: 2 Imm W -BIOS/=EWRAM 3
PASS: 2 Imm W -BIOS/=EWRAM Old 3
DMA test: 3 Imm W -BIOS/=EWRAM
PASS: 3 Imm W -BIOS/=EWRAM 3
PASS: 3 Imm W -BIOS/=EWRAM Old 3
DMA test: 0 Imm W -BIOS/=ROM
PASS: 0 Imm W -BIOS/=ROM 3
PASS: 0 Imm W -BIOS/=ROM Old 3
DMA test: 1 Imm W -BIOS/=ROM
PASS: 1 Imm W -BIOS/=ROM 3
PASS: 1 Imm W -BIOS/=ROM Old 3
DMA test: 2 Imm W -BIOS/=ROM
PASS: 2 Imm W -BIOS/=ROM 3
PASS: 2 Imm W -BIOS/=ROM Old 3
DMA test: 3 Imm W -BIOS/=ROM
PASS: 3 Imm W -BIOS/=ROM 3
PASS: 3 Imm W -BIOS/=ROM Old 3
DMA test: 0 Imm W -SRAM/=IWRAM
PASS: 0 Imm W -SRAM/=IWRAM 3
DMA test: 1 Imm W -SRAM/=IWRAM
PASS: 1 Imm W -SRAM/=IWRAM 3
DMA test: 2 Imm W -SRAM/=IWRAM
PASS: 2 Imm W -SRAM/=IWRAM 3
DMA test: 3 Imm W -SRAM/=IWRAM
PASS: 3 Imm W -SRAM/=IWRAM 3
DMA test: 0 Imm W -SRAM/=EWRAM
PASS: 0 Imm W -SRAM/=EWRAM 3
PASS: 0 Imm W -SRAM/=EWRAM Old 3
DMA test: 1 Imm W -SRAM/=EWRAM
PASS: 1 Imm W -SRAM/=EWRAM 3
PASS: 1 Imm W -SRAM/=EWRAM Old 3
DMA test: 2 Imm W -SRAM/=EWRAM
PASS: 2 Imm W -SRAM/=EWRAM 3
PASS: 2 Imm W -SRAM/=EWRAM Old 3
DMA test: 3 Imm W -SRAM/=EWRAM
PASS: 3 Imm W -SRAM/=EWRAM 3
PASS: 3 Imm W -SRAM/=EWRAM Old 3
DMA test: 0 Imm W -SRAM/=ROM
PASS: 0 Imm W -SRAM/=ROM 3
PASS: 0 Imm W -SRAM/=ROM Old 3
DMA test: 1 Imm W -SRAM/=ROM
PASS: 1 Imm W -SRAM/=ROM 3
PASS: 1 Imm W -SRAM/=ROM Old 3
DMA test: 2 Imm W -SRAM/=ROM
PASS: 2 Imm W -SRAM/=ROM 3
PASS: 2 Imm W -SRAM/=ROM Old 3
DMA test: 0 HBl H =IWRAM/=IWRAM
PASS: 0 HBl H =IWRAM/=IWRAM 3
DMA test: 1 HBl H =IWRAM/=IWRAM
PASS: 1 HBl H =IWRAM/=IWRAM 3
DMA test: 2 HBl H =IWRAM/=IWRAM
PASS: 2 HBl H =IWRAM/=IWRAM 3
DMA test: 3 HBl H =IWRAM/=IWRAM
PASS: 3 HBl H =IWRAM/=IWRAM 3
DMA test: 0 HBl H =IWRAM/=EWRAM
PASS: 0 HBl H =IWRAM/=EWRAM 3
PASS: 0 HBl H =IWRAM/=EWRAM Old 3
DMA test: 1 HBl H =IWRAM/=EWRAM
PASS: 1 HBl H =IWRAM/=EWRAM 3
PASS: 1 HBl H =IWRAM/=EWRAM Old 3
DMA test: 2 HBl H =IWRAM/=EWRAM
PASS: 2 HBl H =IWRAM/=EWRAM 3
PASS: 2 HBl H =IWRAM/=EWRAM Old 3
DMA test: 3 HBl H =IWRAM/=EWRAM
PASS: 3 HBl H =IWRAM/=EWRAM 3
PASS: 3 HBl H =IWRAM/=EWRAM Old 3
DMA test: 0 HBl H =IWRAM/=ROM
PASS: 0 HBl H =IWRAM/=ROM 3
PASS: 0 HBl H =IWRAM/=ROM Old 3
DMA test: 1 HBl H =IWRAM/=ROM
PASS: 1 HBl H =IWRAM/=ROM 3
PASS: 1 HBl H =IWRAM/=ROM Old 3
DMA test: 2 HBl H =IWRAM/=ROM
PASS: 2 HBl H =IWRAM/=ROM 3
PASS: 2 HBl H =IWRAM/=ROM Old 3
DMA test: 3 HBl H =IWRAM/=ROM
PASS: 3 HBl H =IWRAM/=ROM 3
PASS: 3 HBl H =IWRAM/=ROM Old 3
DMA test: 0 HBl H =EWRAM/=IWRAM
PASS: 0 HBl H =EWRAM/=IWRAM 3
DMA test: 1 HBl H =EWRAM/=IWRAM
PASS: 1 HBl H =EWRAM/=IWRAM 3
DMA test: 2 HBl H =EWRAM/=IWRAM
PASS: 2 HBl H =EWRAM/=IWRAM 3
DMA test: 3 HBl H =EWRAM/=IWRAM
PASS: 3 HBl H =EWRAM/=IWRAM 3
DMA test: 0 HBl H =EWRAM/=EWRAM
PASS: 0 HBl H =EWRAM/=EWRAM 3
PASS: 0 HBl H =EWRAM/=EWRAM Old 3
DMA test: 1 HBl H =EWRAM/=EWRAM
PASS: 1 HBl H =EWRAM/=EWRAM 3
PASS: 1 HBl H =EWRAM/=EWRAM Old 3
DMA test: 2 HBl H =EWRAM/=EWRAM
PASS: 2 HBl H =EWRAM/=EWRAM 3
PASS: 2 HBl H =EWRAM/=EWRAM Old 3
DMA test: 3 HBl H =EWRAM/=EWRAM
PASS: 3 HBl H =EWRAM/=EWRAM 3
PASS: 3 HBl H =EWRAM/=EWRAM Old 3
DMA test: 0 HBl H =EWRAM/=ROM
PASS: 0 HBl H =EWRAM/=ROM 3
PASS: 0 HBl H =EWRAM/=ROM Old 3
DMA test: 1 HBl H =EWRAM/=ROM
PASS: 1 HBl H =EWRAM/=ROM 3
PASS: 1 HBl H =EWRAM/=ROM Old 3
DMA test: 2 HBl H =EWRAM/=ROM
PASS: 2 HBl H =EWRAM/=ROM 3
PASS: 2 HBl H =EWRAM/=ROM Old 3
DMA test: 3 HBl H =EWRAM/=ROM
PASS: 3 HBl H =EWRAM/=ROM 3
PASS: 3 HBl H =EWRAM/=ROM Old 3
DMA test: 0 HBl H =ROM/=IWRAM
PASS: 0 HBl H =ROM/=IWRAM 3
DMA test: 1 HBl H =ROM/=IWRAM
PASS: 1 HBl H =ROM/=IWRAM 3
DMA test: 2 HBl H =ROM/=IWRAM
PASS: 2 HBl H =ROM/=IWRAM 3
DMA test: 3 HBl H =ROM/=IWRAM
PASS: 3 HBl H =ROM/=IWRAM 3
DMA test: 0 HBl H =ROM/=EWRAM
PASS: 0 HBl H =ROM/=EWRAM 3
PASS: 0 HBl H =ROM/=EWRAM Old 3
DMA test: 1 HBl H =ROM/=EWRAM
PASS: 1 HBl H =ROM/=EWRAM 3
PASS: 1 HBl H =ROM/=EWRAM Old 3
DMA test: 2 HBl H =ROM/=EWRAM
PASS: 2 HBl H =ROM/=EWRAM 3
PASS: 2 HBl H =ROM/=EWRAM Old 3
DMA test: 3 HBl H =ROM/=EWRAM
PASS: 3 HBl H =ROM/=EWRAM 3
PASS: 3 HBl H =ROM/=EWRAM Old 3
DMA test: 0 HBl H =ROM/=ROM
PASS: 0 HBl H =ROM/=ROM 3
PASS: 0 HBl H =ROM/=ROM Old 3
DMA test: 1 HBl H =ROM/=ROM
PASS: 1 HBl H =ROM/=ROM 3
PASS: 1 HBl H =ROM/=ROM Old 3
DMA test: 2 HBl H =ROM/=ROM
PASS: 2 HBl H =ROM/=ROM 3
PASS: 2 HBl H =ROM/=ROM Old 3
DMA test: 3 HBl H =ROM/=ROM
PASS: 3 HBl H =ROM/=ROM 3
PASS: 3 HBl H =ROM/=ROM Old 3
DMA test: 0 HBl H =BIOS/=IWRAM
PASS: 0 HBl H =BIOS/=IWRAM 3
DMA test: 1 HBl H =BIOS/=IWRAM
PASS: 1 HBl H =BIOS/=IWRAM 3
DMA test: 2 HBl H =BIOS/=IWRAM
PASS: 2 HBl H =BIOS/=IWRAM 3
DMA test: 3 HBl H =BIOS/=IWRAM
PASS: 3 HBl H =BIOS/=IWRAM 3
DMA test: 0 HBl H =BIOS/=EWRAM
PASS: 0 HBl H =BIOS/=EWRAM 3
PASS: 0 HBl H =BIOS/=EWRAM Old 3
DMA test: 1 HBl H =BIOS/=EWRAM
PASS: 1 HBl H =BIOS/=EWRAM 3
PASS: 1 HBl H =BIOS/=EWRAM Old 3
DMA test: 2 HBl H =BIOS/=EWRAM
PASS: 2 HBl H =BIOS/=EWRAM 3
PASS: 2 HBl H =BIOS/=EWRAM Old 3
DMA test: 3 HBl H =BIOS/=EWRAM
PASS: 3 HBl H =BIOS/=EWRAM 3
PASS: 3 HBl H =BIOS/=EWRAM Old 3
DMA test: 0 HBl H =BIOS/=ROM
PASS: 0 HBl H =BIOS/=ROM 3
PASS: 0 HBl H =BIOS/=ROM Old 3
DMA test: 1 HBl H =BIOS/=ROM
PASS: 1 HBl H =BIOS/=ROM 3
PASS: 1 HBl H =BIOS/=ROM Old 3
DMA test: 2 HBl H =BIOS/=ROM
PASS: 2 HBl H =BIOS/=ROM 3
PASS: 2 HBl H =BIOS/=ROM Old 3
DMA test: 3 HBl H =BIOS/=ROM
PASS: 3 HBl H =BIOS/=ROM 3
PASS: 3 HBl H =BIOS/=ROM Old 3
DMA test: 0 HBl H =SRAM/=IWRAM
PASS: 0 HBl H =SRAM/=IWRAM 3
DMA test: 1 HBl H =SRAM/=IWRAM
PASS: 1 HBl H =SRAM/=IWRAM 3
DMA test: 2 HBl H =SRAM/=IWRAM
PASS: 2 HBl H =SRAM/=IWRAM 3
DMA test: 3 HBl H =SRAM/=IWRAM
PASS: 3 HBl H =SRAM/=IWRAM 3
DMA test: 0 HBl H =SRAM/=EWRAM
PASS: 0 HBl H =SRAM/=EWRAM 3
PASS: 0 HBl H =SRAM/=EWRAM Old 3
DMA test: 1 HBl H =SRAM/=EWRAM
PASS: 1 HBl H =SRAM/=EWRAM 3
PASS: 1 HBl H =SRAM/=EWRAM Old 3
DMA test: 2 HBl H =SRAM/=EWRAM
PASS: 2 HBl H =SRAM/=EWRAM 3
PASS: 2 HBl H =SRAM/=EWRAM Old 3
DMA test: 3 HBl H =SRAM/=EWRAM
PASS: 3 HBl H =SRAM/=EWRAM 3
PASS: 3 HBl H =SRAM/=EWRAM Old 3
DMA test: 0 HBl H =SRAM/=ROM
PASS: 0 HBl H =SRAM/=ROM 3
PASS: 0 HBl H =SRAM/=ROM Old 3
DMA test: 1 HBl H =SRAM/=ROM
PASS: 1 HBl H =SRAM/=ROM 3
PASS: 1 HBl H =SRAM/=ROM Old 3
DMA test: 2 HBl H =SRAM/=ROM
PASS: 2 HBl H =SRAM/=ROM 3
PASS: 2 HBl H =SRAM/=ROM Old 3
DMA test: 0 HBl W =IWRAM/=IWRAM
PASS: 0 HBl W =IWRAM/=IWRAM 3
DMA test: 1 HBl W =IWRAM/=IWRAM
PASS: 1 HBl W =IWRAM/=IWRAM 3
DMA test: 2 HBl W =IWRAM/=IWRAM
PASS: 2 HBl W =IWRAM/=IWRAM 3
DMA test: 3 HBl W =IWRAM/=IWRAM
PASS: 3 HBl W =IWRAM/=IWRAM 3
DMA test: 0 HBl W =IWRAM/=EWRAM
PASS: 0 HBl W =IWRAM/=EWRAM 3
PASS: 0 HBl W =IWRAM/=EWRAM Old 3
DMA test: 1 HBl W =IWRAM/=EWRAM
PASS: 1 HBl W =IWRAM/=EWRAM 3
PASS: 1 HBl W =IWRAM/=EWRAM Old 3
DMA test: 2 HBl W =IWRAM/=EWRAM
PASS: 2 HBl W =IWRAM/=EWRAM 3
PASS: 2 HBl W =IWRAM/=EWRAM Old 3
DMA test: 3 HBl W =IWRAM/=EWRAM
PASS: 3 HBl W =IWRAM/=EWRAM 3
PASS: 3 HBl W =IWRAM/=EWRAM Old 3
DMA test: 0 HBl W =IWRAM/=ROM
PASS: 0 HBl W =IWRAM/=ROM 3
PASS: 0 HBl W =IWRAM/=ROM Old 3
DMA test: 1 HBl W =IWRAM/=ROM
PASS: 1 HBl W =IWRAM/=ROM 3
PASS: 1 HBl W =IWRAM/=ROM Old 3
DMA test: 2 HBl W =IWRAM/=ROM
PASS: 2 HBl W =IWRAM/=ROM 3
PASS: 2 HBl W =IWRAM/=ROM Old 3
DMA test: 3 HBl W =IWRAM/=ROM
PASS: 3 HBl W =IWRAM/=ROM 3
PASS: 3 HBl W =IWRAM/=ROM Old 3
DMA test: 0 HBl W =EWRAM/=IWRAM
PASS: 0 HBl W =EWRAM/=IWRAM 3
DMA test: 1 HBl W =EWRAM/=IWRAM
PASS: 1 HBl W =EWRAM/=IWRAM 3
DMA test: 2 HBl W =EWRAM/=IWRAM
PASS: 2 HBl W =EWRAM/=IWRAM 3
DMA test: 3 HBl W =EWRAM/=IWRAM
PASS: 3 HBl W =EWRAM/=IWRAM 3
DMA test: 0 HBl W =EWRAM/=EWRAM
PASS: 0 HBl W =EWRAM/=EWRAM 3
PASS: 0 HBl W =EWRAM/=EWRAM Old 3
DMA test: 1 HBl W =EWRAM/=EWRAM
PASS: 1 HBl W =EWRAM/=EWRAM 3
PASS: 1 HBl W =EWRAM/=EWRAM Old 3
DMA test: 2 HBl W =EWRAM/=EWRAM
PASS: 2 HBl W =EWRAM/=EWRAM 3
PASS: 2 HBl W =EWRAM/=EWRAM Old 3
DMA test: 3 HBl W =EWRAM/=EWRAM
PASS: 3 HBl W =EWRAM/=EWRAM 3
PASS: 3 HBl W =EWRAM/=EWRAM Old 3
DMA test: 0 HBl W =EWRAM/=ROM
PASS: 0 HBl W =EWRAM/=ROM 3
PASS: 0 HBl W =EWRAM/=ROM Old 3
DMA test: 1 HBl W =EWRAM/=ROM
PASS: 1 HBl W =EWRAM/=ROM 3
PASS: 1 HBl W =EWRAM/=ROM Old 3
DMA test: 2 HBl W =EWRAM/=ROM
PASS: 2 HBl W =EWRAM/=ROM 3
PASS: 2 HBl W =EWRAM/=ROM Old 3
DMA test: 3 HBl W =EWRAM/=ROM
PASS: 3 HBl W =EWRAM/=ROM 3
PASS: 3 HBl W =EWRAM/=ROM Old 3
DMA test: 0 HBl W =ROM/=IWRAM
PASS: 0 HBl W =ROM/=IWRAM 3
DMA test: 1 HBl W =ROM/=IWRAM
PASS: 1 HBl W =ROM/=IWRAM 3
DMA test: 2 HBl W =ROM/=IWRAM
PASS: 2 HBl W =ROM/=IWRAM 3
DMA test: 3 HBl W =ROM/=IWRAM
PASS: 3 HBl W =ROM/=IWRAM 3
DMA test: 0 HBl W =ROM/=EWRAM
PASS: 0 HBl W =ROM/=EWRAM 3
PASS: 0 HBl W =ROM/=EWRAM Old 3
DMA test: 1 HBl W =ROM/=EWRAM
PASS: 1 HBl W =ROM/=EWRAM 3
PASS: 1 HBl W =ROM/=EWRAM Old 3
DMA test: 2 HBl W =ROM/=EWRAM
PASS: 2 HBl W =ROM/=EWRAM 3
PASS: 2 HBl W =ROM/=EWRAM Old 3
DMA test: 3 HBl W =ROM/=EWRAM
PASS: 3 HBl W =ROM/=EWRAM 3
PASS: 3 HBl W =ROM/=EWRAM Old 3
DMA test: 0 HBl W =ROM/=ROM
PASS: 0 HBl W =ROM/=ROM 3
PASS: 0 HBl W =ROM/=ROM Old 3
DMA test: 1 HBl W =ROM/=ROM
PASS: 1 HBl W =ROM/=ROM 3
PASS: 1 HBl W =ROM/=ROM Old 3
DMA test: 2 HBl W =ROM/=ROM
PASS: 2 HBl W =ROM/=ROM 3
PASS: 2 HBl W =ROM/=ROM Old 3
DMA test: 3 HBl W =ROM/=ROM
PASS: 3 HBl W =ROM/=ROM 3
PASS: 3 HBl W =ROM/=ROM Old 3
DMA test: 0 HBl W =BIOS/=IWRAM
PASS: 0 HBl W =BIOS/=IWRAM 3
DMA test: 1 HBl W =BIOS/=IWRAM
PASS: 1 HBl W =BIOS/=IWRAM 3
DMA test: 2 HBl W =BIOS/=IWRAM
PASS: 2 HBl W =BIOS/=IWRAM 3
DMA test: 3 HBl W =BIOS/=IWRAM
PASS: 3 HBl W =BIOS/=IWRAM 3
DMA test: 0 HBl W =BIOS/=EWRAM
PASS: 0 HBl W =BIOS/=EWRAM 3
PASS: 0 HBl W =BIOS/=EWRAM Old 3
DMA test: 1 HBl W =BIOS/=EWRAM
PASS: 1 HBl W =BIOS/=EWRAM 3
PASS: 1 HBl W =BIOS/=EWRAM Old 3
DMA test: 2 HBl W =BIOS/=EWRAM
PASS: 2 HBl W =BIOS/=EWRAM 3
PASS: 2 HBl W =BIOS/=EWRAM Old 3
DMA test: 3 HBl W =BIOS/=EWRAM
PASS: 3 HBl W =BIOS/=EWRAM 3
PASS: 3 HBl W =BIOS/=EWRAM Old 3
DMA test: 0 HBl W =BIOS/=ROM
PASS: 0 HBl W =BIOS/=ROM 3
PASS: 0 HBl W =BIOS/=ROM Old 3
DMA test: 1 HBl W =BIOS/=ROM
PASS: 1 HBl W =BIOS/=ROM 3
PASS: 1 HBl W =BIOS/=ROM Old 3
DMA test: 2 HBl W =BIOS/=ROM
PASS: 2 HBl W =BIOS/=ROM 3
PASS: 2 HBl W =BIOS/=ROM Old 3
DMA test: 3 HBl W =BIOS/=ROM
PASS: 3 HBl W =BIOS/=ROM 3
PASS: 3 HBl W =BIOS/=ROM Old 3
DMA test: 0 HBl W =SRAM/=IWRAM
PASS: 0 HBl W =SRAM/=IWRAM 3
DMA test: 1 HBl W =SRAM/=IWRAM
PASS: 1 HBl W =SRAM/=IWRAM 3
DMA test: 2 HBl W =SRAM/=IWRAM
PASS: 2 HBl W =SRAM/=IWRAM 3
DMA test: 3 HBl W =SRAM/=IWRAM
PASS: 3 HBl W =SRAM/=IWRAM 3
DMA test: 0 HBl W =SRAM/=EWRAM
PASS: 0 HBl W =SRAM/=EWRAM 3
PASS: 0 HBl W =SRAM/=EWRAM Old 3
DMA test: 1 HBl W =SRAM/=EWRAM
PASS: 1 HBl W =SRAM/=EWRAM 3
PASS: 1 HBl W =SRAM/=EWRAM Old 3
DMA test: 2 HBl W =SRAM/=EWRAM
PASS: 2 HBl W =SRAM/=EWRAM 3
PASS: 2 HBl W =SRAM/=EWRAM Old 3
DMA test: 3 HBl W =SRAM/=EWRAM
PASS: 3 HBl W =SRAM/=EWRAM 3
PASS: 3 HBl W =SRAM/=EWRAM Old 3
DMA test: 0 HBl W =SRAM/=ROM
PASS: 0 HBl W =SRAM/=ROM 3
PASS: 0 HBl W =SRAM/=ROM Old 3
DMA test: 1 HBl W =SRAM/=ROM
PASS: 1 HBl W =SRAM/=ROM 3
PASS: 1 HBl W =SRAM/=ROM Old 3
DMA test: 2 HBl W =SRAM/=ROM
PASS: 2 HBl W =SRAM/=ROM 3
PASS: 2 HBl W =SRAM/=ROM Old 3
DMA test: 0 HBl H +IWRAM/=IWRAM
PASS: 0 HBl H +IWRAM/=IWRAM 3
DMA test: 1 HBl H +IWRAM/=IWRAM
PASS: 1 HBl H +IWRAM/=IWRAM 3
DMA test: 2 HBl H +IWRAM/=IWRAM
PASS: 2 HBl H +IWRAM/=IWRAM 3
DMA test: 3 HBl H +IWRAM/=IWRAM
PASS: 3 HBl H +IWRAM/=IWRAM 3
DMA test: 0 HBl H +IWRAM/=EWRAM
PASS: 0 HBl H +IWRAM/=EWRAM 3
PASS: 0 HBl H +IWRAM/=EWRAM Old 3
DMA test: 1 HBl H +IWRAM/=EWRAM
PASS: 1 HBl H +IWRAM/=EWRAM 3
PASS: 1 HBl H +IWRAM/=EWRAM Old 3
DMA test: 2 HBl H +IWRAM/=EWRAM
PASS: 2 HBl H +IWRAM/=EWRAM 3
PASS: 2 HBl H +IWRAM/=EWRAM Old 3
DMA test: 3 HBl H +IWRAM/=EWRAM
PASS: 3 HBl H +IWRAM/=EWRAM 3
PASS: 3 HBl H +IWRAM/=EWRAM Old 3
DMA test: 0 HBl H +IWRAM/=ROM
PASS: 0 HBl H +IWRAM/=ROM 3
PASS: 0 HBl H +IWRAM/=ROM Old 3
DMA test: 1 HBl H +IWRAM/=ROM
PASS: 1 HBl H +IWRAM/=ROM 3
PASS: 1 HBl H +IWRAM/=ROM Old 3
DMA test: 2 HBl H +IWRAM/=ROM
PASS: 2 HBl H +IWRAM/=ROM 3
PASS: 2 HBl H +IWRAM/=ROM Old 3
DMA test: 3 HBl H +IWRAM/=ROM
PASS: 3 HBl H +IWRAM/=ROM 3
PASS: 3 HBl H +IWRAM/=ROM Old 3
DMA test: 0 HBl H +EWRAM/=IWRAM
PASS: 0 HBl H +EWRAM/=IWRAM 3
DMA test: 1 HBl H +EWRAM/=IWRAM
PASS: 1 HBl H +EWRAM/=IWRAM 3
DMA test: 2 HBl H +EWRAM/=IWRAM
PASS: 2 HBl H +EWRAM/=IWRAM 3
DMA test: 3 HBl H +EWRAM/=IWRAM
PASS: 3 HBl H +EWRAM/=IWRAM 3
DMA test: 0 HBl H +EWRAM/=EWRAM
PASS: 0 HBl H +EWRAM/=EWRAM 3
PASS: 0 HBl H +EWRAM/=EWRAM Old 3
DMA test: 1 HBl H +EWRAM/=EWRAM
PASS: 1 HBl H +EWRAM/=EWRAM 3
PASS: 1 HBl H +EWRAM/=EWRAM Old 3
DMA test: 2 HBl H +EWRAM/=EWRAM
PASS: 2 HBl H +EWRAM/=EWRAM 3
PASS: 2 HBl H +EWRAM/=EWRAM Old 3
DMA test: 3 HBl H +EWRAM/=EWRAM
PASS: 3 HBl H +EWRAM/=EWRAM 3
PASS: 3 HBl H +EWRAM/=EWRAM Old 3
DMA test: 0 HBl H +EWRAM/=ROM
PASS: 0 HBl H +EWRAM/=ROM 3
PASS: 0 HBl H +EWRAM/=ROM Old 3
DMA test: 1 HBl H +EWRAM/=ROM
PASS: 1 HBl H +EWRAM/=ROM 3
PASS: 1 HBl H +EWRAM/=ROM Old 3
DMA test: 2 HBl H +EWRAM/=ROM
PASS: 2 HBl H +EWRAM/=ROM 3
PASS: 2 HBl H +EWRAM/=ROM Old 3
DMA test: 3 HBl H +EWRAM/=ROM
PASS: 3 HBl H +EWRAM/=ROM 3
PASS: 3 HBl H +EWRAM/=ROM Old 3
DMA test: 0 HBl H +ROM/=IWRAM
PASS: 0 HBl H +ROM/=IWRAM 3
DMA test: 1 HBl H +ROM/=IWRAM
PASS: 1 HBl H +ROM/=IWRAM 3
DMA test: 2 HBl H +ROM/=IWRAM
PASS: 2 HBl H +ROM/=IWRAM 3
DMA test: 3 HBl H +ROM/=IWRAM
PASS: 3 HBl H +ROM/=IWRAM 3
DMA test: 0 HBl H +ROM/=EWRAM
PASS: 0 HBl H +ROM/=EWRAM 3
PASS: 0 HBl H +ROM/=EWRAM Old 3
DMA test: 1 HBl H +ROM/=EWRAM
PASS: 1 HBl H +ROM/=EWRAM 3
PASS: 1 HBl H +ROM/=EWRAM Old 3
DMA test: 2 HBl H +ROM/=EWRAM
PASS: 2 HBl H +ROM/=EWRAM 3
PASS: 2 HBl H +ROM/=EWRAM Old 3
DMA test: 3 HBl H +ROM/=EWRAM
PASS: 3 HBl H +ROM/=EWRAM 3
PASS: 3 HBl H +ROM/=EWRAM Old 3
DMA test: 0 HBl H +ROM/=ROM
PASS: 0 HBl H +ROM/=ROM 3
PASS: 0 HBl H +ROM/=ROM Old 3
DMA test: 1 HBl H +ROM/=ROM
PASS: 1 HBl H +ROM/=ROM 3
PASS: 1 HBl H +ROM/=ROM Old 3
DMA test: 2 HBl H +ROM/=ROM
PASS: 2 HBl H +ROM/=ROM 3
PASS: 2 HBl H +ROM/=ROM Old 3
DMA test: 3 HBl H +ROM/=ROM
PASS: 3 HBl H +ROM/=ROM 3
PASS: 3 HBl H +ROM/=ROM Old 3
DMA test: 0 HBl H +BIOS/=IWRAM
PASS: 0 HBl H +BIOS/=IWRAM 3
DMA test: 1 HBl H +BIOS/=IWRAM
PASS: 1 HBl H +BIOS/=IWRAM 3
DMA test: 2 HBl H +BIOS/=IWRAM
PASS: 2 HBl H +BIOS/=IWRAM 3
DMA test: 3 HBl H +BIOS/=IWRAM
PASS: 3 HBl H +BIOS/=IWRAM 3
DMA test: 0 HBl H +BIOS/=EWRAM
PASS: 0 HBl H +BIOS/=EWRAM 3
PASS: 0 HBl H +BIOS/=EWRAM Old 3
DMA test: 1 HBl H +BIOS/=EWRAM
PASS: 1 HBl H +BIOS/=EWRAM 3
PASS: 1 HBl H +BIOS/=EWRAM Old 3
DMA test: 2 HBl H +BIOS/=EWRAM
PASS: 2 HBl H +BIOS/=EWRAM 3
PASS: 2 HBl H +BIOS/=EWRAM Old 3
DMA test: 3 HBl H +BIOS/=EWRAM
PASS: 3 HBl H +BIOS/=EWRAM 3
PASS: 3 HBl H +BIOS/=EWRAM Old 3
DMA test: 0 HBl H +BIOS/=ROM
PASS: 0 HBl H +BIOS/=ROM 3
PASS: 0 HBl H +BIOS/=ROM Old 3
DMA test: 1 HBl H +BIOS/=ROM
PASS: 1 HBl H +BIOS/=ROM 3
PASS: 1 HBl H +BIOS/=ROM Old 3
DMA test: 2 HBl H +BIOS/=ROM
PASS: 2 HBl H +BIOS/=ROM 3
PASS: 2 HBl H +BIOS/=ROM Old 3
DMA test: 3 HBl H +BIOS/=ROM
PASS: 3 HBl H +BIOS/=ROM 3
PASS: 3 HBl H +BIOS/=ROM Old 3
DMA test: 0 HBl H +SRAM/=IWRAM
PASS: 0 HBl H +SRAM/=IWRAM 3
DMA test: 1 HBl H +SRAM/=IWRAM
PASS: 1 HBl H +SRAM/=IWRAM 3
DMA test: 2 HBl H +SRAM/=IWRAM
PASS: 2 HBl H +SRAM/=IWRAM 3
DMA test: 3 HBl H +SRAM/=IWRAM
PASS: 3 HBl H +SRAM/=IWRAM 3
DMA test: 0 HBl H +SRAM/=EWRAM
PASS: 0 HBl H +SRAM/=EWRAM 3
PASS: 0 HBl H +SRAM/=EWRAM Old 3
DMA test: 1 HBl H +SRAM/=EWRAM
PASS: 1 HBl H +SRAM/=EWRAM 3
PASS: 1 HBl H +SRAM/=EWRAM Old 3
DMA test: 2 HBl H +SRAM/=EWRAM
PASS: 2 HBl H +SRAM/=EWRAM 3
PASS: 2 HBl H +SRAM/=EWRAM Old 3
DMA test: 3 HBl H +SRAM/=EWRAM
PASS: 3 HBl H +SRAM/=EWRAM 3
PASS: 3 HBl H +SRAM/=EWRAM Old 3
DMA test: 0 HBl H +SRAM/=ROM
PASS: 0 HBl H +SRAM/=ROM 3
PASS: 0 HBl H +SRAM/=ROM Old 3
DMA test: 1 HBl H +SRAM/=ROM
PASS: 1 HBl H +SRAM/=ROM 3
PASS: 1 HBl H +SRAM/=ROM Old 3
DMA test: 2 HBl H +SRAM/=ROM
PASS: 2 HBl H +SRAM/=ROM 3
PASS: 2 HBl H +SRAM/=ROM Old 3
DMA test: 0 HBl W +IWRAM/=IWRAM
PASS: 0 HBl W +IWRAM/=IWRAM 3
DMA test: 1 HBl W +IWRAM/=IWRAM
PASS: 1 HBl W +IWRAM/=IWRAM 3
DMA test: 2 HBl W +IWRAM/=IWRAM
PASS: 2 HBl W +IWRAM/=IWRAM 3
DMA test: 3 HBl W +IWRAM/=IWRAM
PASS: 3 HBl W +IWRAM/=IWRAM 3
DMA test: 0 HBl W +IWRAM/=EWRAM
PASS: 0 HBl W +IWRAM/=EWRAM 3
PASS: 0 HBl W +IWRAM/=EWRAM Old 3
DMA test: 1 HBl W +IWRAM/=EWRAM
PASS: 1 HBl W +IWRAM/=EWRAM 3
PASS: 1 HBl W +IWRAM/=EWRAM Old 3
DMA test: 2 HBl W +IWRAM/=EWRAM
PASS: 2 HBl W +IWRAM/=EWRAM 3
PASS: 2 HBl W +IWRAM/=EWRAM Old 3
DMA test: 3 HBl W +IWRAM/=EWRAM
PASS: 3 HBl W +IWRAM/=EWRAM 3
PASS: 3 HBl W +IWRAM/=EWRAM Old 3
DMA test: 0 HBl W +IWRAM/=ROM
PASS: 0 HBl W +IWRAM/=ROM 3
PASS: 0 HBl W +IWRAM/=ROM Old 3
DMA test: 1 HBl W +IWRAM/=ROM
PASS: 1 HBl W +IWRAM/=ROM 3
PASS: 1 HBl W +IWRAM/=ROM Old 3
DMA test: 2 HBl W +IWRAM/=ROM
PASS: 2 HBl W +IWRAM/=ROM 3
PASS: 2 HBl W +IWRAM/=ROM Old 3
DMA test: 3 HBl W +IWRAM/=ROM
PASS: 3 HBl W +IWRAM/=ROM 3
PASS: 3 HBl W +IWRAM/=ROM Old 3
DMA test: 0 HBl W +EWRAM/=IWRAM
PASS: 0 HBl W +EWRAM/=IWRAM 3
DMA test: 1 HBl W +EWRAM/=IWRAM
PASS: 1 HBl W +EWRAM/=IWRAM 3
DMA test: 2 HBl W +EWRAM/=IWRAM
PASS: 2 HBl W +EWRAM/=IWRAM 3
DMA test: 3 HBl W +EWRAM/=IWRAM
PASS: 3 HBl W +EWRAM/=IWRAM 3
DMA test: 0 HBl W +EWRAM/=EWRAM
PASS: 0 HBl W +EWRAM/=EWRAM 3
PASS: 0 HBl W +EWRAM/=EWRAM Old 3
DMA test: 1 HBl W +EWRAM/=EWRAM
PASS: 1 HBl W +EWRAM/=EWRAM 3
PASS: 1 HBl W +EWRAM/=EWRAM Old 3
DMA test: 2 HBl W +EWRAM/=EWRAM
PASS: 2 HBl W +EWRAM/=EWRAM 3
PASS: 2 HBl W +EWRAM/=EWRAM Old 3
DMA test: 3 HBl W +EWRAM/=EWRAM
PASS: 3 HBl W +EWRAM/=EWRAM 3
PASS: 3 HBl W +EWRAM/=EWRAM Old 3
DMA test: 0 HBl W +EWRAM/=ROM
PASS: 0 HBl W +EWRAM/=ROM 3
PASS: 0 HBl W +EWRAM/=ROM Old 3
DMA test: 1 HBl W +EWRAM/=ROM
PASS: 1 HBl W +EWRAM/=ROM 3
PASS: 1 HBl W +EWRAM/=ROM Old 3
DMA test: 2 HBl W +EWRAM/=ROM
PASS: 2 HBl W +EWRAM/=ROM 3
PASS: 2 HBl W +EWRAM/=ROM Old 3
DMA test: 3 HBl W +EWRAM/=ROM
PASS: 3 HBl W +EWRAM/=ROM 3
PASS: 3 HBl W +EWRAM/=ROM Old 3
DMA test: 0 HBl W +ROM/=IWRAM
PASS: 0 HBl W +ROM/=IWRAM 3
DMA test: 1 HBl W +ROM/=IWRAM
PASS: 1 HBl W +ROM/=IWRAM 3
DMA test: 2 HBl W +ROM/=IWRAM
PASS: 2 HBl W +ROM/=IWRAM 3
DMA test: 3 HBl W +ROM/=IWRAM
PASS: 3 HBl W +ROM/=IWRAM 3
DMA test: 0 HBl W +ROM/=EWRAM
PASS: 0 HBl W +ROM/=EWRAM 3
PASS: 0 HBl W +ROM/=EWRAM Old 3
DMA test: 1 HBl W +ROM/=EWRAM
PASS: 1 HBl W +ROM/=EWRAM 3
PASS: 1 HBl W +ROM/=EWRAM Old 3
DMA test: 2 HBl W +ROM/=EWRAM
PASS: 2 HBl W +ROM/=EWRAM 3
PASS: 2 HBl W +ROM/=EWRAM Old 3
DMA test: 3 HBl W +ROM/=EWRAM
PASS: 3 HBl W +ROM/=EWRAM 3
PASS: 3 HBl W +ROM/=EWRAM Old 3
DMA test: 0 HBl W +ROM/=ROM
PASS: 0 HBl W +ROM/=ROM 3
PASS: 0 HBl W +ROM/=ROM Old 3
DMA test: 1 HBl W +ROM/=ROM
PASS: 1 HBl W +ROM/=ROM 3
PASS: 1 HBl W +ROM/=ROM Old 3
DMA test: 2 HBl W +ROM/=ROM
PASS: 2 HBl W +ROM/=ROM 3
PASS: 2 HBl W +ROM/=ROM Old 3
DMA test: 3 HBl W +ROM/=ROM
PASS: 3 HBl W +ROM/=ROM 3
PASS: 3 HBl W +ROM/=ROM Old 3
DMA test: 0 HBl W +BIOS/=IWRAM
PASS: 0 HBl W +BIOS/=IWRAM 3
DMA test: 1 HBl W +BIOS/=IWRAM
PASS: 1 HBl W +BIOS/=IWRAM 3
DMA test: 2 HBl W +BIOS/=IWRAM
PASS: 2 HBl W +BIOS/=IWRAM 3
DMA test: 3 HBl W +BIOS/=IWRAM
PASS: 3 HBl W +BIOS/=IWRAM 3
DMA test: 0 HBl W +BIOS/=EWRAM
PASS: 0 HBl W +BIOS/=EWRAM 3
PASS: 0 HBl W +BIOS/=EWRAM Old 3
DMA test: 1 HBl W +BIOS/=EWRAM
PASS: 1 HBl W +BIOS/=EWRAM 3
PASS: 1 HBl W +BIOS/=EWRAM Old 3
DMA test: 2 HBl W +BIOS/=EWRAM
PASS: 2 HBl W +BIOS/=EWRAM 3
PASS: 2 HBl W +BIOS/=EWRAM Old 3
DMA test: 3 HBl W +BIOS/=EWRAM
PASS: 3 HBl W +BIOS/=EWRAM 3
PASS: 3 HBl W +BIOS/=EWRAM Old 3
DMA test: 0 HBl W +BIOS/=ROM
PASS: 0 HBl W +BIOS/=ROM 3
PASS: 0 HBl W +BIOS/=ROM Old 3
DMA test: 1 HBl W +BIOS/=ROM
PASS: 1 HBl W +BIOS/=ROM 3
PASS: 1 HBl W +BIOS/=ROM Old 3
DMA test: 2 HBl W +BIOS/=ROM
PASS: 2 HBl W +BIOS/=ROM 3
PASS: 2 HBl W +BIOS/=ROM Old 3
DMA test: 3 HBl W +BIOS/=ROM
PASS: 3 HBl W +BIOS/=ROM 3
PASS: 3 HBl W +BIOS/=ROM Old 3
DMA test: 0 HBl W +SRAM/=IWRAM
PASS: 0 HBl W +SRAM/=IWRAM 3
DMA test: 1 HBl W +SRAM/=IWRAM
PASS: 1 HBl W +SRAM/=IWRAM 3
DMA test: 2 HBl W +SRAM/=IWRAM
PASS: 2 HBl W +SRAM/=IWRAM 3
DMA test: 3 HBl W +SRAM/=IWRAM
PASS: 3 HBl W +SRAM/=IWRAM 3
DMA test: 0 HBl W +SRAM/=EWRAM
PASS: 0 HBl W +SRAM/=EWRAM 3
PASS: 0 HBl W +SRAM/=EWRAM Old 3
DMA test: 1 HBl W +SRAM/=EWRAM
PASS: 1 HBl W +SRAM/=EWRAM 3
PASS: 1 HBl W +SRAM/=EWRAM Old 3
DMA test: 2 HBl W +SRAM/=EWRAM
PASS: 2 HBl W +SRAM/=EWRAM 3
PASS: 2 HBl W +SRAM/=EWRAM Old 3
DMA test: 3 HBl W +SRAM/=EWRAM
PASS: 3 HBl W +SRAM/=EWRAM 3
PASS: 3 HBl W +SRAM/=EWRAM Old 3
DMA test: 0 HBl W +SRAM/=ROM
PASS: 0 HBl W +SRAM/=ROM 3
PASS: 0 HBl W +SRAM/=ROM Old 3
DMA test: 1 HBl W +SRAM/=ROM
PASS: 1 HBl W +SRAM/=ROM 3
PASS: 1 HBl W +SRAM/=ROM Old 3
DMA test: 2 HBl W +SRAM/=ROM
PASS: 2 HBl W +SRAM/=ROM 3
PASS: 2 HBl W +SRAM/=ROM Old 3
DMA test: 0 HBl H -IWRAM/=IWRAM
PASS: 0 HBl H -IWRAM/=IWRAM 3
DMA test: 1 HBl H -IWRAM/=IWRAM
PASS: 1 HBl H -IWRAM/=IWRAM 3
DMA test: 2 HBl H -IWRAM/=IWRAM
PASS: 2 HBl H -IWRAM/=IWRAM 3
DMA test: 3 HBl H -IWRAM/=IWRAM
PASS: 3 HBl H -IWRAM/=IWRAM 3
DMA test: 0 HBl H -IWRAM/=EWRAM
PASS: 0 HBl H -IWRAM/=EWRAM 3
PASS: 0 HBl H -IWRAM/=EWRAM Old 3
DMA test: 1 HBl H -IWRAM/=EWRAM
PASS: 1 HBl H -IWRAM/=EWRAM 3
PASS: 1 HBl H -IWRAM/=EWRAM Old 3
DMA test: 2 HBl H -IWRAM/=EWRAM
PASS: 2 HBl H -IWRAM/=EWRAM 3
PASS: 2 HBl H -IWRAM/=EWRAM Old 3
DMA test: 3 HBl H -IWRAM/=EWRAM
PASS: 3 HBl H -IWRAM/=EWRAM 3
PASS: 3 HBl H -IWRAM/=EWRAM Old 3
DMA test: 0 HBl H -IWRAM/=ROM
PASS: 0 HBl H -IWRAM/=ROM 3
PASS: 0 HBl H -IWRAM/=ROM Old 3
DMA test: 1 HBl H -IWRAM/=ROM
PASS: 1 HBl H -IWRAM/=ROM 3
PASS: 1 HBl H -IWRAM/=ROM Old 3
DMA test: 2 HBl H -IWRAM/=ROM
PASS: 2 HBl H -IWRAM/=ROM 3
PASS: 2 HBl H -IWRAM/=ROM Old 3
DMA test: 3 HBl H -IWRAM/=ROM
PASS: 3 HBl H -IWRAM/=ROM 3
PASS: 3 HBl H -IWRAM/=ROM Old 3
DMA test: 0 HBl H -EWRAM/=IWRAM
PASS: 0 HBl H -EWRAM/=IWRAM 3
DMA test: 1 HBl H -EWRAM/=IWRAM
PASS: 1 HBl H -EWRAM/=IWRAM 3
DMA test: 2 HBl H -EWRAM/=IWRAM
PASS: 2 HBl H -EWRAM/=IWRAM 3
DMA test: 3 HBl H -EWRAM/=IWRAM
PASS: 3 HBl H -EWRAM/=IWRAM 3
DMA test: 0 HBl H -EWRAM/=EWRAM
PASS: 0 HBl H -EWRAM/=EWRAM 3
PASS: 0 HBl H -EWRAM/=EWRAM Old 3
DMA test: 1 HBl H -EWRAM/=EWRAM
PASS: 1 HBl H -EWRAM/=EWRAM 3
PASS: 1 HBl H -EWRAM/=EWRAM Old 3
DMA test: 2 HBl H -EWRAM/=EWRAM
PASS: 2 HBl H -EWRAM/=EWRAM 3
PASS: 2 HBl H -EWRAM/=EWRAM Old 3
DMA test: 3 HBl H -EWRAM/=EWRAM
PASS: 3 HBl H -EWRAM/=EWRAM 3
PASS: 3 HBl H -EWRAM/=EWRAM Old 3
DMA test: 0 HBl H -EWRAM/=ROM
PASS: 0 HBl H -EWRAM/=ROM 3
PASS: 0 HBl H -EWRAM/=ROM Old 3
DMA test: 1 HBl H -EWRAM/=ROM
PASS: 1 HBl H -EWRAM/=ROM 3
PASS: 1 HBl H -EWRAM/=ROM Old 3
DMA test: 2 HBl H -EWRAM/=ROM
PASS: 2 HBl H -EWRAM/=ROM 3
PASS: 2 HBl H -EWRAM/=ROM Old 3
DMA test: 3 HBl H -EWRAM/=ROM
PASS: 3 HBl H -EWRAM/=ROM 3
PASS: 3 HBl H -EWRAM/=ROM Old 3
DMA test: 0 HBl H -ROM/=IWRAM
PASS: 0 HBl H -ROM/=IWRAM 3
DMA test: 1 HBl H -ROM/=IWRAM
PASS: 1 HBl H -ROM/=IWRAM 3
DMA test: 2 HBl H -ROM/=IWRAM
PASS: 2 HBl H -ROM/=IWRAM 3
DMA test: 3 HBl H -ROM/=IWRAM
PASS: 3 HBl H -ROM/=IWRAM 3
DMA test: 0 HBl H -ROM/=EWRAM
PASS: 0 HBl H -ROM/=EWRAM 3
PASS: 0 HBl H -ROM/=EWRAM Old 3
DMA test: 1 HBl H -ROM/=EWRAM
PASS: 1 HBl H -ROM/=EWRAM 3
PASS: 1 HBl H -ROM/=EWRAM Old 3
DMA test: 2 HBl H -ROM/=EWRAM
PASS: 2 HBl H -ROM/=EWRAM 3
PASS: 2 HBl H -ROM/=EWRAM Old 3
DMA test: 3 HBl H -ROM/=EWRAM
PASS: 3 HBl H -ROM/=EWRAM 3
PASS: 3 HBl H -ROM/=EWRAM Old 3
DMA test: 0 HBl H -ROM/=ROM
PASS: 0 HBl H -ROM/=ROM 3
PASS: 0 HBl H -ROM/=ROM Old 3
DMA test: 1 HBl H -ROM/=ROM
PASS: 1 HBl H -ROM/=ROM 3
PASS: 1 HBl H -ROM/=ROM Old 3
DMA test: 2 HBl H -ROM/=ROM
PASS: 2 HBl H -ROM/=ROM 3
PASS: 2 HBl H -ROM/=ROM Old 3
DMA test: 3 HBl H -ROM/=ROM
PASS: 3 HBl H -ROM/=ROM 3
PASS: 3 HBl H -ROM/=ROM Old 3
DMA test: 0 HBl H -BIOS/=IWRAM
PASS: 0 HBl H -BIOS/=IWRAM 3
DMA test: 1 HBl H -BIOS/=IWRAM
PASS: 1 HBl H -BIOS/=IWRAM 3
DMA test: 2 HBl H -BIOS/=IWRAM
PASS: 2 HBl H -BIOS/=IWRAM 3
DMA test: 3 HBl H -BIOS/=IWRAM
PASS: 3 HBl H -BIOS/=IWRAM 3
DMA test: 0 HBl H -BIOS/=EWRAM
PASS: 0 HBl H -BIOS/=EWRAM 3
PASS: 0 HBl H -BIOS/=EWRAM Old 3
DMA test: 1 HBl H -BIOS/=EWRAM
PASS: 1 HBl H -BIOS/=EWRAM 3
PASS: 1 HBl H -BIOS/=EWRAM Old 3
DMA test: 2 HBl H -BIOS/=EWRAM
PASS: 2 HBl H -BIOS/=EWRAM 3
PASS: 2 HBl H -BIOS/=EWRAM Old 3
DMA test: 3 HBl H -BIOS/=EWRAM
PASS: 3 HBl H -BIOS/=EWRAM 3
PASS: 3 HBl H -BIOS/=EWRAM Old 3
DMA test: 0 HBl H -BIOS/=ROM
PASS: 0 HBl H -BIOS/=ROM 3
PASS: 0 HBl H -BIOS/=ROM Old 3
DMA test: 1 HBl H -BIOS/=ROM
PASS: 1 HBl H -BIOS/=ROM 3
PASS: 1 HBl H -BIOS/=ROM Old 3
DMA test: 2 HBl H -BIOS/=ROM
PASS: 2 HBl H -BIOS/=ROM 3
PASS: 2 HBl H -BIOS/=ROM Old 3
DMA test: 3 HBl H -BIOS/=ROM
PASS: 3 HBl H -BIOS/=ROM 3
PASS: 3 HBl H -BIOS/=ROM Old 3
DMA test: 0 HBl H -SRAM/=IWRAM
PASS: 0 HBl H -SRAM/=IWRAM 3
DMA test: 1 HBl H -SRAM/=IWRAM
PASS: 1 HBl H -SRAM/=IWRAM 3
DMA test: 2 HBl H -SRAM/=IWRAM
PASS: 2 HBl H -SRAM/=IWRAM 3
DMA test: 3 HBl H -SRAM/=IWRAM
PASS: 3 HBl H -SRAM/=IWRAM 3
DMA test: 0 HBl H -SRAM/=EWRAM
PASS: 0 HBl H -SRAM/=EWRAM 3
PASS: 0 HBl H -SRAM/=EWRAM Old 3
DMA test: 1 HBl H -SRAM/=EWRAM
PASS: 1 HBl H -SRAM/=EWRAM 3
PASS: 1 HBl H -SRAM/=EWRAM Old 3
DMA test: 2 HBl H -SRAM/=EWRAM
PASS: 2 HBl H -SRAM/=EWRAM 3
PASS: 2 HBl H -SRAM/=EWRAM Old 3
DMA test: 3 HBl H -SRAM/=EWRAM
PASS: 3 HBl H -SRAM/=EWRAM 3
PASS: 3 HBl H -SRAM/=EWRAM Old 3
DMA test: 0 HBl H -SRAM/=ROM
PASS: 0 HBl H -SRAM/=ROM 3
PASS: 0 HBl H -SRAM/=ROM Old 3
DMA test: 1 HBl H -SRAM/=ROM
PASS: 1 HBl H -SRAM/=ROM 3
PASS: 1 HBl H -SRAM/=ROM Old 3
DMA test: 2 HBl H -SRAM/=ROM
PASS: 2 HBl H -SRAM/=ROM 3
PASS: 2 HBl H -SRAM/=ROM Old 3
DMA test: 0 HBl W -IWRAM/=IWRAM
PASS: 0 HBl W -IWRAM/=IWRAM 3
DMA test: 1 HBl W -IWRAM/=IWRAM
PASS: 1 HBl W -IWRAM/=IWRAM 3
DMA test: 2 HBl W -IWRAM/=IWRAM
PASS: 2 HBl W -IWRAM/=IWRAM 3
DMA test: 3 HBl W -IWRAM/=IWRAM
PASS: 3 HBl W -IWRAM/=IWRAM 3
DMA test: 0 HBl W -IWRAM/=EWRAM
PASS: 0 HBl W -IWRAM/=EWRAM 3
PASS: 0 HBl W -IWRAM/=EWRAM Old 3
DMA test: 1 HBl W -IWRAM/=EWRAM
PASS: 1 HBl W -IWRAM/=EWRAM 3
PASS: 1 HBl W -IWRAM/=EWRAM Old 3
DMA test: 2 HBl W -IWRAM/=EWRAM
PASS: 2 HBl W -IWRAM/=EWRAM 3
PASS: 2 HBl W -IWRAM/=EWRAM Old 3
DMA test: 3 HBl W -IWRAM/=EWRAM
PASS: 3 HBl W -IWRAM/=EWRAM 3
PASS: 3 HBl W -IWRAM/=EWRAM Old 3
DMA test: 0 HBl W -IWRAM/=ROM
PASS: 0 HBl W -IWRAM/=ROM 3
PASS: 0 HBl W -IWRAM/=ROM Old 3
DMA test: 1 HBl W -IWRAM/=ROM
PASS: 1 HBl W -IWRAM/=ROM 3
PASS: 1 HBl W -IWRAM/=ROM Old 3
DMA test: 2 HBl W -IWRAM/=ROM
PASS: 2 HBl W -IWRAM/=ROM 3
PASS: 2 HBl W -IWRAM/=ROM Old 3
DMA test: 3 HBl W -IWRAM/=ROM
PASS: 3 HBl W -IWRAM/=ROM 3
PASS: 3 HBl W -IWRAM/=ROM Old 3
DMA test: 0 HBl W -EWRAM/=IWRAM
PASS: 0 HBl W -EWRAM/=IWRAM 3
DMA test: 1 HBl W -EWRAM/=IWRAM
PASS: 1 HBl W -EWRAM/=IWRAM 3
DMA test: 2 HBl W -EWRAM/=IWRAM
PASS: 2 HBl W -EWRAM/=IWRAM 3
DMA test: 3 HBl W -EWRAM/=IWRAM
PASS: 3 HBl W -EWRAM/=IWRAM 3
DMA test: 0 HBl W -EWRAM/=EWRAM
PASS: 0 HBl W -EWRAM/=EWRAM 3
PASS: 0 HBl W -EWRAM/=EWRAM Old 3
DMA test: 1 HBl W -EWRAM/=EWRAM
PASS: 1 HBl W -EWRAM/=EWRAM 3
PASS: 1 HBl W -EWRAM/=EWRAM Old 3
DMA test: 2 HBl W -EWRAM/=EWRAM
PASS: 2 HBl W -EWRAM/=EWRAM 3
PASS: 2 HBl W -EWRAM/=EWRAM Old 3
DMA test: 3 HBl W -EWRAM/=EWRAM
PASS: 3 HBl W -EWRAM/=EWRAM 3
PASS: 3 HBl W -EWRAM/=EWRAM Old 3
DMA test: 0 HBl W -EWRAM/=ROM
PASS: 0 HBl W -EWRAM/=ROM 3
PASS: 0 HBl W -EWRAM/=ROM Old 3
DMA test: 1 HBl W -EWRAM/=ROM
PASS: 1 HBl W -EWRAM/=ROM 3
PASS: 1 HBl W -EWRAM/=ROM Old 3
DMA test: 2 HBl W -EWRAM/=ROM
PASS: 2 HBl W -EWRAM/=ROM 3
PASS: 2 HBl W -EWRAM/=ROM Old 3
DMA test: 3 HBl W -EWRAM/=ROM
PASS: 3 HBl W -EWRAM/=ROM 3
PASS: 3 HBl W -EWRAM/=ROM Old 3
DMA test: 0 HBl W -ROM/=IWRAM
PASS: 0 HBl W -ROM/=IWRAM 3
DMA test: 1 HBl W -ROM/=IWRAM
PASS: 1 HBl W -ROM/=IWRAM 3
DMA test: 2 HBl W -ROM/=IWRAM
PASS: 2 HBl W -ROM/=IWRAM 3
DMA test: 3 HBl W -ROM/=IWRAM
PASS: 3 HBl W -ROM/=IWRAM 3
DMA test: 0 HBl W -ROM/=EWRAM
PASS: 0 HBl W -ROM/=EWRAM 3
PASS: 0 HBl W -ROM/=EWRAM Old 3
DMA test: 1 HBl W -ROM/=EWRAM
PASS: 1 HBl W -ROM/=EWRAM 3
PASS: 1 HBl W -ROM/=EWRAM Old 3
DMA test: 2 HBl W -ROM/=EWRAM
PASS: 2 HBl W -ROM/=EWRAM 3
PASS: 2 HBl W -ROM/=EWRAM Old 3
DMA test: 3 HBl W -ROM/=EWRAM
PASS: 3 HBl W -ROM/=EWRAM 3
PASS: 3 HBl W -ROM/=EWRAM Old 3
DMA test: 0 HBl W -ROM/=ROM
PASS: 0 HBl W -ROM/=ROM 3
PASS: 0 HBl W -ROM/=ROM Old 3
DMA test: 1 HBl W -ROM/=ROM
PASS: 1 HBl W -ROM/=ROM 3
PASS: 1 HBl W -ROM/=ROM Old 3
DMA test: 2 HBl W -ROM/=ROM
PASS: 2 HBl W -ROM/=ROM 3
PASS: 2 HBl W -ROM/=ROM Old 3
DMA test: 3 HBl W -ROM/=ROM
PASS: 3 HBl W -ROM/=ROM 3
PASS: 3 HBl W -ROM/=ROM Old 3
DMA test: 0 HBl W -BIOS/=IWRAM
PASS: 0 HBl W -BIOS/=IWRAM 3
DMA test: 1 HBl W -BIOS/=IWRAM
PASS: 1 HBl W -BIOS/=IWRAM 3
DMA test: 2 HBl W -BIOS/=IWRAM
PASS: 2 HBl W -BIOS/=IWRAM 3
DMA test: 3 HBl W -BIOS/=IWRAM
PASS: 3 HBl W -BIOS/=IWRAM 3
DMA test: 0 HBl W -BIOS/=EWRAM
PASS: 0 HBl W -BIOS/=EWRAM 3
PASS: 0 HBl W -BIOS/=EWRAM Old 3
DMA test: 1 HBl W -BIOS/=EWRAM
PASS: 1 HBl W -BIOS/=EWRAM 3
PASS: 1 HBl W -BIOS/=EWRAM Old 3
DMA test: 2 HBl W -BIOS/=EWRAM
PASS: 2 HBl W -BIOS/=EWRAM 3
PASS: 2 HBl W -BIOS/=EWRAM Old 3
DMA test: 3 HBl W -BIOS/=EWRAM
PASS: 3 HBl W -BIOS/=EWRAM 3
PASS: 3 HBl W -BIOS/=EWRAM Old 3
DMA test: 0 HBl W -BIOS/=ROM
PASS: 0 HBl W -BIOS/=ROM 3
PASS: 0 HBl W -BIOS/=ROM Old 3
DMA test: 1 HBl W -BIOS/=ROM
PASS: 1 HBl W -BIOS/=ROM 3
PASS: 1 HBl W -BIOS/=ROM Old 3
DMA test: 2 HBl W -BIOS/=ROM
PASS: 2 HBl W -BIOS/=ROM 3
PASS: 2 HBl W -BIOS/=ROM Old 3
DMA test: 3 HBl W -BIOS/=ROM
PASS: 3 HBl W -BIOS/=ROM 3
PASS: 3 HBl W -BIOS/=ROM Old 3
DMA test: 0 HBl W -SRAM/=IWRAM
PASS: 0 HBl W -SRAM/=IWRAM 3
DMA test: 1 HBl W -SRAM/=IWRAM
PASS: 1 HBl W -SRAM/=IWRAM 3
DMA test: 2 HBl W -SRAM/=IWRAM
PASS: 2 HBl W -SRAM/=IWRAM 3
DMA test: 3 HBl W -SRAM/=IWRAM
PASS: 3 HBl W -SRAM/=IWRAM 3
DMA test: 0 HBl W -SRAM/=EWRAM
PASS: 0 HBl W -SRAM/=EWRAM 3
PASS: 0 HBl W -SRAM/=EWRAM Old 3
DMA test: 1 HBl W -SRAM/=EWRAM
PASS: 1 HBl W -SRAM/=EWRAM 3
PASS: 1 HBl W -SRAM/=EWRAM Old 3
DMA test: 2 HBl W -SRAM/=EWRAM
PASS: 2 HBl W -SRAM/=EWRAM 3
PASS: 2 HBl W -SRAM/=EWRAM Old 3
DMA test: 3 HBl W -SRAM/=EWRAM
PASS: 3 HBl W -SRAM/=EWRAM 3
PASS: 3 HBl W -SRAM/=EWRAM Old 3
DMA test: 0 HBl W -SRAM/=ROM
PASS: 0 HBl W -SRAM/=ROM 3
PASS: 0 HBl W -SRAM/=ROM Old 3
DMA test: 1 HBl W -SRAM/=ROM
PASS: 1 HBl W -SRAM/=ROM 3
PASS: 1 HBl W -SRAM/=ROM Old 3
DMA test: 2 HBl W -SRAM/=ROM
PASS: 2 HBl W -SRAM/=ROM 3
PASS: 2 HBl W -SRAM/=ROM Old 3
DMA test: 0 Imm W R+0x10/+IWRAM
PASS: 0 Imm W R+0x10/+IWRAM 3
PASS: 0 Imm W R+0x10/+IWRAM 4
PASS: 0 Imm W R+0x10/+IWRAM 5
PASS: 0 Imm W R+0x10/+IWRAM 6
DMA test: 1 Imm W R+0x10/+IWRAM
PASS: 1 Imm W R+0x10/+IWRAM 3
PASS: 1 Imm W R+0x10/+IWRAM 4
PASS: 1 Imm W R+0x10/+IWRAM 5
PASS: 1 Imm W R+0x10/+IWRAM 6
DMA test: 2 Imm W R+0x10/+IWRAM
PASS: 2 Imm W R+0x10/+IWRAM 3
PASS: 2 Imm W R+0x10/+IWRAM 4
PASS: 2 Imm W R+0x10/+IWRAM 5
PASS: 2 Imm W R+0x10/+IWRAM 6
DMA test: 3 Imm W R+0x10/+IWRAM
PASS: 3 Imm W R+0x10/+IWRAM 3
PASS: 3 Imm W R+0x10/+IWRAM 4
PASS: 3 Imm W R+0x10/+IWRAM 5
PASS: 3 Imm W R+0x10/+IWRAM 6
DMA test: 0 Imm W R+0x10/+EWRAM
PASS: 0 Imm W R+0x10/+EWRAM 3
PASS: 0 Imm W R+0x10/+EWRAM 4
PASS: 0 Imm W R+0x10/+EWRAM 5
PASS: 0 Imm W R+0x10/+EWRAM 6
PASS: 0 Imm W R+0x10/+EWRAM Old 3
PASS: 0 Imm W R+0x10/+EWRAM Old 4
PASS: 0 Imm W R+0x10/+EWRAM Old 5
PASS: 0 Imm W R+0x10/+EWRAM Old 6
DMA test: 1 Imm W R+0x10/+EWRAM
PASS: 1 Imm W R+0x10/+EWRAM 3
PASS: 1 Imm W R+0x10/+EWRAM 4
PASS: 1 Imm W R+0x10/+EWRAM 5
PASS: 1 Imm W R+0x10/+EWRAM 6
PASS: 1 Imm W R+0x10/+EWRAM Old 3
PASS: 1 Imm W R+0x10/+EWRAM Old 4
PASS: 1 Imm W R+0x10/+EWRAM Old 5
PASS: 1 Imm W R+0x10/+EWRAM Old 6
DMA test: 2 Imm W R+0x10/+EWRAM
PASS: 2 Imm W R+0x10/+EWRAM 3
PASS: 2 Imm W R+0x10/+EWRAM 4
PASS: 2 Imm W R+0x10/+EWRAM 5
PASS: 2 Imm W R+0x10/+EWRAM 6
PASS: 2 Imm W R+0x10/+EWRAM Old 3
PASS: 2 Imm W R+0x10/+EWRAM Old 4
PASS: 2 Imm W R+0x10/+EWRAM Old 5
PASS: 2 Imm W R+0x10/+EWRAM Old 6
DMA test: 3 Imm W R+0x10/+EWRAM
PASS: 3 Imm W R+0x10/+EWRAM 3
PASS: 3 Imm W R+0x10/+EWRAM 4
PASS: 3 Imm W R+0x10/+EWRAM 5
PASS: 3 Imm W R+0x10/+EWRAM 6
PASS: 3 Imm W R+0x10/+EWRAM Old 3
PASS: 3 Imm W R+0x10/+EWRAM Old 4
PASS: 3 Imm W R+0x10/+EWRAM Old 5
PASS: 3 Imm W R+0x10/+EWRAM Old 6
DMA test: 0 Imm H V+BIOS/+VRAM
PASS: 0 Imm H V+BIOS/+VRAM 3
PASS: 0 Imm H V+BIOS/+VRAM 4
PASS: 0 Imm H V+BIOS/+VRAM 5
PASS: 0 Imm H V+BIOS/+VRAM 6
PASS: 0 Imm H V+BIOS/+VRAM Old 3
PASS: 0 Imm H V+BIOS/+VRAM Old 4
PASS: 0 Imm H V+BIOS/+VRAM Old 5
PASS: 0 Imm H V+BIOS/+VRAM Old 6
DMA test: 1 Imm H V+BIOS/+VRAM
PASS: 1 Imm H V+BIOS/+VRAM 3
PASS: 1 Imm H V+BIOS/+VRAM 4
PASS: 1 Imm H V+BIOS/+VRAM 5
PASS: 1 Imm H V+BIOS/+VRAM 6
PASS: 1 Imm H V+BIOS/+VRAM Old 3
PASS: 1 Imm H V+BIOS/+VRAM Old 4
PASS: 1 Imm H V+BIOS/+VRAM Old 5
PASS: 1 Imm H V+BIOS/+VRAM Old 6
DMA test: 2 Imm H V+BIOS/+VRAM
PASS: 2 Imm H V+BIOS/+VRAM 3
PASS: 2 Imm H V+BIOS/+VRAM 4
PASS: 2 Imm H V+BIOS/+VRAM 5
PASS: 2 Imm H V+BIOS/+VRAM 6
PASS: 2 Imm H V+BIOS/+VRAM Old 3
PASS: 2 Imm H V+BIOS/+VRAM Old 4
PASS: 2 Imm H V+BIOS/+VRAM Old 5
PASS: 2 Imm H V+BIOS/+VRAM Old 6
DMA test: 3 Imm H V+BIOS/+VRAM
PASS: 3 Imm H V+BIOS/+VRAM 3
PASS: 3 Imm H V+BIOS/+VRAM 4
PASS: 3 Imm H V+BIOS/+VRAM 5
PASS: 3 Imm H V+BIOS/+VRAM 6
PASS: 3 Imm H V+BIOS/+VRAM Old 3
PASS: 3 Imm H V+BIOS/+VRAM Old 4
PASS: 3 Imm H V+BIOS/+VRAM Old 5
PASS: 3 Imm H V+BIOS/+VRAM Old 6
[sram]
Game Boy Advance Test Suite
===
DMA test: 0 Imm H =IWRAM/=IWRAM
DMA test: 1 Imm H =IWRAM/=IWRAM
DMA test: 2 Imm H =IWRAM/=IWRAM
DMA test: 3 Imm H =IWRAM/=IWRAM
DMA test: 0 Imm H =IWRAM/=EWRAM
DMA test: 1 Imm H =IWRAM/=EWRAM
DMA test: 2 Imm H =IWRAM/=EWRAM
DMA test: 3 Imm H =IWRAM/=EWRAM
DMA test: 0 Imm H =IWRAM/=ROM
DMA test: 1 Imm H =IWRAM/=ROM
DMA test: 2 Imm H =IWRAM/=ROM
DMA test: 3 Imm H =IWRAM/=ROM
DMA test: 0 Imm H =EWRAM/=IWRAM
DMA test: 1 Imm H =EWRAM/=IWRAM
DMA test: 2 Imm H =EWRAM/=IWRAM
DMA test: 3 Imm H =EWRAM/=IWRAM
DMA test: 0 Imm H =EWRAM/=EWRAM
DMA test: 1 Imm H =EWRAM/=EWRAM
DMA test: 2 Imm H =EWRAM/=EWRAM
DMA test: 3 Imm H =EWRAM/=EWRAM
DMA test: 0 Imm H =EWRAM/=ROM
DMA test: 1 Imm H =EWRAM/=ROM
DMA test: 2 Imm H =EWRAM/=ROM
DMA test: 3 Imm H =EWRAM/=ROM
DMA test: 0 Imm H =ROM/=IWRAM
DMA test: 1 Imm H =ROM/=IWRAM
DMA test: 2 Imm H =ROM/=IWRAM
DMA test: 3 Imm H =ROM/=IWRAM
DMA test: 0 Imm H =ROM/=EWRAM
DMA test: 1 Imm H =ROM/=EWRAM
DMA test: 2 Imm H =ROM/=EWRAM
DMA test: 3 Imm H =ROM/=EWRAM
DMA test: 0 Imm H =ROM/=ROM
DMA test: 1 Imm H =ROM/=ROM
DMA test: 2 Imm H =ROM/=ROM
DMA test: 3 Imm H =ROM/=ROM
DMA test: 0 Imm H =BIOS/=IWRAM
DMA test: 1 Imm H =BIOS/=IWRAM
DMA test: 2 Imm H =BIOS/=IWRAM
DMA test: 3 Imm H =BIOS/=IWRAM
DMA test: 0 Imm H =BIOS/=EWRAM
DMA test: 1 Imm H =BIOS/=EWRAM
DMA test: 2 Imm H =BIOS/=EWRAM
DMA test: 3 Imm H =BIOS/=EWRAM
DMA test: 0 Imm H =BIOS/=ROM
DMA test: 1 Imm H =BIOS/=ROM
DMA test: 2 Imm H =BIOS/=ROM
DMA test: 3 Imm H =BIOS/=ROM
DMA test: 0 Imm H =SRAM/=IWRAM
DMA test: 1 Imm H =SRAM/=IWRAM
DMA test: 2 Imm H =SRAM/=IWRAM
DMA test: 3 Imm H =SRAM/=IWRAM
DMA test: 0 Imm H =SRAM/=EWRAM
DMA test: 1 Imm H =SRAM/=EWRAM
DMA test: 2 Imm H =SRAM/=EWRAM
DMA test: 3 Imm H =SRAM/=EWRAM
DMA test: 0 Imm H =SRAM/=ROM
DMA test: 1 Imm H =SRAM/=ROM
DMA test: 2 Imm H =SRAM/=ROM
DMA test: 0 Imm W =IWRAM/=IWRAM
DMA test: 1 Imm W =IWRAM/=IWRAM
DMA test: 2 Imm W =IWRAM/=IWRAM
DMA test: 3 Imm W =IWRAM/=IWRAM
DMA test: 0 Imm W =IWRAM/=EWRAM
DMA test: 1 Imm W =IWRAM/=EWRAM
DMA test: 2 Imm W =IWRAM/=EWRAM
DMA test: 3 Imm W =IWRAM/=EWRAM
DMA test: 0 Imm W =IWRAM/=ROM
DMA test: 1 Imm W =IWRAM/=ROM
DMA test: 2 Imm W =IWRAM/=ROM
DMA test: 3 Imm W =IWRAM/=ROM
DMA test: 0 Imm W =EWRAM/=IWRAM
DMA test: 1 Imm W =EWRAM/=IWRAM
DMA test: 2 Imm W =EWRAM/=IWRAM
DMA test: 3 Imm W =EWRAM/=IWRAM
DMA test: 0 Imm W =EWRAM/=EWRAM
DMA test: 1 Imm W =EWRAM/=EWRAM
DMA test: 2 Imm W =EWRAM/=EWRAM
DMA test: 3 Imm W =EWRAM/=EWRAM
DMA test: 0 Imm W =EWRAM/=ROM
DMA test: 1 Imm W =EWRAM/=ROM
DMA test: 2 Imm W =EWRAM/=ROM
DMA test: 3 Imm W =EWRAM/=ROM
DMA test: 0 Imm W =ROM/=IWRAM
DMA test: 1 Imm W =ROM/=IWRAM
DMA test: 2 Imm W =ROM/=IWRAM
DMA test: 3 Imm W =ROM/=IWRAM
DMA test: 0 Imm W =ROM/=EWRAM
DMA test: 1 Imm W =ROM/=EWRAM
DMA test: 2 Imm W =ROM/=EWRAM
DMA test: 3 Imm W =ROM/=EWRAM
DMA test: 0 Imm W =ROM/=ROM
DMA test: 1 Imm W =ROM/=ROM
DMA test: 2 Imm W =ROM/=ROM
DMA test: 3 Imm W =ROM/=ROM
DMA test: 0 Imm W =BIOS/=IWRAM
DMA test: 1 Imm W =BIOS/=IWRAM
DMA test: 2 Imm W =BIOS/=IWRAM
DMA test: 3 Imm W =BIOS/=IWRAM
DMA test: 0 Imm W =BIOS/=EWRAM
DMA test: 1 Imm W =BIOS/=EWRAM
DMA test: 2 Imm W =BIOS/=EWRAM
DMA test: 3 Imm W =BIOS/=EWRAM
DMA test: 0 Imm W =BIOS/=ROM
DMA test: 1 Imm W =BIOS/=ROM
DMA test: 2 Imm W =BIOS/=ROM
DMA test: 3 Imm W =BIOS/=ROM
DMA test: 0 Imm W =SRAM/=IWRAM
DMA test: 1 Imm W =SRAM/=IWRAM
DMA test: 2 Imm W =SRAM/=IWRAM
DMA test: 3 Imm W =SRAM/=IWRAM
DMA test: 0 Imm W =SRAM/=EWRAM
DMA test: 1 Imm W =SRAM/=EWRAM
DMA test: 2 Imm W =SRAM/=EWRAM
DMA test: 3 Imm W =SRAM/=EWRAM
DMA test: 0 Imm W =SRAM/=ROM
DMA test: 1 Imm W =SRAM/=ROM
DMA test: 2 Imm W =SRAM/=ROM
DMA test: 0 Imm H +IWRAM/=IWRAM
DMA test: 1 Imm H +IWRAM/=IWRAM
DMA test: 2 Imm H +IWRAM/=IWRAM
DMA test: 3 Imm H +IWRAM/=IWRAM
DMA test: 0 Imm H +IWRAM/=EWRAM
DMA test: 1 Imm H +IWRAM/=EWRAM
DMA test: 2 Imm H +IWRAM/=EWRAM
DMA test: 3 Imm H +IWRAM/=EWRAM
DMA test: 0 Imm H +IWRAM/=ROM
DMA test: 1 Imm H +IWRAM/=ROM
DMA test: 2 Imm H +IWRAM/=ROM
DMA test: 3 Imm H +IWRAM/=ROM
DMA test: 0 Imm H +EWRAM/=IWRAM
DMA test: 1 Imm H +EWRAM/=IWRAM
DMA test: 2 Imm H +EWRAM/=IWRAM
DMA test: 3 Imm H +EWRAM/=IWRAM
DMA test: 0 Imm H +EWRAM/=EWRAM
DMA test: 1 Imm H +EWRAM/=EWRAM
DMA test: 2 Imm H +EWRAM/=EWRAM
DMA test: 3 Imm H +EWRAM/=EWRAM
DMA test: 0 Imm H +EWRAM/=ROM
DMA test: 1 Imm H +EWRAM/=ROM
DMA test: 2 Imm H +EWRAM/=ROM
DMA test: 3 Imm H +EWRAM/=ROM
DMA test: 0 Imm H +ROM/=IWRAM
DMA test: 1 Imm H +ROM/=IWRAM
DMA test: 2 Imm H +ROM/=IWRAM
DMA test: 3 Imm H +ROM/=IWRAM
DMA test: 0 Imm H +ROM/=EWRAM
DMA test: 1 Imm H +ROM/=EWRAM
DMA test: 2 Imm H +ROM/=EWRAM
DMA test: 3 Imm H +ROM/=EWRAM
DMA test: 0 Imm H +ROM/=ROM
DMA test: 1 Imm H +ROM/=ROM
DMA test: 2 Imm H +ROM/=ROM
DMA test: 3 Imm H +ROM/=ROM
DMA test: 0 Imm H +BIOS/=IWRAM
DMA test: 1 Imm H +BIOS/=IWRAM
DMA test: 2 Imm H +BIOS/=IWRAM
DMA test: 3 Imm H +BIOS/=IWRAM
DMA test: 0 Imm H +BIOS/=EWRAM
DMA test: 1 Imm H +BIOS/=EWRAM
DMA test: 2 Imm H +BIOS/=EWRAM
DMA test: 3 Imm H +BIOS/=EWRAM
DMA test: 0 Imm H +BIOS/=ROM
DMA test: 1 Imm H +BIOS/=ROM
DMA test: 2 Imm H +BIOS/=ROM
DMA test: 3 Imm H +BIOS/=ROM
DMA test: 0 Imm H +SRAM/=IWRAM
DMA test: 1 Imm H +SRAM/=IWRAM
DMA test: 2 Imm H +SRAM/=IWRAM
DMA test: 3 Imm H +SRAM/=IWRAM
DMA test: 0 Imm H +SRAM/=EWRAM
DMA test: 1 Imm H +SRAM/=EWRAM
DMA test: 2 Imm H +SRAM/=EWRAM
DMA test: 3 Imm H +SRAM/=EWRAM
DMA test: 0 Imm H +SRAM/=ROM
DMA test: 1 Imm H +SRAM/=ROM
DMA test: 2 Imm H +SRAM/=ROM
DMA test: 0 Imm W +IWRAM/=IWRAM
DMA test: 1 Imm W +IWRAM/=IWRAM
DMA test: 2 Imm W +IWRAM/=IWRAM
DMA test: 3 Imm W +IWRAM/=IWRAM
DMA test: 0 Imm W +IWRAM/=EWRAM
DMA test: 1 Imm W +IWRAM/=EWRAM
DMA test: 2 Imm W +IWRAM/=EWRAM
DMA test: 3 Imm W +IWRAM/=EWRAM
DMA test: 0 Imm W +IWRAM/=ROM
DMA test: 1 Imm W +IWRAM/=ROM
DMA test: 2 Imm W +IWRAM/=ROM
DMA test: 3 Imm W +IWRAM/=ROM
DMA test: 0 Imm W +EWRAM/=IWRAM
DMA test: 1 Imm W +EWRAM/=IWRAM
DMA test: 2 Imm W +EWRAM/=IWRAM
DMA test: 3 Imm W +EWRAM/=IWRAM
DMA test: 0 Imm W +EWRAM/=EWRAM
DMA test: 1 Imm W +EWRAM/=EWRAM
DMA test: 2 Imm W +EWRAM/=EWRAM
DMA test: 3 Imm W +EWRAM/=EWRAM
DMA test: 0 Imm W +EWRAM/=ROM
DMA test: 1 Imm W +EWRAM/=ROM
DMA test: 2 Imm W +EWRAM/=ROM
DMA test: 3 Imm W +EWRAM/=ROM
DMA test: 0 Imm W +ROM/=IWRAM
DMA test: 1 Imm W +ROM/=IWRAM
DMA test: 2 Imm W +ROM/=IWRAM
DMA test: 3 Imm W +ROM/=IWRAM
DMA test: 0 Imm W +ROM/=EWRAM
DMA test: 1 Imm W +ROM/=EWRAM
DMA test: 2 Imm W +ROM/=EWRAM
DMA test: 3 Imm W +ROM/=EWRAM
DMA test: 0 Imm W +ROM/=ROM
DMA test: 1 Imm W +ROM/=ROM
DMA test: 2 Imm W +ROM/=ROM
DMA test: 3 Imm W +ROM/=ROM
DMA test: 0 Imm W +BIOS/=IWRAM
DMA test: 1 Imm W +BIOS/=IWRAM
DMA test: 2 Imm W +BIOS/=IWRAM
DMA test: 3 Imm W +BIOS/=IWRAM
DMA test: 0 Imm W +BIOS/=EWRAM
DMA test: 1 Imm W +BIOS/=EWRAM
DMA test: 2 Imm W +BIOS/=EWRAM
DMA test: 3 Imm W +BIOS/=EWRAM
DMA test: 0 Imm W +BIOS/=ROM
DMA test: 1 Imm W +BIOS/=ROM
DMA test: 2 Imm W +BIOS/=ROM
DMA test: 3 Imm W +BIOS/=ROM
DMA test: 0 Imm W +SRAM/=IWRAM
DMA test: 1 Imm W +SRAM/=IWRAM
DMA test: 2 Imm W +SRAM/=IWRAM
DMA test: 3 Imm W +SRAM/=IWRAM
DMA test: 0 Imm W +SRAM/=EWRAM
DMA test: 1 Imm W +SRAM/=EWRAM
DMA test: 2 Imm W +SRAM/=EWRAM
DMA test: 3 Imm W +SRAM/=EWRAM
DMA test: 0 Imm W +SRAM/=ROM
DMA test: 1 Imm W +SRAM/=ROM
DMA test: 2 Imm W +SRAM/=ROM
DMA test: 0 Imm H -IWRAM/=IWRAM
DMA test: 1 Imm H -IWRAM/=IWRAM
DMA test: 2 Imm H -IWRAM/=IWRAM
DMA test: 3 Imm H -IWRAM/=IWRAM
DMA test: 0 Imm H -IWRAM/=EWRAM
DMA test: 1 Imm H -IWRAM/=EWRAM
DMA test: 2 Imm H -IWRAM/=EWRAM
DMA test: 3 Imm H -IWRAM/=EWRAM
DMA test: 0 Imm H -IWRAM/=ROM
DMA test: 1 Imm H -IWRAM/=ROM
DMA test: 2 Imm H -IWRAM/=ROM
DMA test: 3 Imm H -IWRAM/=ROM
DMA test: 0 Imm H -EWRAM/=IWRAM
DMA test: 1 Imm H -EWRAM/=IWRAM
DMA test: 2 Imm H -EWRAM/=IWRAM
DMA test: 3 Imm H -EWRAM/=IWRAM
DMA test: 0 Imm H -EWRAM/=EWRAM
DMA test: 1 Imm H -EWRAM/=EWRAM
DMA test: 2 Imm H -EWRAM/=EWRAM
DMA test: 3 Imm H -EWRAM/=EWRAM
DMA test: 0 Imm H -EWRAM/=ROM
DMA test: 1 Imm H -EWRAM/=ROM
DMA test: 2 Imm H -EWRAM/=ROM
DMA test: 3 Imm H -EWRAM/=ROM
DMA test: 0 Imm H -ROM/=IWRAM
DMA test: 1 Imm H -ROM/=IWRAM
DMA test: 2 Imm H -ROM/=IWRAM
DMA test: 3 Imm H -ROM/=IWRAM
DMA test: 0 Imm H -ROM/=EWRAM
DMA test: 1 Imm H -ROM/=EWRAM
DMA test: 2 Imm H -ROM/=EWRAM
DMA test: 3 Imm H -ROM/=EWRAM
DMA test: 0 Imm H -ROM/=ROM
DMA test: 1 Imm H -ROM/=ROM
DMA test: 2 Imm H -ROM/=ROM
DMA test: 3 Imm H -ROM/=ROM
DMA test: 0 Imm H -BIOS/=IWRAM
DMA test: 1 Imm H -BIOS/=IWRAM
DMA test: 2 Imm H -BIOS/=IWRAM
DMA test: 3 Imm H -BIOS/=IWRAM
DMA test: 0 Imm H -BIOS/=EWRAM
DMA test: 1 Imm H -BIOS/=EWRAM
DMA test: 2 Imm H -BIOS/=EWRAM
DMA test: 3 Imm H -BIOS/=EWRAM
DMA test: 0 Imm H -BIOS/=ROM
DMA test: 1 Imm H -BIOS/=ROM
DMA test: 2 Imm H -BIOS/=ROM
DMA test: 3 Imm H -BIOS/=ROM
DMA test: 0 Imm H -SRAM/=IWRAM
DMA test: 1 Imm H -SRAM/=IWRAM
DMA test: 2 Imm H -SRAM/=IWRAM
DMA test: 3 Imm H -SRAM/=IWRAM
DMA test: 0 Imm H -SRAM/=EWRAM
DMA test: 1 Imm H -SRAM/=EWRAM
DMA test: 2 Imm H -SRAM/=EWRAM
DMA test: 3 Imm H -SRAM/=EWRAM
DMA test: 0 Imm H -SRAM/=ROM
DMA test: 1 Imm H -SRAM/=ROM
DMA test: 2 Imm H -SRAM/=ROM
DMA test: 0 Imm W -IWRAM/=IWRAM
DMA test: 1 Imm W -IWRAM/=IWRAM
DMA test: 2 Imm W -IWRAM/=IWRAM
DMA test: 3 Imm W -IWRAM/=IWRAM
DMA test: 0 Imm W -IWRAM/=EWRAM
DMA test: 1 Imm W -IWRAM/=EWRAM
DMA test: 2 Imm W -IWRAM/=EWRAM
DMA test: 3 Imm W -IWRAM/=EWRAM
DMA test: 0 Imm W -IWRAM/=ROM
DMA test: 1 Imm W -IWRAM/=ROM
DMA test: 2 Imm W -IWRAM/=ROM
DMA test: 3 Imm W -IWRAM/=ROM
DMA test: 0 Imm W -EWRAM/=IWRAM
DMA test: 1 Imm W -EWRAM/=IWRAM
DMA test: 2 Imm W -EWRAM/=IWRAM
DMA test: 3 Imm W -EWRAM/=IWRAM
DMA test: 0 Imm W -EWRAM/=EWRAM
DMA test: 1 Imm W -EWRAM/=EWRAM
DMA test: 2 Imm W -EWRAM/=EWRAM
DMA test: 3 Imm W -EWRAM/=EWRAM
DMA test: 0 Imm W -EWRAM/=ROM
DMA test: 1 Imm W -EWRAM/=ROM
DMA test: 2 Imm W -EWRAM/=ROM
DMA test: 3 Imm W -EWRAM/=ROM
DMA test: 0 Imm W -ROM/=IWRAM
DMA test: 1 Imm W -ROM/=IWRAM
DMA test: 2 Imm W -ROM/=IWRAM
DMA test: 3 Imm W -ROM/=IWRAM
DMA test: 0 Imm W -ROM/=EWRAM
DMA test: 1 Imm W -ROM/=EWRAM
DMA test: 2 Imm W -ROM/=EWRAM
DMA test: 3 Imm W -ROM/=EWRAM
DMA test: 0 Imm W -ROM/=ROM
DMA test: 1 Imm W -ROM/=ROM
DMA test: 2 Imm W -ROM/=ROM
DMA test: 3 Imm W -ROM/=ROM
DMA test: 0 Imm W -BIOS/=IWRAM
DMA test: 1 Imm W -BIOS/=IWRAM
DMA test: 2 Imm W -BIOS/=IWRAM
DMA test: 3 Imm W -BIOS/=IWRAM
DMA test: 0 Imm W -BIOS/=EWRAM
DMA test: 1 Imm W -BIOS/=EWRAM
DMA test: 2 Imm W -BIOS/=EWRAM
DMA test: 3 Imm W -BIOS/=EWRAM
DMA test: 0 Imm W -BIOS/=ROM
DMA test: 1 Imm W -BIOS/=ROM
DMA test: 2 Imm W -BIOS/=ROM
DMA test: 3 Imm W -BIOS/=ROM
DMA test: 0 Imm W -SRAM/=IWRAM
DMA test: 1 Imm W -SRAM/=IWRAM
DMA test: 2 Imm W -SRAM/=IWRAM
DMA test: 3 Imm W -SRAM/=IWRAM
DMA test: 0 Imm W -SRAM/=EWRAM
DMA test: 1 Imm W -SRAM/=EWRAM
DMA test: 2 Imm W -SRAM/=EWRAM
DMA test: 3 Imm W -SRAM/=EWRAM
DMA test: 0 Imm W -SRAM/=ROM
DMA test: 1 Imm W -SRAM/=ROM
DMA test: 2 Imm W -SRAM/=ROM
DMA test: 0 HBl H =IWRAM/=IWRAM
DMA test: 1 HBl H =IWRAM/=IWRAM
DMA test: 2 HBl H =IWRAM/=IWRAM
DMA test: 3 HBl H =IWRAM/=IWRAM
DMA test: 0 HBl H =IWRAM/=EWRAM
DMA test: 1 HBl H =IWRAM/=EWRAM
DMA test: 2 HBl H =IWRAM/=EWRAM
DMA test: 3 HBl H =IWRAM/=EWRAM
DMA test: 0 HBl H =IWRAM/=ROM
DMA test: 1 HBl H =IWRAM/=ROM
DMA test: 2 HBl H =IWRAM/=ROM
DMA test: 3 HBl H =IWRAM/=ROM
DMA test: 0 HBl H =EWRAM/=IWRAM
DMA test: 1 HBl H =EWRAM/=IWRAM
DMA test: 2 HBl H =EWRAM/=IWRAM
DMA test: 3 HBl H =EWRAM/=IWRAM
DMA test: 0 HBl H =EWRAM/=EWRAM
DMA test: 1 HBl H =EWRAM/=EWRAM
DMA test: 2 HBl H =EWRAM/=EWRAM
DMA test: 3 HBl H =EWRAM/=EWRAM
DMA test: 0 HBl H =EWRAM/=ROM
DMA test: 1 HBl H =EWRAM/=ROM
DMA test: 2 HBl H =EWRAM/=ROM
DMA test: 3 HBl H =EWRAM/=ROM
DMA test: 0 HBl H =ROM/=IWRAM
DMA test: 1 HBl H =ROM/=IWRAM
DMA test: 2 HBl H =ROM/=IWRAM
DMA test: 3 HBl H =ROM/=IWRAM
DMA test: 0 HBl H =ROM/=EWRAM
DMA test: 1 HBl H =ROM/=EWRAM
DMA test: 2 HBl H =ROM/=EWRAM
DMA test: 3 HBl H =ROM/=EWRAM
DMA test: 0 HBl H =ROM/=ROM
DMA test: 1 HBl H =ROM/=ROM
DMA test: 2 HBl H =ROM/=ROM
DMA test: 3 HBl H =ROM/=ROM
DMA test: 0 HBl H =BIOS/=IWRAM
DMA test: 1 HBl H =BIOS/=IWRAM
DMA test: 2 HBl H =BIOS/=IWRAM
DMA test: 3 HBl H =BIOS/=IWRAM
DMA test: 0 HBl H =BIOS/=EWRAM
DMA test: 1 HBl H =BIOS/=EWRAM
DMA test: 2 HBl H =BIOS/=EWRAM
DMA test: 3 HBl H =BIOS/=EWRAM
DMA test: 0 HBl H =BIOS/=ROM
DMA test: 1 HBl H =BIOS/=ROM
DMA test: 2 HBl H =BIOS/=ROM
DMA test: 3 HBl H =BIOS/=ROM
DMA test: 0 HBl H =SRAM/=IWRAM
DMA test: 1 HBl H =SRAM/=IWRAM
DMA test: 2 HBl H =SRAM/=IWRAM
DMA test: 3 HBl H =SRAM/=IWRAM
DMA test: 0 HBl H =SRAM/=EWRAM
DMA test: 1 HBl H =SRAM/=EWRAM
DMA test: 2 HBl H =SRAM/=EWRAM
DMA test: 3 HBl H =SRAM/=EWRAM
DMA test: 0 HBl H =SRAM/=ROM
DMA test: 1 HBl H =SRAM/=ROM
DMA test: 2 HBl H =SRAM/=ROM
DMA test: 0 HBl W =IWRAM/=IWRAM
DMA test: 1 HBl W =IWRAM/=IWRAM
DMA test: 2 HBl W =IWRAM/=IWRAM
DMA test: 3 HBl W =IWRAM/=IWRAM
DMA test: 0 HBl W =IWRAM/=EWRAM
DMA test: 1 HBl W =IWRAM/=EWRAM
DMA test: 2 HBl W =IWRAM/=EWRAM
DMA test: 3 HBl W =IWRAM/=EWRAM
DMA test: 0 HBl W =IWRAM/=ROM
DMA test: 1 HBl W =IWRAM/=ROM
DMA test: 2 HBl W =IWRAM/=ROM
DMA test: 3 HBl W =IWRAM/=ROM
DMA test: 0 HBl W =EWRAM/=IWRAM
DMA test: 1 HBl W =EWRAM/=IWRAM
DMA test: 2 HBl W =EWRAM/=IWRAM
DMA test: 3 HBl W =EWRAM/=IWRAM
DMA test: 0 HBl W =EWRAM/=EWRAM
DMA test: 1 HBl W =EWRAM/=EWRAM
DMA test: 2 HBl W =EWRAM/=EWRAM
DMA test: 3 HBl W =EWRAM/=EWRAM
DMA test: 0 HBl W =EWRAM/=ROM
DMA test: 1 HBl W =EWRAM/=ROM
DMA test: 2 HBl W =EWRAM/=ROM
DMA test: 3 HBl W =EWRAM/=ROM
DMA test: 0 HBl W =ROM/=IWRAM
DMA test: 1 HBl W =ROM/=IWRAM
DMA test: 2 HBl W =ROM/=IWRAM
DMA test: 3 HBl W =ROM/=IWRAM
DMA test: 0 HBl W =ROM/=EWRAM
DMA test: 1 HBl W =ROM/=EWRAM
DMA test: 2 HBl W =ROM/=EWRAM
DMA test: 3 HBl W =ROM/=EWRAM
DMA test: 0 HBl W =ROM/=ROM
DMA test: 1 HBl W =ROM/=ROM
DMA test: 2 HBl W =ROM/=ROM
DMA test: 3 HBl W =ROM/=ROM
DMA test: 0 HBl W =BIOS/=IWRAM
DMA test: 1 HBl W =BIOS/=IWRAM
DMA test: 2 HBl W =BIOS/=IWRAM
DMA test: 3 HBl W =BIOS/=IWRAM
DMA test: 0 HBl W =BIOS/=EWRAM
DMA test: 1 HBl W =BIOS/=EWRAM
DMA test: 2 HBl W =BIOS/=EWRAM
DMA test: 3 HBl W =BIOS/=EWRAM
DMA test: 0 HBl W =BIOS/=ROM
DMA test: 1 HBl W =BIOS/=ROM
DMA test: 2 HBl W =BIOS/=ROM
DMA test: 3 HBl W =BIOS/=ROM
DMA test: 0 HBl W =SRAM/=IWRAM
DMA test: 1 HBl W =SRAM/=IWRAM
DMA test: 2 HBl W =SRAM/=IWRAM
DMA test: 3 HBl W =SRAM/=IWRAM
DMA test: 0 HBl W =SRAM/=EWRAM
DMA test: 1 HBl W =SRAM/=EWRAM
DMA test: 2 HBl W =SRAM/=EWRAM
DMA test: 3 HBl W =SRAM/=EWRAM
DMA test: 0 HBl W =SRAM/=ROM
DMA test: 1 HBl W =SRAM/=ROM
DMA test: 2 HBl W =SRAM/=ROM
DMA test: 0 HBl H +IWRAM/=IWRAM
DMA test: 1 HBl H +IWRAM/=IWRAM
DMA test: 2 HBl H +IWRAM/=IWRAM
DMA test: 3 HBl H +IWRAM/=IWRAM
DMA test: 0 HBl H +IWRAM/=EWRAM
DMA test: 1 HBl H +IWRAM/=EWRAM
DMA test: 2 HBl H +IWRAM/=EWRAM
DMA test: 3 HBl H +IWRAM/=EWRAM
DMA test: 0 HBl H +IWRAM/=ROM
DMA test: 1 HBl H +IWRAM/=ROM
DMA test: 2 HBl H +IWRAM/=ROM
DMA test: 3 HBl H +IWRAM/=ROM
DMA test: 0 HBl H +EWRAM/=IWRAM
DMA test: 1 HBl H +EWRAM/=IWRAM
DMA test: 2 HBl H +EWRAM/=IWRAM
DMA test: 3 HBl H +EWRAM/=IWRAM
DMA test: 0 HBl H +EWRAM/=EWRAM
DMA test: 1 HBl H +EWRAM/=EWRAM
DMA test: 2 HBl H +EWRAM/=EWRAM
DMA test: 3 HBl H +EWRAM/=EWRAM
DMA test: 0 HBl H +EWRAM/=ROM
DMA test: 1 HBl H +EWRAM/=ROM
DMA test: 2 HBl H +EWRAM/=ROM
DMA test: 3 HBl H +EWRAM/=ROM
DMA test: 0 HBl H +ROM/=IWRAM
DMA test: 1 HBl H +ROM/=IWRAM
DMA test: 2 HBl H +ROM/=IWRAM
DMA test: 3 HBl H +ROM/=IWRAM
DMA test: 0 HBl H +ROM/=EWRAM
DMA test: 1 HBl H +ROM/=EWRAM
DMA test: 2 HBl H +ROM/=EWRAM
DMA test: 3 HBl H +ROM/=EWRAM
DMA test: 0 HBl H +ROM/=ROM
DMA test: 1 HBl H +ROM/=ROM
DMA test: 2 HBl H +ROM/=ROM
DMA test: 3 HBl H +ROM/=ROM
DMA test: 0 HBl H +BIOS/=IWRAM
DMA test: 1 HBl H +BIOS/=IWRAM
DMA test: 2 HBl H +BIOS/=IWRAM
DMA test: 3 HBl H +BIOS/=IWRAM
DMA test: 0 HBl H +BIOS/=EWRAM
DMA test: 1 HBl H +BIOS/=EWRAM
DMA test: 2 HBl H +BIOS/=EWRAM
DMA test: 3 HBl H +BIOS/=EWRAM
DMA test: 0 HBl H +BIOS/=ROM
DMA test: 1 HBl H +BIOS/=ROM
DMA test: 2 HBl H +BIOS/=ROM
DMA test: 3 HBl H +BIOS/=ROM
DMA test: 0 HBl H +SRAM/=IWRAM
DMA test: 1 HBl H +SRAM/=IWRAM
DMA test: 2 HBl H +SRAM/=IWRAM
DMA test: 3 HBl H +SRAM/=IWRAM
DMA test: 0 HBl H +SRAM/=EWRAM
DMA test: 1 HBl H +SRAM/=EWRAM
DMA test: 2 HBl H +SRAM/=EWRAM
DMA test: 3 HBl H +SRAM/=EWRAM
DMA test: 0 HBl H +SRAM/=ROM
DMA test: 1 HBl H +SRAM/=ROM
DMA test: 2 HBl H +SRAM/=ROM
DMA test: 0 HBl W +IWRAM/=IWRAM
DMA test: 1 HBl W +IWRAM/=IWRAM
DMA test: 2 HBl W +IWRAM/=IWRAM
DMA test: 3 HBl W +IWRAM/=IWRAM
DMA test: 0 HBl W +IWRAM/=EWRAM
DMA test: 1 HBl W +IWRAM/=EWRAM
DMA test: 2 HBl W +IWRAM/=EWRAM
DMA test: 3 HBl W +IWRAM/=EWRAM
DMA test: 0 HBl W +IWRAM/=ROM
DMA test: 1 HBl W +IWRAM/=ROM
DMA test: 2 HBl W +IWRAM/=ROM
DMA test: 3 HBl W +IWRAM/=ROM
DMA test: 0 HBl W +EWRAM/=IWRAM
DMA test: 1 HBl W +EWRAM/=IWRAM
DMA test: 2 HBl W +EWRAM/=IWRAM
DMA test: 3 HBl W +EWRAM/=IWRAM
DMA test: 0 HBl W +EWRAM/=EWRAM
DMA test: 1 HBl W +EWRAM/=EWRAM
DMA test: 2 HBl W +EWRAM/=EWRAM
DMA test: 3 HBl W +EWRAM/=EWRAM
DMA test: 0 HBl W +EWRAM/=ROM
DMA test: 1 HBl W +EWRAM/=ROM
DMA test: 2 HBl W +EWRAM/=ROM
DMA test: 3 HBl W +EWRAM/=ROM
DMA test: 0 HBl W +ROM/=IWRAM
DMA test: 1 HBl W +ROM/=IWRAM
DMA test: 2 HBl W +ROM/=IWRAM
DMA test: 3 HBl W +ROM/=IWRAM
DMA test: 0 HBl W +ROM/=EWRAM
DMA test: 1 HBl W +ROM/=EWRAM
DMA test: 2 HBl W +ROM/=EWRAM
DMA test: 3 HBl W +ROM/=EWRAM
DMA test: 0 HBl W +ROM/=ROM
DMA test: 1 HBl W +ROM/=ROM
DMA test: 2 HBl W +ROM/=ROM
DMA test: 3 HBl W +ROM/=ROM
DMA test: 0 HBl W +BIOS/=IWRAM
DMA test: 1 HBl W +BIOS/=IWRAM
DMA test: 2 HBl W +BIOS/=IWRAM
DMA test: 3 HBl W +BIOS/=IWRAM
DMA test: 0 HBl W +BIOS/=EWRAM
DMA test: 1 HBl W +BIOS/=EWRAM
DMA test: 2 HBl W +BIOS/=EWRAM
DMA test: 3 HBl W +BIOS/=EWRAM
DMA test: 0 HBl W +BIOS/=ROM
DMA test: 1 HBl W +BIOS/=ROM
DMA test: 2 HBl W +BIOS/=ROM
DMA test: 3 HBl W +BIOS/=ROM
DMA test: 0 HBl W +SRAM/=IWRAM
DMA test: 1 HBl W +SRAM/=IWRAM
DMA test: 2 HBl W +SRAM/=IWRAM
DMA test: 3 HBl W +SRAM/=IWRAM
DMA test: 0 HBl W +SRAM/=EWRAM
DMA test: 1 HBl W +SRAM/=EWRAM
DMA test: 2 HBl W +SRAM/=EWRAM
DMA test: 3 HBl W +SRAM/=EWRAM
DMA test: 0 HBl W +SRAM/=ROM
DMA test: 1 HBl W +SRAM/=ROM
DMA test: 2 HBl W +SRAM/=ROM
DMA test: 0 HBl H -IWRAM/=IWRAM
DMA test: 1 HBl H -IWRAM/=IWRAM
DMA test: 2 HBl H -IWRAM/=IWRAM
DMA test: 3 HBl H -IWRAM/=IWRAM
DMA test: 0 HBl H -IWRAM/=EWRAM
DMA test: 1 HBl H -IWRAM/=EWRAM
DMA test: 2 HBl H -IWRAM/=EWRAM
DMA test: 3 HBl H -IWRAM/=EWRAM
DMA test: 0 HBl H -IWRAM/=ROM
DMA test: 1 HBl H -IWRAM/=ROM
DMA test: 2 HBl H -IWRAM/=ROM
DMA test: 3 HBl H -IWRAM/=ROM
DMA test: 0 HBl H -EWRAM/=IWRAM
DMA test: 1 HBl H -EWRAM/=IWRAM
DMA test: 2 HBl H -EWRAM/=IWRAM
DMA test: 3 HBl H -EWRAM/=IWRAM
DMA test: 0 HBl H -EWRAM/=EWRAM
DMA test: 1 HBl H -EWRAM/=EWRAM
DMA test: 2 HBl H -EWRAM/=EWRAM
DMA test: 3 HBl H -EWRAM/=EWRAM
DMA test: 0 HBl H -EWRAM/=ROM
DMA test: 1 HBl H -EWRAM/=ROM
DMA test: 2 HBl H -EWRAM/=ROM
DMA test: 3 HBl H -EWRAM/=ROM
DMA test: 0 HBl H -ROM/=IWRAM
DMA test: 1 HBl H -ROM/=IWRAM
DMA test: 2 HBl H -ROM/=IWRAM
DMA test: 3 HBl H -ROM/=IWRAM
DMA test: 0 HBl H -ROM/=EWRAM
DMA test: 1 HBl H -ROM/=EWRAM
DMA test: 2 HBl H -ROM/=EWRAM
DMA test: 3 HBl H -ROM/=EWRAM
DMA test: 0 HBl H -ROM/=ROM
DMA test: 1 HBl H -ROM/=ROM
DMA test: 2 HBl H -ROM/=ROM
DMA test: 3 HBl H -ROM/=ROM
DMA test: 0 HBl H -BIOS/=IWRAM
DMA test: 1 HBl H -BIOS/=IWRAM
DMA test: 2 HBl H -BIOS/=IWRAM
DMA test: 3 HBl H -BIOS/=IWRAM
DMA test: 0 HBl H -BIOS/=EWRAM
DMA test: 1 HBl H -BIOS/=EWRAM
DMA test: 2 HBl H -BIOS/=EWRAM
DMA test: 3 HBl H -BIOS/=EWRAM
DMA test: 0 HBl H -BIOS/=ROM
DMA test: 1 HBl H -BIOS/=ROM
DMA test: 2 HBl H -BIOS/=ROM
DMA test: 3 HBl H -BIOS/=ROM
DMA test: 0 HBl H -SRAM/=IWRAM
DMA test: 1 HBl H -SRAM/=IWRAM
DMA test: 2 HBl H -SRAM/=IWRAM
DMA test: 3 HBl H -SRAM/=IWRAM
DMA test: 0 HBl H -SRAM/=EWRAM
DMA test: 1 HBl H -SRAM/=EWRAM
DMA test: 2 HBl H -SRAM/=EWRAM
DMA test: 3 HBl H -SRAM/=EWRAM
DMA test: 0 HBl H -SRAM/=ROM
DMA test: 1 HBl H -SRAM/=ROM
DMA test: 2 HBl H -SRAM/=ROM
DMA test: 0 HBl W -IWRAM/=IWRAM
DMA test: 1 HBl W -IWRAM/=IWRAM
DMA test: 2 HBl W -IWRAM/=IWRAM
DMA test: 3 HBl W -IWRAM/=IWRAM
DMA test: 0 HBl W -IWRAM/=EWRAM
DMA test: 1 HBl W -IWRAM/=EWRAM
DMA test: 2 HBl W -IWRAM/=EWRAM
DMA test: 3 HBl W -IWRAM/=EWRAM
DMA test: 0 HBl W -IWRAM/=ROM
DMA test: 1 HBl W -IWRAM/=ROM
DMA test: 2 HBl W -IWRAM/=ROM
DMA test: 3 HBl W -IWRAM/=ROM
DMA test: 0 HBl W -EWRAM/=IWRAM
DMA test: 1 HBl W -EWRAM/=IWRAM
DMA test: 2 HBl W -EWRAM/=IWRAM
DMA test: 3 HBl W -EWRAM/=IWRAM
DMA test: 0 HBl W -EWRAM/=EWRAM
DMA test: 1 HBl W -EWRAM/=EWRAM
DMA test: 2 HBl W -EWRAM/=EWRAM
DMA test: 3 HBl W -EWRAM/=EWRAM
DMA test: 0 HBl W -EWRAM/=ROM
DMA test: 1 HBl W -EWRAM/=ROM
DMA test: 2 HBl W -EWRAM/=ROM
DMA test: 3 HBl W -EWRAM/=ROM
DMA test: 0 HBl W -ROM/=IWRAM
DMA test: 1 HBl W -ROM/=IWRAM
DMA test: 2 HBl W -ROM/=IWRAM
DMA test: 3 HBl W -ROM/=IWRAM
DMA test: 0 HBl W -ROM/=EWRAM
DMA test: 1 HBl W -ROM/=EWRAM
DMA test: 2 HBl W -ROM/=EWRAM
DMA test: 3 HBl W -ROM/=EWRAM
DMA test: 0 HBl W -ROM/=ROM
DMA test: 1 HBl W -ROM/=ROM
DMA test: 2 HBl W -ROM/=ROM
DMA test: 3 HBl W -ROM/=ROM
DMA test: 0 HBl W -BIOS/=IWRAM
DMA test: 1 HBl W -BIOS/=IWRAM
DMA test: 2 HBl W -BIOS/=IWRAM
DMA test: 3 HBl W -BIOS/=IWRAM
DMA test: 0 HBl W -BIOS/=EWRAM
DMA test: 1 HBl W -BIOS/=EWRAM
DMA test: 2 HBl W -BIOS/=EWRAM
DMA test: 3 HBl W -BIOS/=EWRAM
DMA test: 0 HBl W -BIOS/=ROM
DMA test: 1 HBl W -BIOS/=ROM
DMA test: 2 HBl W -BIOS/=ROM
DMA test: 3 HBl W -BIOS/=ROM
DMA test: 0 HBl W -SRAM/=IWRAM
DMA test: 1 HBl W -SRAM/=IWRAM
DMA test: 2 HBl W -SRAM/=IWRAM
DMA test: 3 HBl W -SRAM/=IWRAM
DMA test: 0 HBl W -SRAM/=EWRAM
DMA test: 1 HBl W -SRAM/=EWRAM
DMA test: 2 HBl W -SRAM/=EWRAM
DMA test: 3 HBl W -SRAM/=EWRAM
DMA test: 0 HBl W -SRAM/=ROM
DMA test: 1 HBl W -SRAM/=ROM
DMA test: 2 HBl W -SRAM/=ROM
DMA test: 0 Imm W R+0x10/+IWRAM
DMA test: 1 Imm W R+0x10/+IWRAM
DMA test: 2 Imm W R+0x10/+IWRAM
DMA test: 3 Imm W R+0x10/+IWRAM
DMA test: 0 Imm W R+0x10/+EWRAM
DMA test: 1 Imm W R+0x10/+EWRAM
DMA test: 2 Imm W R+0x10/+EWRAM
DMA test: 3 Imm W R+0x10/+EWRAM
DMA test: 0 Imm H V+BIOS/+VRAM
DMA test: 1 Imm H V+BIOS/+VRAM
DMA test: 2 Imm H V+BIOS/+VRAM
DMA test: 3 Imm H V+BIOS/+VRAM
[score] DMA: 1256/1256 PASS

=== Summary ===
Suites: 1/1 passed  Tests: 1256/1256 passed
